person_age;person_income;person_emp_length;loan_amnt;loan_int_rate;loan_percent_income;cb_person_cred_hist_length;dti_ratio;taxa_juros_alta;loan_grade_num;cb_default_flag;home_MORTGAGE;home_OTHER;home_OWN;home_RENT;intent_DEBTCONSOLIDATION;intent_EDUCATION;intent_HOMEIMPROVEMENT;intent_MEDICAL;intent_PERSONAL;intent_VENTURE;loan_status_real;loan_status_pred;probabilidade_default;risco_categoria;loan_intent;person_home_ownership
30;67000;6,0;10000;6,99;0,15;6;0,1492537313432835;0;1;0;1;0;0;0;0;0;1;0;0;0;0;0;0,0323240002080288;Muito Baixo;HOMEIMPROVEMENT;MORTGAGE
29;32000;5,0;9000;16,77;0,28;5;0,28125;1;4;0;0;0;0;1;0;0;0;0;1;0;0;0;0,4020640294535437;Moderado;PERSONAL;RENT
23;92004;2,0;8000;11,49;0,09;4;0,0869527411851658;1;2;0;0;0;0;1;1;0;0;0;0;0;0;0;0,0227848135279799;Muito Baixo;DEBTCONSOLIDATION;RENT
24;13200;6,0;4000;15,65;0,3;3;0,303030303030303;1;4;1;0;0;0;1;0;0;0;0;0;1;1;1;0,9429439274693044;Muito Alto;VENTURE;RENT
31;116400;3,0;8900;10,0;0,08;5;0,0764604810996563;0;2;0;0;0;0;1;0;0;0;0;0;1;0;0;0,0027078603681565;Muito Baixo;VENTURE;RENT
25;64800;1,0;7000;12,73;0,11;2;0,1080246913580246;1;3;0;0;0;0;1;0;0;0;0;1;0;0;0;0,0778442408229621;Muito Baixo;PERSONAL;RENT
55;75000;3,0;10000;7,51;0,13;20;0,1333333333333333;0;1;0;1;0;0;0;0;0;0;0;1;0;0;0;0,0191694146276334;Muito Baixo;PERSONAL;MORTGAGE
27;231252;1,0;2000;9,91;0,01;10;0,0086485738501721;0;2;0;1;0;0;0;0;0;0;0;1;0;0;0;0,010013213965272;Muito Baixo;PERSONAL;MORTGAGE
24;74900;8,0;3500;6,39;0,05;3;0,0467289719626168;0;1;0;1;0;0;0;0;0;1;0;0;0;0;0;0,0338735354715666;Muito Baixo;HOMEIMPROVEMENT;MORTGAGE
23;50000;0,0;2800;10,59;0,06;2;0,056;0;2;0;0;0;1;0;0;0;0;0;0;1;0;0;7,513454312613295e-06;Muito Baixo;VENTURE;OWN
29;92000;5,0;7000;9,32;0,08;10;0,0760869565217391;0;1;0;0;0;0;1;0;0;0;0;0;1;0;0;0,0009775387235364;Muito Baixo;VENTURE;RENT
33;30000;14,0;7500;11,86;0,25;8;0,25;1;2;0;0;0;0;1;0;0;0;1;0;0;1;0;0,1362042672585276;Muito Baixo;MEDICAL;RENT
38;110000;5,0;16000;11,99;0,15;17;0,1454545454545454;1;2;0;1;0;0;0;0;0;0;0;1;0;0;0;0,0314036747993129;Muito Baixo;PERSONAL;MORTGAGE
46;57359;3,0;9000;6,92;0,16;14;0,1569065011593647;0;1;0;1;0;0;0;1;0;0;0;0;0;0;0;0,0164645615027002;Muito Baixo;DEBTCONSOLIDATION;MORTGAGE
23;30000;0,0;4800;10,99;0,16;4;0,16;0;2;0;0;0;0;1;0;1;0;0;0;0;0;0;0,114443742982873;Muito Baixo;EDUCATION;RENT
29;72072;4,0;12000;8,49;0,17;8;0,1665001665001665;0;1;0;1;0;0;0;1;0;0;0;0;0;0;0;0,0900508070426351;Muito Baixo;DEBTCONSOLIDATION;MORTGAGE
28;56004;12,0;5525;12,68;0,1;9;0,0986536675951717;1;3;0;0;0;0;1;0;0;0;1;0;0;0;0;0,2213553098064622;Baixo;MEDICAL;RENT
24;36000;3,0;8000;13,61;0,22;2;0,2222222222222222;1;3;0;1;0;0;0;0;0;0;1;0;0;0;0;0,193466413124243;Muito Baixo;MEDICAL;MORTGAGE
30;30000;6,0;2800;12,68;0,09;7;0,0933333333333333;1;3;1;0;0;0;1;0;0;0;1;0;0;0;0;0,125138372611253;Muito Baixo;MEDICAL;RENT
25;45000;5,0;10400;10,25;0,23;3;0,2311111111111111;0;2;0;0;0;1;0;0;0;0;0;0;1;0;0;1,3116177625053517e-05;Muito Baixo;VENTURE;OWN
27;90000;11,0;16000;8,88;0,18;9;0,1777777777777777;0;2;0;0;0;0;1;0;0;0;0;1;0;0;0;0,0423875159449235;Muito Baixo;PERSONAL;RENT
22;48996;5,0;5000;7,9;0,1;4;0,1020491468691321;0;1;0;1;0;0;0;0;0;0;1;0;0;0;0;0,1816502917944303;Muito Baixo;MEDICAL;MORTGAGE
25;118000;9,0;2000;7,12;0,02;2;0,0169491525423728;0;1;0;1;0;0;0;1;0;0;0;0;0;0;0;0,0040035026072233;Muito Baixo;DEBTCONSOLIDATION;MORTGAGE
25;30000;1,0;5000;13,48;0,17;3;0,1666666666666666;1;3;1;0;0;1;0;0;0;0;0;0;1;0;0;0,0014978983948632;Muito Baixo;VENTURE;OWN
44;140000;14,0;21500;11,83;0,15;14;0,1535714285714285;1;2;0;0;0;1;0;0;0;0;0;0;1;0;0;1,9913552813276967e-05;Muito Baixo;VENTURE;OWN
23;96000;5,0;1500;6,62;0,02;3;0,015625;0;1;0;1;0;0;0;0;0;0;0;1;0;0;0;0,0052853973872741;Muito Baixo;PERSONAL;MORTGAGE
23;65000;7,0;7425;6,03;0,11;4;0,1142307692307692;0;1;0;1;0;0;0;1;0;0;0;0;0;0;0;0,0187832308175447;Muito Baixo;DEBTCONSOLIDATION;MORTGAGE
38;100000;2,0;16000;7,49;0,16;11;0,16;0;1;0;0;0;0;1;0;0;1;0;0;0;0;0;0,0093025551822447;Muito Baixo;HOMEIMPROVEMENT;RENT
27;69960;3,0;10000;7,49;0,14;9;0,1429388221841052;0;1;0;1;0;0;0;0;0;0;0;1;0;0;0;0,0235594811626345;Muito Baixo;PERSONAL;MORTGAGE
25;58000;8,0;17500;13,11;0,3;4;0,3017241379310345;1;3;1;1;0;0;0;0;0;1;0;0;0;0;0;0,1577336351133664;Muito Baixo;HOMEIMPROVEMENT;MORTGAGE
27;18000;0,0;6000;7,49;0,33;5;0,3333333333333333;0;1;0;0;0;0;1;1;0;0;0;0;0;1;1;0,9993510969123224;Muito Alto;DEBTCONSOLIDATION;RENT
23;61200;4,0;20000;11,14;0,28;2;0,326797385620915;1;2;0;0;0;0;1;0;0;0;1;0;0;1;1;0,8896434513140341;Muito Alto;MEDICAL;RENT
24;32000;1,0;1500;13,92;0,05;4;0,046875;1;3;1;0;0;0;1;0;1;0;0;0;0;0;0;0,3447486784377507;Baixo;EDUCATION;RENT
42;150000;19,0;18400;13,48;0,12;17;0,1226666666666666;1;3;0;0;0;0;1;0;0;0;1;0;0;0;0;0,0739330918556379;Muito Baixo;MEDICAL;RENT
26;32496;8,0;4200;16,02;0,13;3;0,1292466765140325;1;4;0;1;0;0;0;1;0;0;0;0;0;1;1;0,9952954452726076;Muito Alto;DEBTCONSOLIDATION;MORTGAGE
39;43680;9,0;16000;10,99;0,37;16;0,3663003663003663;0;2;0;0;0;0;1;0;0;0;1;0;0;1;1;0,9955791001995988;Muito Alto;MEDICAL;RENT
29;77040;1,0;9500;12,84;0,12;9;0,1233125649013499;1;3;1;0;0;0;1;0;1;0;0;0;0;0;0;0,1189535943462522;Muito Baixo;EDUCATION;RENT
27;150000;11,0;25000;10,36;0,17;7;0,1666666666666666;0;2;0;1;0;0;0;0;0;0;0;1;0;0;0;0,0459455912847355;Muito Baixo;PERSONAL;MORTGAGE
28;25000;0,0;5175;18,43;0,21;6;0,207;1;6;1;0;0;0;1;0;0;1;0;0;0;1;1;0,9946691090561268;Muito Alto;HOMEIMPROVEMENT;RENT
41;88712;2,0;16000;10,95;0,18;15;0,1803589142393362;0;2;0;0;0;0;1;0;0;0;0;0;1;0;0;0,0044796501566403;Muito Baixo;VENTURE;RENT
30;75000;2,0;10000;7,29;0,13;9;0,1333333333333333;0;1;0;0;0;0;1;0;0;1;0;0;0;0;0;0,0231631520720473;Muito Baixo;HOMEIMPROVEMENT;RENT
37;46996;2,0;13750;13,98;0,29;13;0,2925780917524895;1;3;0;1;0;0;0;0;1;0;0;0;0;0;0;0,1631547440497306;Muito Baixo;EDUCATION;MORTGAGE
21;26000;5,0;6000;5,79;0,23;2;0,2307692307692307;0;1;0;0;0;1;0;0;1;0;0;0;0;0;0;0,0006747337357301;Muito Baixo;EDUCATION;OWN
22;74000;6,0;2500;6,62;0,03;3;0,0337837837837837;0;1;0;1;0;0;0;0;0;0;1;0;0;0;0;0,0234331581335217;Muito Baixo;MEDICAL;MORTGAGE
25;65000;6,0;7500;13,47;0,12;4;0,1153846153846153;1;3;0;1;0;0;0;0;0;0;0;1;0;0;0;0,0933797518306793;Muito Baixo;PERSONAL;MORTGAGE
23;59000;5,0;13000;5,42;0,22;4;0,2203389830508474;0;1;0;1;0;0;0;0;1;0;0;0;0;0;0;0,0248815298565866;Muito Baixo;EDUCATION;MORTGAGE
23;120000;7,0;12000;5,42;0,1;3;0,1;0;1;0;1;0;0;0;0;1;0;0;0;0;0;0;0,0029495266181457;Muito Baixo;EDUCATION;MORTGAGE
23;34600;5,0;6800;12,69;0,2;4;0,1965317919075144;1;2;0;1;0;0;0;0;1;0;0;0;0;0;0;0,1023892314149319;Muito Baixo;EDUCATION;MORTGAGE
44;65000;16,0;2000;7,9;0,03;14;0,0307692307692307;0;1;0;0;0;0;1;0;0;0;1;0;0;0;0;0,0252577783407126;Muito Baixo;MEDICAL;RENT
22;54000;3,0;15750;6,62;0,29;4;0,2916666666666667;0;1;0;1;0;0;0;0;0;0;0;1;0;0;0;0,0701741248974734;Muito Baixo;PERSONAL;MORTGAGE
28;65000;2,0;7200;13,98;0,11;5;0,1107692307692307;1;3;1;0;0;0;1;0;0;1;0;0;0;0;0;0,1156194834825932;Muito Baixo;HOMEIMPROVEMENT;RENT
22;54000;1,0;10000;14,61;0,19;4;0,1851851851851851;1;4;1;1;0;0;0;0;0;1;0;0;0;1;1;0,9952162808488704;Muito Alto;HOMEIMPROVEMENT;MORTGAGE
26;30000;5,0;5000;7,49;0,17;4;0,1666666666666666;0;1;0;0;0;1;0;0;0;0;0;0;1;0;0;3,0651627833427264e-05;Muito Baixo;VENTURE;OWN
21;30000;6,0;9200;6,62;0,31;3;0,3066666666666666;0;1;0;0;0;0;1;1;0;0;0;0;0;1;1;0,983303184108148;Muito Alto;DEBTCONSOLIDATION;RENT
22;50000;7,0;8800;11,11;0,18;4;0,176;1;2;0;1;0;0;0;0;0;0;0;0;1;0;0;0,0008924794736691;Muito Baixo;VENTURE;MORTGAGE
22;43000;4,0;18550;11,83;0,43;4;0,4313953488372093;1;2;0;0;0;0;1;1;0;0;0;0;0;1;1;0,9932509693271854;Muito Alto;DEBTCONSOLIDATION;RENT
24;51500;6,0;4000;7,51;0,08;2;0,0776699029126213;0;1;0;1;0;0;0;0;0;0;1;0;0;0;0;0,0812711111474708;Muito Baixo;MEDICAL;MORTGAGE
24;29000;1,0;20000;10,62;0,69;3;0,6896551724137931;0;2;0;1;0;0;0;0;0;1;0;0;0;0;1;0,5003328242643935;Moderado;HOMEIMPROVEMENT;MORTGAGE
46;63000;18,0;10000;10,51;0,16;11;0,1587301587301587;0;2;0;0;0;0;1;0;0;1;0;0;0;0;0;0,0886649535906698;Muito Baixo;HOMEIMPROVEMENT;RENT
25;138000;9,0;21600;10,99;0,16;4;0,1565217391304348;0;2;0;0;0;1;0;0;0;0;1;0;0;0;0;0,0008610199759271;Muito Baixo;MEDICAL;OWN
42;24000;10,0;5000;7,49;0,21;11;0,2083333333333333;0;1;0;0;0;1;0;0;0;0;1;0;0;0;0;0,0004351915713798;Muito Baixo;MEDICAL;OWN
25;66000;9,0;12000;16,89;0,18;2;0,1818181818181818;1;4;0;0;0;0;1;0;0;0;0;1;0;1;0;0,1545115405988013;Muito Baixo;PERSONAL;RENT
24;42000;1,0;7500;10,51;0,18;3;0,1785714285714285;0;2;0;0;0;1;0;0;0;0;0;0;1;0;0;1,68120120024925e-05;Muito Baixo;VENTURE;OWN
23;29000;2,0;9000;11,71;0,31;2;0,3103448275862069;1;2;0;0;0;0;1;0;1;0;0;0;0;1;1;0,9918794061473564;Muito Alto;EDUCATION;RENT
26;132750;8,0;12000;11,49;0,09;4;0,0903954802259887;1;2;0;1;0;0;0;0;0;1;0;0;0;0;0;0,0474315178859514;Muito Baixo;HOMEIMPROVEMENT;MORTGAGE
30;105000;0,0;6000;14,72;0,06;10;0,0571428571428571;1;3;1;1;0;0;0;0;0;0;0;0;1;0;0;0,0163541521631821;Muito Baixo;VENTURE;MORTGAGE
28;67000;4,0;12000;7,49;0,18;7;0,1791044776119403;0;1;0;0;0;0;1;0;1;0;0;0;0;0;0;0,0461716444927803;Muito Baixo;EDUCATION;RENT
36;52000;8,0;2275;11,86;0,04;12;0,04375;1;2;0;1;0;0;0;1;0;0;0;0;0;0;0;0,1535011212383437;Muito Baixo;DEBTCONSOLIDATION;MORTGAGE
22;30000;0,0;3600;12,21;0,12;3;0,12;1;2;0;0;0;0;1;0;0;0;0;0;1;0;0;0,0148547997539303;Muito Baixo;VENTURE;RENT
32;75000;8,0;14000;6,03;0,19;10;0,1866666666666666;0;1;0;1;0;0;0;0;0;0;1;0;0;0;0;0,0039359502459605;Muito Baixo;MEDICAL;MORTGAGE
29;40000;9,0;1400;14,26;0,04;5;0,035;1;3;1;1;0;0;0;0;1;0;0;0;0;0;0;0,0931138598928334;Muito Baixo;EDUCATION;MORTGAGE
44;83000;2,0;12000;16,0;0,14;12;0,144578313253012;1;4;1;0;1;0;0;0;0;0;0;1;0;1;0;0,3282632411165385;Baixo;PERSONAL;OTHER
29;66000;4,0;8200;17,04;0,12;7;0,1242424242424242;1;5;1;1;0;0;0;1;0;0;0;0;0;1;1;0,9969178457790432;Muito Alto;DEBTCONSOLIDATION;MORTGAGE
32;50000;2,0;8000;10,62;0,16;8;0,16;0;2;0;0;0;0;1;0;0;0;1;0;0;0;0;0,019803871768927;Muito Baixo;MEDICAL;RENT
27;106000;3,0;16000;14,96;0,15;9;0,1509433962264151;1;4;1;0;0;1;0;0;0;0;0;1;0;0;0;0,0002806183124541;Muito Baixo;PERSONAL;OWN
25;34000;4,0;8200;12,21;0,24;4;0,2411764705882353;1;2;0;0;0;0;1;0;0;0;0;0;1;0;0;0,0446190965810205;Muito Baixo;VENTURE;RENT
25;55000;4,0;2500;7,88;0,05;2;0,0454545454545454;0;1;0;0;0;0;1;0;0;0;0;1;0;0;0;0,046292270044873;Muito Baixo;PERSONAL;RENT
22;54000;3,0;22750;15,31;0,42;2;0,4212962962962963;1;4;1;1;0;0;0;1;0;0;0;0;0;1;1;0,9967731075497382;Muito Alto;DEBTCONSOLIDATION;MORTGAGE
22;58000;6,0;20000;11,99;0,34;4;0,3448275862068966;1;2;0;0;0;1;0;0;0;0;1;0;0;0;0;0,0014136200802431;Muito Baixo;MEDICAL;OWN
32;29000;16,0;9450;16,29;0,33;8;0,3258620689655172;1;4;0;0;0;0;1;1;0;0;0;0;0;1;1;0,9998628614207892;Muito Alto;DEBTCONSOLIDATION;RENT
27;40000;9,0;2000;10,75;0,05;6;0,05;0;2;0;0;0;0;1;1;0;0;0;0;0;0;0;0,0973864169038987;Muito Baixo;DEBTCONSOLIDATION;RENT
24;68000;7,0;6000;7,88;0,09;2;0,088235294117647;0;1;0;1;0;0;0;0;1;0;0;0;0;0;0;0,0540221735912091;Muito Baixo;EDUCATION;MORTGAGE
30;72000;14,0;3000;9,99;0,04;9;0,0416666666666666;0;2;0;1;0;0;0;0;0;1;0;0;0;0;0;0,0863937841668627;Muito Baixo;HOMEIMPROVEMENT;MORTGAGE
44;36000;1,0;12000;13,99;0,33;12;0,3333333333333333;1;3;0;1;0;0;0;0;0;1;0;0;0;0;0;0,2802451316090251;Baixo;HOMEIMPROVEMENT;MORTGAGE
24;59000;5,0;15000;14,79;0,25;3;0,2542372881355932;1;3;1;0;0;0;1;0;1;0;0;0;0;1;0;0,217858646776914;Baixo;EDUCATION;RENT
21;100000;5,0;5000;7,14;0,05;3;0,05;0;1;0;0;0;1;0;0;0;0;0;1;0;0;0;0,0001925372036277;Muito Baixo;PERSONAL;OWN
28;81000;11,0;6000;6,17;0,07;8;0,074074074074074;0;1;0;1;0;0;0;0;0;0;0;1;0;0;0;0,0412235063091544;Muito Baixo;PERSONAL;MORTGAGE
30;62256;1,0;9000;15,05;0,14;10;0,1445643793369314;1;4;1;1;0;0;0;0;0;1;0;0;0;0;0;0,194410666598098;Muito Baixo;HOMEIMPROVEMENT;MORTGAGE
23;14000;2,0;4000;15,31;0,29;3;0,2857142857142857;1;4;0;0;0;1;0;1;0;0;0;0;0;1;1;0,998515341822794;Muito Alto;DEBTCONSOLIDATION;OWN
24;50000;8,0;3000;13,47;0,06;2;0,06;1;3;0;1;0;0;0;0;1;0;0;0;0;0;0;0,1083565227043329;Muito Baixo;EDUCATION;MORTGAGE
25;48000;3,0;1400;14,79;0,03;3;0,0291666666666666;1;3;0;1;0;0;0;1;0;0;0;0;0;0;0;0,1608070440368671;Muito Baixo;DEBTCONSOLIDATION;MORTGAGE
23;60000;5,0;16000;14,27;0,27;4;0,2666666666666666;1;3;1;0;0;1;0;0;1;0;0;0;0;0;0;0,0004067777812317;Muito Baixo;EDUCATION;OWN
22;130000;1,0;13000;8,94;0,1;4;0,1;0;1;0;1;0;0;0;0;0;0;0;0;1;0;0;0,0005481472156067;Muito Baixo;VENTURE;MORTGAGE
22;60000;5,0;2100;13,43;0,04;2;0,035;1;3;0;0;0;0;1;0;0;0;0;0;1;0;0;0,0325709048941534;Muito Baixo;VENTURE;RENT
24;36396;8,0;5000;6,03;0,14;3;0,1373777338169029;0;1;0;0;0;0;1;1;0;0;0;0;0;0;0;0,0737974564444388;Muito Baixo;DEBTCONSOLIDATION;RENT
24;110000;8,0;8000;6,76;0,07;4;0,0727272727272727;0;1;0;1;0;0;0;0;1;0;0;0;0;0;0;0,0149657938490197;Muito Baixo;EDUCATION;MORTGAGE
27;31200;0,0;6000;13,49;0,19;7;0,1923076923076923;1;3;1;0;0;0;1;0;0;0;0;0;1;0;0;0,2249618947593359;Baixo;VENTURE;RENT
25;69000;0,0;15000;16,7;0,22;3;0,217391304347826;1;5;1;0;0;0;1;0;0;1;0;0;0;1;1;0,910948965707414;Muito Alto;HOMEIMPROVEMENT;RENT
30;40000;13,0;12000;9,2;0,3;8;0,3;0;2;0;0;0;0;1;0;1;0;0;0;0;0;0;0,0706913254463564;Muito Baixo;EDUCATION;RENT
24;121000;8,0;18000;18,3;0,15;3;0,1487603305785124;1;6;0;0;0;0;1;0;0;0;0;1;0;0;0;0,1504474165130521;Muito Baixo;PERSONAL;RENT
33;96053;3,0;12000;15,68;0,11;6;0,1249310276618117;1;5;0;0;0;0;1;0;0;0;1;0;0;1;1;0,9774311915228704;Muito Alto;MEDICAL;RENT
23;74400;3,0;9000;7,66;0,12;2;0,1209677419354838;0;1;0;1;0;0;0;0;0;1;0;0;0;1;1;0,892631877695244;Muito Alto;HOMEIMPROVEMENT;MORTGAGE
30;36000;3,0;24250;12,61;0,67;7;0,6736111111111112;1;3;1;0;0;0;1;1;0;0;0;0;0;1;1;0,9925064969763844;Muito Alto;DEBTCONSOLIDATION;RENT
23;50000;5,0;10000;7,51;0,2;3;0,2;0;1;0;0;0;0;1;0;1;0;0;0;0;0;0;0,0230861858522856;Muito Baixo;EDUCATION;RENT
21;53000;3,0;9600;15,31;0,18;4;0,1811320754716981;1;4;1;0;0;0;1;0;0;0;0;1;0;0;0;0,1291549009303016;Muito Baixo;PERSONAL;RENT
23;46776;7,0;15000;13,24;0,32;4;0,3206772703950744;1;4;0;0;0;1;0;1;0;0;0;0;0;0;0;0,0036417312648359;Muito Baixo;DEBTCONSOLIDATION;OWN
23;150000;0,0;24000;7,49;0,16;4;0,16;0;1;0;0;0;0;1;0;1;0;0;0;0;0;0;0,0100611143096932;Muito Baixo;EDUCATION;RENT
47;47000;9,0;7500;6,62;0,16;12;0,1595744680851064;0;1;0;1;0;0;0;0;0;0;0;1;0;0;0;0,054266546215677;Muito Baixo;PERSONAL;MORTGAGE
23;92000;7,0;10000;11,71;0,11;4;0,108695652173913;1;2;0;0;0;0;1;0;0;0;0;0;1;0;0;0,003242202290298;Muito Baixo;VENTURE;RENT
22;43000;5,0;7000;10,62;0,16;4;0,1627906976744186;0;2;0;1;0;0;0;0;0;0;1;0;0;0;0;0,1075630374655251;Muito Baixo;MEDICAL;MORTGAGE
32;189996;4,0;8400;9,32;0,04;8;0,044211457083307;0;1;0;0;0;0;1;0;0;0;0;1;0;0;0;0,0433578593601285;Muito Baixo;PERSONAL;RENT
22;35100;0,0;1000;13,98;0,03;2;0,0284900284900284;1;3;0;0;0;0;1;1;0;0;0;0;0;0;0;0,0829489365182602;Muito Baixo;DEBTCONSOLIDATION;RENT
25;55000;9,0;8500;10,99;0,15;2;0,1545454545454545;0;2;0;1;0;0;0;0;0;1;0;0;0;0;0;0,1042292273986972;Muito Baixo;HOMEIMPROVEMENT;MORTGAGE
32;44500;3,0;15000;7,51;0,34;5;0,3370786516853932;0;1;0;0;0;1;0;0;1;0;0;0;0;0;0;0,001625055853196;Muito Baixo;EDUCATION;OWN
34;30000;2,0;4000;7,51;0,13;7;0,1333333333333333;0;1;0;0;0;0;1;0;0;0;0;1;0;0;0;0,0965617488775923;Muito Baixo;PERSONAL;RENT
25;34000;0,0;6650;8,9;0,2;3;0,1955882352941176;0;1;0;0;0;0;1;0;0;0;0;0;1;0;0;0,0096369269388479;Muito Baixo;VENTURE;RENT
25;34000;10,0;20000;8,88;0,59;2;0,5882352941176471;0;2;0;0;0;0;1;1;0;0;0;0;0;1;1;0,9971666826183936;Muito Alto;DEBTCONSOLIDATION;RENT
28;43200;5,0;12250;9,99;0,28;6;0,2835648148148148;0;2;0;0;0;1;0;0;0;0;0;1;0;0;0;0,000626303825777;Muito Baixo;PERSONAL;OWN
31;15000;2,0;4000;11,49;0,27;6;0,2666666666666666;1;2;0;0;0;0;1;0;0;0;0;0;1;1;1;0,9945769119504764;Muito Alto;VENTURE;RENT
27;225000;11,0;25000;15,31;0,11;5;0,1111111111111111;1;4;0;1;0;0;0;0;0;0;0;0;1;0;0;0,0973128329017969;Muito Baixo;VENTURE;MORTGAGE
27;56000;1,0;2500;11,72;0,04;5;0,0446428571428571;1;3;0;0;0;0;1;1;0;0;0;0;0;1;0;0,0930730855471246;Muito Baixo;DEBTCONSOLIDATION;RENT
38;50000;5,0;4000;7,88;0,08;12;0,08;0;1;0;0;0;0;1;0;0;0;0;0;1;0;0;0,0004311584075832;Muito Baixo;VENTURE;RENT
34;48000;9,0;5600;15,96;0,12;7;0,1166666666666666;1;3;1;1;0;0;0;0;0;0;0;0;1;0;0;0,1355838016228416;Muito Baixo;VENTURE;MORTGAGE
25;52000;9,0;16000;13,98;0,31;4;0,3076923076923077;1;3;0;0;0;0;1;0;0;0;0;0;1;1;1;0,9909649984786456;Muito Alto;VENTURE;RENT
28;34000;0,0;2600;15,62;0,08;9;0,0764705882352941;1;4;0;0;0;0;1;0;0;0;0;1;0;1;1;0,9788481252387152;Muito Alto;PERSONAL;RENT
21;59000;5,0;5000;9,99;0,08;3;0,0847457627118644;0;2;0;1;0;0;0;0;1;0;0;0;0;1;0;0,1580933247840651;Muito Baixo;EDUCATION;MORTGAGE
26;55000;10,0;8400;8,94;0,15;3;0,1527272727272727;0;1;0;0;0;0;1;0;0;0;1;0;0;0;0;0,0547455114391447;Muito Baixo;MEDICAL;RENT
22;27302;6,0;3725;12,69;0,14;2;0,1364368910702512;1;2;0;1;0;0;0;0;0;0;1;0;0;0;0;0,1909016987730652;Muito Baixo;MEDICAL;MORTGAGE
22;60000;6,0;4000;7,51;0,07;3;0,0666666666666666;0;1;0;0;0;0;1;0;1;0;0;0;0;0;0;0,0201096110126888;Muito Baixo;EDUCATION;RENT
22;60000;0,0;6600;10,59;0,11;2;0,11;0;2;0;0;0;0;1;1;0;0;0;0;0;0;0;0,0221399508972774;Muito Baixo;DEBTCONSOLIDATION;RENT
25;34800;4,0;9450;5,99;0,27;4;0,271551724137931;0;1;0;1;0;0;0;1;0;0;0;0;0;0;0;0,072660771846698;Muito Baixo;DEBTCONSOLIDATION;MORTGAGE
24;54000;5,0;10000;10,37;0,19;2;0,1851851851851851;0;2;0;0;0;0;1;0;0;0;0;1;0;1;0;0,2545927847762654;Baixo;PERSONAL;RENT
30;60000;0,0;12000;11,71;0,2;9;0,2;1;2;0;0;0;0;1;0;0;0;0;1;0;0;0;0,0353176077028654;Muito Baixo;PERSONAL;RENT
23;28000;4,0;5000;13,72;0,18;4;0,1785714285714285;1;3;0;0;0;0;1;1;0;0;0;0;0;1;0;0,3675485668951639;Baixo;DEBTCONSOLIDATION;RENT
35;36000;2,0;3000;15,31;0,08;10;0,0833333333333333;1;4;0;0;0;0;1;0;0;0;0;1;0;1;1;0,9465676941857958;Muito Alto;PERSONAL;RENT
23;92000;0,0;6500;8,0;0,07;3;0,0706521739130434;0;1;0;0;0;0;1;0;1;0;0;0;0;0;0;0,0121111565108143;Muito Baixo;EDUCATION;RENT
22;12000;5,0;5500;10,36;0,46;4;0,4583333333333333;0;2;0;0;0;0;1;0;1;0;0;0;0;1;1;0,999565584640428;Muito Alto;EDUCATION;RENT
33;29000;0,0;10000;13,06;0,34;7;0,3448275862068966;1;3;1;0;0;0;1;0;1;0;0;0;0;1;1;0,9986860407519356;Muito Alto;EDUCATION;RENT
24;42000;4,0;18250;16,82;0,43;4;0,4345238095238095;1;5;1;1;0;0;0;0;0;0;0;1;0;1;0;0,3027166691471794;Baixo;PERSONAL;MORTGAGE
22;25000;0,0;2500;11,14;0,1;3;0,1;1;2;0;0;0;0;1;1;0;0;0;0;0;0;0;0,1379685265427853;Muito Baixo;DEBTCONSOLIDATION;RENT
25;50000;3,0;17000;6,03;0,34;2;0,34;0;1;0;1;0;0;0;1;0;0;0;0;0;0;0;0,0244246144747848;Muito Baixo;DEBTCONSOLIDATION;MORTGAGE
22;41800;3,0;3100;6,76;0,07;4;0,0741626794258373;0;1;0;1;0;0;0;0;0;0;0;0;1;0;0;0,0006876097479079;Muito Baixo;VENTURE;MORTGAGE
27;75905;0,0;18000;17,26;0,2;8;0,2371385284236875;1;6;0;0;0;1;0;0;0;0;1;0;0;1;1;0,6925932263792162;Alto;MEDICAL;OWN
23;29700;2,0;4000;10,74;0,13;4;0,1346801346801346;0;2;0;0;0;0;1;0;0;0;0;0;1;0;0;0,0045774241942667;Muito Baixo;VENTURE;RENT
25;69000;10,0;15000;14,54;0,22;3;0,217391304347826;1;4;1;1;0;0;0;1;0;0;0;0;0;1;1;0,99497607212742;Muito Alto;DEBTCONSOLIDATION;MORTGAGE
23;135000;1,0;12500;15,99;0,09;2;0,0925925925925925;1;4;0;1;0;0;0;0;0;0;0;0;1;0;0;0,27603744141584;Baixo;VENTURE;MORTGAGE
23;61615;4,0;13000;10,62;0,21;3;0,210987584192161;0;2;0;1;0;0;0;0;0;0;1;0;0;0;0;0,1357808338491756;Muito Baixo;MEDICAL;MORTGAGE
25;120000;5,0;21000;7,9;0,17;2;0,175;0;1;0;1;0;0;0;0;0;1;0;0;0;0;0;0,014303272237074;Muito Baixo;HOMEIMPROVEMENT;MORTGAGE
26;35000;9,0;2000;13,99;0,06;2;0,0571428571428571;1;3;0;0;0;0;1;0;0;0;1;0;0;0;0;0,0605297109793907;Muito Baixo;MEDICAL;RENT
33;100000;16,0;15000;11,71;0,15;9;0,15;1;2;0;1;0;0;0;0;0;0;1;0;0;0;0;0,0404239614970781;Muito Baixo;MEDICAL;MORTGAGE
27;54000;0,0;12000;16,49;0,22;5;0,2222222222222222;1;4;0;1;0;0;0;0;0;0;0;1;0;1;0;0,4222317337869747;Moderado;PERSONAL;MORTGAGE
26;107496;9,0;20000;12,69;0,19;4;0,1860534345464017;1;2;0;1;0;0;0;1;0;0;0;0;0;0;0;0,1050759598436928;Muito Baixo;DEBTCONSOLIDATION;MORTGAGE
26;81000;10,0;21000;16,95;0,26;2;0,2592592592592592;1;5;0;0;0;0;1;0;0;0;0;0;1;1;0;0,2664583456868806;Baixo;VENTURE;RENT
29;30288;13,0;13000;14,35;0,43;8;0,4292128895932382;1;3;0;0;0;0;1;0;0;0;0;1;0;1;1;0,9921854881981288;Muito Alto;PERSONAL;RENT
31;24000;2,0;1800;8,59;0,07;6;0,075;0;1;0;0;0;0;1;0;0;0;1;0;0;0;0;0,08312191997185;Muito Baixo;MEDICAL;RENT
36;50400;7,0;12700;7,29;0,25;13;0,251984126984127;0;1;0;1;0;0;0;0;0;1;0;0;0;0;0;0,0176930193558283;Muito Baixo;HOMEIMPROVEMENT;MORTGAGE
25;93080;3,0;8450;13,49;0,09;2;0,0907821229050279;1;3;1;1;0;0;0;1;0;0;0;0;0;0;0;0,0332760611579237;Muito Baixo;DEBTCONSOLIDATION;MORTGAGE
49;23004;6,0;3250;15,21;0,14;12;0,1412797774300121;1;4;0;0;0;0;1;0;0;0;0;1;0;0;0;0,1855999531536053;Muito Baixo;PERSONAL;RENT
37;100000;13,0;18400;5,99;0,18;15;0,184;0;1;0;1;0;0;0;0;0;0;0;0;1;0;0;6,984531844290104e-05;Muito Baixo;VENTURE;MORTGAGE
34;48000;4,0;10800;10,99;0,23;7;0,225;0;2;0;0;0;0;1;1;0;0;0;0;0;0;0;0,0664649391403931;Muito Baixo;DEBTCONSOLIDATION;RENT
25;40000;2,0;18000;13,11;0,45;3;0,45;1;3;1;0;0;0;1;0;0;0;1;0;0;1;1;0,9969742805344064;Muito Alto;MEDICAL;RENT
23;88000;2,0;6625;11,22;0,08;3;0,0752840909090909;1;3;1;1;0;0;0;0;0;0;1;0;0;0;0;0,0782203536246874;Muito Baixo;MEDICAL;MORTGAGE
25;35000;0,0;13750;7,51;0,39;4;0,3928571428571428;0;1;0;0;0;0;1;1;0;0;0;0;0;1;1;0,9779777935702848;Muito Alto;DEBTCONSOLIDATION;RENT
23;41000;3,0;6000;10,99;0,15;2;0,1463414634146341;0;2;0;0;0;0;1;0;0;0;1;0;0;0;0;0,0793732430259041;Muito Baixo;MEDICAL;RENT
30;28800;9,0;2000;11,48;0,07;10;0,0694444444444444;1;2;0;0;0;0;1;0;0;0;1;0;0;0;0;0,0512460861712699;Muito Baixo;MEDICAL;RENT
27;92000;11,0;18000;11,48;0,2;7;0,1956521739130435;1;2;0;1;0;0;0;0;1;0;0;0;0;0;0;0,0379295938723981;Muito Baixo;EDUCATION;MORTGAGE
25;128000;4,0;10000;11,58;0,08;2;0,078125;1;2;0;1;0;0;0;0;0;1;0;0;0;1;0;0,0513064010392501;Muito Baixo;HOMEIMPROVEMENT;MORTGAGE
23;70000;4,0;12000;7,49;0,17;2;0,1714285714285714;0;1;0;0;0;0;1;0;0;0;1;0;0;0;0;0,0142500415265035;Muito Baixo;MEDICAL;RENT
22;74476;6,0;5000;8,49;0,07;2;0,0671357215747354;0;1;0;1;0;0;0;0;1;0;0;0;0;1;0;0,1567950842602068;Muito Baixo;EDUCATION;MORTGAGE
26;37850;1,0;6400;9,88;0,17;2;0,1690885072655218;0;2;0;0;0;0;1;0;0;0;0;1;0;0;0;0,1059982551525314;Muito Baixo;PERSONAL;RENT
25;52000;1,0;10000;5,79;0,19;3;0,1923076923076923;0;1;0;0;0;0;1;0;0;0;0;0;1;0;0;0,000746723564735;Muito Baixo;VENTURE;RENT
25;48000;0,0;6000;10,65;0,13;2;0,125;0;2;0;0;0;1;0;0;0;0;0;1;0;0;0;0,0004729659699409;Muito Baixo;PERSONAL;OWN
36;140000;13,0;20800;11,48;0,15;11;0,1485714285714285;1;2;0;0;0;1;0;0;0;0;0;0;1;0;0;1,3541666522579372e-05;Muito Baixo;VENTURE;OWN
32;31000;2,0;7400;16,77;0,24;9;0,2387096774193548;1;4;1;0;0;0;1;0;0;1;0;0;0;1;1;0,9968006668047664;Muito Alto;HOMEIMPROVEMENT;RENT
36;62000;9,0;4800;8,0;0,08;12;0,0774193548387096;0;1;0;1;0;0;0;0;1;0;0;0;0;0;0;0,0428059746794112;Muito Baixo;EDUCATION;MORTGAGE
22;33996;1,0;8000;10,51;0,24;3;0,2353218025650076;0;2;0;0;0;0;1;1;0;0;0;0;0;1;0;0,3715886249345446;Baixo;DEBTCONSOLIDATION;RENT
24;60000;8,0;21000;13,48;0,35;4;0,35;1;3;1;1;0;0;0;0;0;0;1;0;0;0;0;0,2415188144009794;Baixo;MEDICAL;MORTGAGE
32;62900;6,0;16000;14,96;0,22;5;0,2543720190779014;1;4;0;0;0;0;1;0;0;0;1;0;0;1;1;0,9818373175945402;Muito Alto;MEDICAL;RENT
29;180000;2,0;20000;7,49;0,11;10;0,1111111111111111;0;1;0;1;0;0;0;0;0;0;1;0;0;0;0;0,0064985967722823;Muito Baixo;MEDICAL;MORTGAGE
70;132000;0,0;14000;7,49;0,11;24;0,106060606060606;0;1;0;1;0;0;0;0;0;0;0;1;0;0;0;0,0019382060501662;Muito Baixo;PERSONAL;MORTGAGE
24;54400;4,0;2500;11,14;0,04;2;0,0459558823529411;1;2;0;0;0;0;1;0;0;0;1;0;0;1;0;0,1323800984765806;Muito Baixo;MEDICAL;RENT
21;63000;5,0;4800;16,82;0,08;4;0,0761904761904762;1;5;1;1;0;0;0;0;0;0;0;0;1;0;0;0,1967707862741617;Muito Baixo;VENTURE;MORTGAGE
28;86000;13,0;8000;5,99;0,09;10;0,0930232558139534;0;1;0;0;0;0;1;0;0;0;1;0;0;0;0;0,0032951036435579;Muito Baixo;MEDICAL;RENT
28;30000;4,0;12000;6,62;0,4;7;0,4;0;1;0;0;0;0;1;1;0;0;0;0;0;1;1;0,9942252233388564;Muito Alto;DEBTCONSOLIDATION;RENT
45;118000;11,0;9600;13,99;0,08;12;0,0813559322033898;1;3;1;1;0;0;0;0;1;0;0;0;0;1;0;0,1356075244162899;Muito Baixo;EDUCATION;MORTGAGE
39;50000;1,0;8000;7,68;0,16;14;0,16;0;1;0;1;0;0;0;0;1;0;0;0;0;0;0;0,0161036360362887;Muito Baixo;EDUCATION;MORTGAGE
25;52000;1,0;3000;12,99;0,06;4;0,0576923076923076;1;3;1;0;0;0;1;1;0;0;0;0;0;0;0;0,0376715218367494;Muito Baixo;DEBTCONSOLIDATION;RENT
30;110000;15,0;12000;13,61;0,11;10;0,109090909090909;1;3;0;1;0;0;0;0;0;0;0;1;0;0;0;0,0479548459211912;Muito Baixo;PERSONAL;MORTGAGE
33;60000;17,0;7000;5,42;0,12;8;0,1166666666666666;0;1;0;1;0;0;0;0;0;0;1;0;0;0;0;0,0124926581837996;Muito Baixo;MEDICAL;MORTGAGE
42;21120;12,0;6400;11,14;0,3;14;0,303030303030303;1;2;0;0;0;0;1;0;0;0;0;0;1;0;0;0,0016847022447817;Muito Baixo;VENTURE;RENT
22;72000;3,0;7500;11,41;0,1;3;0,1041666666666666;1;3;0;0;0;0;1;0;1;0;0;0;0;0;0;0,0384662693685547;Muito Baixo;EDUCATION;RENT
29;17004;8,0;2200;9,32;0,13;5;0,1293813220418725;0;1;0;0;0;0;1;0;0;1;0;0;0;1;1;0,9575539935323494;Muito Alto;HOMEIMPROVEMENT;RENT
24;54731;2,0;3200;11,83;0,06;2;0,058467778772542;1;2;0;0;0;0;1;1;0;0;0;0;0;0;0;0,0474716932630118;Muito Baixo;DEBTCONSOLIDATION;RENT
32;25200;17,0;4000;6,54;0,16;6;0,1587301587301587;0;1;0;0;0;1;0;0;0;0;1;0;0;0;0;0,0009114805331147;Muito Baixo;MEDICAL;OWN
35;72000;3,0;12800;6,62;0,18;10;0,1777777777777777;0;1;0;1;0;0;0;0;0;0;1;0;0;0;0;0,0054311165382109;Muito Baixo;MEDICAL;MORTGAGE
24;138000;4,0;5000;13,23;0,04;4;0,036231884057971;1;3;1;0;0;0;1;0;0;0;0;1;0;1;0;0,1355819336023066;Muito Baixo;PERSONAL;RENT
29;99855;2,0;20000;17,06;0,2;8;0,2002904211106103;1;5;0;0;0;0;1;0;0;0;0;0;1;1;1;0,8818612189629407;Muito Alto;VENTURE;RENT
23;86400;0,0;16000;11,86;0,19;3;0,1851851851851851;1;4;0;0;0;1;0;0;1;0;0;0;0;0;0;0,0015534705069463;Muito Baixo;EDUCATION;OWN
29;21996;4,0;2500;13,11;0,11;8;0,1136570285506455;1;3;1;0;0;0;1;1;0;0;0;0;0;1;0;0,1956796192624768;Muito Baixo;DEBTCONSOLIDATION;RENT
41;100000;3,0;12000;10,74;0,12;14;0,12;0;2;0;0;0;0;1;0;0;0;0;1;0;0;0;0,0287321436930799;Muito Baixo;PERSONAL;RENT
43;11340;4,0;1950;13,48;0,17;11;0,1719576719576719;1;3;0;0;0;0;1;0;1;0;0;0;0;1;1;0,9912623910228052;Muito Alto;EDUCATION;RENT
34;45000;17,0;12000;6,03;0,27;9;0,2666666666666666;0;1;0;0;0;0;1;0;0;0;0;0;1;0;0;0,0009132011531372;Muito Baixo;VENTURE;RENT
25;48000;9,0;4800;10,99;0,1;4;0,1;0;2;0;0;0;0;1;0;0;0;0;1;0;0;0;0,103255707547105;Muito Baixo;PERSONAL;RENT
25;34000;7,0;9600;14,54;0,28;2;0,2823529411764706;1;4;0;0;0;0;1;0;0;0;0;1;0;1;1;0,648581652827016;Alto;PERSONAL;RENT
21;37740;0,0;9600;13,11;0,25;4;0,2543720190779014;1;3;1;0;0;0;1;1;0;0;0;0;0;0;0;0,0915509298724756;Muito Baixo;DEBTCONSOLIDATION;RENT
23;38000;7,0;12000;11,71;0,32;2;0,3157894736842105;1;2;0;0;0;0;1;0;0;0;0;1;0;1;1;0,9962702062768763;Muito Alto;PERSONAL;RENT
27;75288;12,0;18050;10,0;0,24;10;0,2397460418659016;0;2;0;1;0;0;0;0;0;0;1;0;0;0;0;0,0224531122583915;Muito Baixo;MEDICAL;MORTGAGE
30;504000;4,0;3000;11,36;0,01;9;0,0059523809523809;1;2;0;0;0;0;1;1;0;0;0;0;0;0;0;0,0163504557702183;Muito Baixo;DEBTCONSOLIDATION;RENT
21;50400;4,0;8000;15,62;0,16;2;0,1587301587301587;1;4;1;0;0;0;1;0;0;0;0;0;1;0;0;0,2981934961563663;Baixo;VENTURE;RENT
24;140000;8,0;16000;10,38;0,11;2;0,1142857142857142;0;2;0;1;0;0;0;0;0;0;1;0;0;0;0;0,0434808698621673;Muito Baixo;MEDICAL;MORTGAGE
31;25000;0,0;4800;11,54;0,19;10;0,192;1;3;1;0;0;0;1;0;0;0;1;0;0;0;0;0,0358499734155578;Muito Baixo;MEDICAL;RENT
22;75000;4,0;3000;8,9;0,04;2;0,04;0;1;0;0;0;0;1;0;1;0;0;0;0;0;0;0,0586494346972315;Muito Baixo;EDUCATION;RENT
22;24000;2,0;3975;13,87;0,17;3;0,165625;1;4;0;1;0;0;0;0;1;0;0;0;0;0;0;0,103956745738947;Muito Baixo;EDUCATION;MORTGAGE
21;60000;0,0;10000;13,48;0,17;4;0,1666666666666666;1;3;1;1;0;0;0;0;0;0;1;0;0;0;0;0,0473647381991463;Muito Baixo;MEDICAL;MORTGAGE
26;77100;6,0;8350;6,99;0,11;3;0,1083009079118028;0;1;0;0;0;0;1;1;0;0;0;0;0;0;0;0,0352078736279416;Muito Baixo;DEBTCONSOLIDATION;RENT
39;82000;7,0;8000;19,42;0,1;17;0,0975609756097561;1;5;1;1;0;0;0;0;0;1;0;0;0;0;0;0,144251958128629;Muito Baixo;HOMEIMPROVEMENT;MORTGAGE
27;84906;11,0;4500;7,51;0,05;10;0,0529997880008479;0;1;0;1;0;0;0;1;0;0;0;0;0;0;0;0,0132552458457375;Muito Baixo;DEBTCONSOLIDATION;MORTGAGE
23;38500;2,0;3000;7,49;0,08;2;0,0779220779220779;0;1;0;1;0;0;0;1;0;0;0;0;0;0;0;0,0474233578239982;Muito Baixo;DEBTCONSOLIDATION;MORTGAGE
24;47480;8,0;6900;9,88;0,15;2;0,145324347093513;0;2;0;0;0;0;1;0;0;0;1;0;0;0;0;0,0924254512213778;Muito Baixo;MEDICAL;RENT
30;17280;0,0;2000;13,48;0,12;7;0,1157407407407407;1;3;0;1;0;0;0;0;0;0;0;1;0;0;0;0,4920080016460805;Moderado;PERSONAL;MORTGAGE
23;86000;6,0;13000;10,62;0,15;3;0,1511627906976744;0;2;0;0;0;0;1;0;1;0;0;0;0;0;0;0,0323358354339333;Muito Baixo;EDUCATION;RENT
21;15300;5,0;2500;6,03;0,16;2;0,1633986928104575;0;1;0;0;0;1;0;0;0;0;1;0;0;1;1;0,995906264168772;Muito Alto;MEDICAL;OWN
25;59000;9,0;6000;15,23;0,1;3;0,1016949152542373;1;3;0;0;0;0;1;0;0;0;0;0;1;1;0;0,4064658165235816;Moderado;VENTURE;RENT
23;38376;4,0;8400;13,8;0,22;2;0,2188868042526579;1;3;1;0;0;1;0;0;0;0;0;0;1;0;0;0,0005854607821508;Muito Baixo;VENTURE;OWN
27;58000;7,0;2800;11,99;0,05;8;0,0482758620689655;1;2;0;1;0;0;0;0;0;0;0;0;1;0;0;0,0030473519507517;Muito Baixo;VENTURE;MORTGAGE
24;50000;2,0;6000;7,51;0,12;3;0,12;0;1;0;1;0;0;0;0;0;0;0;1;0;0;0;0,0227336377569688;Muito Baixo;PERSONAL;MORTGAGE
26;100000;5,0;24000;10,99;0,24;4;0,24;0;2;0;1;0;0;0;1;0;0;0;0;0;0;0;0,0387990950182591;Muito Baixo;DEBTCONSOLIDATION;MORTGAGE
21;30000;0,0;1000;7,49;0,03;3;0,0333333333333333;0;1;0;0;0;0;1;1;0;0;0;0;0;0;0;0,1190257113887385;Muito Baixo;DEBTCONSOLIDATION;RENT
26;56950;10,0;7550;9,99;0,11;3;0,1325724319578577;0;2;0;0;0;0;1;0;0;0;1;0;0;1;0;0,1996649050472258;Muito Baixo;MEDICAL;RENT
24;168288;5,0;1800;11,12;0,01;3;0,0106959498003422;1;2;0;0;0;0;1;0;0;1;0;0;0;0;0;0,0389390247939594;Muito Baixo;HOMEIMPROVEMENT;RENT
46;40452;4,0;4000;11,71;0,1;17;0,0988826263225551;1;2;0;0;0;1;0;0;1;0;0;0;0;0;0;0,0011943702745855;Muito Baixo;EDUCATION;OWN
36;28000;1,0;3075;15,62;0,11;12;0,1098214285714285;1;4;1;1;0;0;0;0;0;0;0;0;1;1;0;0,2422331794585631;Baixo;VENTURE;MORTGAGE
54;20000;2,0;5000;13,48;0,25;28;0,25;1;3;0;0;0;0;1;0;0;0;1;0;0;0;0;0,0406798420040236;Muito Baixo;MEDICAL;RENT
25;34000;9,0;10000;12,42;0,29;3;0,2941176470588235;1;2;0;1;0;0;0;1;0;0;0;0;0;0;0;0,4386034381616661;Moderado;DEBTCONSOLIDATION;MORTGAGE
26;65000;4,0;8000;6,92;0,12;4;0,123076923076923;0;1;0;0;0;0;1;0;0;0;0;1;0;0;0;0,0251687931860276;Muito Baixo;PERSONAL;RENT
30;310000;13,0;14000;10,99;0,05;10;0,0451612903225806;0;2;0;1;0;0;0;1;0;0;0;0;0;0;0;0,029014642777583;Muito Baixo;DEBTCONSOLIDATION;MORTGAGE
23;39000;7,0;2200;10,99;0,06;4;0,0564102564102564;0;2;0;0;0;0;1;1;0;0;0;0;0;0;0;0,3292955603255671;Baixo;DEBTCONSOLIDATION;RENT
21;21600;4,0;7125;6,99;0,33;3;0,3298611111111111;0;1;0;0;0;1;0;0;0;0;0;0;1;0;0;0,0003181885481386;Muito Baixo;VENTURE;OWN
31;40800;6,0;9000;7,49;0,22;6;0,2205882352941176;0;1;0;0;0;0;1;0;0;0;0;1;0;0;0;0,0838226944696899;Muito Baixo;PERSONAL;RENT
29;30796;13,0;5000;14,96;0,16;8;0,1623587478893362;1;4;1;0;0;0;1;0;0;0;1;0;0;0;1;0,7988875869463486;Alto;MEDICAL;RENT
23;60000;8,0;3600;9,99;0,06;3;0,06;0;2;0;0;0;0;1;0;0;0;0;0;1;0;0;0,0015875704675723;Muito Baixo;VENTURE;RENT
32;104000;12,0;17000;14,82;0,16;7;0,1634615384615384;1;5;1;1;0;0;0;0;0;0;0;0;1;0;0;0,0812554084637339;Muito Baixo;VENTURE;MORTGAGE
27;64000;3,0;3600;7,49;0,06;5;0,05625;0;1;0;0;0;0;1;0;0;0;0;1;0;1;0;0,0489013672579607;Muito Baixo;PERSONAL;RENT
28;56052;8,0;7200;11,28;0,13;8;0,1284521515735388;1;3;1;0;0;0;1;0;0;0;0;0;1;0;0;0,0932448304910242;Muito Baixo;VENTURE;RENT
24;78000;1,0;18500;15,33;0,24;2;0,2371794871794871;1;6;0;0;0;0;1;0;0;0;0;0;1;1;1;0,969744467979738;Muito Alto;VENTURE;RENT
30;48996;2,0;3000;10,36;0,06;10;0,0612294881214793;0;2;0;0;0;0;1;0;1;0;0;0;0;0;0;0,1634767969930698;Muito Baixo;EDUCATION;RENT
22;39000;1,0;6000;8,0;0,15;3;0,1538461538461538;0;1;0;0;0;0;1;0;1;0;0;0;0;0;0;0,0911714639274599;Muito Baixo;EDUCATION;RENT
32;60000;2,0;6000;11,36;0,1;8;0,1;1;2;0;0;0;0;1;0;0;0;0;1;0;0;0;0,0327639229270506;Muito Baixo;PERSONAL;RENT
23;30996;2,0;5000;11,86;0,16;4;0,161311136920893;1;2;0;0;0;1;0;0;0;0;0;0;1;0;0;6,918013661620088e-05;Muito Baixo;VENTURE;OWN
26;145992;0,0;20000;15,31;0,14;2;0,1369938078798838;1;4;1;1;0;0;0;0;0;0;0;1;0;0;0;0,1573825124146488;Muito Baixo;PERSONAL;MORTGAGE
26;120000;10,0;6000;9,88;0,05;2;0,05;0;2;0;0;0;0;1;0;0;0;0;0;1;0;0;0,0021147293802168;Muito Baixo;VENTURE;RENT
22;62000;6,0;5000;6,03;0,08;4;0,0806451612903225;0;1;0;1;0;0;0;0;0;0;0;1;0;0;0;0,021382518823304;Muito Baixo;PERSONAL;MORTGAGE
30;45000;11,0;5000;12,73;0,11;8;0,1111111111111111;1;3;1;0;0;0;1;0;0;0;1;0;0;1;0;0,1542834669130058;Muito Baixo;MEDICAL;RENT
25;19200;2,0;1000;10,99;0,05;3;0,0520833333333333;0;2;0;0;0;1;0;0;0;0;0;0;1;0;0;0,0001586547841066;Muito Baixo;VENTURE;OWN
38;65000;6,0;11500;13,92;0,18;14;0,1769230769230769;1;3;0;1;0;0;0;0;0;0;0;1;0;0;0;0,0596214317886072;Muito Baixo;PERSONAL;MORTGAGE
22;110500;1,0;12250;11,26;0,11;4;0,1108597285067873;1;2;0;1;0;0;0;0;0;0;1;0;0;0;0;0,0333310588943434;Muito Baixo;MEDICAL;MORTGAGE
27;51600;4,0;12000;6,99;0,23;9;0,2325581395348837;0;1;0;0;0;0;1;0;0;0;0;0;1;0;0;0,0022581173047799;Muito Baixo;VENTURE;RENT
23;33017;1,0;5000;10,99;0,15;4;0,1514371384438319;0;2;0;0;0;0;1;0;0;0;0;1;0;0;0;0,2387810732788041;Baixo;PERSONAL;RENT
45;90000;3,0;2500;11,99;0,03;13;0,0277777777777777;1;2;0;1;0;0;0;0;0;0;0;0;1;0;0;0,0012674638516468;Muito Baixo;VENTURE;MORTGAGE
27;90000;4,0;20000;12,42;0,22;10;0,2222222222222222;1;2;0;1;0;0;0;0;0;1;0;0;0;0;0;0,0684818369415566;Muito Baixo;HOMEIMPROVEMENT;MORTGAGE
51;80000;3,0;18000;18,78;0,23;20;0,225;1;6;1;0;0;0;1;0;0;1;0;0;0;0;0;0,1263007150783846;Muito Baixo;HOMEIMPROVEMENT;RENT
23;30000;0,0;6000;13,49;0,2;3;0,2;1;3;1;0;0;0;1;0;1;0;0;0;0;0;0;0,170139923078966;Muito Baixo;EDUCATION;RENT
38;30000;0,0;15000;14,61;0,5;15;0,5;1;4;1;0;0;0;1;0;0;0;0;1;0;1;1;0,9975232276677432;Muito Alto;PERSONAL;RENT
25;39000;6,0;16000;15,65;0,41;3;0,4102564102564102;1;4;1;0;0;0;1;0;0;0;0;0;1;1;1;0,9917001766164394;Muito Alto;VENTURE;RENT
22;31200;3,0;4200;13,57;0,13;2;0,1346153846153846;1;3;1;0;0;0;1;0;0;0;0;0;1;0;0;0,1906002405252144;Muito Baixo;VENTURE;RENT
30;72000;2,0;23000;12,18;0,32;6;0,3194444444444444;1;2;0;0;0;0;1;0;1;0;0;0;0;1;1;0,9940257776464324;Muito Alto;EDUCATION;RENT
21;249996;5,0;5000;8,59;0,02;3;0,02000032000512;0;1;0;1;0;0;0;0;0;0;0;1;0;0;0;0,0182108080939685;Muito Baixo;PERSONAL;MORTGAGE
28;33000;12,0;8000;14,65;0,24;9;0,2424242424242424;1;3;0;0;0;0;1;0;0;0;0;1;0;1;0;0,3742713505374362;Baixo;PERSONAL;RENT
30;70000;9,0;7000;8,9;0,1;8;0,1;0;1;0;1;0;0;0;0;0;0;0;1;0;0;0;0,0701135042442266;Muito Baixo;PERSONAL;MORTGAGE
27;45000;9,0;12000;6,03;0,27;5;0,2666666666666666;0;1;0;0;0;1;0;0;0;0;0;1;0;0;0;0,000373960433738;Muito Baixo;PERSONAL;OWN
35;110000;4,0;4000;13,79;0,04;6;0,0363636363636363;1;3;0;1;0;0;0;0;0;0;1;0;0;0;0;0,0765353822050262;Muito Baixo;MEDICAL;MORTGAGE
23;126000;0,0;8000;13,23;0,06;3;0,0634920634920634;1;3;0;0;0;0;1;0;0;0;0;1;0;0;0;0,0528910521864544;Muito Baixo;PERSONAL;RENT
24;26400;4,0;8875;6,62;0,34;4;0,3361742424242424;0;1;0;0;0;0;1;0;0;0;1;0;0;1;1;0,9886912958448864;Muito Alto;MEDICAL;RENT
22;95000;2,0;5000;10,59;0,05;2;0,0526315789473684;0;2;0;1;0;0;0;0;0;0;1;0;0;0;0;0,033313011257155;Muito Baixo;MEDICAL;MORTGAGE
25;25000;3,0;3000;11,12;0,12;4;0,12;1;2;0;0;0;0;1;1;0;0;0;0;0;0;0;0,1651638009113694;Muito Baixo;DEBTCONSOLIDATION;RENT
29;54996;8,0;3600;9,63;0,07;5;0,065459306131355;0;1;0;0;0;0;1;1;0;0;0;0;0;0;0;0,0443867579907783;Muito Baixo;DEBTCONSOLIDATION;RENT
26;75000;2,0;16000;13,35;0,21;2;0,2133333333333333;1;3;1;0;0;0;1;0;0;0;0;1;0;0;0;0,0669975628872414;Muito Baixo;PERSONAL;RENT
48;83000;2,0;12000;10,99;0,14;17;0,144578313253012;0;2;0;0;0;0;1;0;0;0;0;0;1;0;0;0,001968601501452;Muito Baixo;VENTURE;RENT
23;32000;5,0;10000;7,29;0,31;3;0,3125;0;1;0;0;0;0;1;0;0;0;1;0;0;1;1;0,9889965870636782;Muito Alto;MEDICAL;RENT
28;57360;3,0;23000;10,99;0,4;8;0,400976290097629;0;2;0;1;0;0;0;0;0;0;0;1;0;0;0;0,1442200108507009;Muito Baixo;PERSONAL;MORTGAGE
23;39325;3,0;2800;12,87;0,07;4;0,0712015257469803;1;3;0;1;0;0;0;0;1;0;0;0;0;1;0;0,1159571772856074;Muito Baixo;EDUCATION;MORTGAGE
27;22000;1,0;4000;6,39;0,18;10;0,1818181818181818;0;1;0;0;0;0;1;0;1;0;0;0;0;0;0;0,0660951228556588;Muito Baixo;EDUCATION;RENT
25;120000;3,0;12000;9,01;0,1;2;0,1;0;2;0;0;0;0;1;0;0;0;0;1;0;0;0;0,0262950735760961;Muito Baixo;PERSONAL;RENT
23;50000;7,0;3000;6,03;0,06;4;0,06;0;1;0;1;0;0;0;0;1;0;0;0;0;0;0;0,0110604218225343;Muito Baixo;EDUCATION;MORTGAGE
37;20004;0,0;5000;10,99;0,25;12;0,2499500099980004;0;2;0;0;0;0;1;1;0;0;0;0;0;0;0;0,0741987163938623;Muito Baixo;DEBTCONSOLIDATION;RENT
37;45000;1,0;9000;11,71;0,2;16;0,2;1;2;0;0;0;0;1;1;0;0;0;0;0;1;0;0,0564276461298203;Muito Baixo;DEBTCONSOLIDATION;RENT
24;30000;4,0;10000;15,99;0,33;2;0,3333333333333333;1;4;1;1;0;0;0;0;0;0;1;0;0;1;1;0,9256683163428358;Muito Alto;MEDICAL;MORTGAGE
22;87000;6,0;15000;10,62;0,17;2;0,1724137931034483;0;2;0;0;0;0;1;0;0;0;0;1;0;0;0;0,0908307428700909;Muito Baixo;PERSONAL;RENT
65;76000;3,0;35000;10,99;0,46;27;0,4605263157894737;0;2;0;0;0;0;1;0;1;0;0;0;0;1;1;0,9966071383122748;Muito Alto;EDUCATION;RENT
25;50000;6,0;12800;7,49;0,26;4;0,256;0;1;0;1;0;0;0;0;0;0;0;1;0;1;0;0,0428974514856113;Muito Baixo;PERSONAL;MORTGAGE
21;85000;2,0;15000;10,95;0,18;3;0,1764705882352941;0;2;0;0;0;0;1;0;0;0;0;0;1;0;0;0,0012164624182619;Muito Baixo;VENTURE;RENT
26;134400;3,0;10000;12,68;0,07;3;0,0744047619047619;1;3;0;1;0;0;0;0;0;0;1;0;0;0;0;0,0624329057603821;Muito Baixo;MEDICAL;MORTGAGE
30;90000;5,0;10000;5,79;0,11;7;0,1111111111111111;0;1;0;1;0;0;0;0;0;0;0;1;0;0;0;0,0030602541056801;Muito Baixo;PERSONAL;MORTGAGE
29;48000;6,0;8000;13,49;0,17;9;0,1666666666666666;1;3;1;0;0;1;0;0;0;1;0;0;0;0;0;0,0019577212969416;Muito Baixo;HOMEIMPROVEMENT;OWN
26;60996;2,0;12000;12,21;0,2;4;0,1967342120794806;1;2;0;1;0;0;0;0;0;0;0;1;0;0;0;0,0549971387954393;Muito Baixo;PERSONAL;MORTGAGE
23;33800;4,0;13000;15,31;0,38;4;0,3846153846153846;1;4;1;0;0;1;0;0;1;0;0;0;0;0;0;0,0018893755791387;Muito Baixo;EDUCATION;OWN
30;110000;14,0;25000;10,36;0,23;8;0,2272727272727272;0;2;0;1;0;0;0;1;0;0;0;0;0;0;0;0,095927654846416;Muito Baixo;DEBTCONSOLIDATION;MORTGAGE
22;65416;6,0;8000;6,92;0,12;2;0,1222942399412987;0;1;0;1;0;0;0;0;1;0;0;0;0;0;0;0,0174314748369624;Muito Baixo;EDUCATION;MORTGAGE
22;50000;6,0;6400;6,92;0,13;4;0,128;0;1;0;0;0;1;0;0;0;0;0;0;1;0;0;1,122646813013726e-05;Muito Baixo;VENTURE;OWN
22;75000;6,0;24000;12,69;0,32;4;0,32;1;2;0;0;0;0;1;0;1;0;0;0;0;1;1;0,9896789429748906;Muito Alto;EDUCATION;RENT
27;45000;1,0;6000;10,65;0,13;8;0,1333333333333333;0;2;0;0;0;0;1;0;1;0;0;0;0;0;0;0,0525090444279448;Muito Baixo;EDUCATION;RENT
33;97200;4,0;20000;12,29;0,21;9;0,205761316872428;1;3;0;1;0;0;0;0;0;0;0;1;0;0;0;0,0893896967569214;Muito Baixo;PERSONAL;MORTGAGE
46;70000;5,0;8000;7,29;0,11;13;0,1142857142857142;0;1;0;1;0;0;0;0;0;0;0;1;0;0;0;0,0148765065321786;Muito Baixo;PERSONAL;MORTGAGE
27;57600;3,0;3000;11,11;0,05;6;0,0520833333333333;1;2;0;1;0;0;0;0;0;0;1;0;0;0;0;0,1714114917513255;Muito Baixo;MEDICAL;MORTGAGE
64;56000;0,0;10000;16,82;0,18;18;0,1785714285714285;1;5;1;0;0;0;1;1;0;0;0;0;0;1;1;0,9964111829165456;Muito Alto;DEBTCONSOLIDATION;RENT
26;78000;4,0;12000;7,14;0,15;2;0,1538461538461538;0;1;0;0;0;0;1;1;0;0;0;0;0;0;0;0,0621608679021914;Muito Baixo;DEBTCONSOLIDATION;RENT
22;16000;4,0;6250;9,91;0,39;2;0,390625;0;2;0;0;0;0;1;0;0;0;0;0;1;1;1;0,99991194409593;Muito Alto;VENTURE;RENT
24;48000;3,0;4800;9,99;0,1;2;0,1;0;2;0;1;0;0;0;1;0;0;0;0;0;0;0;0,0610775324713975;Muito Baixo;DEBTCONSOLIDATION;MORTGAGE
22;56004;6,0;6000;11,86;0,11;3;0,1071352046282408;1;2;0;1;0;0;0;0;0;0;1;0;0;0;0;0,3788539587860086;Baixo;MEDICAL;MORTGAGE
33;36000;5,0;12200;9,99;0,34;6;0,3388888888888889;0;2;0;0;0;0;1;0;1;0;0;0;0;1;1;0,9916843042239633;Muito Alto;EDUCATION;RENT
25;49000;1,0;12000;13,49;0,24;2;0,2448979591836734;1;4;0;0;0;0;1;1;0;0;0;0;0;1;1;0,9961518167237566;Muito Alto;DEBTCONSOLIDATION;RENT
21;32400;5,0;5000;16,0;0,15;2;0,1543209876543209;1;5;0;1;0;0;0;0;0;0;0;1;0;1;0;0,2421248377754818;Baixo;PERSONAL;MORTGAGE
24;56500;1,0;10000;10,99;0,18;4;0,1769911504424778;0;2;0;0;0;0;1;0;0;1;0;0;0;0;0;0,1415854055871636;Muito Baixo;HOMEIMPROVEMENT;RENT
22;49000;6,0;10000;16,45;0,2;2;0,2040816326530612;1;5;0;0;0;0;1;0;0;0;0;1;0;1;0;0,3199489864937631;Baixo;PERSONAL;RENT
55;75000;2,0;20000;11,83;0,27;23;0,2666666666666666;1;2;0;0;0;0;1;0;0;0;1;0;0;0;0;0,0400451597889101;Muito Baixo;MEDICAL;RENT
24;75360;4,0;7000;7,49;0,09;3;0,0928874734607218;0;1;0;0;0;1;0;0;0;0;0;0;1;0;0;1,3301141140463678e-05;Muito Baixo;VENTURE;OWN
34;85800;11,0;5000;7,4;0,06;6;0,0582750582750582;0;1;0;0;0;1;0;0;0;0;0;0;1;0;0;1,3309872092995706e-05;Muito Baixo;VENTURE;OWN
21;102000;5,0;10000;15,31;0,1;3;0,0980392156862745;1;4;1;0;0;0;1;0;0;0;0;0;1;0;0;0,101338954058639;Muito Baixo;VENTURE;RENT
66;42000;2,0;6475;9,99;0,15;24;0,1541666666666666;0;2;0;0;0;0;1;0;0;0;1;0;0;0;0;0,0055527385342422;Muito Baixo;MEDICAL;RENT
24;42000;2,0;6000;14,96;0,14;3;0,1428571428571428;1;4;1;0;0;0;1;0;0;1;0;0;0;1;1;0,9770505203835944;Muito Alto;HOMEIMPROVEMENT;RENT
21;82000;3,0;11000;7,49;0,13;3;0,1341463414634146;0;1;0;1;0;0;0;0;0;0;0;1;0;0;0;0,0289224981508335;Muito Baixo;PERSONAL;MORTGAGE
34;20000;5,0;5000;8,9;0,25;5;0,25;0;1;0;0;0;0;1;0;0;0;1;0;0;0;0;0,0363244654126441;Muito Baixo;MEDICAL;RENT
24;80000;6,0;7250;5,42;0,09;2;0,090625;0;1;0;0;0;0;1;0;0;0;0;0;1;0;0;0,0004822285796983;Muito Baixo;VENTURE;RENT
29;62200;3,0;12000;19,03;0,19;6;0,1929260450160771;1;5;0;0;0;0;1;0;0;0;0;1;0;0;0;0,1797387090128278;Muito Baixo;PERSONAL;RENT
25;95000;5,0;18000;10,99;0,19;3;0,1894736842105263;0;2;0;1;0;0;0;1;0;0;0;0;0;0;0;0,03220809295744;Muito Baixo;DEBTCONSOLIDATION;MORTGAGE
28;75000;3,0;6000;11,48;0,08;8;0,08;1;2;0;1;0;0;0;0;0;1;0;0;0;0;0;0,0457087556827282;Muito Baixo;HOMEIMPROVEMENT;MORTGAGE
27;88000;8,0;14400;11,71;0,16;6;0,1636363636363636;1;2;0;1;0;0;0;0;0;0;0;1;0;0;0;0,1925754600306849;Muito Baixo;PERSONAL;MORTGAGE
25;102211;3,0;15000;11,58;0,15;2;0,1467552416080461;1;2;0;1;0;0;0;1;0;0;0;0;0;0;0;0,0585889241418182;Muito Baixo;DEBTCONSOLIDATION;MORTGAGE
29;72000;13,0;2000;14,59;0,03;8;0,0277777777777777;1;4;1;0;0;0;1;1;0;0;0;0;0;1;1;0,9744534639942716;Muito Alto;DEBTCONSOLIDATION;RENT
34;44000;2,0;4000;10,36;0,09;9;0,0909090909090909;0;2;0;0;0;0;1;0;0;0;0;0;1;0;0;0,0041105334861065;Muito Baixo;VENTURE;RENT
31;55000;0,0;4500;7,14;0,08;6;0,0818181818181818;0;1;0;1;0;0;0;0;0;0;0;0;1;0;0;0,0004400216297777;Muito Baixo;VENTURE;MORTGAGE
22;35000;2,0;7000;18,09;0,2;2;0,2;1;6;1;0;0;0;1;0;0;0;1;0;0;1;1;0,9929131393552904;Muito Alto;MEDICAL;RENT
28;60000;0,0;7500;5,79;0,13;8;0,125;0;1;0;1;0;0;0;0;0;1;0;0;0;0;0;0,0369446915080143;Muito Baixo;HOMEIMPROVEMENT;MORTGAGE
26;49680;1,0;5875;12,99;0,12;3;0,118256843800322;1;3;1;0;0;0;1;0;0;0;1;0;0;0;0;0,070030351858557;Muito Baixo;MEDICAL;RENT
31;73000;3,0;15000;10,99;0,21;8;0,2054794520547945;0;2;0;1;0;0;0;0;0;1;0;0;0;0;0;0,0946613798259;Muito Baixo;HOMEIMPROVEMENT;MORTGAGE
54;33600;0,0;1000;10,65;0,03;29;0,0297619047619047;0;2;0;0;0;0;1;1;0;0;0;0;0;1;0;0,1769035021744001;Muito Baixo;DEBTCONSOLIDATION;RENT
24;54000;8,0;4000;9,99;0,07;4;0,074074074074074;0;2;0;1;0;0;0;0;0;1;0;0;0;0;0;0,2722356906916847;Baixo;HOMEIMPROVEMENT;MORTGAGE
24;30000;0,0;6000;13,22;0,2;3;0,2;1;3;0;1;0;0;0;0;0;0;0;0;1;0;0;0,190764481149996;Muito Baixo;VENTURE;MORTGAGE
32;28800;4,0;14500;16,7;0,5;10;0,5034722222222222;1;5;0;0;0;0;1;0;0;0;0;1;0;1;1;0,9979190007033234;Muito Alto;PERSONAL;RENT
22;175000;6,0;18000;10,99;0,1;2;0,1028571428571428;0;2;0;1;0;0;0;0;1;0;0;0;0;0;0;0,0228682887160191;Muito Baixo;EDUCATION;MORTGAGE
27;44000;2,0;15000;11,48;0,34;5;0,3409090909090909;1;2;0;0;0;0;1;0;0;0;1;0;0;1;1;0,9960257752451775;Muito Alto;MEDICAL;RENT
41;30840;8,0;6000;10,59;0,19;13;0,1945525291828793;0;2;0;0;0;0;1;0;0;0;1;0;0;0;0;0,1606742242800112;Muito Baixo;MEDICAL;RENT
36;68000;2,0;7200;9,63;0,11;15;0,1058823529411764;0;1;0;0;1;0;0;0;0;0;0;1;0;0;0;0,0471023365157749;Muito Baixo;PERSONAL;OTHER
26;31303;7,0;12000;7,49;0,38;2;0,3833498386736095;0;1;0;1;0;0;0;0;0;0;1;0;0;0;0;0,3551320204423441;Baixo;MEDICAL;MORTGAGE
23;82000;2,0;20900;12,69;0,25;2;0,2548780487804878;1;2;0;0;0;0;1;0;0;0;0;1;0;0;0;0,1033959024760864;Muito Baixo;PERSONAL;RENT
24;25000;6,0;2000;6,62;0,08;4;0,08;0;1;0;0;0;0;1;0;0;0;0;1;0;0;0;0,2669136278012021;Baixo;PERSONAL;RENT
40;116000;3,0;12000;13,48;0,1;16;0,1034482758620689;1;3;0;1;0;0;0;0;0;0;0;0;1;0;0;0,0525615501839121;Muito Baixo;VENTURE;MORTGAGE
37;61260;2,0;6350;7,51;0,1;14;0,103656545870062;0;1;0;1;0;0;0;0;0;0;1;0;0;0;0;0,0295426526479637;Muito Baixo;MEDICAL;MORTGAGE
23;42000;2,0;3000;6,62;0,07;3;0,0714285714285714;0;1;0;0;0;0;1;0;0;0;1;0;0;0;0;0,0312570317549066;Muito Baixo;MEDICAL;RENT
30;46000;5,0;6000;6,99;0,13;5;0,1304347826086956;0;1;0;0;0;0;1;0;0;0;1;0;0;0;0;0,0281461866540357;Muito Baixo;MEDICAL;RENT
40;45760;8,0;13650;10,25;0,3;13;0,2982954545454545;0;2;0;0;0;0;1;0;0;0;1;0;0;0;0;0,0267209098916715;Muito Baixo;MEDICAL;RENT
34;69996;13,0;32000;10,99;0,46;8;0,4571689810846334;0;2;0;0;0;0;1;0;0;0;1;0;0;1;1;0,9905211479501186;Muito Alto;MEDICAL;RENT
27;115000;1,0;5000;8,49;0,04;6;0,0434782608695652;0;1;0;1;0;0;0;1;0;0;0;0;0;0;0;0,0281244793449672;Muito Baixo;DEBTCONSOLIDATION;MORTGAGE
33;63996;15,0;3200;5,42;0,05;8;0,0500031251953247;0;1;0;1;0;0;0;0;1;0;0;0;0;0;0;0,0150798785359787;Muito Baixo;EDUCATION;MORTGAGE
23;70000;4,0;10500;7,51;0,15;2;0,15;0;1;0;1;0;0;0;0;1;0;0;0;0;0;0;0,0163647815216854;Muito Baixo;EDUCATION;MORTGAGE
22;37000;2,0;13000;7,88;0,35;4;0,3513513513513513;0;1;0;1;0;0;0;1;0;0;0;0;0;0;0;0,0741783979201851;Muito Baixo;DEBTCONSOLIDATION;MORTGAGE
51;72800;0,0;5700;7,66;0,08;28;0,0782967032967033;0;1;0;1;0;0;0;0;0;0;0;1;0;0;0;0,0346156832183004;Muito Baixo;PERSONAL;MORTGAGE
25;33600;5,0;1000;11,86;0,03;2;0,0297619047619047;1;2;0;0;0;0;1;1;0;0;0;0;0;0;0;0,2552610737343165;Baixo;DEBTCONSOLIDATION;RENT
27;75000;4,0;20150;11,36;0,27;6;0,2686666666666666;1;2;0;1;0;0;0;0;0;0;0;1;0;0;0;0,0801587723400487;Muito Baixo;PERSONAL;MORTGAGE
26;38244;6,0;18000;9,63;0,47;3;0,4706620646375902;0;1;0;1;0;0;0;1;0;0;0;0;0;0;0;0,118232252765233;Muito Baixo;DEBTCONSOLIDATION;MORTGAGE
24;69000;0,0;20000;14,82;0,29;4;0,2898550724637681;1;5;0;0;0;0;1;0;0;1;0;0;0;1;1;0,9554137194212312;Muito Alto;HOMEIMPROVEMENT;RENT
25;30780;4,0;5500;8,49;0,18;4;0,1786874593892137;0;1;0;1;0;0;0;0;0;0;1;0;0;1;0;0,1263284025999846;Muito Baixo;MEDICAL;MORTGAGE
22;82000;6,0;12000;13,55;0,15;4;0,1463414634146341;1;4;0;0;0;0;1;0;1;0;0;0;0;0;0;0,1190340913116624;Muito Baixo;EDUCATION;RENT
44;100000;5,0;13500;8,9;0,14;17;0,135;0;1;0;0;0;0;1;0;1;0;0;0;0;0;0;0,0179076227866315;Muito Baixo;EDUCATION;RENT
28;110000;0,0;15000;16,32;0,14;5;0,1363636363636363;1;5;1;1;0;0;0;0;0;0;0;0;1;0;0;0,1477824823136304;Muito Baixo;VENTURE;MORTGAGE
26;61000;4,0;8000;7,49;0,13;2;0,1311475409836065;0;1;0;1;0;0;0;0;0;0;0;1;0;0;0;0,036355689703402;Muito Baixo;PERSONAL;MORTGAGE
23;55812;4,0;21825;11,36;0,39;2;0,39104493657278;1;2;0;1;0;0;0;0;0;0;1;0;0;0;0;0,4238808130384723;Moderado;MEDICAL;MORTGAGE
35;66000;4,0;3000;6,03;0,05;10;0,0454545454545454;0;1;0;1;0;0;0;0;1;0;0;0;0;0;0;0,0124121064988404;Muito Baixo;EDUCATION;MORTGAGE
26;38004;3,0;10000;13,48;0,26;3;0,2631301968213872;1;3;0;0;0;0;1;0;0;0;1;0;0;0;0;0,0829046585963682;Muito Baixo;MEDICAL;RENT
32;110000;16,0;9000;11,48;0,08;10;0,0818181818181818;1;2;0;0;0;1;0;0;1;0;0;0;0;0;0;0,0006119871671778;Muito Baixo;EDUCATION;OWN
28;36000;2,0;12000;5,42;0,33;10;0,3333333333333333;0;1;0;0;0;0;1;0;0;0;0;0;1;1;1;0,9975339526122688;Muito Alto;VENTURE;RENT
29;28000;0,0;10000;12,84;0,36;7;0,3571428571428571;1;3;1;0;0;0;1;0;0;0;1;0;0;1;1;0,9841313245475836;Muito Alto;MEDICAL;RENT
23;98000;3,0;10000;8,94;0,1;3;0,1020408163265306;0;1;0;1;0;0;0;0;0;0;0;0;1;0;0;0,001313107119324;Muito Baixo;VENTURE;MORTGAGE
23;39000;1,0;7000;16,77;0,18;3;0,1794871794871795;1;4;0;0;0;0;1;0;0;0;0;0;1;1;1;0,9625650911857284;Muito Alto;VENTURE;RENT
25;125000;1,0;30000;14,27;0,24;4;0,24;1;3;0;1;0;0;0;0;0;0;1;0;0;0;0;0,0829644082849277;Muito Baixo;MEDICAL;MORTGAGE
23;54000;1,0;10000;14,42;0,19;3;0,1851851851851851;1;4;0;0;0;0;1;0;1;0;0;0;0;1;1;0,9396352521236032;Muito Alto;EDUCATION;RENT
42;50426;0,0;4200;7,49;0,08;11;0,0832903660809899;0;1;0;0;0;0;1;0;0;0;0;1;0;0;0;0,0114675766893029;Muito Baixo;PERSONAL;RENT
34;25000;0,0;10000;7,29;0,4;9;0,4;0;1;0;0;0;0;1;0;0;0;1;0;0;1;1;0,9948603806730254;Muito Alto;MEDICAL;RENT
31;29400;2,0;10000;13,87;0,34;6;0,3401360544217687;1;4;0;0;0;0;1;0;0;0;1;0;0;1;1;0,9994542763324352;Muito Alto;MEDICAL;RENT
52;52000;1,0;17000;7,88;0,33;18;0,3269230769230769;0;1;0;1;0;0;0;0;0;0;1;0;0;1;0;0,0748023239253832;Muito Baixo;MEDICAL;MORTGAGE
27;183000;12,0;15000;19,03;0,08;6;0,081967213114754;1;5;1;0;0;0;1;0;1;0;0;0;0;0;0;0,2846860494157136;Baixo;EDUCATION;RENT
26;54000;6,0;10000;7,9;0,19;3;0,1851851851851851;0;1;0;0;0;0;1;0;0;0;0;0;1;0;0;0,0042584240163639;Muito Baixo;VENTURE;RENT
39;108000;3,0;12000;6,99;0,11;13;0,1111111111111111;0;1;0;1;0;0;0;0;0;1;0;0;0;1;0;0,0118464556311795;Muito Baixo;HOMEIMPROVEMENT;MORTGAGE
24;69996;6,0;5000;10,2;0,07;2;0,0714326532944739;0;2;0;1;0;0;0;0;0;1;0;0;0;0;0;0,0826549841689143;Muito Baixo;HOMEIMPROVEMENT;MORTGAGE
28;99518;10,0;6500;5,99;0,07;6;0,0653148174199642;0;1;0;1;0;0;0;1;0;0;0;0;0;0;0;0,002566154373879;Muito Baixo;DEBTCONSOLIDATION;MORTGAGE
25;39000;3,0;7600;12,84;0,19;3;0,1948717948717948;1;3;0;0;0;0;1;0;0;0;1;0;0;1;0;0,1894039613448935;Muito Baixo;MEDICAL;RENT
28;64500;1,0;4000;13,79;0,06;8;0,0620155038759689;1;3;1;1;0;0;0;0;0;0;0;0;1;1;0;0,0570019138039504;Muito Baixo;VENTURE;MORTGAGE
28;60000;7,0;12000;7,51;0,2;5;0,2;0;1;0;0;0;1;0;0;0;0;1;0;0;0;0;0,0007165777462432;Muito Baixo;MEDICAL;OWN
34;39996;1,0;5000;7,51;0,13;6;0,125012501250125;0;1;0;0;0;0;1;0;0;0;0;1;0;0;0;0,0256796851194261;Muito Baixo;PERSONAL;RENT
22;74000;3,0;10000;11,83;0,14;3;0,1351351351351351;1;2;0;1;0;0;0;0;0;0;0;1;0;1;0;0,1540748730592535;Muito Baixo;PERSONAL;MORTGAGE
22;78700;6,0;7000;7,68;0,09;3;0,0889453621346886;0;1;0;1;0;0;0;0;0;0;0;1;0;1;0;0,1389729676758339;Muito Baixo;PERSONAL;MORTGAGE
29;40404;4,0;14000;8,49;0,35;10;0,3465003465003465;0;1;0;0;0;0;1;0;0;0;0;0;1;1;1;0,9969575761307896;Muito Alto;VENTURE;RENT
33;70000;10,0;9500;7,49;0,14;5;0,1357142857142857;0;1;0;0;0;0;1;1;0;0;0;0;0;0;0;0,0130107460805006;Muito Baixo;DEBTCONSOLIDATION;RENT
34;113900;5,0;35000;18,64;0,26;10;0,3072870939420544;1;5;0;1;0;0;0;0;0;0;1;0;0;1;1;0,997323901199704;Muito Alto;MEDICAL;MORTGAGE
28;86004;12,0;3000;9,99;0,03;5;0,0348820985070461;0;2;0;1;0;0;0;0;0;0;0;0;1;0;0;0,0013066233421726;Muito Baixo;VENTURE;MORTGAGE
23;60000;6,0;7000;6,54;0,12;2;0,1166666666666666;0;1;0;1;0;0;0;0;0;0;0;1;0;0;0;0,0261136345601213;Muito Baixo;PERSONAL;MORTGAGE
23;36000;7,0;4000;10,99;0,11;3;0,1111111111111111;0;2;0;0;0;0;1;0;0;0;0;1;0;1;0;0,1967831749775355;Muito Baixo;PERSONAL;RENT
25;48996;8,0;5000;9,88;0,1;2;0,1020491468691321;0;2;0;1;0;0;0;0;0;0;0;1;0;1;0;0,1737743172804915;Muito Baixo;PERSONAL;MORTGAGE
22;43000;4,0;3800;6,99;0,09;4;0,0883720930232558;0;1;0;0;0;0;1;0;1;0;0;0;0;0;0;0,0312814275442887;Muito Baixo;EDUCATION;RENT
29;55000;5,0;12000;7,49;0,22;8;0,2181818181818181;0;1;0;1;0;0;0;1;0;0;0;0;0;0;0;0,0243504455427669;Muito Baixo;DEBTCONSOLIDATION;MORTGAGE
22;62000;2,0;8000;12,68;0,13;4;0,1290322580645161;1;3;1;0;0;0;1;0;1;0;0;0;0;0;0;0,0331243312910424;Muito Baixo;EDUCATION;RENT
27;38500;1,0;3000;11,48;0,08;10;0,0779220779220779;1;2;0;0;0;0;1;0;0;0;0;0;1;0;0;0,0043751359182032;Muito Baixo;VENTURE;RENT
24;85000;3,0;12000;7,51;0,14;4;0,1411764705882353;0;1;0;1;0;0;0;0;0;1;0;0;0;0;0;0,0085268511090794;Muito Baixo;HOMEIMPROVEMENT;MORTGAGE
41;70800;25,0;12000;6,62;0,17;11;0,1694915254237288;0;1;0;1;0;0;0;0;0;0;0;1;0;0;0;0,0097220170002944;Muito Baixo;PERSONAL;MORTGAGE
36;31000;2,0;8000;14,11;0,26;14;0,2580645161290322;1;4;0;0;0;0;1;0;0;0;0;1;0;1;1;0,927480742259468;Muito Alto;PERSONAL;RENT
21;20000;2,0;2500;13,79;0,13;3;0,125;1;3;1;0;0;0;1;0;0;0;0;1;0;0;0;0,3787774304253453;Baixo;PERSONAL;RENT
25;62000;6,0;6000;7,88;0,1;4;0,0967741935483871;0;1;0;1;0;0;0;1;0;0;0;0;0;0;0;0,034147573375769;Muito Baixo;DEBTCONSOLIDATION;MORTGAGE
21;31680;5,0;15000;12,61;0,47;4;0,4734848484848485;1;3;1;0;0;0;1;0;0;0;1;0;0;1;1;0,9961860980377648;Muito Alto;MEDICAL;RENT
23;58000;0,0;16000;12,21;0,28;4;0,2758620689655172;1;2;0;0;1;0;0;0;0;0;0;0;1;0;0;0,0037176894629324;Muito Baixo;VENTURE;OTHER
32;74400;16,0;25000;10,38;0,34;8;0,336021505376344;0;2;0;0;0;0;1;0;0;0;1;0;0;1;1;0,994754731543496;Muito Alto;MEDICAL;RENT
31;48000;5,0;11200;10,99;0,23;5;0,2333333333333333;0;2;0;0;0;0;1;0;1;0;0;0;0;0;0;0,0977615574327414;Muito Baixo;EDUCATION;RENT
24;35000;0,0;1800;7,14;0,05;2;0,0514285714285714;0;1;0;0;0;0;1;0;0;0;1;0;0;0;0;0,0173500108720254;Muito Baixo;MEDICAL;RENT
29;70000;7,0;4000;11,86;0,06;5;0,0571428571428571;1;2;0;1;0;0;0;0;0;0;1;0;0;0;0;0,030954410568033;Muito Baixo;MEDICAL;MORTGAGE
32;125000;2,0;20000;11,12;0,16;9;0,16;1;2;0;1;0;0;0;0;0;0;0;1;0;0;0;0,0311869084341159;Muito Baixo;PERSONAL;MORTGAGE
24;98000;2,0;15000;14,93;0,15;2;0,1530612244897959;1;5;0;0;0;0;1;1;0;0;0;0;0;1;1;0,9988593738214548;Muito Alto;DEBTCONSOLIDATION;RENT
23;23136;4,0;4800;6,17;0,21;2;0,2074688796680498;0;1;0;0;0;0;1;0;1;0;0;0;0;0;0;0,0281318289511557;Muito Baixo;EDUCATION;RENT
29;150000;1,0;10000;13,49;0,07;10;0,0666666666666666;1;3;0;1;0;0;0;0;0;0;1;0;0;0;0;0,0326129143939121;Muito Baixo;MEDICAL;MORTGAGE
22;60000;4,0;12000;7,51;0,2;3;0,2;0;1;0;1;0;0;0;0;1;0;0;0;0;0;0;0,0173697567511715;Muito Baixo;EDUCATION;MORTGAGE
23;16000;7,0;2000;6,39;0,13;3;0,125;0;1;0;0;0;1;0;0;0;0;0;1;0;0;0;0,0026318972486931;Muito Baixo;PERSONAL;OWN
24;67200;4,0;5000;10,99;0,07;4;0,0744047619047619;0;2;0;0;0;0;1;0;1;0;0;0;0;0;0;0,1110748383821807;Muito Baixo;EDUCATION;RENT
35;148000;19,0;25000;14,62;0,17;10;0,1689189189189189;1;4;1;1;0;0;0;1;0;0;0;0;0;1;1;0,9939807568965396;Muito Alto;DEBTCONSOLIDATION;MORTGAGE
50;90000;2,0;24000;11,36;0,27;13;0,2666666666666666;1;2;0;1;0;0;0;0;0;0;0;0;1;0;0;0,0041623011984792;Muito Baixo;VENTURE;MORTGAGE
33;69930;5,0;6300;7,14;0,09;10;0,09009009009009;0;1;0;1;0;0;0;1;0;0;0;0;0;0;0;0,0130866320196496;Muito Baixo;DEBTCONSOLIDATION;MORTGAGE
22;45000;0,0;4000;12,98;0,09;3;0,0888888888888888;1;3;1;0;0;0;1;0;1;0;0;0;0;0;0;0,0446036058553968;Muito Baixo;EDUCATION;RENT
30;79000;5,0;15000;18,535;0,19;7;0,189873417721519;1;6;0;0;0;0;1;0;1;0;0;0;0;0;0;0,4166797936167809;Moderado;EDUCATION;RENT
24;100300;3,0;7500;11,49;0,07;4;0,0747756729810568;1;2;0;0;0;0;1;0;0;0;1;0;0;0;0;0,0243139455308461;Muito Baixo;MEDICAL;RENT
24;50500;7,0;9600;7,49;0,19;4;0,1900990099009901;0;1;0;0;0;0;1;0;1;0;0;0;0;0;0;0,0722996634855676;Muito Baixo;EDUCATION;RENT
22;18000;4,0;2000;11,49;0,11;3;0,1111111111111111;1;2;0;0;0;1;0;0;0;0;0;0;1;0;0;0,0001325627190731;Muito Baixo;VENTURE;OWN
24;48000;2,0;5500;11,36;0,11;3;0,1145833333333333;1;2;0;1;0;0;0;0;1;0;0;0;0;0;0;0,1150786512621764;Muito Baixo;EDUCATION;MORTGAGE
24;33600;1,0;7800;16,49;0,23;4;0,2321428571428571;1;4;0;0;0;0;1;0;0;0;0;1;0;1;1;0,9717634764228849;Muito Alto;PERSONAL;RENT
28;47004;12,0;10000;13,61;0,21;10;0,2127478512467024;1;3;0;1;0;0;0;0;0;0;1;0;0;1;0;0,2105071068319785;Baixo;MEDICAL;MORTGAGE
46;192000;1,0;25000;14,79;0,13;14;0,1302083333333333;1;3;1;1;0;0;0;0;0;0;0;0;1;0;0;0,1378090657500285;Muito Baixo;VENTURE;MORTGAGE
22;75000;6,0;6000;7,74;0,08;4;0,08;0;1;0;1;0;0;0;1;0;0;0;0;0;0;0;0,0442265493380352;Muito Baixo;DEBTCONSOLIDATION;MORTGAGE
73;75000;0,0;7800;7,49;0,1;24;0,104;0;1;0;0;0;0;1;0;0;0;1;0;0;0;0;0,0006956398600174;Muito Baixo;MEDICAL;RENT
21;80000;3,0;15000;7,49;0,19;2;0,1875;0;1;0;0;0;0;1;0;0;0;0;0;1;0;0;0,0008505518271389;Muito Baixo;VENTURE;RENT
22;41000;0,0;7750;9,88;0,19;3;0,1890243902439024;0;2;0;1;0;0;0;1;0;0;0;0;0;0;0;0,0584590064497762;Muito Baixo;DEBTCONSOLIDATION;MORTGAGE
30;16000;2,0;7275;5,42;0,45;10;0,4546875;0;1;0;1;0;0;0;0;0;0;1;0;0;1;1;0,920055974295232;Muito Alto;MEDICAL;MORTGAGE
30;42312;1,0;5500;8,59;0,13;6;0,1299867649839289;0;1;0;0;0;0;1;0;1;0;0;0;0;0;0;0,0865004867785113;Muito Baixo;EDUCATION;RENT
24;110000;8,0;16000;12,73;0,15;4;0,1454545454545454;1;3;0;0;0;1;0;0;0;0;0;0;1;0;0;0,0003237045618932;Muito Baixo;VENTURE;OWN
23;37000;7,0;11000;6,62;0,3;3;0,2972972972972973;0;1;0;0;0;0;1;0;1;0;0;0;0;0;0;0,0939344121977539;Muito Baixo;EDUCATION;RENT
40;150000;5,0;12000;10,37;0,08;15;0,08;0;2;0;1;0;0;0;0;0;0;0;1;0;0;0;0,0357177685365894;Muito Baixo;PERSONAL;MORTGAGE
28;46000;3,0;12000;10,99;0,26;8;0,2608695652173913;0;2;0;0;0;0;1;0;0;0;1;0;0;0;0;0,0627204971367668;Muito Baixo;MEDICAL;RENT
27;30000;1,0;7200;7,29;0,24;7;0,24;0;1;0;0;0;0;1;0;0;0;0;1;0;0;0;0,2549613190669506;Baixo;PERSONAL;RENT
24;20400;3,0;7550;14,79;0,37;4;0,3700980392156863;1;3;0;0;0;0;1;0;0;0;0;0;1;1;1;0,9909726019835118;Muito Alto;VENTURE;RENT
37;48000;0,0;14725;10,99;0,31;11;0,3067708333333333;0;2;0;0;0;0;1;1;0;0;0;0;0;1;1;0,97586134529613;Muito Alto;DEBTCONSOLIDATION;RENT
31;35000;0,0;6000;12,84;0,17;7;0,1714285714285714;1;3;0;0;0;0;1;0;0;0;1;0;0;0;0;0,0445510343635125;Muito Baixo;MEDICAL;RENT
30;44500;2,0;13000;16,32;0,29;6;0,2921348314606741;1;5;0;0;0;0;1;0;0;0;1;0;0;1;1;0,9954203941169564;Muito Alto;MEDICAL;RENT
26;21000;4,0;8000;13,79;0,38;3;0,3809523809523809;1;3;1;0;0;1;0;0;1;0;0;0;0;0;0;0,0015209688836743;Muito Baixo;EDUCATION;OWN
31;20743;0,0;5000;7,51;0,24;5;0,2410451718652075;0;1;0;0;0;0;1;0;0;0;1;0;0;0;0;0,0422813518682921;Muito Baixo;MEDICAL;RENT
34;85000;6,0;24000;11,49;0,28;7;0,2823529411764706;1;2;0;1;0;0;0;0;0;1;0;0;0;0;0;0,060320048318065;Muito Baixo;HOMEIMPROVEMENT;MORTGAGE
27;74700;7,0;5000;11,49;0,07;6;0,0669344042838018;1;2;0;1;0;0;0;0;0;1;0;0;0;1;0;0,1862204426244924;Muito Baixo;HOMEIMPROVEMENT;MORTGAGE
25;210000;9,0;8000;9,91;0,04;4;0,0380952380952381;0;2;0;1;0;0;0;0;0;1;0;0;0;0;0;0,0269972996071604;Muito Baixo;HOMEIMPROVEMENT;MORTGAGE
24;36000;4,0;6500;5,42;0,18;2;0,1805555555555555;0;1;0;0;0;1;0;0;1;0;0;0;0;0;0;0,0004690491528595;Muito Baixo;EDUCATION;OWN
24;100000;2,0;7700;10,74;0,08;2;0,077;0;2;0;1;0;0;0;0;1;0;0;0;0;0;0;0,0342264234858587;Muito Baixo;EDUCATION;MORTGAGE
24;37000;3,0;5500;9,2;0,15;3;0,1486486486486486;0;2;0;0;0;0;1;0;0;0;0;0;1;0;0;0,0022358168436193;Muito Baixo;VENTURE;RENT
22;56000;1,0;12000;6,91;0,21;2;0,2142857142857142;0;1;0;0;0;0;1;0;1;0;0;0;0;0;0;0,0345433538928332;Muito Baixo;EDUCATION;RENT
33;62000;3,0;10000;7,88;0,16;6;0,1612903225806451;0;1;0;1;0;0;0;0;1;0;0;0;0;0;0;0,0184880961115003;Muito Baixo;EDUCATION;MORTGAGE
26;44470;2,0;4000;6,76;0,09;2;0,0899482797391499;0;1;0;1;0;0;0;1;0;0;0;0;0;0;0;0,0555962859223208;Muito Baixo;DEBTCONSOLIDATION;MORTGAGE
22;62322;7,0;10000;10,99;0,16;2;0,1604569814832643;0;2;0;0;0;0;1;0;1;0;0;0;0;0;0;0,0584642860952179;Muito Baixo;EDUCATION;RENT
22;24600;1,0;4750;10,0;0,19;4;0,1930894308943089;0;2;0;0;0;1;0;0;0;0;0;1;0;0;0;0,0010515169413603;Muito Baixo;PERSONAL;OWN
23;113000;1,0;12000;15,28;0,11;3;0,1061946902654867;1;4;1;0;0;0;1;0;0;0;0;1;0;1;1;0,9449676435907388;Muito Alto;PERSONAL;RENT
33;37200;3,0;3000;6,92;0,08;5;0,0806451612903225;0;1;0;1;0;0;0;0;1;0;0;0;0;0;0;0,0575942239262395;Muito Baixo;EDUCATION;MORTGAGE
23;60000;5,0;10000;11,71;0,17;4;0,1666666666666666;1;2;0;1;0;0;0;1;0;0;0;0;0;0;0;0,0642098416121608;Muito Baixo;DEBTCONSOLIDATION;MORTGAGE
26;57600;10,0;1800;12,42;0,03;3;0,03125;1;2;0;1;0;0;0;0;0;0;1;0;0;0;0;0,1628377778293598;Muito Baixo;MEDICAL;MORTGAGE
24;49000;7,0;3500;7,88;0,07;3;0,0714285714285714;0;1;0;1;0;0;0;0;0;0;1;0;0;0;0;0,060808915562129;Muito Baixo;MEDICAL;MORTGAGE
26;39000;2,0;2000;12,98;0,05;4;0,0512820512820512;1;3;0;0;0;0;1;0;1;0;0;0;0;0;0;0,2670918549088072;Baixo;EDUCATION;RENT
26;59000;2,0;8500;11,83;0,14;4;0,1440677966101695;1;2;0;0;0;0;1;0;0;0;0;1;0;0;0;0,188851112776941;Muito Baixo;PERSONAL;RENT
22;62000;4,0;2000;15,27;0,03;2;0,032258064516129;1;3;0;0;0;0;1;0;1;0;0;0;0;0;0;0,0769286431565184;Muito Baixo;EDUCATION;RENT
50;60000;13,0;10000;13,49;0,17;12;0,1666666666666666;1;3;0;0;0;0;1;0;0;0;0;0;1;0;0;0,0265258996604437;Muito Baixo;VENTURE;RENT
44;37000;0,0;3500;12,87;0,09;13;0,0945945945945946;1;3;1;0;0;0;1;0;0;0;1;0;0;0;0;0,085981046491511;Muito Baixo;MEDICAL;RENT
24;54996;4,0;10000;10,37;0,18;4;0,1818314059204305;0;2;0;0;0;1;0;0;1;0;0;0;0;0;0;0,0004622837469521;Muito Baixo;EDUCATION;OWN
22;46000;4,0;11000;7,49;0,24;4;0,2391304347826087;0;1;0;0;0;0;1;0;0;0;0;1;0;0;0;0,073662818536787;Muito Baixo;PERSONAL;RENT
28;64000;5,0;12000;6,03;0,19;8;0,1875;0;1;0;1;0;0;0;0;0;0;0;0;1;0;0;0,0005746631334497;Muito Baixo;VENTURE;MORTGAGE
24;45000;0,0;6000;7,88;0,13;3;0,1333333333333333;0;1;0;1;0;0;0;0;0;0;0;0;1;0;0;0,000560437585275;Muito Baixo;VENTURE;MORTGAGE
21;45432;4,0;5000;9,88;0,11;4;0,1100545870751893;0;2;0;1;0;0;0;0;1;0;0;0;0;0;0;0,0584496786064821;Muito Baixo;EDUCATION;MORTGAGE
23;96000;0,0;20000;11,11;0,21;2;0,2083333333333333;1;2;0;1;0;0;0;0;0;0;0;0;1;0;0;0,0006088663637867;Muito Baixo;VENTURE;MORTGAGE
35;26400;4,0;8000;10,99;0,3;8;0,303030303030303;0;2;0;0;0;0;1;0;0;0;0;1;0;0;0;0,3185925955414771;Baixo;PERSONAL;RENT
22;69000;6,0;10000;15,62;0,14;3;0,144927536231884;1;4;0;1;0;0;0;1;0;0;0;0;0;1;1;0,9969121179747216;Muito Alto;DEBTCONSOLIDATION;MORTGAGE
22;26400;2,0;4400;11,49;0,17;4;0,1666666666666666;1;2;0;1;0;0;0;1;0;0;0;0;0;0;0;0,0826992621878317;Muito Baixo;DEBTCONSOLIDATION;MORTGAGE
31;19200;0,0;4075;8,32;0,21;6;0,2122395833333333;0;1;0;0;0;0;1;0;0;0;1;0;0;1;1;0,9716444976556832;Muito Alto;MEDICAL;RENT
24;40000;1,0;3825;10,0;0,1;3;0,095625;0;2;0;0;0;0;1;0;0;0;0;0;1;0;0;0,0014221114370828;Muito Baixo;VENTURE;RENT
33;70000;17,0;24000;7,49;0,34;6;0,3428571428571428;0;1;0;0;0;1;0;0;0;0;0;0;1;0;0;0,0002214588055114;Muito Baixo;VENTURE;OWN
23;34000;5,0;12000;12,84;0,35;4;0,3529411764705882;1;3;0;0;0;0;1;1;0;0;0;0;0;1;1;0,991798185326331;Muito Alto;DEBTCONSOLIDATION;RENT
29;55000;11,0;4000;10,99;0,07;8;0,0727272727272727;0;2;0;1;0;0;0;0;0;0;0;1;0;0;0;0,0857007624637002;Muito Baixo;PERSONAL;MORTGAGE
25;85000;4,0;6000;10,0;0,07;3;0,0705882352941176;0;2;0;0;0;0;1;0;0;0;1;0;0;0;0;0,0186777940933839;Muito Baixo;MEDICAL;RENT
28;42240;2,0;12000;11,86;0,28;6;0,2840909090909091;1;2;0;0;0;1;0;0;0;0;1;0;0;0;0;0,0006330827297598;Muito Baixo;MEDICAL;OWN
26;80000;10,0;25000;10,99;0,31;3;0,3125;0;2;0;1;0;0;0;0;0;0;0;0;1;0;0;0,0021693756775138;Muito Baixo;VENTURE;MORTGAGE
29;31200;2,0;6000;11,46;0,19;10;0,1923076923076923;1;2;0;0;0;0;1;0;0;0;0;1;0;1;0;0,3083469417520662;Baixo;PERSONAL;RENT
23;30000;8,0;4375;6,62;0,15;2;0,1458333333333333;0;1;0;1;0;0;0;0;0;0;0;0;1;0;0;0,0024238966246933;Muito Baixo;VENTURE;MORTGAGE
21;35000;5,0;5000;10,65;0,14;3;0,1428571428571428;0;2;0;0;0;0;1;0;0;0;1;0;0;0;0;0,0826027095483317;Muito Baixo;MEDICAL;RENT
49;74880;6,0;14300;7,51;0,19;16;0,1909722222222222;0;1;0;0;0;0;1;0;0;0;1;0;0;0;0;0,015733034466857;Muito Baixo;MEDICAL;RENT
22;82000;6,0;10000;12,87;0,12;2;0,1219512195121951;1;3;1;1;0;0;0;1;0;0;0;0;0;0;0;0,1046982680279201;Muito Baixo;DEBTCONSOLIDATION;MORTGAGE
25;74004;2,0;7500;12,61;0,1;4;0,1013458731960434;1;4;1;0;0;0;1;1;0;0;0;0;0;1;1;0,995048468619954;Muito Alto;DEBTCONSOLIDATION;RENT
22;53808;5,0;6000;8,9;0,11;2;0,111507582515611;0;1;0;1;0;0;0;0;0;0;0;0;1;0;0;0,0012357261689566;Muito Baixo;VENTURE;MORTGAGE
40;86000;0,0;20000;14,54;0,23;13;0,2325581395348837;1;4;1;0;0;0;1;0;1;0;0;0;0;1;1;0,902379400701212;Muito Alto;EDUCATION;RENT
22;36000;3,0;15000;13,85;0,42;3;0,4166666666666667;1;3;0;0;0;0;1;0;0;0;0;0;1;1;1;0,994054762911937;Muito Alto;VENTURE;RENT
25;30000;2,0;8000;10,65;0,27;4;0,2666666666666666;0;2;0;1;0;0;0;0;0;0;0;0;1;0;0;0,0020042977563096;Muito Baixo;VENTURE;MORTGAGE
25;54000;8,0;19000;13,48;0,35;2;0,3518518518518518;1;3;1;0;0;0;1;1;0;0;0;0;0;1;1;0,9963468245035136;Muito Alto;DEBTCONSOLIDATION;RENT
22;62000;2,0;10000;5,99;0,16;4;0,1612903225806451;0;1;0;1;0;0;0;0;1;0;0;0;0;0;0;0,0113005435482704;Muito Baixo;EDUCATION;MORTGAGE
27;120000;0,0;10000;6,62;0,08;10;0,0833333333333333;0;1;0;1;0;0;0;0;0;1;0;0;0;0;0;0,0080487889442065;Muito Baixo;HOMEIMPROVEMENT;MORTGAGE
38;21000;5,0;3000;13,43;0,14;17;0,1428571428571428;1;3;1;1;0;0;0;0;0;1;0;0;0;0;0;0,1168198502254988;Muito Baixo;HOMEIMPROVEMENT;MORTGAGE
27;88000;4,0;14000;12,42;0,16;10;0,1590909090909091;1;2;0;1;0;0;0;0;0;0;0;0;1;0;0;0,0049662057098081;Muito Baixo;VENTURE;MORTGAGE
21;15996;3,0;4800;15,37;0,3;3;0,3000750187546886;1;4;1;0;0;0;1;0;0;0;1;0;0;1;1;0,9987784208201184;Muito Alto;MEDICAL;RENT
31;36000;12,0;1450;10,99;0,04;7;0,0402777777777777;0;2;0;0;0;0;1;0;0;0;0;0;1;0;0;0,0037094058149477;Muito Baixo;VENTURE;RENT
29;70000;1,0;10000;7,49;0,14;8;0,1428571428571428;0;1;0;0;0;0;1;0;0;1;0;0;0;0;0;0,0281880445209308;Muito Baixo;HOMEIMPROVEMENT;RENT
25;5000;0,0;1000;9,64;0,2;4;0,2;0;2;0;0;0;0;1;0;0;0;0;0;1;1;1;0,9899725167095452;Muito Alto;VENTURE;RENT
26;80000;5,0;3000;8,0;0,04;3;0,0375;0;1;0;1;0;0;0;0;0;1;0;0;0;0;0;0,0301236039772268;Muito Baixo;HOMEIMPROVEMENT;MORTGAGE
23;70000;0,0;3600;10,59;0,05;4;0,0514285714285714;0;2;0;0;0;1;0;0;1;0;0;0;0;0;0;0,0003822246360909;Muito Baixo;EDUCATION;OWN
21;24000;5,0;2000;11,14;0,08;4;0,0833333333333333;1;2;0;0;0;0;1;0;0;0;0;0;1;0;0;0,0043985785873402;Muito Baixo;VENTURE;RENT
30;50000;3,0;4500;13,11;0,09;7;0,09;1;3;1;0;0;0;1;0;0;0;0;0;1;0;0;0,0498636559143568;Muito Baixo;VENTURE;RENT
24;16800;3,0;2400;13,98;0,14;4;0,1428571428571428;1;3;1;0;0;0;1;0;0;0;1;0;0;1;0;0,0715935935367441;Muito Baixo;MEDICAL;RENT
23;40308;1,0;5000;7,68;0,12;4;0,1240448546194303;0;1;0;1;0;0;0;0;1;0;0;0;0;0;0;0,0428501981841406;Muito Baixo;EDUCATION;MORTGAGE
22;87000;5,0;20000;13,85;0,23;4;0,2298850574712643;1;3;0;0;0;0;1;0;1;0;0;0;0;0;0;0,0692810616870738;Muito Baixo;EDUCATION;RENT
33;39504;17,0;3000;7,37;0,08;5;0,0759416767922235;0;1;0;1;0;0;0;0;1;0;0;0;0;0;0;0,1985619359746112;Muito Baixo;EDUCATION;MORTGAGE
27;90000;11,0;15600;12,69;0,17;9;0,1733333333333333;1;2;0;0;0;0;1;0;0;0;0;1;0;0;0;0,0585299586443076;Muito Baixo;PERSONAL;RENT
33;65000;4,0;10000;11,99;0,15;9;0,1538461538461538;1;2;0;0;0;0;1;0;0;0;1;0;0;0;0;0,0334935446021159;Muito Baixo;MEDICAL;RENT
27;235000;5,0;28000;15,96;0,12;5;0,1191489361702127;1;3;0;1;0;0;0;0;0;0;0;0;1;0;0;0,0738657684029915;Muito Baixo;VENTURE;MORTGAGE
22;38400;4,0;16000;11,54;0,42;3;0,4166666666666667;1;3;1;0;0;0;1;0;0;0;0;0;1;1;1;0,9969718588200304;Muito Alto;VENTURE;RENT
48;33500;1,0;1500;14,74;0,04;11;0,044776119402985;1;4;0;0;0;0;1;0;0;1;0;0;0;1;1;0,9910599493880669;Muito Alto;HOMEIMPROVEMENT;RENT
23;35500;5,0;3500;10,99;0,1;3;0,0985915492957746;0;2;0;0;0;0;1;0;1;0;0;0;0;0;0;0,0745927363919648;Muito Baixo;EDUCATION;RENT
22;20000;2,0;5000;11,86;0,25;2;0,25;1;2;0;0;0;0;1;0;0;0;0;0;1;0;0;0,0120432576132994;Muito Baixo;VENTURE;RENT
28;24000;2,0;3500;14,72;0,15;6;0,1458333333333333;1;3;1;0;0;0;1;0;0;1;0;0;0;1;1;0,9313639525169092;Muito Alto;HOMEIMPROVEMENT;RENT
33;90000;15,0;18000;11,58;0,2;10;0,2;1;2;0;0;0;0;1;0;0;0;0;1;0;1;0;0,0286858878495272;Muito Baixo;PERSONAL;RENT
23;124000;3,0;6800;6,03;0,05;2;0,0548387096774193;0;1;0;0;0;0;1;1;0;0;0;0;0;0;0;0,0024747370030395;Muito Baixo;DEBTCONSOLIDATION;RENT
24;55000;2,0;15000;7,49;0,27;2;0,2727272727272727;0;1;0;0;0;0;1;0;0;0;0;1;0;0;0;0,0538615951167085;Muito Baixo;PERSONAL;RENT
38;37500;0,0;1375;6,91;0,04;11;0,0366666666666666;0;1;0;0;0;0;1;0;0;0;0;0;1;0;0;0,0011760559772596;Muito Baixo;VENTURE;RENT
26;84000;4,0;15000;10,14;0,18;4;0,1785714285714285;0;2;0;0;0;0;1;1;0;0;0;0;0;0;0;0,1236040871486304;Muito Baixo;DEBTCONSOLIDATION;RENT
34;42240;3,0;8775;13,06;0,21;6;0,2077414772727272;1;3;1;0;0;0;1;0;0;0;0;1;0;0;0;0,071912573422341;Muito Baixo;PERSONAL;RENT
22;28800;6,0;8000;11,49;0,28;2;0,2777777777777778;1;2;0;0;0;0;1;0;1;0;0;0;0;0;0;0,1619429096241159;Muito Baixo;EDUCATION;RENT
23;41496;4,0;7200;16,82;0,17;2;0,1735106998264893;1;5;0;0;0;1;0;0;0;0;0;0;1;0;0;0,4501866865952015;Moderado;VENTURE;OWN
35;38400;0,0;5000;7,49;0,13;9;0,1302083333333333;0;1;0;1;0;0;0;0;1;0;0;0;0;0;0;0,0485000224992318;Muito Baixo;EDUCATION;MORTGAGE
25;44400;6,0;14125;12,99;0,32;2;0,3181306306306306;1;3;0;1;0;0;0;0;0;0;0;0;1;0;0;0,2992736905723513;Baixo;VENTURE;MORTGAGE
27;81500;2,0;20000;17,51;0,25;8;0,2453987730061349;1;5;1;0;0;0;1;0;0;1;0;0;0;1;1;0,9368701536647026;Muito Alto;HOMEIMPROVEMENT;RENT
25;39000;4,0;4000;7,88;0,1;4;0,1025641025641025;0;1;0;0;0;0;1;0;0;0;1;0;0;0;0;0,1121472217418046;Muito Baixo;MEDICAL;RENT
29;85000;9,0;15000;10,65;0,18;9;0,1764705882352941;0;2;0;1;0;0;0;0;0;0;1;0;0;0;0;0,0416780348665005;Muito Baixo;MEDICAL;MORTGAGE
39;55059;16,0;24000;12,53;0,44;11;0,4358960387947475;1;2;0;0;0;0;1;0;0;1;0;0;0;1;1;0,9935352218329404;Muito Alto;HOMEIMPROVEMENT;RENT
25;24996;3,0;7500;12,98;0,3;3;0,300048007681229;1;3;1;0;0;0;1;0;1;0;0;0;0;0;0;0,1067387195333146;Muito Baixo;EDUCATION;RENT
28;74000;13,0;7800;10,99;0,11;7;0,1054054054054054;0;2;0;1;0;0;0;0;0;0;0;1;0;0;0;0,1694255984312537;Muito Baixo;PERSONAL;MORTGAGE
22;64999;6,0;2500;14,61;0,04;2;0,0384621301866182;1;4;0;1;0;0;0;0;0;0;0;0;1;0;0;0,0739602801235497;Muito Baixo;VENTURE;MORTGAGE
26;46000;8,0;7000;9,99;0,15;3;0,1521739130434782;0;2;0;1;0;0;0;0;0;1;0;0;0;1;0;0,2133281067935072;Baixo;HOMEIMPROVEMENT;MORTGAGE
29;85000;12,0;8000;10,62;0,09;8;0,0941176470588235;0;2;0;0;0;0;1;0;0;0;0;1;0;0;0;0,0534137454363437;Muito Baixo;PERSONAL;RENT
25;17400;0,0;3000;11,83;0,17;4;0,1724137931034483;1;2;0;0;0;0;1;0;1;0;0;0;0;1;1;0,9805157125333748;Muito Alto;EDUCATION;RENT
25;70000;6,0;14000;5,42;0,2;3;0,2;0;1;0;1;0;0;0;0;0;0;0;0;1;0;0;0,0006887046972782;Muito Baixo;VENTURE;MORTGAGE
32;155000;8,0;8000;13,48;0,05;6;0,0516129032258064;1;3;1;1;0;0;0;0;0;0;1;0;0;0;0;0,027691841725555;Muito Baixo;MEDICAL;MORTGAGE
37;71400;7,0;3100;20,69;0,04;14;0,0434173669467787;1;5;1;1;0;0;0;0;0;0;1;0;0;1;1;0,9822407510739029;Muito Alto;MEDICAL;MORTGAGE
22;67000;3,0;12000;8,59;0,18;2;0,1791044776119403;0;1;0;0;0;1;0;0;1;0;0;0;0;0;0;0,0005411261011056;Muito Baixo;EDUCATION;OWN
24;24996;0,0;4000;9,45;0,16;2;0,1600256040966554;0;2;0;0;0;0;1;0;1;0;0;0;0;0;0;0,0907255527547733;Muito Baixo;EDUCATION;RENT
25;54000;1,0;3600;7,49;0,07;3;0,0666666666666666;0;1;0;0;0;0;1;0;0;0;0;1;0;1;0;0,066737670858136;Muito Baixo;PERSONAL;RENT
33;56000;1,0;6500;6,76;0,12;6;0,1160714285714285;0;1;0;0;0;0;1;0;1;0;0;0;0;0;0;0,0420383352214028;Muito Baixo;EDUCATION;RENT
41;108800;2,0;15000;17,88;0,12;16;0,1378676470588235;1;5;0;1;0;0;0;0;0;0;1;0;0;1;1;0,9910214084677188;Muito Alto;MEDICAL;MORTGAGE
26;55000;2,0;11300;7,29;0,21;4;0,2054545454545454;0;1;0;1;0;0;0;0;0;0;1;0;0;0;0;0,0393566223427084;Muito Baixo;MEDICAL;MORTGAGE
26;80000;0,0;8000;5,99;0,1;2;0,1;0;1;0;0;0;0;1;0;0;1;0;0;0;0;0;0,0060167352418894;Muito Baixo;HOMEIMPROVEMENT;RENT
23;90000;4,0;20000;14,65;0,22;3;0,2222222222222222;1;3;1;1;0;0;0;0;0;0;0;1;0;0;0;0,0539107862940323;Muito Baixo;PERSONAL;MORTGAGE
29;92004;12,0;10000;9,63;0,11;9;0,1086909264814573;0;2;0;1;0;0;0;0;0;0;1;0;0;0;0;0,0406158000244845;Muito Baixo;MEDICAL;MORTGAGE
26;74000;2,0;8000;13,92;0,11;3;0,1081081081081081;1;3;0;0;0;0;1;0;1;0;0;0;0;0;0;0,3467620114881399;Baixo;EDUCATION;RENT
28;85000;1,0;5000;6,92;0,06;8;0,0588235294117647;0;1;0;1;0;0;0;0;0;0;1;0;0;0;0;0,0056214544566801;Muito Baixo;MEDICAL;MORTGAGE
24;35004;3,0;9600;7,88;0,27;3;0,2742543709290367;0;1;0;1;0;0;0;0;0;0;0;1;0;0;0;0,0556293034302696;Muito Baixo;PERSONAL;MORTGAGE
27;75000;2,0;8000;10,95;0,11;7;0,1066666666666666;0;2;0;1;0;0;0;0;0;0;0;0;1;0;0;0,0008773586069586;Muito Baixo;VENTURE;MORTGAGE
25;75000;4,0;13000;11,48;0,17;4;0,1733333333333333;1;2;0;0;0;0;1;1;0;0;0;0;0;0;0;0,0696149935639623;Muito Baixo;DEBTCONSOLIDATION;RENT
22;110500;2,0;9000;5,79;0,08;4;0,0814479638009049;0;1;0;0;0;0;1;0;1;0;0;0;0;0;0;0,0040317386877488;Muito Baixo;EDUCATION;RENT
24;82000;8,0;3500;15,31;0,04;4;0,0426829268292682;1;4;0;1;0;0;0;0;1;0;0;0;0;0;0;0,1206850821107272;Muito Baixo;EDUCATION;MORTGAGE
21;42000;5,0;11200;16,77;0,27;4;0,2666666666666666;1;4;0;0;0;0;1;0;0;0;0;0;1;0;1;0,5010518838726176;Moderado;VENTURE;RENT
26;26004;2,0;10000;11,14;0,38;3;0,3845562221196739;1;2;0;1;0;0;0;0;0;1;0;0;0;0;0;0,2788599009566083;Baixo;HOMEIMPROVEMENT;MORTGAGE
32;140000;9,0;11000;5,42;0,08;8;0,0785714285714285;0;1;0;1;0;0;0;0;1;0;0;0;0;0;0;0,00466255326117;Muito Baixo;EDUCATION;MORTGAGE
30;95000;0,0;4000;7,14;0,04;10;0,0421052631578947;0;1;0;1;0;0;0;1;0;0;0;0;0;0;0;0,0030181155327121;Muito Baixo;DEBTCONSOLIDATION;MORTGAGE
25;19200;3,0;6000;7,14;0,31;3;0,3125;0;1;0;0;0;0;1;0;0;0;1;0;0;1;1;0,9992605942250176;Muito Alto;MEDICAL;RENT
22;89800;6,0;20000;12,53;0,22;2;0,22271714922049;1;2;0;1;0;0;0;1;0;0;0;0;0;0;0;0,0845896377373722;Muito Baixo;DEBTCONSOLIDATION;MORTGAGE
29;50400;6,0;7000;6,17;0,14;8;0,1388888888888889;0;1;0;0;0;0;1;1;0;0;0;0;0;0;0;0,0305614694650019;Muito Baixo;DEBTCONSOLIDATION;RENT
24;30000;0,0;3500;5,99;0,12;2;0,1166666666666666;0;1;0;0;0;0;1;0;0;0;1;0;0;0;0;0,0155721687648318;Muito Baixo;MEDICAL;RENT
23;48880;2,0;5500;10,99;0,11;3;0,1125204582651391;0;2;0;0;0;0;1;0;1;0;0;0;0;0;0;0,0521065429378244;Muito Baixo;EDUCATION;RENT
26;85757;0,0;7800;11,83;0,09;3;0,0909546742539967;1;2;0;0;0;0;1;0;0;0;1;0;0;0;0;0,0416721352987407;Muito Baixo;MEDICAL;RENT
28;24996;6,0;6000;5,99;0,24;7;0,2400384061449832;0;1;0;1;0;0;0;0;0;0;0;1;0;0;0;0,0698523800527669;Muito Baixo;PERSONAL;MORTGAGE
26;48000;10,0;4500;11,11;0,09;4;0,09375;1;2;0;0;0;0;1;1;0;0;0;0;0;0;0;0,1004834381263494;Muito Baixo;DEBTCONSOLIDATION;RENT
27;73000;11,0;13000;6,03;0,18;9;0,1780821917808219;0;1;0;1;0;0;0;1;0;0;0;0;0;0;0;0,0278537595506259;Muito Baixo;DEBTCONSOLIDATION;MORTGAGE
21;30000;6,0;3000;5,99;0,1;4;0,1;0;1;0;1;0;0;0;0;0;0;0;1;0;0;0;0,0878984608920045;Muito Baixo;PERSONAL;MORTGAGE
36;37000;5,0;3000;18,39;0,08;15;0,081081081081081;1;5;1;1;0;0;0;0;0;0;1;0;0;1;1;0,942854017477974;Muito Alto;MEDICAL;MORTGAGE
34;103363;4,0;15000;10,99;0,15;5;0,1451196269458123;0;2;0;1;0;0;0;0;0;0;0;0;1;0;0;0,0010904362762152;Muito Baixo;VENTURE;MORTGAGE
22;35000;2,0;10000;10,99;0,29;2;0,2857142857142857;0;2;0;0;0;0;1;0;0;0;0;0;1;0;0;0,0012249649942608;Muito Baixo;VENTURE;RENT
23;60000;7,0;10750;7,88;0,18;3;0,1791666666666666;0;1;0;1;0;0;0;0;1;0;0;0;0;0;0;0,0235384668561341;Muito Baixo;EDUCATION;MORTGAGE
31;85000;4,0;16000;11,89;0,19;10;0,188235294117647;1;2;0;0;1;0;0;0;0;1;0;0;0;0;0;0,0187988358400595;Muito Baixo;HOMEIMPROVEMENT;OTHER
25;24000;1,0;12000;12,17;0,5;4;0,5;1;4;1;0;0;0;1;1;0;0;0;0;0;1;1;0,9999617184118296;Muito Alto;DEBTCONSOLIDATION;RENT
31;90000;11,0;6000;11,71;0,07;8;0,0666666666666666;1;2;0;1;0;0;0;1;0;0;0;0;0;0;0;0,0236426773648429;Muito Baixo;DEBTCONSOLIDATION;MORTGAGE
32;32496;4,0;5000;15,31;0,15;6;0,1538650910881339;1;4;0;0;0;0;1;0;1;0;0;0;0;0;0;0,2812113818393572;Baixo;EDUCATION;RENT
29;61848;13,0;5000;10,38;0,08;10;0,0808433579097141;0;2;0;0;0;1;0;0;0;0;0;0;1;0;0;2,6181648958196296e-05;Muito Baixo;VENTURE;OWN
22;160000;6,0;20000;7,49;0,13;4;0,125;0;1;0;0;0;0;1;0;0;0;0;1;0;0;0;0,0150772075420851;Muito Baixo;PERSONAL;RENT
38;200000;2,0;25000;7,9;0,13;13;0,125;0;1;0;1;0;0;0;0;0;0;0;1;0;0;0;0,0092906816114528;Muito Baixo;PERSONAL;MORTGAGE
31;17000;3,0;4575;11,48;0,27;7;0,2691176470588235;1;2;0;0;0;0;1;0;0;0;0;0;1;1;1;0,9950374052834298;Muito Alto;VENTURE;RENT
47;204000;6,0;10000;13,06;0,05;13;0,0490196078431372;1;3;1;1;0;0;0;0;1;0;0;0;0;0;0;0,0724573065491499;Muito Baixo;EDUCATION;MORTGAGE
33;62800;3,0;16000;13,11;0,25;5;0,2547770700636942;1;3;1;0;0;0;1;0;0;0;0;1;0;0;0;0,0809972269203432;Muito Baixo;PERSONAL;RENT
24;63000;8,0;11400;13,79;0,18;4;0,1809523809523809;1;3;0;1;0;0;0;0;0;0;0;1;0;0;0;0,1408607911958039;Muito Baixo;PERSONAL;MORTGAGE
30;45000;11,0;10000;14,74;0,22;6;0,2222222222222222;1;4;0;1;0;0;0;0;0;0;0;1;0;1;0;0,1541855796794823;Muito Baixo;PERSONAL;MORTGAGE
36;85000;3,0;3825;5,42;0,04;15;0,045;0;1;0;0;0;0;1;0;0;0;1;0;0;0;0;0,002493462018422;Muito Baixo;MEDICAL;RENT
23;48000;3,0;12000;6,03;0,25;2;0,25;0;1;0;0;0;0;1;0;0;0;0;1;0;0;0;0,0236805065015867;Muito Baixo;PERSONAL;RENT
22;32400;6,0;9250;14,46;0,29;4;0,2854938271604938;1;4;1;0;0;0;1;0;0;0;1;0;0;1;1;0,933402103217475;Muito Alto;MEDICAL;RENT
22;35000;5,0;3000;10,01;0,09;2;0,0857142857142857;0;2;0;0;0;0;1;0;1;0;0;0;0;0;0;0,0524910711991372;Muito Baixo;EDUCATION;RENT
29;92000;2,0;20000;13,72;0,22;8;0,217391304347826;1;3;1;0;0;0;1;0;0;0;0;1;0;0;0;0,0947263461341338;Muito Baixo;PERSONAL;RENT
30;39600;5,0;3000;10,38;0,08;10;0,0757575757575757;0;2;0;1;0;0;0;1;0;0;0;0;0;0;0;0,1870474457915853;Muito Baixo;DEBTCONSOLIDATION;MORTGAGE
24;65000;0,0;3000;12,73;0,05;3;0,0461538461538461;1;3;0;1;0;0;0;1;0;0;0;0;0;0;0;0,0614058665447215;Muito Baixo;DEBTCONSOLIDATION;MORTGAGE
22;24000;3,0;3000;10,99;0,13;4;0,125;0;2;0;0;0;0;1;0;0;0;0;1;0;0;0;0,2119575514157011;Baixo;PERSONAL;RENT
22;33000;6,0;10000;12,42;0,3;3;0,303030303030303;1;2;0;0;0;0;1;0;0;0;0;1;0;1;0;0,4240241013363531;Moderado;PERSONAL;RENT
27;85000;0,0;2000;14,22;0,02;9;0,0235294117647058;1;3;1;0;0;0;1;1;0;0;0;0;0;0;0;0,0374835737507778;Muito Baixo;DEBTCONSOLIDATION;RENT
48;140000;4,0;18000;9,99;0,13;12;0,1285714285714285;0;2;0;1;0;0;0;0;1;0;0;0;0;0;0;0,0541972057164539;Muito Baixo;EDUCATION;MORTGAGE
40;16800;8,0;5000;8,94;0,3;17;0,2976190476190476;0;1;0;0;0;0;1;0;0;0;0;1;0;1;1;0,982709192774601;Muito Alto;PERSONAL;RENT
28;47000;4,0;2800;6,99;0,06;7;0,0595744680851063;0;1;0;0;0;0;1;0;0;0;0;1;0;0;0;0,0513986100310056;Muito Baixo;PERSONAL;RENT
37;74400;21,0;7500;7,05;0,1;11;0,1008064516129032;0;1;0;0;0;1;0;0;0;0;0;0;1;0;0;2,6456993840522908e-05;Muito Baixo;VENTURE;OWN
35;85000;0,0;20000;12,21;0,24;9;0,2352941176470588;1;2;0;1;0;0;0;1;0;0;0;0;0;0;0;0,0736435817174788;Muito Baixo;DEBTCONSOLIDATION;MORTGAGE
24;41600;0,0;10000;8,94;0,24;2;0,2403846153846154;0;1;0;1;0;0;0;0;0;1;0;0;0;0;0;0,1280863203003517;Muito Baixo;HOMEIMPROVEMENT;MORTGAGE
26;52000;7,0;6500;10,74;0,13;2;0,125;0;2;0;1;0;0;0;0;0;0;0;0;1;0;0;0,0008968780143934;Muito Baixo;VENTURE;MORTGAGE
27;48000;4,0;4200;10,74;0,09;5;0,0875;0;2;0;0;0;0;1;1;0;0;0;0;0;0;0;0,08805024112142;Muito Baixo;DEBTCONSOLIDATION;RENT
24;80004;1,0;12000;7,29;0,15;3;0,1499925003749812;0;1;0;0;0;0;1;0;0;0;0;0;1;0;0;0,0009831157195258;Muito Baixo;VENTURE;RENT
31;20500;4,0;1000;6,76;0,05;6;0,048780487804878;0;1;0;1;0;0;0;0;0;1;0;0;0;0;0;0,3158523758929894;Baixo;HOMEIMPROVEMENT;MORTGAGE
31;70000;0,0;10000;13,48;0,14;8;0,1428571428571428;1;3;1;0;0;0;1;0;0;0;0;1;0;0;0;0,044674041678955;Muito Baixo;PERSONAL;RENT
22;13200;0,0;2500;9,91;0,19;4;0,1893939393939394;0;2;0;0;0;0;1;0;0;0;0;0;1;1;1;0,9878562622045328;Muito Alto;VENTURE;RENT
30;96600;3,0;16750;10,62;0,17;5;0,1733954451345755;0;2;0;0;0;0;1;0;0;0;0;0;1;0;0;0,003532470868989;Muito Baixo;VENTURE;RENT
25;66420;1,0;4000;12,18;0,06;3;0,0602228244504667;1;2;0;1;0;0;0;0;0;0;1;0;0;0;0;0,1472069300878535;Muito Baixo;MEDICAL;MORTGAGE
25;67000;9,0;5000;13,92;0,07;4;0,0746268656716417;1;3;1;0;0;0;1;0;0;0;0;1;0;1;0;0,1384175224050866;Muito Baixo;PERSONAL;RENT
23;62000;4,0;9600;9,2;0,15;2;0,1548387096774193;0;2;0;1;0;0;0;0;0;0;0;0;1;0;0;0,0010761775908127;Muito Baixo;VENTURE;MORTGAGE
36;60996;8,0;15000;9,63;0,25;14;0,2459177650993508;0;2;0;1;0;0;0;1;0;0;0;0;0;0;0;0,0426266965408075;Muito Baixo;DEBTCONSOLIDATION;MORTGAGE
35;45000;3,0;15000;13,48;0,33;8;0,3333333333333333;1;3;0;0;0;0;1;1;0;0;0;0;0;1;1;0,9879601426851302;Muito Alto;DEBTCONSOLIDATION;RENT
31;52000;0,0;8000;7,51;0,15;5;0,1538461538461538;0;1;0;0;0;0;1;0;0;0;0;0;1;0;0;0,0008650299578459;Muito Baixo;VENTURE;RENT
25;38400;9,0;8500;10,99;0,22;2;0,2213541666666666;0;2;0;0;0;0;1;0;0;0;0;0;1;0;0;0,0035436264767031;Muito Baixo;VENTURE;RENT
28;65000;3,0;7000;8,49;0,11;6;0,1076923076923077;0;1;0;0;0;0;1;0;0;1;0;0;0;0;0;0,0568165304257876;Muito Baixo;HOMEIMPROVEMENT;RENT
25;46645;9,0;2000;12,69;0,04;3;0,0428770500589559;1;2;0;1;0;0;0;0;0;0;0;1;0;1;0;0,1073807553061267;Muito Baixo;PERSONAL;MORTGAGE
23;35004;1,0;6000;10,99;0,17;2;0,1714089818306479;0;2;0;0;0;0;1;0;1;0;0;0;0;0;0;0,060564924981289;Muito Baixo;EDUCATION;RENT
27;95000;11,0;18000;13,48;0,19;5;0,1894736842105263;1;3;0;1;0;0;0;0;0;0;0;0;1;0;0;0,0363823113721462;Muito Baixo;VENTURE;MORTGAGE
24;72000;8,0;14000;7,9;0,19;4;0,1944444444444444;0;1;0;0;0;0;1;0;1;0;0;0;0;0;0;0,0680421590891361;Muito Baixo;EDUCATION;RENT
35;20000;0,0;8500;15,05;0,42;10;0,425;1;4;1;0;0;0;1;0;1;0;0;0;0;1;1;0,9991936184030172;Muito Alto;EDUCATION;RENT
45;68000;13,0;11200;13,48;0,16;17;0,1647058823529411;1;3;0;0;0;0;1;0;0;0;0;1;0;0;0;0,0633273541008318;Muito Baixo;PERSONAL;RENT
28;70000;4,0;20000;12,18;0,29;6;0,2857142857142857;1;2;0;1;0;0;0;0;0;1;0;0;0;0;0;0,1444559352656731;Muito Baixo;HOMEIMPROVEMENT;MORTGAGE
24;50000;3,0;10000;7,49;0,2;2;0,2;0;1;0;0;0;0;1;0;0;0;0;1;0;0;0;0,0231259032018275;Muito Baixo;PERSONAL;RENT
36;52660;2,0;15000;13,16;0,28;13;0,284846183061147;1;3;1;1;0;0;0;0;0;1;0;0;0;0;0;0,1195682173505792;Muito Baixo;HOMEIMPROVEMENT;MORTGAGE
25;62400;7,0;20000;11,48;0,32;2;0,3205128205128205;1;2;0;0;0;0;1;0;0;0;0;0;1;1;1;0,9984891420902544;Muito Alto;VENTURE;RENT
32;45000;6,0;15000;7,51;0,33;5;0,3333333333333333;0;1;0;1;0;0;0;0;0;0;0;1;0;0;0;0,1141978676506283;Muito Baixo;PERSONAL;MORTGAGE
27;51000;0,0;7000;7,49;0,14;6;0,1372549019607843;0;1;0;1;0;0;0;0;1;0;0;0;0;0;0;0,0700043580086889;Muito Baixo;EDUCATION;MORTGAGE
26;100000;11,0;2000;5,42;0,02;2;0,02;0;1;0;1;0;0;0;0;0;1;0;0;0;0;0;0,0026219053289659;Muito Baixo;HOMEIMPROVEMENT;MORTGAGE
30;70000;6,0;18000;10,99;0,26;7;0,2571428571428571;0;2;0;1;0;0;0;0;0;1;0;0;0;0;0;0,0599349530281687;Muito Baixo;HOMEIMPROVEMENT;MORTGAGE
22;46500;4,0;5000;10,37;0,11;4;0,1075268817204301;0;2;0;0;0;0;1;0;0;0;0;0;1;0;0;0,0025036210350262;Muito Baixo;VENTURE;RENT
27;80000;5,0;35000;13,48;0,44;8;0,4375;1;3;0;1;0;0;0;0;0;0;0;1;0;0;0;0,0768495256789201;Muito Baixo;PERSONAL;MORTGAGE
38;140000;0,0;25000;9,99;0,18;13;0,1785714285714285;0;2;0;1;0;0;0;0;0;0;0;0;1;0;0;0,0005261641956458;Muito Baixo;VENTURE;MORTGAGE
21;27024;4,0;8000;8,49;0,3;3;0,2960331557134399;0;1;0;0;0;0;1;0;1;0;0;0;0;0;0;0,1109612969066466;Muito Baixo;EDUCATION;RENT
22;83004;6,0;24000;7,88;0,29;2;0,2891426919184617;0;1;0;1;0;0;0;0;1;0;0;0;0;0;0;0,0316448915772835;Muito Baixo;EDUCATION;MORTGAGE
30;28000;5,0;12000;14,22;0,43;8;0,4285714285714285;1;3;0;0;0;0;1;0;0;0;0;1;0;1;1;0,9977469013796264;Muito Alto;PERSONAL;RENT
28;75000;6,0;10500;7,49;0,14;9;0,14;0;1;0;1;0;0;0;0;0;1;0;0;0;0;0;0,0286880865771325;Muito Baixo;HOMEIMPROVEMENT;MORTGAGE
26;40000;0,0;4500;7,74;0,11;2;0,1125;0;1;0;0;0;0;1;0;0;0;1;0;0;0;0;0,0224135697449084;Muito Baixo;MEDICAL;RENT
26;33000;2,0;3000;11,49;0,09;3;0,0909090909090909;1;2;0;0;0;0;1;0;0;0;1;0;0;1;0;0,0978010320549904;Muito Baixo;MEDICAL;RENT
24;125000;3,0;3000;14,72;0,02;3;0,024;1;3;1;0;0;0;1;1;0;0;0;0;0;0;0;0,0996533262478443;Muito Baixo;DEBTCONSOLIDATION;RENT
22;55000;6,0;6000;6,99;0,11;3;0,109090909090909;0;1;0;0;0;0;1;1;0;0;0;0;0;0;0;0,0291775644072253;Muito Baixo;DEBTCONSOLIDATION;RENT
31;36000;5,0;13000;20,3;0,36;5;0,3611111111111111;1;5;1;0;0;0;1;0;0;1;0;0;0;1;1;0,99839657473345;Muito Alto;HOMEIMPROVEMENT;RENT
26;168000;1,0;20000;11,36;0,12;4;0,119047619047619;1;2;0;0;0;0;1;0;0;0;0;0;1;0;0;0,0023472533506122;Muito Baixo;VENTURE;RENT
31;54000;4,0;6000;7,66;0,11;6;0,1111111111111111;0;1;0;1;0;0;0;0;0;0;0;0;1;0;0;0,0014818001353187;Muito Baixo;VENTURE;MORTGAGE
25;138000;0,0;5000;11,86;0,04;4;0,036231884057971;1;2;0;1;0;0;0;0;0;0;1;0;0;0;0;0,0749732138673534;Muito Baixo;MEDICAL;MORTGAGE
23;105000;8,0;10000;7,49;0,1;3;0,0952380952380952;0;1;0;1;0;0;0;0;0;0;0;0;1;0;0;0,0004176967313319;Muito Baixo;VENTURE;MORTGAGE
29;38400;14,0;11000;7,49;0,29;7;0,2864583333333333;0;1;0;0;0;0;1;0;1;0;0;0;0;0;0;0,1137139992059564;Muito Baixo;EDUCATION;RENT
24;98004;0,0;16000;16,32;0,16;4;0,1632586425043875;1;4;1;0;0;0;1;0;0;0;0;0;1;1;1;0,9331861329607596;Muito Alto;VENTURE;RENT
24;96000;6,0;7000;9,91;0,07;2;0,0729166666666666;0;2;0;0;0;0;1;1;0;0;0;0;0;0;0;0,0249083380636319;Muito Baixo;DEBTCONSOLIDATION;RENT
43;19440;1,0;7500;9,01;0,39;11;0,3858024691358024;0;2;0;0;0;0;1;0;0;1;0;0;0;1;1;0,9998278485621828;Muito Alto;HOMEIMPROVEMENT;RENT
34;135000;6,0;20000;17,74;0,15;5;0,1481481481481481;1;5;1;0;0;0;1;0;0;0;0;0;1;0;0;0,2129268822866175;Baixo;VENTURE;RENT
32;113000;5,0;12000;16,29;0,11;5;0,1061946902654867;1;4;0;0;0;0;1;0;0;1;0;0;0;1;0;0,2385592825705698;Baixo;HOMEIMPROVEMENT;RENT
27;28968;1,0;5000;13,16;0,17;5;0,1726042529687931;1;3;1;0;0;0;1;0;0;0;0;1;0;0;1;0,54369743032377;Moderado;PERSONAL;RENT
24;31000;8,0;5000;5,42;0,16;2;0,1612903225806451;0;1;0;1;0;0;0;0;1;0;0;0;0;0;0;0,0968464354618867;Muito Baixo;EDUCATION;MORTGAGE
27;37000;3,0;5000;9,91;0,14;6;0,1351351351351351;0;2;0;0;0;1;0;0;0;0;1;0;0;0;0;0,0009729293585404;Muito Baixo;MEDICAL;OWN
23;62471;4,0;12000;6,91;0,19;4;0,1920891293560211;0;1;0;1;0;0;0;0;0;0;0;1;0;0;0;0,034818807212941;Muito Baixo;PERSONAL;MORTGAGE
27;149616;0,0;15000;11,03;0,1;10;0,1002566570420275;1;3;0;0;0;1;0;0;0;0;1;0;0;0;0;0,0003371704509713;Muito Baixo;MEDICAL;OWN
32;50000;3,0;2500;13,49;0,05;10;0,05;1;3;0;0;0;0;1;0;0;0;1;0;0;0;0;0,0214326372071651;Muito Baixo;MEDICAL;RENT
22;36000;4,0;6000;10,36;0,17;3;0,1666666666666666;0;2;0;0;0;0;1;0;1;0;0;0;0;0;0;0,1293421037948058;Muito Baixo;EDUCATION;RENT
24;31200;3,0;1950;13,11;0,06;4;0,0625;1;3;1;0;0;0;1;0;0;0;1;0;0;0;0;0,125453856927929;Muito Baixo;MEDICAL;RENT
21;40000;5,0;5000;6,62;0,13;2;0,125;0;1;0;1;0;0;0;0;0;0;0;1;0;0;0;0,0313179086820581;Muito Baixo;PERSONAL;MORTGAGE
43;34000;4,0;9800;7,49;0,29;17;0,288235294117647;0;1;0;1;0;0;0;0;0;1;0;0;0;0;0;0,366402467936728;Baixo;HOMEIMPROVEMENT;MORTGAGE
22;41000;0,0;8400;8,94;0,2;2;0,2048780487804878;0;1;0;0;0;0;1;0;1;0;0;0;0;0;0;0,0711817712849557;Muito Baixo;EDUCATION;RENT
29;33000;6,0;5000;8,9;0,15;7;0,1515151515151515;0;1;0;0;0;0;1;0;0;0;1;0;0;0;0;0,0895139994849424;Muito Baixo;MEDICAL;RENT
30;200000;5,0;20000;11,48;0,1;7;0,1;1;2;0;1;0;0;0;0;0;0;0;1;0;0;0;0,0356996959405043;Muito Baixo;PERSONAL;MORTGAGE
26;58650;5,0;14000;6,17;0,2;4;0,2387041773231031;0;1;0;1;0;0;0;0;0;0;1;0;0;1;0;0,143121226956108;Muito Baixo;MEDICAL;MORTGAGE
24;96000;8,0;4200;5,99;0,04;3;0,04375;0;1;0;1;0;0;0;0;0;0;0;0;1;0;0;9,911766074723992e-05;Muito Baixo;VENTURE;MORTGAGE
30;55840;6,0;6000;10,25;0,11;5;0,1074498567335243;0;2;0;0;0;0;1;0;0;0;1;0;0;0;0;0,0896660853254299;Muito Baixo;MEDICAL;RENT
48;64430;14,0;15000;15,31;0,2;12;0,2328108024212323;1;4;1;1;0;0;0;0;0;0;1;0;0;1;1;0,99339253982978;Muito Alto;MEDICAL;MORTGAGE
28;30000;4,0;6000;6,03;0,2;8;0,2;0;1;0;1;0;0;0;0;0;0;0;0;1;0;0;0,0017013065485625;Muito Baixo;VENTURE;MORTGAGE
33;27996;0,0;4800;9,63;0,17;8;0,1714530647235319;0;1;0;0;0;0;1;0;0;0;0;0;1;0;0;0,0017266406446965;Muito Baixo;VENTURE;RENT
22;30000;2,0;5500;11,86;0,18;3;0,1833333333333333;1;2;0;0;0;0;1;0;0;0;0;1;0;0;0;0,2504535699391996;Baixo;PERSONAL;RENT
41;36684;0,0;7500;10,96;0,2;14;0,2044488060189728;0;2;0;0;0;0;1;0;0;0;1;0;0;0;0;0,0381502270643495;Muito Baixo;MEDICAL;RENT
31;52249;7,0;7000;7,49;0,13;7;0,1339738559589657;0;1;0;0;0;0;1;0;0;1;0;0;0;0;0;0,1408935780883867;Muito Baixo;HOMEIMPROVEMENT;RENT
48;55000;9,0;10200;13,92;0,19;16;0,1854545454545454;1;3;0;0;0;0;1;0;0;0;1;0;0;0;0;0,1244729941888356;Muito Baixo;MEDICAL;RENT
23;44064;0,0;9500;11,26;0,22;2;0,2155954974582425;1;2;0;0;0;0;1;0;1;0;0;0;0;0;0;0,1914012524465925;Muito Baixo;EDUCATION;RENT
22;57900;3,0;4850;8,49;0,08;2;0,0837651122625215;0;1;0;1;0;0;0;0;1;0;0;0;0;0;0;0,0681856901558953;Muito Baixo;EDUCATION;MORTGAGE
38;57000;4,0;15000;17,27;0,26;16;0,2631578947368421;1;4;0;0;0;1;0;0;0;1;0;0;0;0;0;0,0011155886299156;Muito Baixo;HOMEIMPROVEMENT;OWN
22;69000;5,0;8650;11,49;0,13;3;0,1253623188405797;1;2;0;0;0;0;1;0;0;0;1;0;0;0;0;0,0447981964869989;Muito Baixo;MEDICAL;RENT
22;31200;4,0;2000;7,29;0,06;3;0,0641025641025641;0;1;0;1;0;0;0;0;0;0;1;0;0;0;0;0,0857890913843504;Muito Baixo;MEDICAL;MORTGAGE
22;31200;4,0;4800;10,37;0,15;4;0,1538461538461538;0;2;0;0;0;0;1;0;0;0;0;0;1;0;0;0,0047917928928012;Muito Baixo;VENTURE;RENT
25;85000;6,0;4000;6,54;0,05;3;0,0470588235294117;0;1;0;1;0;0;0;0;0;1;0;0;0;0;0;0,0120713501737697;Muito Baixo;HOMEIMPROVEMENT;MORTGAGE
23;35000;3,0;12000;10,0;0,34;4;0,3428571428571428;0;2;0;0;0;0;1;1;0;0;0;0;0;1;1;0,9765277168980996;Muito Alto;DEBTCONSOLIDATION;RENT
24;72000;8,0;14000;14,65;0,19;4;0,1944444444444444;1;3;1;1;0;0;0;0;1;0;0;0;0;1;0;0,1513134933063809;Muito Baixo;EDUCATION;MORTGAGE
30;56952;3,0;25000;11,36;0,44;9;0,4389661469307487;1;2;0;0;0;0;1;0;0;0;1;0;0;1;1;0,9959558368385772;Muito Alto;MEDICAL;RENT
29;32000;5,0;9000;16,77;0,28;8;0,28125;1;4;0;0;0;0;1;0;0;0;0;1;0;0;0;0,4665484644927229;Moderado;PERSONAL;RENT
31;63000;4,0;5000;6,03;0,08;5;0,0793650793650793;0;1;0;0;0;1;0;0;0;0;1;0;0;0;0;0,0004983468240351;Muito Baixo;MEDICAL;OWN
24;45336;8,0;10000;5,99;0,22;2;0,2205752602788071;0;1;0;1;0;0;0;0;0;0;1;0;0;0;0;0,0315358180490554;Muito Baixo;MEDICAL;MORTGAGE
26;78000;1,0;15000;12,42;0,19;3;0,1923076923076923;1;2;0;0;0;0;1;1;0;0;0;0;0;1;0;0,1930886897347263;Muito Baixo;DEBTCONSOLIDATION;RENT
31;106000;5,0;15000;7,88;0,14;7;0,1415094339622641;0;1;0;1;0;0;0;1;0;0;0;0;0;0;0;0,016186105420788;Muito Baixo;DEBTCONSOLIDATION;MORTGAGE
24;39000;1,0;10000;14,11;0,26;3;0,2564102564102564;1;4;0;0;0;0;1;1;0;0;0;0;0;1;1;0,9984941244921116;Muito Alto;DEBTCONSOLIDATION;RENT
28;157000;12,0;12000;13,92;0,08;9;0,0764331210191082;1;3;1;0;0;1;0;0;0;0;0;0;1;0;0;0,0004352254145101;Muito Baixo;VENTURE;OWN
45;42320;6,0;7475;13,49;0,18;13;0,1766304347826087;1;3;0;1;0;0;0;0;0;1;0;0;0;0;0;0,1056989585989796;Muito Baixo;HOMEIMPROVEMENT;MORTGAGE
31;90000;15,0;10000;12,53;0,11;8;0,1111111111111111;1;3;0;1;0;0;0;0;1;0;0;0;0;0;0;0,0564382910292922;Muito Baixo;EDUCATION;MORTGAGE
24;21600;0,0;2000;14,84;0,09;2;0,0925925925925925;1;4;0;1;0;0;0;1;0;0;0;0;0;1;1;0,9941735631973;Muito Alto;DEBTCONSOLIDATION;MORTGAGE
29;75000;6,0;6500;10,74;0,09;9;0,0866666666666666;0;2;0;0;0;0;1;0;0;1;0;0;0;0;0;0,0736001117701699;Muito Baixo;HOMEIMPROVEMENT;RENT
27;90000;5,0;20500;14,96;0,23;8;0,2277777777777777;1;4;1;1;0;0;0;0;0;0;0;0;1;0;0;0,0967092303814901;Muito Baixo;VENTURE;MORTGAGE
38;46150;6,0;6500;6,03;0,14;15;0,1408450704225352;0;1;0;1;0;0;0;0;0;0;0;0;1;0;0;0,0008239464453731;Muito Baixo;VENTURE;MORTGAGE
23;30000;0,0;4000;10,36;0,13;4;0,1333333333333333;0;2;0;0;0;0;1;0;0;0;1;0;0;0;0;0,0759767451340084;Muito Baixo;MEDICAL;RENT
28;83137;12,0;3600;14,72;0,04;9;0,0433020195580788;1;3;0;1;0;0;0;0;0;0;1;0;0;0;0;0,2446688797928624;Baixo;MEDICAL;MORTGAGE
26;35000;0,0;12000;10,91;0,34;2;0,3428571428571428;0;3;1;0;0;0;1;0;1;0;0;0;0;1;1;0,990335386985576;Muito Alto;EDUCATION;RENT
31;43000;15,0;13350;12,42;0,31;9;0,3104651162790697;1;2;0;0;0;0;1;0;0;0;1;0;0;1;1;0,9876418186429248;Muito Alto;MEDICAL;RENT
26;74000;4,0;3500;13,48;0,05;4;0,0472972972972973;1;3;1;1;0;0;0;0;0;0;0;0;1;0;0;0,1685820126908718;Muito Baixo;VENTURE;MORTGAGE
26;36000;10,0;10000;9,88;0,28;3;0,2777777777777778;0;2;0;1;0;0;0;0;0;0;0;1;0;0;0;0,1167583423271406;Muito Baixo;PERSONAL;MORTGAGE
22;19800;4,0;4800;10,99;0,24;2;0,2424242424242424;0;2;0;0;0;0;1;1;0;0;0;0;0;1;1;0,9757706024672056;Muito Alto;DEBTCONSOLIDATION;RENT
21;98132;5,0;15000;11,36;0,15;4;0,1528553377083927;1;2;0;1;0;0;0;0;0;0;1;0;0;0;0;0,0575209457951029;Muito Baixo;MEDICAL;MORTGAGE
26;126000;3,0;11000;7,14;0,09;4;0,0873015873015873;0;1;0;1;0;0;0;0;0;0;0;1;0;0;0;0,0144950713613408;Muito Baixo;PERSONAL;MORTGAGE
23;47496;7,0;3500;12,69;0,07;2;0,0736904160350345;1;2;0;0;0;0;1;0;1;0;0;0;0;0;0;0,1334900667950478;Muito Baixo;EDUCATION;RENT
29;87600;4,0;12000;11,49;0,14;8;0,136986301369863;1;2;0;1;0;0;0;0;0;0;0;1;0;0;0;0,142207218063363;Muito Baixo;PERSONAL;MORTGAGE
30;60000;5,0;7000;7,49;0,12;8;0,1166666666666666;0;1;0;1;0;0;0;0;0;1;0;0;0;0;0;0,0191641074694273;Muito Baixo;HOMEIMPROVEMENT;MORTGAGE
23;38004;5,0;5000;6,91;0,13;2;0,1315650984106936;0;1;0;0;0;0;1;0;0;0;0;0;1;0;0;0,0024784747255036;Muito Baixo;VENTURE;RENT
23;21000;3,0;10000;12,21;0,48;4;0,4761904761904761;1;2;0;0;0;0;1;0;0;0;0;1;0;1;1;0,9968435105682752;Muito Alto;PERSONAL;RENT
21;69000;0,0;15000;15,28;0,22;4;0,217391304347826;1;4;1;0;0;0;1;0;0;1;0;0;0;1;1;0,9993188950948826;Muito Alto;HOMEIMPROVEMENT;RENT
27;57240;4,0;15000;11,99;0,26;10;0,2620545073375262;1;2;0;0;0;1;0;0;0;0;1;0;0;0;0;0,001767079622099;Muito Baixo;MEDICAL;OWN
23;30000;3,0;3800;5,79;0,13;3;0,1266666666666666;0;1;0;1;0;0;0;1;0;0;0;0;0;0;0;0,045274904516728;Muito Baixo;DEBTCONSOLIDATION;MORTGAGE
29;30000;3,0;6000;5,79;0,2;8;0,2;0;1;0;1;0;0;0;0;0;0;0;0;1;0;0;0,0019399004633696;Muito Baixo;VENTURE;MORTGAGE
33;170004;17,0;12000;7,51;0,07;9;0,0705865744335427;0;1;0;1;0;0;0;0;0;0;0;1;0;0;0;0,0205423270902528;Muito Baixo;PERSONAL;MORTGAGE
78;48000;41,0;3000;7,51;0,06;25;0,0625;0;1;0;0;0;0;1;0;0;0;1;0;0;0;0;0,0115948592774452;Muito Baixo;MEDICAL;RENT
31;118320;1,0;24250;12,53;0,2;5;0,2049526707234618;1;2;0;0;0;0;1;0;0;1;0;0;0;0;0;0,2491024264910341;Baixo;HOMEIMPROVEMENT;RENT
37;32000;4,0;10000;13,79;0,31;15;0,3125;1;3;0;0;0;0;1;1;0;0;0;0;0;1;1;0,9888621206522522;Muito Alto;DEBTCONSOLIDATION;RENT
31;25000;0,0;2400;14,42;0,1;8;0,096;1;4;1;0;0;1;0;1;0;0;0;0;0;0;0;0,0083122804169313;Muito Baixo;DEBTCONSOLIDATION;OWN
29;150000;14,0;12000;5,42;0,08;9;0,08;0;1;0;1;0;0;0;0;0;0;0;0;1;0;0;0,0002202308830955;Muito Baixo;VENTURE;MORTGAGE
31;47000;6,0;20000;13,49;0,43;5;0,425531914893617;1;3;0;1;0;0;0;0;0;0;1;0;0;0;0;0,4652902528452592;Moderado;MEDICAL;MORTGAGE
34;18000;4,0;2400;14,79;0,13;10;0,1333333333333333;1;3;0;0;0;0;1;0;0;0;1;0;0;0;0;0,2326647315693908;Baixo;MEDICAL;RENT
26;55000;10,0;12000;12,42;0,22;3;0,2181818181818181;1;2;0;0;0;0;1;0;0;0;0;1;0;0;0;0,0568923836765161;Muito Baixo;PERSONAL;RENT
25;36228;4,0;2500;7,66;0,07;2;0,0690073975930219;0;1;0;0;0;0;1;0;0;0;1;0;0;1;0;0,0433698414481909;Muito Baixo;MEDICAL;RENT
23;50000;3,0;7000;13,48;0,14;2;0,14;1;3;1;1;0;0;0;0;0;0;0;0;1;0;0;0,0405142745848332;Muito Baixo;VENTURE;MORTGAGE
24;30000;2,0;1500;14,22;0,05;4;0,05;1;3;1;0;0;0;1;1;0;0;0;0;0;0;0;0,4285254813241055;Moderado;DEBTCONSOLIDATION;RENT
22;30000;0,0;9000;13,49;0,3;4;0,3;1;3;1;0;0;0;1;0;0;1;0;0;0;1;1;0,9920193354304898;Muito Alto;HOMEIMPROVEMENT;RENT
32;288000;8,0;25000;14,83;0,09;10;0,0868055555555555;1;4;1;1;0;0;0;1;0;0;0;0;0;1;1;0,9802391139650932;Muito Alto;DEBTCONSOLIDATION;MORTGAGE
24;70000;8,0;25000;9,62;0,36;2;0,3571428571428571;0;2;0;1;0;0;0;0;0;0;0;0;1;0;0;0,0022094151923199;Muito Baixo;VENTURE;MORTGAGE
37;26500;11,0;2000;13,16;0,08;12;0,0754716981132075;1;3;0;0;0;0;1;0;0;0;1;0;0;0;0;0,1053620892032837;Muito Baixo;MEDICAL;RENT
23;60000;7,0;21000;11,71;0,35;4;0,35;1;2;0;1;0;0;0;1;0;0;0;0;0;0;0;0,0938413690856466;Muito Baixo;DEBTCONSOLIDATION;MORTGAGE
37;85000;3,0;10000;14,27;0,12;14;0,1176470588235294;1;3;0;0;0;0;1;0;1;0;0;0;0;0;0;0,0633583586119583;Muito Baixo;EDUCATION;RENT
22;69000;1,0;17000;15,27;0,25;3;0,2463768115942029;1;3;0;1;0;0;0;0;1;0;0;0;0;1;0;0,1868194433442255;Muito Baixo;EDUCATION;MORTGAGE
36;30000;0,0;4000;17,99;0,13;15;0,1333333333333333;1;5;0;0;0;0;1;0;0;0;0;0;1;1;1;0,9127088989629214;Muito Alto;VENTURE;RENT
28;216000;12,0;15000;16,02;0,07;8;0,0694444444444444;1;4;1;1;0;0;0;0;0;0;0;0;1;0;0;0,1260150198972387;Muito Baixo;VENTURE;MORTGAGE
32;24000;4,0;3500;11,86;0,15;10;0,1458333333333333;1;2;0;0;0;0;1;0;0;0;1;0;0;0;0;0,0661907914985845;Muito Baixo;MEDICAL;RENT
22;48000;1,0;4100;11,99;0,09;3;0,0854166666666666;1;2;0;0;0;0;1;1;0;0;0;0;0;0;0;0,0827694772633338;Muito Baixo;DEBTCONSOLIDATION;RENT
26;73000;3,0;14400;13,8;0,2;3;0,1972602739726027;1;3;1;1;0;0;0;0;0;1;0;0;0;1;0;0,1519800135119258;Muito Baixo;HOMEIMPROVEMENT;MORTGAGE
22;78000;3,0;10000;12,42;0,13;2;0,1282051282051282;1;2;0;0;0;0;1;0;0;0;0;0;1;0;0;0,0096064112502654;Muito Baixo;VENTURE;RENT
23;38000;0,0;7500;7,88;0,2;4;0,1973684210526315;0;1;0;0;0;0;1;0;0;0;1;0;0;0;0;0,0492037749795088;Muito Baixo;MEDICAL;RENT
54;79864;5,0;1800;9,88;0,02;21;0,0225383151357307;0;2;0;1;0;0;0;0;0;0;0;1;0;0;0;0,047165928289603;Muito Baixo;PERSONAL;MORTGAGE
34;53500;0,0;3200;6,76;0,06;10;0,0598130841121495;0;1;0;0;0;0;1;0;0;0;1;0;0;0;0;0,0144695659366623;Muito Baixo;MEDICAL;RENT
27;76000;7,0;6400;10,65;0,08;7;0,0842105263157894;0;2;0;1;0;0;0;0;1;0;0;0;0;0;0;0,1263624912776282;Muito Baixo;EDUCATION;MORTGAGE
27;105000;5,0;20000;11,48;0,19;6;0,1904761904761904;1;2;0;1;0;0;0;0;1;0;0;0;0;0;0;0,044793423874714;Muito Baixo;EDUCATION;MORTGAGE
25;90000;6,0;15000;8,49;0,17;2;0,1666666666666666;0;1;0;1;0;0;0;1;0;0;0;0;0;0;0;0,0352820950138155;Muito Baixo;DEBTCONSOLIDATION;MORTGAGE
25;43500;0,0;4500;6,76;0,1;2;0,1034482758620689;0;1;0;0;0;0;1;0;0;0;1;0;0;0;0;0,0241594972045292;Muito Baixo;MEDICAL;RENT
36;32000;0,0;1200;7,14;0,04;16;0,0375;0;1;0;0;0;1;0;0;1;0;0;0;0;0;0;0,0005348670026269;Muito Baixo;EDUCATION;OWN
31;30000;2,0;10000;8,63;0,33;5;0,3333333333333333;0;1;0;0;0;0;1;1;0;0;0;0;0;1;1;0,988048298741782;Muito Alto;DEBTCONSOLIDATION;RENT
39;86000;19,0;6000;14,84;0,07;13;0,0697674418604651;1;4;1;0;0;0;1;0;0;1;0;0;0;0;0;0,1154358383550221;Muito Baixo;HOMEIMPROVEMENT;RENT
30;122000;11,0;11200;5,42;0,09;9;0,0918032786885245;0;1;0;1;0;0;0;0;0;1;0;0;0;0;0;0,0058291971942279;Muito Baixo;HOMEIMPROVEMENT;MORTGAGE
24;18200;8,0;4500;8,94;0,25;2;0,2472527472527472;0;1;0;0;0;0;1;0;1;0;0;0;0;1;1;0,9857917826994632;Muito Alto;EDUCATION;RENT
22;60000;6,0;3200;11,71;0,05;2;0,0533333333333333;1;2;0;0;0;0;1;0;0;0;1;0;0;0;0;0,0628776945020246;Muito Baixo;MEDICAL;RENT
23;76500;3,0;18000;10,65;0,24;4;0,2352941176470588;0;2;0;0;0;0;1;1;0;0;0;0;0;1;0;0,0525086892450477;Muito Baixo;DEBTCONSOLIDATION;RENT
25;43000;5,0;10000;7,88;0,23;3;0,2325581395348837;0;1;0;1;0;0;0;1;0;0;0;0;0;0;0;0,0447005356092317;Muito Baixo;DEBTCONSOLIDATION;MORTGAGE
23;66000;3,0;3000;5,99;0,05;2;0,0454545454545454;0;1;0;0;0;0;1;0;1;0;0;0;0;0;0;0,0053763927640922;Muito Baixo;EDUCATION;RENT
40;55182;0,0;6000;6,99;0,11;13;0,1087311079699902;0;1;0;0;0;0;1;0;0;0;0;0;1;0;0;0,0006741723229104;Muito Baixo;VENTURE;RENT
26;24856;0,0;3000;9,32;0,12;4;0,1206952043772127;0;1;0;0;0;0;1;1;0;0;0;0;0;0;0;0,1602589326858074;Muito Baixo;DEBTCONSOLIDATION;RENT
28;73008;2,0;14000;12,73;0,19;6;0,1917598071444225;1;3;1;1;0;0;0;0;1;0;0;0;0;0;0;0,1726249267437619;Muito Baixo;EDUCATION;MORTGAGE
24;60516;8,0;18000;11,26;0,3;4;0,297441998810232;1;2;0;0;1;0;0;1;0;0;0;0;0;1;0;0,096109222303453;Muito Baixo;DEBTCONSOLIDATION;OTHER
22;60000;1,0;4800;7,49;0,08;3;0,08;0;1;0;1;0;0;0;0;1;0;0;0;0;0;0;0,0124295389388706;Muito Baixo;EDUCATION;MORTGAGE
29;80000;2,0;4500;6,76;0,06;10;0,05625;0;1;0;1;0;0;0;0;0;1;0;0;0;0;0;0,0071799881291709;Muito Baixo;HOMEIMPROVEMENT;MORTGAGE
25;86000;3,0;8000;7,29;0,09;2;0,0930232558139534;0;1;0;1;0;0;0;0;1;0;0;0;0;0;0;0,0251308305519984;Muito Baixo;EDUCATION;MORTGAGE
30;130500;1,0;25000;15,33;0,19;6;0,1915708812260536;1;4;0;1;0;0;0;1;0;0;0;0;0;1;1;0,9931356728231128;Muito Alto;DEBTCONSOLIDATION;MORTGAGE
22;33000;2,0;4500;7,88;0,14;3;0,1363636363636363;0;1;0;0;0;0;1;0;0;0;0;1;0;0;0;0,1310867707720829;Muito Baixo;PERSONAL;RENT
29;250000;13,0;20000;13,79;0,08;8;0,08;1;3;0;1;0;0;0;0;1;0;0;0;0;0;0;0,1240958341593429;Muito Baixo;EDUCATION;MORTGAGE
22;68670;5,0;20000;6,91;0,29;3;0,291247997670016;0;1;0;1;0;0;0;0;1;0;0;0;0;0;0;0,0160835105205969;Muito Baixo;EDUCATION;MORTGAGE
23;75000;0,0;5000;14,65;0,07;4;0,0666666666666666;1;3;0;0;0;1;0;0;1;0;0;0;0;0;0;0,0004738900840233;Muito Baixo;EDUCATION;OWN
22;36000;4,0;12000;11,71;0,33;2;0,3333333333333333;1;2;0;1;0;0;0;0;0;0;1;0;0;0;0;0,2051212532352453;Baixo;MEDICAL;MORTGAGE
23;294000;6,0;15000;8,9;0,05;4;0,0510204081632653;0;1;0;1;0;0;0;0;1;0;0;0;0;0;0;0,0644258054583937;Muito Baixo;EDUCATION;MORTGAGE
23;70200;3,0;5000;7,14;0,07;2;0,0712250712250712;0;1;0;1;0;0;0;0;0;0;1;0;0;0;0;0,0119926955073265;Muito Baixo;MEDICAL;MORTGAGE
22;59004;3,0;5000;11,11;0,08;3;0,0847400176259236;1;2;0;0;0;0;1;0;1;0;0;0;0;1;0;0,0687927968364687;Muito Baixo;EDUCATION;RENT
28;65000;12,0;15000;9,99;0,23;10;0,2307692307692307;0;2;0;1;0;0;0;0;1;0;0;0;0;0;0;0,0331846845715147;Muito Baixo;EDUCATION;MORTGAGE
25;115000;7,0;18000;7,51;0,16;2;0,1565217391304348;0;1;0;1;0;0;0;0;0;0;0;1;0;0;0;0,016893778335216;Muito Baixo;PERSONAL;MORTGAGE
25;48000;3,0;4800;10,74;0,1;4;0,1;0;2;0;1;0;0;0;1;0;0;0;0;0;0;0;0,066589042948006;Muito Baixo;DEBTCONSOLIDATION;MORTGAGE
26;105000;0,0;15000;8,94;0,14;4;0,1428571428571428;0;1;0;1;0;0;0;0;0;0;1;0;0;0;0;0,0258946729779043;Muito Baixo;MEDICAL;MORTGAGE
26;33600;4,0;6000;10,71;0,18;3;0,1785714285714285;0;2;0;0;0;0;1;1;0;0;0;0;0;0;0;0,2070387145514151;Baixo;DEBTCONSOLIDATION;RENT
31;83000;3,0;7500;7,66;0,09;10;0,0903614457831325;0;1;0;1;0;0;0;0;1;0;0;0;0;0;0;0,022744597456327;Muito Baixo;EDUCATION;MORTGAGE
25;100000;9,0;20000;13,06;0,2;2;0,2;1;3;0;0;0;0;1;0;0;1;0;0;0;0;0;0,1314759390059116;Muito Baixo;HOMEIMPROVEMENT;RENT
32;108000;16,0;6125;5,99;0,06;5;0,0567129629629629;0;1;0;0;0;0;1;0;0;0;0;1;0;1;0;0,0032276083684471;Muito Baixo;PERSONAL;RENT
28;47831;8,0;16000;13,85;0,33;7;0,3345110911333654;1;3;0;0;0;0;1;1;0;0;0;0;0;1;1;0,9920811159845836;Muito Alto;DEBTCONSOLIDATION;RENT
37;780000;9,0;7500;12,18;0,01;13;0,0096153846153846;1;2;0;0;0;0;1;0;0;0;0;0;1;0;0;0,0029355254456663;Muito Baixo;VENTURE;RENT
26;34000;6,0;6000;12,69;0,18;4;0,1764705882352941;1;2;0;0;0;0;1;1;0;0;0;0;0;0;0;0,350846653724516;Baixo;DEBTCONSOLIDATION;RENT
35;106000;8,0;15000;15,96;0,14;8;0,1415094339622641;1;3;0;1;0;0;0;1;0;0;0;0;0;0;0;0,3918861369343722;Baixo;DEBTCONSOLIDATION;MORTGAGE
42;125000;5,0;35000;7,9;0,28;12;0,28;0;1;0;1;0;0;0;0;0;0;1;0;0;0;0;0,0113989790666427;Muito Baixo;MEDICAL;MORTGAGE
26;21000;4,0;8000;13,79;0,38;2;0,3809523809523809;1;3;0;0;0;1;0;0;0;0;0;0;1;0;0;0,0009504904270958;Muito Baixo;VENTURE;OWN
31;88560;16,0;9000;7,29;0,1;8;0,1016260162601626;0;1;0;1;0;0;0;0;1;0;0;0;0;0;0;0,0325160141134489;Muito Baixo;EDUCATION;MORTGAGE
23;63000;8,0;7300;7,49;0,12;2;0,1158730158730158;0;1;0;1;0;0;0;0;1;0;0;0;0;0;0;0,0232532220951542;Muito Baixo;EDUCATION;MORTGAGE
24;123000;8,0;24250;12,87;0,2;4;0,1971544715447154;1;3;1;1;0;0;0;1;0;0;0;0;0;1;0;0,0404992708197512;Muito Baixo;DEBTCONSOLIDATION;MORTGAGE
21;104740;5,0;19200;11,99;0,18;3;0,1833110559480618;1;2;0;1;0;0;0;0;0;0;1;0;0;0;0;0,0465905035167509;Muito Baixo;MEDICAL;MORTGAGE
28;54996;12,0;6400;7,49;0,12;5;0,1163720997890755;0;1;0;1;0;0;0;0;0;0;0;1;0;0;0;0,0461297918465583;Muito Baixo;PERSONAL;MORTGAGE
45;65993;3,0;9000;14,59;0,14;15;0,1363781007076508;1;4;0;1;0;0;0;0;1;0;0;0;0;0;0;0,2888017530300016;Baixo;EDUCATION;MORTGAGE
27;57500;0,0;5000;7,49;0,09;6;0,0869565217391304;0;1;0;0;0;0;1;0;0;0;1;0;0;0;0;0,0596195118651003;Muito Baixo;MEDICAL;RENT
23;65000;3,0;14000;10,65;0,22;4;0,2153846153846154;0;2;0;0;0;0;1;0;0;0;0;1;0;0;0;0,0485540742256179;Muito Baixo;PERSONAL;RENT
24;35200;1,0;4000;16,0;0,11;3;0,1136363636363636;1;4;1;0;0;0;1;0;0;0;1;0;0;1;1;0,9777267395049786;Muito Alto;MEDICAL;RENT
42;62000;26,0;10000;8,49;0,16;14;0,1612903225806451;0;1;0;0;0;0;1;0;0;0;0;0;1;0;0;0,0017577559609069;Muito Baixo;VENTURE;RENT
25;31200;3,0;10000;9,91;0,32;4;0,3205128205128205;0;2;0;0;0;0;1;0;0;0;1;0;0;1;1;0,990760499676077;Muito Alto;MEDICAL;RENT
28;59000;2,0;14000;10,36;0,24;5;0,2372881355932203;0;2;0;1;0;0;0;0;0;0;0;0;1;0;0;0,0022341012843976;Muito Baixo;VENTURE;MORTGAGE
33;88000;3,0;9000;14,54;0,1;9;0,1022727272727272;1;4;0;0;0;0;1;0;0;0;0;0;1;0;0;0,3919963161282756;Baixo;VENTURE;RENT
28;35000;12,0;12000;5,99;0,34;8;0,3428571428571428;0;1;0;1;0;0;0;0;1;0;0;0;0;0;0;0,0386776302162427;Muito Baixo;EDUCATION;MORTGAGE
26;24000;10,0;5000;7,66;0,21;3;0,2083333333333333;0;1;0;1;0;0;0;0;0;0;1;0;0;1;0;0,1000117234946986;Muito Baixo;MEDICAL;MORTGAGE
40;42996;15,0;15000;16,0;0,35;17;0,3488696622941669;1;4;1;0;0;1;0;0;1;0;0;0;0;0;0;0,0008751186793191;Muito Baixo;EDUCATION;OWN
21;45000;3,0;7200;9,38;0,16;4;0,16;0;1;0;0;0;0;1;0;0;0;0;1;0;0;0;0,0599783522252046;Muito Baixo;PERSONAL;RENT
24;85100;3,0;15000;13,48;0,18;2;0,1762632197414806;1;3;1;0;0;0;1;0;1;0;0;0;0;0;0;0,0674872951195103;Muito Baixo;EDUCATION;RENT
24;28800;1,0;8500;7,49;0,3;2;0,2951388888888889;0;1;0;0;0;0;1;1;0;0;0;0;0;0;0;0,1037233579869733;Muito Baixo;DEBTCONSOLIDATION;RENT
24;59000;3,0;6800;12,53;0,12;4;0,1152542372881356;1;3;1;1;0;0;0;1;0;0;0;0;0;1;0;0,1534342741532232;Muito Baixo;DEBTCONSOLIDATION;MORTGAGE
25;84000;8,0;6000;10,62;0,07;4;0,0714285714285714;0;2;0;1;0;0;0;0;0;0;0;0;1;0;0;0,0017136833583193;Muito Baixo;VENTURE;MORTGAGE
28;75000;6,0;10000;7,9;0,13;5;0,1333333333333333;0;1;0;0;0;0;1;0;0;0;0;0;1;0;0;0,001070662541333;Muito Baixo;VENTURE;RENT
29;51000;8,0;25000;11,49;0,49;10;0,4901960784313725;1;2;0;1;0;0;0;0;0;0;0;1;0;0;0;0,1486003708852875;Muito Baixo;PERSONAL;MORTGAGE
42;57000;4,0;15000;13,43;0,26;12;0,2631578947368421;1;3;1;0;0;0;1;0;0;0;1;0;0;0;0;0,1850649488438542;Muito Baixo;MEDICAL;RENT
24;51000;5,0;3600;7,14;0,07;2;0,0705882352941176;0;1;0;1;0;0;0;0;0;1;0;0;0;0;0;0,0512329037842665;Muito Baixo;HOMEIMPROVEMENT;MORTGAGE
36;20000;0,0;5075;11,48;0,25;11;0,25375;1;2;0;0;0;0;1;0;0;0;0;1;0;1;0;0,1660024161412258;Muito Baixo;PERSONAL;RENT
23;25000;0,0;5000;6,91;0,2;3;0,2;0;1;0;0;0;0;1;1;0;0;0;0;0;0;0;0,0698866362504783;Muito Baixo;DEBTCONSOLIDATION;RENT
30;140000;6,0;5000;8,9;0,04;6;0,0357142857142857;0;1;0;1;0;0;0;0;0;0;0;1;0;0;0;0,0487117717746428;Muito Baixo;PERSONAL;MORTGAGE
26;53000;3,0;2800;6,03;0,05;3;0,0528301886792452;0;1;0;1;0;0;0;0;0;0;0;0;1;0;0;0,0006735512123025;Muito Baixo;VENTURE;MORTGAGE
26;97333;3,0;10000;5,99;0,1;2;0,102740077876979;0;1;0;0;0;1;0;0;0;1;0;0;0;0;0;0,0001817243486684;Muito Baixo;HOMEIMPROVEMENT;OWN
34;187000;3,0;12000;7,9;0,06;10;0,0641711229946524;0;1;0;0;0;0;1;0;0;0;0;0;1;0;0;0,0006536136766363;Muito Baixo;VENTURE;RENT
33;58000;0,0;14400;9,91;0,25;5;0,2482758620689655;0;2;0;0;0;0;1;0;0;0;0;0;1;0;0;0,0020154725817321;Muito Baixo;VENTURE;RENT
23;59497;0,0;20000;16,0;0,29;3;0,3361514025917273;1;5;0;0;0;0;1;0;0;0;1;0;0;1;1;0,9998369287235748;Muito Alto;MEDICAL;RENT
24;58650;6,0;6300;14,91;0,09;2;0,1074168797953964;1;4;1;0;0;0;1;0;0;0;1;0;0;1;1;0,9951443812018054;Muito Alto;MEDICAL;RENT
29;480000;6,0;6500;5,42;0,01;9;0,0135416666666666;0;1;0;1;0;0;0;1;0;0;0;0;0;0;0;0,0026972626806159;Muito Baixo;DEBTCONSOLIDATION;MORTGAGE
23;102000;7,0;25000;11,71;0,25;4;0,2450980392156862;1;2;0;1;0;0;0;1;0;0;0;0;0;0;0;0,0779961899156275;Muito Baixo;DEBTCONSOLIDATION;MORTGAGE
26;45000;5,0;14650;7,49;0,33;2;0,3255555555555555;0;1;0;1;0;0;0;0;0;0;0;1;0;0;0;0,1157064264659502;Muito Baixo;PERSONAL;MORTGAGE
26;36000;3,0;3000;7,88;0,08;4;0,0833333333333333;0;1;0;0;0;0;1;0;1;0;0;0;0;0;0;0,1041357123363786;Muito Baixo;EDUCATION;RENT
22;39996;2,0;8000;7,14;0,2;4;0,2000200020002;0;1;0;0;0;0;1;0;0;0;0;1;0;0;0;0,04106912591369;Muito Baixo;PERSONAL;RENT
31;41053;1,0;12000;7,49;0,29;7;0,2923050690570725;0;1;0;1;0;0;0;0;0;0;0;1;0;0;0;0,0450925988049197;Muito Baixo;PERSONAL;MORTGAGE
26;157200;1,0;20000;12,18;0,13;3;0,1272264631043257;1;2;0;1;0;0;0;1;0;0;0;0;0;0;0;0,0634061574830308;Muito Baixo;DEBTCONSOLIDATION;MORTGAGE
30;96000;4,0;14400;10,99;0,15;8;0,15;0;2;0;0;0;0;1;0;0;0;0;1;0;0;0;0,0428432633495358;Muito Baixo;PERSONAL;RENT
26;80000;5,0;7000;13,22;0,09;2;0,0875;1;3;1;0;0;1;0;0;0;0;0;1;0;0;0;0,000403744087788;Muito Baixo;PERSONAL;OWN
27;74800;1,0;21000;10,59;0,28;7;0,2807486631016043;0;2;0;1;0;0;0;0;0;0;1;0;0;0;0;0,0722171952087327;Muito Baixo;MEDICAL;MORTGAGE
23;65000;0,0;6000;9,63;0,09;3;0,0923076923076923;0;1;0;0;0;0;1;0;1;0;0;0;0;0;0;0,0224958456065072;Muito Baixo;EDUCATION;RENT
22;110000;0,0;12000;7,14;0,11;2;0,109090909090909;0;1;0;1;0;0;0;0;1;0;0;0;0;0;0;0,0059853374772356;Muito Baixo;EDUCATION;MORTGAGE
29;48000;3,0;9000;11,99;0,19;5;0,1875;1;2;0;1;0;0;0;0;1;0;0;0;0;0;0;0,1160183050038491;Muito Baixo;EDUCATION;MORTGAGE
27;60000;6,0;10000;7,49;0,17;7;0,1666666666666666;0;1;0;1;0;0;0;0;0;0;0;1;0;0;0;0,0314041249474033;Muito Baixo;PERSONAL;MORTGAGE
22;75000;7,0;8000;12,21;0,11;2;0,1066666666666666;1;2;0;1;0;0;0;1;0;0;0;0;0;0;0;0,1540172447508911;Muito Baixo;DEBTCONSOLIDATION;MORTGAGE
26;97188;7,0;16000;12,8;0,16;3;0,1646293781125241;1;4;0;0;0;0;1;0;0;0;0;0;1;0;0;0,3654626001781416;Baixo;VENTURE;RENT
28;20000;0,0;5000;8,59;0,25;7;0,25;0;1;0;1;0;0;0;0;0;1;0;0;0;0;0;0,178729766888739;Muito Baixo;HOMEIMPROVEMENT;MORTGAGE
23;38667;2,0;4800;11,91;0,12;4;0,1241368608891302;1;3;0;1;0;0;0;0;0;0;1;0;0;0;0;0,2971399011701918;Baixo;MEDICAL;MORTGAGE
42;110000;5,0;6000;8,9;0,05;14;0,0545454545454545;0;1;0;0;0;0;1;0;0;0;1;0;0;0;0;0,012872039922373;Muito Baixo;MEDICAL;RENT
23;97500;0,0;9600;10,37;0,1;3;0,0984615384615384;0;2;0;0;0;0;1;1;0;0;0;0;0;0;0;0,0415097237262528;Muito Baixo;DEBTCONSOLIDATION;RENT
23;108000;7,0;4500;7,14;0,04;3;0,0416666666666666;0;1;0;1;0;0;0;1;0;0;0;0;0;0;0;0,0117811153711938;Muito Baixo;DEBTCONSOLIDATION;MORTGAGE
23;55000;3,0;5400;11,99;0,1;2;0,0981818181818181;1;2;0;0;0;0;1;0;0;0;0;0;1;0;0;0,0033451086633836;Muito Baixo;VENTURE;RENT
31;20000;5,0;5000;11,83;0,25;5;0,25;1;2;0;0;0;1;0;0;0;0;0;0;1;0;0;7,348241629727303e-05;Muito Baixo;VENTURE;OWN
25;34800;0,0;1000;13,98;0,03;3;0,028735632183908;1;3;1;0;0;0;1;0;0;0;1;0;0;0;0;0,0411671794147658;Muito Baixo;MEDICAL;RENT
29;51500;2,0;3200;14,96;0,06;7;0,062135922330097;1;4;1;0;0;0;1;0;1;0;0;0;0;1;1;0,9119091605271163;Muito Alto;EDUCATION;RENT
22;33000;6,0;8875;10,65;0,27;4;0,2689393939393939;0;2;0;1;0;0;0;0;0;0;0;0;1;0;0;0,0027509333725299;Muito Baixo;VENTURE;MORTGAGE
24;55000;8,0;4800;6,92;0,09;3;0,0872727272727272;0;1;0;0;0;0;1;0;0;0;0;1;0;0;0;0,0310279317484426;Muito Baixo;PERSONAL;RENT
25;73000;8,0;20000;13,12;0,27;4;0,273972602739726;1;4;1;1;0;0;0;0;0;0;0;1;0;1;0;0,278823936781926;Baixo;PERSONAL;MORTGAGE
45;38400;4,0;1000;14,72;0,03;12;0,0260416666666666;1;3;1;0;0;0;1;1;0;0;0;0;0;0;0;0,2362832983324466;Baixo;DEBTCONSOLIDATION;RENT
24;100000;1,0;10200;12,99;0,1;4;0,102;1;3;1;0;0;0;1;0;0;0;0;1;0;0;0;0,0485678737211813;Muito Baixo;PERSONAL;RENT
26;51500;7,0;11000;10,99;0,21;3;0,2135922330097087;0;2;0;1;0;0;0;0;0;0;0;0;1;0;0;0,001543670887978;Muito Baixo;VENTURE;MORTGAGE
27;60000;2,0;8800;11,36;0,15;10;0,1466666666666666;1;2;0;0;0;0;1;0;0;1;0;0;0;0;0;0,0504924559197084;Muito Baixo;HOMEIMPROVEMENT;RENT
22;23400;2,0;8000;8,59;0,34;2;0,3418803418803419;0;1;0;0;0;0;1;0;0;0;1;0;0;1;1;0,9887548318570444;Muito Alto;MEDICAL;RENT
28;98000;6,0;4000;7,51;0,04;7;0,0408163265306122;0;1;0;0;0;0;1;0;1;0;0;0;0;1;0;0,0231022610787905;Muito Baixo;EDUCATION;RENT
31;72000;15,0;1900;7,51;0,03;6;0,0263888888888888;0;1;0;1;0;0;0;0;0;0;1;0;0;0;0;0,019123819883389;Muito Baixo;MEDICAL;MORTGAGE
31;99000;15,0;12000;14,26;0,12;10;0,1212121212121212;1;3;0;0;0;0;1;0;0;1;0;0;0;0;0;0,1319411334311178;Muito Baixo;HOMEIMPROVEMENT;RENT
33;75000;6,0;10000;10,99;0,13;10;0,1333333333333333;0;2;0;1;0;0;0;1;0;0;0;0;0;0;0;0,0450604751287478;Muito Baixo;DEBTCONSOLIDATION;MORTGAGE
28;135996;12,0;12500;8,59;0,09;6;0,0919144680725903;0;1;0;1;0;0;0;0;0;1;0;0;0;0;0;0,0798625785740874;Muito Baixo;HOMEIMPROVEMENT;MORTGAGE
27;90000;4,0;10000;7,49;0,11;10;0,1111111111111111;0;1;0;0;0;0;1;0;0;1;0;0;0;0;0;0,0116942416010718;Muito Baixo;HOMEIMPROVEMENT;RENT
21;26400;5,0;4750;12,23;0,18;3;0,1799242424242424;1;3;0;0;0;0;1;0;0;0;0;1;0;0;0;0,1655395297495712;Muito Baixo;PERSONAL;RENT
34;69000;0,0;5800;14,59;0,08;5;0,0840579710144927;1;4;1;0;0;0;1;0;0;0;0;0;1;1;1;0,947372665578052;Muito Alto;VENTURE;RENT
29;120000;7,0;20000;12,42;0,17;6;0,1666666666666666;1;2;0;1;0;0;0;1;0;0;0;0;0;0;0;0,0715969546556689;Muito Baixo;DEBTCONSOLIDATION;MORTGAGE
25;55000;9,0;10200;8,94;0,19;3;0,1854545454545454;0;1;0;1;0;0;0;0;0;0;0;1;0;0;0;0,0722202792473534;Muito Baixo;PERSONAL;MORTGAGE
31;39996;3,0;9600;11,26;0,24;7;0,24002400240024;1;2;0;1;0;0;0;0;0;0;0;0;1;0;0;0,0011637637266473;Muito Baixo;VENTURE;MORTGAGE
21;90000;3,0;4800;9,62;0,05;2;0,0533333333333333;0;2;0;0;0;0;1;0;1;0;0;0;0;0;0;0,0160930352370954;Muito Baixo;EDUCATION;RENT
26;60000;3,0;30000;14,27;0,5;4;0,5;1;3;0;1;0;0;0;0;1;0;0;0;0;0;0;0,0956889600175507;Muito Baixo;EDUCATION;MORTGAGE
29;108800;1,0;18500;17,8;0,14;10;0,1700367647058823;1;6;0;1;0;0;0;0;0;0;1;0;0;1;1;0,9978542780514548;Muito Alto;MEDICAL;MORTGAGE
28;25000;1,0;5000;7,51;0,2;9;0,2;0;1;0;0;0;0;1;0;0;0;0;0;1;0;0;0,0044141879408127;Muito Baixo;VENTURE;RENT
24;90474;8,0;15000;10,38;0,17;3;0,1657934876318058;0;2;0;1;0;0;0;0;1;0;0;0;0;0;0;0,0397028623306685;Muito Baixo;EDUCATION;MORTGAGE
30;50000;0,0;7000;14,65;0,14;9;0,14;1;3;0;0;0;0;1;1;0;0;0;0;0;0;0;0,1246458622312593;Muito Baixo;DEBTCONSOLIDATION;RENT
23;60000;5,0;4000;7,14;0,07;3;0,0666666666666666;0;1;0;1;0;0;0;1;0;0;0;0;0;0;0;0,0140205698953634;Muito Baixo;DEBTCONSOLIDATION;MORTGAGE
23;113316;7,0;3000;10,99;0,03;3;0,026474637297469;0;2;0;1;0;0;0;0;1;0;0;0;0;0;0;0,0216686155027704;Muito Baixo;EDUCATION;MORTGAGE
33;24000;2,0;1875;10,99;0,08;9;0,078125;0;2;0;0;0;1;0;0;0;1;0;0;0;0;0;0,0015478736734603;Muito Baixo;HOMEIMPROVEMENT;OWN
24;76000;6,0;16000;10,99;0,21;3;0,2105263157894736;0;2;0;0;0;0;1;0;0;1;0;0;0;0;0;0,114064176373817;Muito Baixo;HOMEIMPROVEMENT;RENT
36;80000;4,0;10000;6,62;0,13;14;0,125;0;1;0;1;0;0;0;0;0;0;0;0;1;0;0;0,0002847375949654;Muito Baixo;VENTURE;MORTGAGE
38;49000;10,0;7250;11,99;0,15;11;0,1479591836734693;1;2;0;1;0;0;0;1;0;0;0;0;0;0;0;0,1973833277830146;Muito Baixo;DEBTCONSOLIDATION;MORTGAGE
22;105000;6,0;7500;7,49;0,07;2;0,0714285714285714;0;1;0;1;0;0;0;0;1;0;0;0;0;0;0;0,0115218764220005;Muito Baixo;EDUCATION;MORTGAGE
25;42000;6,0;6850;10,99;0,16;4;0,1630952380952381;0;2;0;0;0;0;1;0;0;0;0;0;1;0;0;0,0025781853349777;Muito Baixo;VENTURE;RENT
21;41900;2,0;16000;12,84;0,38;2;0,3818615751789976;1;3;1;0;0;0;1;0;0;0;0;0;1;1;1;0,992667239168472;Muito Alto;VENTURE;RENT
31;36000;3,0;8000;8,49;0,22;8;0,2222222222222222;0;1;0;0;0;0;1;0;0;0;0;1;0;0;0;0,129087742686465;Muito Baixo;PERSONAL;RENT
26;53000;4,0;12000;14,59;0,23;3;0,2264150943396226;1;4;1;0;0;0;1;0;0;0;0;1;0;0;0;0,1451216386711105;Muito Baixo;PERSONAL;RENT
35;100000;3,0;12000;7,88;0,12;6;0,12;0;1;0;0;0;0;1;0;0;0;0;1;0;0;0;0,0088837905627915;Muito Baixo;PERSONAL;RENT
33;49548;6,0;2800;12,84;0,06;5;0,056510858157746;1;3;1;0;0;0;1;1;0;0;0;0;0;0;0;0,0794887541654755;Muito Baixo;DEBTCONSOLIDATION;RENT
25;45996;3,0;11500;12,53;0,25;3;0,2500217410209583;1;3;1;0;0;0;1;1;0;0;0;0;0;0;0;0,0828737304697972;Muito Baixo;DEBTCONSOLIDATION;RENT
24;51600;1,0;3000;12,68;0,06;4;0,0581395348837209;1;3;1;0;0;0;1;0;0;1;0;0;0;0;0;0,1609023215140166;Muito Baixo;HOMEIMPROVEMENT;RENT
25;159600;0,0;30000;17,27;0,19;4;0,18796992481203;1;4;1;0;0;0;1;0;0;0;0;1;0;1;1;0,9061187976628412;Muito Alto;PERSONAL;RENT
29;160000;9,0;14700;13,43;0,09;5;0,091875;1;3;1;1;0;0;0;0;0;0;0;1;0;0;0;0,0527055439708631;Muito Baixo;PERSONAL;MORTGAGE
23;30000;3,0;3600;5,99;0,12;2;0,12;0;1;0;0;0;0;1;0;0;0;0;1;0;0;0;0,0531279055465166;Muito Baixo;PERSONAL;RENT
32;120000;9,0;8000;7,51;0,07;7;0,0666666666666666;0;1;0;1;0;0;0;0;0;0;0;0;1;0;0;0,0002733840510311;Muito Baixo;VENTURE;MORTGAGE
24;37000;8,0;10000;10,99;0,27;4;0,2702702702702703;0;2;0;1;0;0;0;0;0;0;0;0;1;0;0;0,0014142924619078;Muito Baixo;VENTURE;MORTGAGE
41;65000;6,0;20000;12,21;0,31;13;0,3076923076923077;1;2;0;1;0;0;0;0;0;1;0;0;0;0;0;0,0496318881161821;Muito Baixo;HOMEIMPROVEMENT;MORTGAGE
24;70000;2,0;17000;7,51;0,24;4;0,2428571428571428;0;1;0;1;0;0;0;0;0;1;0;0;0;0;0;0,0211619216558087;Muito Baixo;HOMEIMPROVEMENT;MORTGAGE
22;140000;0,0;10000;9,99;0,07;2;0,0714285714285714;0;2;0;0;0;0;1;0;1;0;0;0;0;0;0;0,0298179778088013;Muito Baixo;EDUCATION;RENT
23;24000;0,0;8000;5,79;0,33;3;0,3333333333333333;0;1;0;0;0;1;0;0;0;0;0;1;0;0;0;0,0004425872159682;Muito Baixo;PERSONAL;OWN
24;76597;5,0;22000;9,25;0,29;4;0,2872175150462812;0;2;0;0;0;0;1;0;0;0;0;1;0;0;0;0,0815606910524083;Muito Baixo;PERSONAL;RENT
46;17496;6,0;1500;11,14;0,09;13;0,0857338820301783;1;2;0;0;0;0;1;0;0;1;0;0;0;1;1;0,7917055570438848;Alto;HOMEIMPROVEMENT;RENT
24;140000;7,0;20000;6,54;0,14;4;0,1428571428571428;0;1;0;1;0;0;0;0;0;1;0;0;0;0;0;0,0182625292580393;Muito Baixo;HOMEIMPROVEMENT;MORTGAGE
25;51000;1,0;15000;13,48;0,29;4;0,2941176470588235;1;3;1;0;0;0;1;0;0;0;0;0;1;0;0;0,160437326971981;Muito Baixo;VENTURE;RENT
23;120000;4,0;8000;14,61;0,07;4;0,0666666666666666;1;4;1;0;0;0;1;0;1;0;0;0;0;0;0;0,0385436667642605;Muito Baixo;EDUCATION;RENT
24;19200;1,0;4000;14,35;0,21;4;0,2083333333333333;1;3;1;0;0;0;1;0;0;0;1;0;0;1;1;0,9474641451380056;Muito Alto;MEDICAL;RENT
24;29000;5,0;6000;15,27;0,21;2;0,2068965517241379;1;3;0;0;0;0;1;0;0;0;1;0;0;0;0;0,3639116073896754;Baixo;MEDICAL;RENT
43;42000;4,0;7000;14,96;0,17;16;0,1666666666666666;1;4;1;0;0;0;1;0;1;0;0;0;0;0;0;0,1901556239855582;Muito Baixo;EDUCATION;RENT
23;75000;7,0;5400;12,69;0,07;2;0,072;1;2;0;1;0;0;0;0;0;0;0;0;1;0;0;0,0043560609842599;Muito Baixo;VENTURE;MORTGAGE
29;60000;3,0;7200;7,88;0,12;7;0,12;0;1;0;1;0;0;0;0;0;0;0;1;0;0;0;0,0214889559505267;Muito Baixo;PERSONAL;MORTGAGE
27;44000;3,0;5700;13,23;0,13;9;0,1295454545454545;1;3;1;1;0;0;0;0;1;0;0;0;0;0;0;0,1705170632029;Muito Baixo;EDUCATION;MORTGAGE
30;54000;2,0;5000;15,13;0,09;9;0,0925925925925925;1;5;0;0;0;0;1;0;0;0;0;0;1;1;1;0,9710816469496586;Muito Alto;VENTURE;RENT
22;65000;6,0;1500;9,32;0,02;2;0,023076923076923;0;1;0;1;0;0;0;0;0;0;0;0;1;0;0;0,0013951768180247;Muito Baixo;VENTURE;MORTGAGE
23;80000;6,0;16000;7,49;0,2;2;0,2;0;1;0;0;0;0;1;0;1;0;0;0;0;0;0;0,0169673749436905;Muito Baixo;EDUCATION;RENT
23;60000;0,0;8000;11,14;0,13;3;0,1333333333333333;1;2;0;0;0;0;1;0;0;0;0;0;1;0;0;0,0008517828471013;Muito Baixo;VENTURE;RENT
22;50000;7,0;4000;10,95;0,08;4;0,08;0;2;0;1;0;0;0;0;1;0;0;0;0;0;0;0,0586996139773921;Muito Baixo;EDUCATION;MORTGAGE
21;24000;5,0;10000;7,49;0,42;2;0,4166666666666667;0;1;0;0;0;0;1;0;1;0;0;0;0;1;1;0,9939225762763552;Muito Alto;EDUCATION;RENT
39;63000;0,0;15000;7,49;0,24;15;0,238095238095238;0;1;0;1;0;0;0;0;0;0;0;1;0;0;0;0,0140600649937616;Muito Baixo;PERSONAL;MORTGAGE
33;135000;0,0;10000;7,51;0,07;10;0,074074074074074;0;1;0;1;0;0;0;0;0;0;0;0;1;0;0;0,000220724446133;Muito Baixo;VENTURE;MORTGAGE
32;73000;5,0;6000;15,62;0,08;8;0,0821917808219178;1;4;0;1;0;0;0;0;0;1;0;0;0;0;0;0,2015611125258426;Baixo;HOMEIMPROVEMENT;MORTGAGE
24;29120;0,0;5000;10,99;0,17;4;0,1717032967032967;0;2;0;0;0;0;1;0;0;0;0;0;1;0;0;0,0050532234135225;Muito Baixo;VENTURE;RENT
25;50000;4,0;25000;5,99;0,5;2;0,5;0;1;0;0;0;0;1;0;0;1;0;0;0;1;1;0,9884471010611688;Muito Alto;HOMEIMPROVEMENT;RENT
23;26000;7,0;2000;10,36;0,08;2;0,0769230769230769;0;2;0;0;0;1;0;0;0;0;0;1;0;0;0;0,0013947739643875;Muito Baixo;PERSONAL;OWN
24;87000;6,0;6000;10,65;0,07;4;0,0689655172413793;0;2;0;1;0;0;0;0;0;0;0;1;0;0;0;0,0897679055609612;Muito Baixo;PERSONAL;MORTGAGE
22;20000;7,0;3200;12,21;0,16;4;0,16;1;2;0;0;0;1;0;0;0;0;0;1;0;0;0;0,0139991121752783;Muito Baixo;PERSONAL;OWN
22;32112;4,0;15000;13,98;0,47;3;0,4671150971599402;1;3;0;1;0;0;0;0;0;0;0;1;0;0;0;0,3717146746917491;Baixo;PERSONAL;MORTGAGE
22;38423;6,0;2000;8,49;0,05;3;0,052052156260573;0;1;0;1;0;0;0;0;1;0;0;0;0;0;0;0,1165034082659779;Muito Baixo;EDUCATION;MORTGAGE
22;40058;5,0;6000;9,91;0,15;2;0,1497828149183683;0;2;0;1;0;0;0;0;0;0;0;0;1;0;0;0,0008744981538188;Muito Baixo;VENTURE;MORTGAGE
24;32000;8,0;12000;12,87;0,38;2;0,375;1;3;1;0;0;0;1;1;0;0;0;0;0;1;1;0,9909520996963592;Muito Alto;DEBTCONSOLIDATION;RENT
25;60000;1,0;7600;12,21;0,13;4;0,1266666666666666;1;2;0;0;0;0;1;0;0;1;0;0;0;0;0;0,0797794219258337;Muito Baixo;HOMEIMPROVEMENT;RENT
27;50000;1,0;9900;14,35;0,2;5;0,198;1;3;0;0;0;0;1;0;0;0;0;1;0;0;0;0,0677812512597666;Muito Baixo;PERSONAL;RENT
33;150000;17,0;20000;11,48;0,13;7;0,1333333333333333;1;2;0;0;0;1;0;0;0;0;0;1;0;0;0;0,0006269215441721;Muito Baixo;PERSONAL;OWN
49;74000;20,0;12000;17,99;0,16;15;0,1621621621621621;1;5;0;1;0;0;0;1;0;0;0;0;0;1;1;0,9969404139523668;Muito Alto;DEBTCONSOLIDATION;MORTGAGE
24;21600;4,0;6500;14,79;0,3;4;0,3009259259259259;1;3;1;0;0;0;1;0;0;0;0;0;1;1;0;0,1807048879678927;Muito Baixo;VENTURE;RENT
27;35004;7,0;5000;10,75;0,14;8;0,1428408181922066;0;2;0;0;0;0;1;0;0;0;1;0;0;0;0;0,0671079003206687;Muito Baixo;MEDICAL;RENT
36;35000;1,0;6000;11,49;0,17;13;0,1714285714285714;1;2;0;0;0;1;0;0;0;0;0;0;1;0;0;1,39433503480479e-05;Muito Baixo;VENTURE;OWN
23;23421;3,0;4500;17,99;0,19;3;0,1921352632253106;1;5;1;0;0;0;1;0;0;0;1;0;0;1;1;0,9693812961069684;Muito Alto;MEDICAL;RENT
21;49200;4,0;6000;13,72;0,12;3;0,1219512195121951;1;3;0;0;0;0;1;0;1;0;0;0;0;0;0;0,1087745637264395;Muito Baixo;EDUCATION;RENT
23;54000;1,0;10000;13,67;0,19;3;0,1851851851851851;1;4;1;0;0;0;1;0;1;0;0;0;0;1;1;0,9435794688178368;Muito Alto;EDUCATION;RENT
22;96384;6,0;18000;10,25;0,19;3;0,1867529880478087;0;2;0;1;0;0;0;0;0;0;0;0;1;0;0;0,0026124970084521;Muito Baixo;VENTURE;MORTGAGE
30;57996;2,0;8400;12,98;0,14;7;0,1448375750051727;1;3;0;0;0;0;1;0;0;1;0;0;0;0;0;0,2079433814061957;Baixo;HOMEIMPROVEMENT;RENT
31;62000;4,0;6550;5,79;0,11;10;0,1056451612903225;0;1;0;1;0;0;0;0;0;0;1;0;0;0;0;0,0155086708877935;Muito Baixo;MEDICAL;MORTGAGE
24;30000;1,0;3600;8,49;0,12;3;0,12;0;1;0;0;0;0;1;0;0;0;0;0;1;0;0;0,0044472338997291;Muito Baixo;VENTURE;RENT
55;94000;11,0;4000;6,62;0,04;26;0,0425531914893617;0;1;0;1;0;0;0;0;0;0;0;1;0;0;0;0,0101755441779896;Muito Baixo;PERSONAL;MORTGAGE
29;60000;0,0;5000;14,22;0,08;9;0,0833333333333333;1;3;0;0;0;0;1;0;0;0;1;0;0;1;0;0,1206351609345456;Muito Baixo;MEDICAL;RENT
24;55000;0,0;4000;11,26;0,07;3;0,0727272727272727;1;2;0;0;0;0;1;1;0;0;0;0;0;0;0;0,0422674488484447;Muito Baixo;DEBTCONSOLIDATION;RENT
38;60000;7,0;8000;10,99;0,13;13;0,1333333333333333;0;2;0;1;0;0;0;1;0;0;0;0;0;0;0;0,0558938867581805;Muito Baixo;DEBTCONSOLIDATION;MORTGAGE
25;31200;7,0;3500;6,92;0,11;3;0,1121794871794871;0;1;0;0;0;0;1;0;0;0;1;0;0;0;0;0,0854062958786714;Muito Baixo;MEDICAL;RENT
26;32000;6,0;10000;6,99;0,31;3;0,3125;0;1;0;0;0;0;1;0;0;0;0;1;0;1;1;0,9933592388230592;Muito Alto;PERSONAL;RENT
34;28880;2,0;3000;11,78;0,1;9;0,1038781163434903;1;3;0;0;0;0;1;0;0;0;0;0;1;0;0;0,4012534598074458;Moderado;VENTURE;RENT
39;138000;3,0;20000;11,14;0,14;12;0,144927536231884;1;2;0;1;0;0;0;0;0;1;0;0;0;1;0;0,1346647876176237;Muito Baixo;HOMEIMPROVEMENT;MORTGAGE
22;44500;1,0;16750;10,75;0,38;4;0,3764044943820224;0;2;0;0;0;0;1;1;0;0;0;0;0;1;1;0,9934395869737684;Muito Alto;DEBTCONSOLIDATION;RENT
33;82000;5,0;15000;14,35;0,18;7;0,1829268292682926;1;3;0;0;0;0;1;0;0;0;0;0;1;0;0;0,0747044870474786;Muito Baixo;VENTURE;RENT
22;115000;4,0;4800;7,88;0,04;2;0,0417391304347826;0;1;0;0;0;0;1;0;0;0;1;0;0;0;0;0,0195295056144049;Muito Baixo;MEDICAL;RENT
30;68000;11,0;6000;10,59;0,09;7;0,088235294117647;0;2;0;1;0;0;0;0;1;0;0;0;0;0;0;0,1150006696269518;Muito Baixo;EDUCATION;MORTGAGE
23;26000;3,0;7800;10,59;0,3;3;0,3;0;2;0;1;0;0;0;1;0;0;0;0;0;0;0;0,0699349891689866;Muito Baixo;DEBTCONSOLIDATION;MORTGAGE
32;155000;3,0;7500;11,59;0,05;5;0,0483870967741935;1;3;1;0;0;0;1;0;0;0;0;1;0;0;0;0,0554411547623351;Muito Baixo;PERSONAL;RENT
26;123996;10,0;2000;5,42;0,02;4;0,0161295525662118;0;1;0;1;0;0;0;0;0;0;1;0;0;0;0;0,0009963430367891;Muito Baixo;MEDICAL;MORTGAGE
23;38000;0,0;8000;6,17;0,21;2;0,2105263157894736;0;1;0;0;0;0;1;0;0;0;1;0;0;0;0;0,0235626165742351;Muito Baixo;MEDICAL;RENT
25;55000;3,0;5000;13,48;0,09;4;0,0909090909090909;1;3;1;0;0;0;1;1;0;0;0;0;0;0;0;0,0541530804204911;Muito Baixo;DEBTCONSOLIDATION;RENT
23;170000;7,0;12000;11,11;0,07;2;0,0705882352941176;1;2;0;0;0;0;1;0;1;0;0;0;0;0;0;0,0416984702961364;Muito Baixo;EDUCATION;RENT
25;110000;2,0;5000;9,99;0,05;4;0,0454545454545454;0;2;0;0;0;0;1;0;0;0;0;0;1;0;0;0,0010662730002029;Muito Baixo;VENTURE;RENT
23;66000;1,0;13200;11,14;0,2;4;0,2;1;2;0;1;0;0;0;0;1;0;0;0;0;0;0;0,0411529660384875;Muito Baixo;EDUCATION;MORTGAGE
25;81000;5,0;25000;7,29;0,31;3;0,3086419753086419;0;1;0;0;0;0;1;1;0;0;0;0;0;1;1;0,9795562017844434;Muito Alto;DEBTCONSOLIDATION;RENT
28;49000;6,0;4800;15,99;0,1;5;0,0979591836734693;1;4;0;0;0;0;1;1;0;0;0;0;0;1;1;0,996576449944578;Muito Alto;DEBTCONSOLIDATION;RENT
23;24000;1,0;5600;9,63;0,23;3;0,2333333333333333;0;2;0;1;0;0;0;0;1;0;0;0;0;0;0;0,0625356212219552;Muito Baixo;EDUCATION;MORTGAGE
28;215662;12,0;21000;11,99;0,1;6;0,0973745954317404;1;2;0;1;0;0;0;0;0;1;0;0;0;0;0;0,1287877710033323;Muito Baixo;HOMEIMPROVEMENT;MORTGAGE
22;28080;4,0;4200;9,91;0,15;4;0,1495726495726495;0;2;0;0;0;0;1;0;0;0;1;0;0;1;0;0,1036728973277164;Muito Baixo;MEDICAL;RENT
26;43860;6,0;5600;9,63;0,13;2;0,1276789785681714;0;2;0;0;0;0;1;0;0;0;0;0;1;0;0;0,0044788545486943;Muito Baixo;VENTURE;RENT
22;47000;3,0;15000;7,66;0,32;2;0,3191489361702128;0;1;0;1;0;0;0;0;0;0;1;0;0;0;0;0,1335746292216704;Muito Baixo;MEDICAL;MORTGAGE
24;48000;3,0;2800;12,53;0,06;4;0,0583333333333333;1;3;1;0;0;1;0;0;0;1;0;0;0;0;0;0,0015800276036757;Muito Baixo;HOMEIMPROVEMENT;OWN
22;29654;3,0;7000;14,22;0,24;3;0,2360558440682538;1;3;0;0;0;0;1;0;1;0;0;0;0;1;0;0,3092613004801379;Baixo;EDUCATION;RENT
26;45600;5,0;2000;7,49;0,04;3;0,043859649122807;0;1;0;0;0;0;1;0;0;0;0;0;1;0;0;0,0009593696065914;Muito Baixo;VENTURE;RENT
30;63000;2,0;8000;10,25;0,13;6;0,1269841269841269;0;2;0;1;0;0;0;0;1;0;0;0;0;0;0;0,0552750607278083;Muito Baixo;EDUCATION;MORTGAGE
22;22000;0,0;2000;7,29;0,09;3;0,0909090909090909;0;1;0;0;0;0;1;0;0;0;0;0;1;0;0;0,0025909425923476;Muito Baixo;VENTURE;RENT
23;87000;2,0;18000;11,89;0,21;2;0,2068965517241379;1;2;0;0;0;0;1;0;1;0;0;0;0;0;0;0,0542177423094058;Muito Baixo;EDUCATION;RENT
26;34000;3,0;5500;16,89;0,16;3;0,1617647058823529;1;4;1;0;0;0;1;0;0;0;0;1;0;0;0;0,3893171361124781;Baixo;PERSONAL;RENT
23;64000;0,0;7500;13,55;0,12;3;0,1171875;1;4;0;0;0;0;1;0;0;1;0;0;0;1;1;0,9987787016436313;Muito Alto;HOMEIMPROVEMENT;RENT
25;48000;5,0;16750;13,48;0,35;4;0,3489583333333333;1;3;1;1;0;0;0;0;1;0;0;0;0;0;0;0,127195044136425;Muito Baixo;EDUCATION;MORTGAGE
29;24000;7,0;10000;7,49;0,42;6;0,4166666666666667;0;1;0;1;0;0;0;0;0;0;1;0;0;0;0;0,2676052129338689;Baixo;MEDICAL;MORTGAGE
24;50160;2,0;6000;15,62;0,12;2;0,1196172248803827;1;4;0;1;0;0;0;0;1;0;0;0;0;1;0;0,1190589634170725;Muito Baixo;EDUCATION;MORTGAGE
27;60000;6,0;6000;8,94;0,1;9;0,1;0;1;0;0;0;0;1;0;0;0;0;1;0;0;0;0,0555473735844356;Muito Baixo;PERSONAL;RENT
23;38400;0,0;5000;9,25;0,13;3;0,1302083333333333;0;2;0;1;0;0;0;0;0;0;0;1;0;0;0;0,0797886543052508;Muito Baixo;PERSONAL;MORTGAGE
31;62050;0,0;3600;15,95;0,05;9;0,0580177276390008;1;4;0;0;0;0;1;0;0;0;1;0;0;1;1;0,99539083065446;Muito Alto;MEDICAL;RENT
25;99473;9,0;8500;11,58;0,09;2;0,0854503232032812;1;2;0;1;0;0;0;0;0;0;0;1;0;0;0;0,065461972452747;Muito Baixo;PERSONAL;MORTGAGE
27;68000;10,0;16500;7,88;0,24;7;0,2426470588235294;0;1;0;0;0;0;1;1;0;0;0;0;0;0;0;0,0409944759597712;Muito Baixo;DEBTCONSOLIDATION;RENT
26;41892;8,0;11300;13,22;0,27;4;0,2697412393774467;1;3;0;0;0;0;1;0;1;0;0;0;0;0;0;0,2113078861419885;Baixo;EDUCATION;RENT
24;238000;2,0;7000;7,66;0,03;2;0,0294117647058823;0;1;0;1;0;0;0;1;0;0;0;0;0;1;0;0,0080253762403562;Muito Baixo;DEBTCONSOLIDATION;MORTGAGE
42;29000;1,0;5000;16,49;0,17;13;0,1724137931034483;1;4;1;0;0;0;1;0;0;0;0;1;0;1;1;0,9790639737852174;Muito Alto;PERSONAL;RENT
32;33600;0,0;8000;16,02;0,24;8;0,238095238095238;1;4;0;0;0;1;0;0;0;0;0;0;1;0;0;0,0021820677748299;Muito Baixo;VENTURE;OWN
24;69996;1,0;9600;11,71;0,14;4;0,13715069432539;1;2;0;0;0;0;1;0;1;0;0;0;0;0;0;0,0698526786748225;Muito Baixo;EDUCATION;RENT
26;136000;2,0;12000;14,72;0,09;2;0,088235294117647;1;3;1;0;0;0;1;0;0;0;0;1;0;0;0;0,1573618395776298;Muito Baixo;PERSONAL;RENT
29;28550;6,0;4000;10,59;0,14;10;0,1401050788091068;0;2;0;0;0;0;1;1;0;0;0;0;0;0;0;0,215057723961125;Baixo;DEBTCONSOLIDATION;RENT
27;29000;2,0;6000;15,27;0,21;6;0,2068965517241379;1;3;1;0;0;0;1;0;0;0;0;0;1;0;1;0,7728840938134727;Alto;VENTURE;RENT
21;27000;3,0;2600;13,22;0,1;2;0,0962962962962963;1;3;1;0;0;0;1;0;0;0;0;1;0;0;0;0,2154795397496803;Baixo;PERSONAL;RENT
22;42996;7,0;12000;13,79;0,28;4;0,2790957298353335;1;3;0;1;0;0;0;0;0;1;0;0;0;1;1;0,9764559535163224;Muito Alto;HOMEIMPROVEMENT;MORTGAGE
33;75000;5,0;17000;6,54;0,23;5;0,2266666666666666;0;1;0;0;0;1;0;0;0;1;0;0;0;0;0;0,0002095091809712;Muito Baixo;HOMEIMPROVEMENT;OWN
32;32004;10,0;10400;15,27;0,32;9;0,3249593800774903;1;3;0;0;0;0;1;1;0;0;0;0;0;1;1;0,9843025293714875;Muito Alto;DEBTCONSOLIDATION;RENT
33;33000;0,0;7500;11,34;0,23;9;0,2272727272727272;1;3;0;0;0;0;1;0;0;0;0;1;0;0;0;0,272479815112257;Baixo;PERSONAL;RENT
34;74000;13,0;10000;15,96;0,14;10;0,1351351351351351;1;3;1;1;0;0;0;0;0;0;0;0;1;1;0;0,2217097744142991;Baixo;VENTURE;MORTGAGE
25;62400;7,0;4000;18,39;0,06;2;0,0641025641025641;1;5;1;0;0;1;0;0;0;0;0;1;0;1;0;0,3030121282005456;Baixo;PERSONAL;OWN
38;36000;1,0;8400;13,22;0,23;16;0,2333333333333333;1;3;0;0;0;0;1;0;0;0;1;0;0;0;0;0,0994778852864187;Muito Baixo;MEDICAL;RENT
35;153000;13,0;9500;11,99;0,06;10;0,0620915032679738;1;2;0;1;0;0;0;0;0;0;0;1;0;0;0;0,0397059473045076;Muito Baixo;PERSONAL;MORTGAGE
45;28320;1,0;3000;10,99;0,11;11;0,1059322033898305;0;2;0;0;0;0;1;0;0;0;1;0;0;0;0;0,0502377684461748;Muito Baixo;MEDICAL;RENT
40;44000;0,0;6000;7,49;0,14;12;0,1363636363636363;0;1;0;0;0;0;1;0;0;0;0;1;0;1;0;0,1080522408338037;Muito Baixo;PERSONAL;RENT
23;81600;7,0;9000;7,49;0,11;4;0,1102941176470588;0;1;0;1;0;0;0;1;0;0;0;0;0;0;0;0,0398806578956431;Muito Baixo;DEBTCONSOLIDATION;MORTGAGE
33;118000;12,0;35000;17,49;0,3;7;0,2966101694915254;1;4;1;1;0;0;0;1;0;0;0;0;0;1;1;0,995293692534157;Muito Alto;DEBTCONSOLIDATION;MORTGAGE
23;77705;4,0;4000;16,77;0,05;4;0,0514767389485876;1;5;1;1;0;0;0;0;1;0;0;0;0;0;0;0,0991182728005589;Muito Baixo;EDUCATION;MORTGAGE
23;120000;2,0;6000;6,76;0,05;3;0,05;0;1;0;1;0;0;0;0;1;0;0;0;0;0;0;0,0044051719547271;Muito Baixo;EDUCATION;MORTGAGE
26;60996;6,0;3000;12,22;0,05;4;0,0491835530198701;1;3;1;0;0;0;1;0;0;1;0;0;0;0;0;0,1165610325489994;Muito Baixo;HOMEIMPROVEMENT;RENT
21;59000;5,0;25000;9,99;0,42;4;0,423728813559322;0;2;0;1;0;0;0;0;0;0;1;0;0;1;0;0,2977706757253602;Baixo;MEDICAL;MORTGAGE
25;32500;5,0;7350;13,43;0,23;3;0,2261538461538461;1;3;1;0;0;0;1;0;0;0;1;0;0;0;0;0,1512619257060798;Muito Baixo;MEDICAL;RENT
25;57000;5,0;6000;8,0;0,11;3;0,1052631578947368;0;1;0;0;0;0;1;0;0;0;0;1;0;0;0;0,0688403498760951;Muito Baixo;PERSONAL;RENT
25;80000;9,0;23000;13,48;0,29;2;0,2875;1;3;0;0;0;0;1;0;0;0;0;0;1;0;0;0,068094439351316;Muito Baixo;VENTURE;RENT
41;82000;18,0;12000;7,51;0,15;17;0,1463414634146341;0;1;0;1;0;0;0;0;0;1;0;0;0;0;0;0,0094132124927228;Muito Baixo;HOMEIMPROVEMENT;MORTGAGE
26;46800;0,0;5000;12,87;0,11;4;0,1068376068376068;1;3;0;1;0;0;0;0;0;0;1;0;0;1;0;0,2583923692704865;Baixo;MEDICAL;MORTGAGE
32;45000;16,0;6000;7,49;0,13;6;0,1333333333333333;0;1;0;1;0;0;0;0;0;0;0;1;0;0;0;0,0320677475664186;Muito Baixo;PERSONAL;MORTGAGE
41;17000;0,0;1500;15,23;0,09;13;0,088235294117647;1;3;0;0;0;0;1;0;0;0;0;1;0;1;1;0,7455170883325021;Alto;PERSONAL;RENT
27;40000;4,0;3500;9,63;0,09;9;0,0875;0;1;0;1;0;0;0;0;1;0;0;0;0;0;0;0,0779665784061412;Muito Baixo;EDUCATION;MORTGAGE
26;139992;0,0;14400;10,99;0,1;4;0,1028630207440425;0;2;0;1;0;0;0;0;1;0;0;0;0;0;0;0,0389578762820415;Muito Baixo;EDUCATION;MORTGAGE
23;54000;7,0;12000;13,48;0,22;3;0,2222222222222222;1;3;1;0;0;0;1;0;0;0;0;1;0;0;0;0,2723507630367366;Baixo;PERSONAL;RENT
25;80004;4,0;12000;10,36;0,15;3;0,1499925003749812;0;2;0;0;0;0;1;0;0;1;0;0;0;0;0;0,0798045382289499;Muito Baixo;HOMEIMPROVEMENT;RENT
34;41600;16,0;17500;6,17;0,42;8;0,4206730769230769;0;1;0;1;0;0;0;1;0;0;0;0;0;0;0;0,0531367400921355;Muito Baixo;DEBTCONSOLIDATION;MORTGAGE
22;50000;4,0;6000;10,65;0,12;2;0,12;0;2;0;0;0;0;1;0;0;0;1;0;0;0;0;0,0408575747460371;Muito Baixo;MEDICAL;RENT
28;140000;12,0;15000;8,88;0,11;5;0,1071428571428571;0;2;0;1;0;0;0;0;0;0;1;0;0;0;0;0,0326974321064988;Muito Baixo;MEDICAL;MORTGAGE
33;57500;2,0;2000;10,99;0,03;5;0,0347826086956521;0;2;0;0;0;0;1;1;0;0;0;0;0;0;0;0,0375695655395759;Muito Baixo;DEBTCONSOLIDATION;RENT
26;33800;4,0;13000;13,57;0,38;4;0,3846153846153846;1;3;0;0;0;0;1;0;1;0;0;0;0;1;1;0,99676214100034;Muito Alto;EDUCATION;RENT
22;60000;6,0;2500;15,99;0,04;3;0,0416666666666666;1;4;0;1;0;0;0;0;1;0;0;0;0;0;0;0,0635278232378165;Muito Baixo;EDUCATION;MORTGAGE
22;48000;7,0;7200;12,69;0,15;2;0,15;1;2;0;0;0;0;1;0;0;0;0;1;0;0;0;0,1151522187088195;Muito Baixo;PERSONAL;RENT
28;95000;9,0;5000;13,48;0,05;7;0,0526315789473684;1;3;1;1;0;0;0;0;0;0;1;0;0;0;0;0,026479496953248;Muito Baixo;MEDICAL;MORTGAGE
30;65000;3,0;10000;12,73;0,15;6;0,1538461538461538;1;3;1;0;0;0;1;0;0;0;0;1;0;0;0;0,0489306606743279;Muito Baixo;PERSONAL;RENT
32;44500;16,0;6000;8,9;0,13;9;0,1348314606741573;0;1;0;1;0;0;0;0;0;0;0;0;1;0;0;0,0011825007528822;Muito Baixo;VENTURE;MORTGAGE
25;84000;8,0;8500;11,83;0,1;3;0,1011904761904761;1;2;0;1;0;0;0;0;0;0;0;1;0;0;0;0,1302743310140012;Muito Baixo;PERSONAL;MORTGAGE
27;125000;7,0;20000;15,31;0,16;5;0,16;1;4;1;1;0;0;0;0;0;1;0;0;0;0;0;0,0915325573928672;Muito Baixo;HOMEIMPROVEMENT;MORTGAGE
22;40000;2,0;10000;6,03;0,25;3;0,25;0;1;0;1;0;0;0;0;1;0;0;0;0;0;0;0,0144123315679487;Muito Baixo;EDUCATION;MORTGAGE
32;65000;6,0;5600;11,58;0,09;5;0,0861538461538461;1;2;0;1;0;0;0;0;0;0;0;1;0;0;0;0,07474590042435;Muito Baixo;PERSONAL;MORTGAGE
53;85000;2,0;8000;7,74;0,09;26;0,0941176470588235;0;1;0;0;0;0;1;0;0;0;0;1;0;0;0;0,0169974743903644;Muito Baixo;PERSONAL;RENT
48;94050;1,0;23000;14,96;0,24;16;0,2445507708665603;1;4;1;1;0;0;0;1;0;0;0;0;0;1;1;0,9985800284814924;Muito Alto;DEBTCONSOLIDATION;MORTGAGE
23;51000;7,0;10000;7,14;0,2;2;0,196078431372549;0;1;0;1;0;0;0;0;0;0;1;0;0;0;0;0,0989390179698689;Muito Baixo;MEDICAL;MORTGAGE
29;124000;13,0;8100;7,51;0,07;7;0,0653225806451612;0;1;0;1;0;0;0;0;0;0;1;0;0;0;0;0,0081006512690234;Muito Baixo;MEDICAL;MORTGAGE
38;24000;0,0;4400;14,09;0,18;14;0,1833333333333333;1;4;0;0;0;0;1;0;0;1;0;0;0;1;1;0,9809445363511664;Muito Alto;HOMEIMPROVEMENT;RENT
29;89000;1,0;28800;7,49;0,32;6;0,3235955056179775;0;1;0;0;0;0;1;0;1;0;0;0;0;1;1;0,989349669925184;Muito Alto;EDUCATION;RENT
26;175000;2,0;3000;8,94;0,02;3;0,0171428571428571;0;1;0;1;0;0;0;1;0;0;0;0;0;0;0;0,0073408877048909;Muito Baixo;DEBTCONSOLIDATION;MORTGAGE
25;33000;9,0;3200;5,42;0,1;4;0,0969696969696969;0;1;0;0;0;0;1;0;0;0;1;0;0;0;0;0,0352564824340044;Muito Baixo;MEDICAL;RENT
23;60495;8,0;6000;7,49;0,1;3;0,0991817505578973;0;1;0;0;0;0;1;0;0;0;1;0;0;0;0;0,0270740716399516;Muito Baixo;MEDICAL;RENT
22;28000;5,0;8500;6,17;0,3;2;0,3035714285714285;0;1;0;1;0;0;0;0;1;0;0;0;0;0;0;0,0324074542871852;Muito Baixo;EDUCATION;MORTGAGE
32;51250;2,0;11000;7,29;0,21;5;0,2146341463414634;0;1;0;0;0;0;1;0;0;0;1;0;0;0;0;0,0356558264054456;Muito Baixo;MEDICAL;RENT
22;70000;6,0;6000;7,14;0,09;4;0,0857142857142857;0;1;0;1;0;0;0;0;1;0;0;0;0;0;0;0,0133085819289067;Muito Baixo;EDUCATION;MORTGAGE
36;50700;2,0;8000;10,99;0,16;17;0,1577909270216962;0;2;0;0;0;0;1;0;0;1;0;0;0;0;0;0,0617540856677657;Muito Baixo;HOMEIMPROVEMENT;RENT
33;82000;2,0;20000;10,99;0,24;10;0,2439024390243902;0;2;0;1;0;0;0;0;0;0;0;1;0;0;0;0,0454221846356405;Muito Baixo;PERSONAL;MORTGAGE
52;36000;8,0;11200;12,18;0,31;29;0,3111111111111111;1;2;0;0;0;0;1;1;0;0;0;0;0;1;1;0,9935706901324824;Muito Alto;DEBTCONSOLIDATION;RENT
24;48000;0,0;4400;11,83;0,09;2;0,0916666666666666;1;2;0;1;0;0;0;0;1;0;0;0;0;0;0;0,1155776206039563;Muito Baixo;EDUCATION;MORTGAGE
40;120000;6,0;9600;10,59;0,08;14;0,08;0;2;0;1;0;0;0;0;0;0;0;1;0;0;0;0,0559991613474701;Muito Baixo;PERSONAL;MORTGAGE
33;130050;0,0;10000;14,61;0,07;7;0,0768935024990388;1;4;1;1;0;0;0;0;0;0;1;0;0;1;1;0,997381155327656;Muito Alto;MEDICAL;MORTGAGE
25;57200;1,0;2400;7,49;0,04;2;0,0419580419580419;0;1;0;1;0;0;0;0;1;0;0;0;0;0;0;0,0560432744600888;Muito Baixo;EDUCATION;MORTGAGE
24;75000;6,0;15000;11,71;0,2;4;0,2;1;2;0;0;0;0;1;0;0;0;0;1;0;0;0;0,0898372842395062;Muito Baixo;PERSONAL;RENT
23;56000;4,0;6000;5,99;0,11;2;0,1071428571428571;0;1;0;1;0;0;0;0;0;0;0;0;1;0;0;0,0006242982205929;Muito Baixo;VENTURE;MORTGAGE
24;63996;8,0;14400;9,63;0,23;4;0,2250140633789611;0;1;0;1;0;0;0;0;0;0;1;0;0;0;0;0,4115028077629136;Moderado;MEDICAL;MORTGAGE
25;42000;2,0;4800;13,22;0,11;4;0,1142857142857142;1;3;0;0;0;0;1;1;0;0;0;0;0;0;0;0,1514266042609457;Muito Baixo;DEBTCONSOLIDATION;RENT
31;21000;15,0;11000;8,59;0,52;6;0,5238095238095238;0;1;0;0;0;0;1;0;0;0;1;0;0;1;1;0,9955144392471524;Muito Alto;MEDICAL;RENT
31;30000;0,0;6600;16,49;0,22;8;0,22;1;4;1;0;0;0;1;0;1;0;0;0;0;1;1;0,9559359872837604;Muito Alto;EDUCATION;RENT
28;48000;4,0;3500;15,21;0,07;10;0,0729166666666666;1;4;1;0;0;0;1;0;0;0;1;0;0;0;0;0,4745871987809646;Moderado;MEDICAL;RENT
26;28000;6,0;5100;11,89;0,18;4;0,1821428571428571;1;2;0;0;0;0;1;0;1;0;0;0;0;0;0;0,1725655066605234;Muito Baixo;EDUCATION;RENT
23;85000;4,0;16000;6,03;0,19;3;0,188235294117647;0;1;0;0;0;0;1;0;0;0;0;0;1;0;0;0,0004194340494849;Muito Baixo;VENTURE;RENT
30;52000;2,0;18500;10,91;0,36;7;0,3557692307692308;0;3;0;1;0;0;0;0;0;0;0;1;0;0;0;0,1661986451305127;Muito Baixo;PERSONAL;MORTGAGE
30;68000;5,0;16000;14,09;0,24;5;0,2352941176470588;1;4;0;0;0;0;1;0;1;0;0;0;0;0;0;0,2300467581794717;Baixo;EDUCATION;RENT
23;24000;2,0;2800;11,49;0,12;3;0,1166666666666666;1;2;0;0;0;0;1;0;0;0;1;0;0;1;0;0,2019184778043731;Baixo;MEDICAL;RENT
23;55000;7,0;5200;8,9;0,09;4;0,0945454545454545;0;1;0;1;0;0;0;0;0;0;0;0;1;0;0;0,001096196039838;Muito Baixo;VENTURE;MORTGAGE
25;65000;0,0;10000;10,95;0,15;2;0,1538461538461538;0;2;0;0;0;0;1;0;1;0;0;0;0;0;0;0,0385080875401136;Muito Baixo;EDUCATION;RENT
21;30000;4,0;6000;7,51;0,2;3;0,2;0;1;0;0;0;0;1;0;0;0;1;0;0;0;0;0,1259493458541779;Muito Baixo;MEDICAL;RENT
34;68000;5,0;14400;8,59;0,21;5;0,2117647058823529;0;1;0;0;0;0;1;0;0;1;0;0;0;0;0;0,08789346353413;Muito Baixo;HOMEIMPROVEMENT;RENT
23;66000;1,0;20000;14,11;0,3;3;0,303030303030303;1;4;0;0;0;0;1;0;0;0;0;0;1;1;1;0,9365621698177258;Muito Alto;VENTURE;RENT
33;125000;8,0;10975;6,99;0,09;9;0,0878;0;1;0;1;0;0;0;0;0;1;0;0;0;0;0;0,0104458390517648;Muito Baixo;HOMEIMPROVEMENT;MORTGAGE
24;120000;1,0;25000;13,99;0,21;4;0,2083333333333333;1;4;0;1;0;0;0;0;1;0;0;0;0;0;0;0,1490749561655162;Muito Baixo;EDUCATION;MORTGAGE
23;45000;2,0;1700;14,72;0,04;2;0,0377777777777777;1;3;0;0;0;0;1;0;1;0;0;0;0;0;0;0,1121151709288908;Muito Baixo;EDUCATION;RENT
29;84000;8,0;10000;7,49;0,12;8;0,119047619047619;0;1;0;1;0;0;0;0;0;0;0;0;1;0;0;0,0006914924757076;Muito Baixo;VENTURE;MORTGAGE
23;20400;3,0;3125;12,61;0,15;3;0,1531862745098039;1;3;0;0;0;0;1;0;0;0;0;1;0;0;0;0,2559828596222077;Baixo;PERSONAL;RENT
23;36000;2,0;12000;10,74;0,33;4;0,3333333333333333;0;2;0;1;0;0;0;0;0;0;0;0;1;0;0;0,0050923027057775;Muito Baixo;VENTURE;MORTGAGE
25;35196;2,0;6000;14,54;0,17;3;0,1704739174906239;1;4;0;0;0;0;1;0;0;0;1;0;0;1;1;0,9773485981068084;Muito Alto;MEDICAL;RENT
29;88000;9,0;25000;14,46;0,28;10;0,2840909090909091;1;4;1;0;0;0;1;0;0;0;0;1;0;1;0;0,2095387139546847;Baixo;PERSONAL;RENT
30;62000;7,0;9600;11,99;0,15;8;0,1548387096774193;1;2;0;1;0;0;0;0;0;0;0;1;0;0;0;0,1038113322856087;Muito Baixo;PERSONAL;MORTGAGE
25;82560;6,0;4500;7,42;0,05;4;0,0545058139534883;0;1;0;0;0;0;1;1;0;0;0;0;0;0;0;0,0287560254443369;Muito Baixo;DEBTCONSOLIDATION;RENT
37;74400;21,0;7500;7,05;0,1;14;0,1008064516129032;0;1;0;0;0;1;0;0;0;0;0;0;1;0;0;2,892583313381696e-05;Muito Baixo;VENTURE;OWN
31;66000;9,0;22000;16,63;0,33;5;0,3333333333333333;1;5;1;1;0;0;0;0;0;0;0;0;1;0;0;0,2588009674693998;Baixo;VENTURE;MORTGAGE
23;78000;0,0;10000;6,62;0,13;2;0,1282051282051282;0;1;0;1;0;0;0;0;0;0;1;0;0;0;0;0,0206081406063662;Muito Baixo;MEDICAL;MORTGAGE
27;52000;8,0;1800;12,98;0,03;8;0,0346153846153846;1;3;0;1;0;0;0;0;0;0;0;0;1;0;0;0,078147528623061;Muito Baixo;VENTURE;MORTGAGE
34;78000;5,0;18000;8,9;0,23;9;0,2307692307692307;0;1;0;0;0;0;1;0;1;0;0;0;0;0;0;0,0931181373561784;Muito Baixo;EDUCATION;RENT
23;54860;0,0;5000;14,17;0,09;4;0,0911410864017499;1;3;0;0;0;0;1;0;0;0;0;1;0;0;0;0,085380056197389;Muito Baixo;PERSONAL;RENT
29;62000;4,0;20000;13,48;0,32;10;0,3225806451612903;1;3;1;1;0;0;0;0;0;1;0;0;0;0;0;0,1702318874874235;Muito Baixo;HOMEIMPROVEMENT;MORTGAGE
28;58650;5,0;20000;14,91;0,29;10;0,3410059676044331;1;4;1;1;0;0;0;0;0;0;1;0;0;1;1;0,9948277597488236;Muito Alto;MEDICAL;MORTGAGE
26;69000;6,0;4200;6,62;0,06;3;0,0608695652173913;0;1;0;0;0;0;1;0;0;1;0;0;0;0;0;0,0476672403332969;Muito Baixo;HOMEIMPROVEMENT;RENT
24;61080;8,0;25000;10,59;0,41;3;0,4092992796332678;0;2;0;1;0;0;0;0;0;0;0;0;1;0;0;0,0032265842960768;Muito Baixo;VENTURE;MORTGAGE
23;36000;4,0;9000;11,11;0,25;4;0,25;1;2;0;0;0;0;1;1;0;0;0;0;0;0;0;0,1348987457667931;Muito Baixo;DEBTCONSOLIDATION;RENT
27;52000;11,0;3000;15,96;0,06;6;0,0576923076923076;1;3;1;1;0;0;0;0;0;1;0;0;0;1;0;0,2520590068244877;Baixo;HOMEIMPROVEMENT;MORTGAGE
33;43200;6,0;11350;7,88;0,26;7;0,2627314814814814;0;1;0;0;0;0;1;1;0;0;0;0;0;0;0;0,0425307771563256;Muito Baixo;DEBTCONSOLIDATION;RENT
28;115000;11,0;5000;7,51;0,04;7;0,0434782608695652;0;1;0;1;0;0;0;0;0;1;0;0;0;0;0;0,0290865035442034;Muito Baixo;HOMEIMPROVEMENT;MORTGAGE
26;41682;7,0;18000;13,22;0,43;3;0,4318410824816467;1;3;1;1;0;0;0;1;0;0;0;0;0;1;0;0,3711168689254923;Baixo;DEBTCONSOLIDATION;MORTGAGE
22;34000;5,0;7200;7,9;0,21;4;0,2117647058823529;0;1;0;0;0;0;1;0;0;0;0;0;1;0;0;0,0125204408222545;Muito Baixo;VENTURE;RENT
28;110000;3,0;4000;12,18;0,04;9;0,0363636363636363;1;2;0;0;0;0;1;1;0;0;0;0;0;0;0;0,0378740192626708;Muito Baixo;DEBTCONSOLIDATION;RENT
29;78996;0,0;15000;15,7;0,19;7;0,1898830320522558;1;4;1;0;0;0;1;0;0;1;0;0;0;1;1;0,8750398795080285;Muito Alto;HOMEIMPROVEMENT;RENT
26;98700;6,0;9600;13,06;0,1;3;0,0972644376899696;1;3;0;1;0;0;0;0;0;1;0;0;0;0;0;0,0957467987841931;Muito Baixo;HOMEIMPROVEMENT;MORTGAGE
26;40000;4,0;6000;10,99;0,15;2;0,15;0;2;0;0;0;0;1;0;1;0;0;0;0;0;0;0,082776363170627;Muito Baixo;EDUCATION;RENT
24;40000;2,0;6000;10,99;0,15;3;0,15;0;2;0;0;0;0;1;0;0;0;1;0;0;0;0;0,0337963585944719;Muito Baixo;MEDICAL;RENT
25;125000;9,0;6500;14,61;0,05;3;0,052;1;4;0;0;0;0;1;0;0;0;0;0;1;0;0;0,147193662342058;Muito Baixo;VENTURE;RENT
23;60000;3,0;12000;15,27;0,2;4;0,2;1;3;1;1;0;0;0;0;0;0;0;1;0;0;0;0,0442537029141336;Muito Baixo;PERSONAL;MORTGAGE
33;105000;6,0;5150;12,41;0,05;9;0,049047619047619;1;3;1;1;0;0;0;0;0;0;0;1;0;0;0;0,0647750338675382;Muito Baixo;PERSONAL;MORTGAGE
33;55000;5,0;15000;6,54;0,27;6;0,2727272727272727;0;1;0;1;0;0;0;0;0;0;0;1;0;0;0;0,0283392944314138;Muito Baixo;PERSONAL;MORTGAGE
27;117000;2,0;10000;8,0;0,09;10;0,0854700854700854;0;1;0;0;0;0;1;0;1;0;0;0;0;0;0;0,0202536179105843;Muito Baixo;EDUCATION;RENT
23;75000;4,0;16800;13,47;0,22;4;0,224;1;3;0;1;0;0;0;0;0;0;1;0;0;0;0;0,0811120530956688;Muito Baixo;MEDICAL;MORTGAGE
27;151000;11,0;20000;14,74;0,13;9;0,1324503311258278;1;4;1;1;0;0;0;1;0;0;0;0;0;1;1;0,9918191868904248;Muito Alto;DEBTCONSOLIDATION;MORTGAGE
25;38000;1,0;18800;10,99;0,49;3;0,4947368421052631;0;2;0;1;0;0;0;0;0;0;0;0;1;0;0;0,0043516978295229;Muito Baixo;VENTURE;MORTGAGE
25;58000;5,0;6900;7,66;0,12;4;0,1189655172413793;0;1;0;0;0;0;1;0;0;0;0;0;1;0;0;0,001142527868844;Muito Baixo;VENTURE;RENT
44;65004;3,0;25000;11,86;0,38;17;0,3845917174327734;1;2;0;1;0;0;0;0;1;0;0;0;0;0;0;0,2717604284301958;Baixo;EDUCATION;MORTGAGE
30;50000;3,0;10000;13,22;0,2;7;0,2;1;3;0;0;0;0;1;0;0;0;0;1;0;0;0;0,0418528094539555;Muito Baixo;PERSONAL;RENT
29;84996;13,0;6000;7,68;0,07;8;0,0705915572497529;0;1;0;1;0;0;0;1;0;0;0;0;0;0;0;0,0170452168678441;Muito Baixo;DEBTCONSOLIDATION;MORTGAGE
28;34000;1,0;4800;11,49;0,14;7;0,1411764705882353;1;2;0;0;0;0;1;0;0;0;0;0;1;0;0;0,0166181777165647;Muito Baixo;VENTURE;RENT
22;34000;4,0;3800;18,25;0,11;3;0,1117647058823529;1;4;1;0;0;0;1;0;0;0;1;0;0;1;1;0,988904935892934;Muito Alto;MEDICAL;RENT
21;62500;6,0;13200;7,9;0,21;3;0,2112;0;1;0;1;0;0;0;0;1;0;0;0;0;0;0;0,0274336489874786;Muito Baixo;EDUCATION;MORTGAGE
22;50000;7,0;4250;12,69;0,09;4;0,085;1;2;0;0;0;0;1;0;0;0;1;0;0;0;0;0,0797541678176487;Muito Baixo;MEDICAL;RENT
37;68480;2,0;3600;15,23;0,05;11;0,0525700934579439;1;3;1;0;0;0;1;0;0;0;1;0;0;0;0;0,1083487024099205;Muito Baixo;MEDICAL;RENT
21;35368;0,0;5100;12,99;0,14;2;0,1441981452160144;1;3;0;0;0;0;1;1;0;0;0;0;0;0;0;0,1004611309792437;Muito Baixo;DEBTCONSOLIDATION;RENT
22;22000;3,0;6500;7,49;0,3;4;0,2954545454545454;0;1;0;1;0;0;0;0;0;0;0;0;1;0;0;0,000527952442232;Muito Baixo;VENTURE;MORTGAGE
27;90000;3,0;10000;7,66;0,11;7;0,1111111111111111;0;1;0;0;0;0;1;1;0;0;0;0;0;0;0;0,0084096131857161;Muito Baixo;DEBTCONSOLIDATION;RENT
29;24996;2,0;8000;9,99;0,32;7;0,3200512081933109;0;2;0;0;0;1;0;0;0;0;0;0;1;0;0;0,0001361938320134;Muito Baixo;VENTURE;OWN
22;110000;7,0;8000;13,85;0,07;2;0,0727272727272727;1;3;0;1;0;0;0;1;0;0;0;0;0;0;0;0,125576606196963;Muito Baixo;DEBTCONSOLIDATION;MORTGAGE
24;30300;0,0;5000;7,74;0,17;2;0,165016501650165;0;1;0;1;0;0;0;0;0;0;1;0;0;0;0;0,0628410684588629;Muito Baixo;MEDICAL;MORTGAGE
22;24000;4,0;1300;5,42;0,05;3;0,0541666666666666;0;1;0;1;0;0;0;0;1;0;0;0;0;0;0;0,0566422408376447;Muito Baixo;EDUCATION;MORTGAGE
26;60000;10,0;1200;7,4;0,02;4;0,02;0;1;0;1;0;0;0;0;0;0;0;1;0;0;0;0,0108848385249928;Muito Baixo;PERSONAL;MORTGAGE
32;74280;4,0;6400;10,99;0,09;10;0,0861604738826063;0;2;0;1;0;0;0;1;0;0;0;0;0;0;0;0,1020032640351235;Muito Baixo;DEBTCONSOLIDATION;MORTGAGE
23;38400;7,0;4000;10,59;0,1;2;0,1041666666666666;0;2;0;0;0;0;1;0;0;0;0;1;0;0;0;0,1862764885752697;Muito Baixo;PERSONAL;RENT
36;160000;20,0;24000;14,96;0,15;14;0,15;1;4;1;0;0;1;0;0;0;0;0;0;1;0;0;0,0003321861658508;Muito Baixo;VENTURE;OWN
25;60000;3,0;7200;13,48;0,12;4;0,12;1;3;1;0;0;0;1;0;0;1;0;0;0;0;0;0,0533508512166327;Muito Baixo;HOMEIMPROVEMENT;RENT
27;35088;7,0;12000;8,94;0,34;8;0,3419972640218878;0;1;0;1;0;0;0;0;0;0;0;0;1;0;0;0,0016200623634548;Muito Baixo;VENTURE;MORTGAGE
24;52000;8,0;5000;10,99;0,1;3;0,0961538461538461;0;2;0;1;0;0;0;0;0;0;0;1;0;0;0;0,0767462415651649;Muito Baixo;PERSONAL;MORTGAGE
51;94368;4,0;5000;7,49;0,05;30;0,0529840623940318;0;1;0;1;0;0;0;0;0;0;0;1;0;0;0;0,0122062686155621;Muito Baixo;PERSONAL;MORTGAGE
22;67200;6,0;4800;16,7;0,07;2;0,0714285714285714;1;5;1;0;0;0;1;1;0;0;0;0;0;1;1;0,9906363287687782;Muito Alto;DEBTCONSOLIDATION;RENT
27;53000;6,0;5000;7,49;0,09;5;0,0943396226415094;0;1;0;1;0;0;0;0;0;0;0;1;0;0;0;0,063848006966661;Muito Baixo;PERSONAL;MORTGAGE
25;58000;3,0;6000;12,18;0,1;4;0,1034482758620689;1;2;0;0;0;0;1;0;0;0;1;0;0;0;0;0,1544395026294496;Muito Baixo;MEDICAL;RENT
34;41300;18,0;10000;13,48;0,24;6;0,2421307506053268;1;3;1;0;0;0;1;0;1;0;0;0;0;0;0;0,1757794708079119;Muito Baixo;EDUCATION;RENT
21;31000;5,0;7500;5,42;0,24;4;0,2419354838709677;0;1;0;1;0;0;0;0;1;0;0;0;0;0;0;0,0698761584113124;Muito Baixo;EDUCATION;MORTGAGE
22;67000;6,0;4000;6,76;0,06;3;0,0597014925373134;0;1;0;1;0;0;0;0;0;0;0;0;1;0;0;0,0005813694267;Muito Baixo;VENTURE;MORTGAGE
26;38400;7,0;3200;13,49;0,08;2;0,0833333333333333;1;3;0;0;0;0;1;0;0;0;0;1;0;0;0;0,2272654485872177;Baixo;PERSONAL;RENT
25;140000;10,0;22000;8,88;0,16;3;0,1571428571428571;0;2;0;1;0;0;0;0;0;0;1;0;0;0;0;0,0180939330627899;Muito Baixo;MEDICAL;MORTGAGE
22;57000;2,0;5950;13,49;0,1;3;0,1043859649122807;1;3;1;1;0;0;0;0;0;0;1;0;0;0;0;0,1961111430956189;Muito Baixo;MEDICAL;MORTGAGE
36;62000;0,0;6000;12,99;0,1;13;0,0967741935483871;1;3;0;1;0;0;0;0;0;0;0;0;1;0;0;0,0659505020374142;Muito Baixo;VENTURE;MORTGAGE
39;134000;4,0;25000;10,25;0,19;17;0,1865671641791045;0;2;0;1;0;0;0;0;0;0;0;0;1;0;0;0,0008165437139284;Muito Baixo;VENTURE;MORTGAGE
26;110000;2,0;12000;10,74;0,11;4;0,109090909090909;0;2;0;1;0;0;0;0;0;1;0;0;0;0;0;0,0308320789649334;Muito Baixo;HOMEIMPROVEMENT;MORTGAGE
24;56100;7,0;25000;16,49;0,38;4;0,445632798573975;1;4;0;0;0;0;1;0;0;0;1;0;0;1;1;0,9997808616589664;Muito Alto;MEDICAL;RENT
31;52000;7,0;5000;7,51;0,1;8;0,0961538461538461;0;1;0;1;0;0;0;1;0;0;0;0;0;0;0;0,0486288930227064;Muito Baixo;DEBTCONSOLIDATION;MORTGAGE
28;165000;5,0;12400;11,26;0,08;8;0,0751515151515151;1;2;0;1;0;0;0;1;0;0;0;0;0;0;0;0,0679195096082381;Muito Baixo;DEBTCONSOLIDATION;MORTGAGE
29;50000;3,0;4200;9,91;0,08;5;0,084;0;2;0;0;0;1;0;0;0;1;0;0;0;0;0;0,0005784138276515;Muito Baixo;HOMEIMPROVEMENT;OWN
31;96713;3,0;7000;8,0;0,07;6;0,0723791010515649;0;1;0;1;0;0;0;1;0;0;0;0;0;0;0;0,0141186745089313;Muito Baixo;DEBTCONSOLIDATION;MORTGAGE
30;96000;4,0;12900;14,79;0,13;9;0,134375;1;3;0;0;0;0;1;0;0;0;0;1;0;0;0;0,0597791727901005;Muito Baixo;PERSONAL;RENT
25;108000;8,0;15000;6,62;0,14;2;0,1388888888888889;0;1;0;1;0;0;0;0;0;0;0;0;1;0;0;0,0005975119096684;Muito Baixo;VENTURE;MORTGAGE
42;75000;12,0;14000;6,03;0,19;14;0,1866666666666666;0;1;0;0;0;0;1;0;0;1;0;0;0;0;0;0,0163992357597665;Muito Baixo;HOMEIMPROVEMENT;RENT
26;57240;3,0;9000;7,51;0,16;3;0,1572327044025157;0;1;0;0;0;0;1;0;0;0;0;0;1;0;0;0,0015862547393548;Muito Baixo;VENTURE;RENT
26;50004;10,0;5000;9,32;0,1;2;0,0999920006399488;0;1;0;1;0;0;0;0;1;0;0;0;0;0;0;0,0933129464273389;Muito Baixo;EDUCATION;MORTGAGE
51;38000;7,0;13000;12,42;0,34;18;0,3421052631578947;1;2;0;0;0;0;1;0;0;0;0;1;0;1;1;0,9955861384698804;Muito Alto;PERSONAL;RENT
27;48000;2,0;4000;6,03;0,08;6;0,0833333333333333;0;1;0;0;0;0;1;0;0;1;0;0;0;1;0;0,2778027118585803;Baixo;HOMEIMPROVEMENT;RENT
27;40000;4,0;10000;15,31;0,25;10;0,25;1;4;1;0;0;0;1;0;0;0;0;0;1;0;0;0,2569769850947868;Baixo;VENTURE;RENT
22;48000;6,0;10000;13,49;0,21;4;0,2083333333333333;1;3;1;1;0;0;0;1;0;0;0;0;0;0;0;0,1335234047400375;Muito Baixo;DEBTCONSOLIDATION;MORTGAGE
31;32400;2,0;20500;11,03;0,63;6;0,6327160493827161;1;3;1;0;0;0;1;1;0;0;0;0;0;1;1;0,9888801185886996;Muito Alto;DEBTCONSOLIDATION;RENT
34;76000;13,0;20000;17,74;0,26;5;0,2631578947368421;1;5;0;1;0;0;0;1;0;0;0;0;0;1;1;0,9980740996451952;Muito Alto;DEBTCONSOLIDATION;MORTGAGE
28;54400;1,0;8000;15,65;0,13;10;0,1470588235294117;1;4;0;0;0;0;1;0;0;0;1;0;0;1;1;0,99707502292572;Muito Alto;MEDICAL;RENT
23;75000;5,0;6400;5,42;0,09;3;0,0853333333333333;0;1;0;1;0;0;0;0;0;0;0;0;1;0;0;0,0003033238716862;Muito Baixo;VENTURE;MORTGAGE
35;94500;0,0;12000;6,62;0,13;7;0,1269841269841269;0;1;0;1;0;0;0;0;0;0;1;0;0;0;0;0,0068367547029131;Muito Baixo;MEDICAL;MORTGAGE
32;95000;12,0;9000;5,42;0,09;7;0,0947368421052631;0;1;0;1;0;0;0;0;1;0;0;0;0;0;0;0,0054688717668345;Muito Baixo;EDUCATION;MORTGAGE
21;52244;5,0;4000;13,48;0,07;2;0,0765638159405864;1;3;0;1;0;0;0;0;0;0;1;0;0;1;0;0,3313542054657515;Baixo;MEDICAL;MORTGAGE
26;49000;10,0;14000;7,88;0,29;2;0,2857142857142857;0;1;0;1;0;0;0;0;1;0;0;0;0;0;0;0,3017228034884132;Baixo;EDUCATION;MORTGAGE
26;108000;3,0;13000;15,99;0,12;3;0,1203703703703703;1;4;1;0;0;0;1;0;0;1;0;0;0;1;0;0,1593301467958428;Muito Baixo;HOMEIMPROVEMENT;RENT
34;138571;18,0;25000;14,59;0,18;8;0,1804129291121519;1;4;0;1;0;0;0;0;0;0;0;1;0;0;0;0,1170736858775661;Muito Baixo;PERSONAL;MORTGAGE
47;80000;2,0;10000;6,54;0,13;13;0,125;0;1;0;1;0;0;0;0;1;0;0;0;0;0;0;0,0112375009698891;Muito Baixo;EDUCATION;MORTGAGE
31;135000;14,0;15000;10,75;0,11;6;0,1111111111111111;0;2;0;1;0;0;0;0;0;0;0;1;0;0;0;0,0538152162342352;Muito Baixo;PERSONAL;MORTGAGE
27;20160;4,0;5300;7,49;0,26;6;0,2628968253968254;0;1;0;0;0;0;1;1;0;0;0;0;0;0;0;0,2114675325537418;Baixo;DEBTCONSOLIDATION;RENT
22;25788;2,0;3500;12,18;0,14;2;0,1357220412595005;1;2;0;0;0;1;0;0;0;0;0;0;1;0;0;4,043901618618688e-05;Muito Baixo;VENTURE;OWN
49;64600;4,0;10000;16,49;0,13;12;0,1547987616099071;1;4;0;1;0;0;0;0;0;0;1;0;0;1;1;0,9966759245581904;Muito Alto;MEDICAL;MORTGAGE
21;14400;2,0;1825;15,62;0,13;2;0,1267361111111111;1;4;1;0;0;0;1;0;0;0;0;1;0;1;1;0,9841789197106032;Muito Alto;PERSONAL;RENT
27;44004;2,0;6000;17,19;0,14;5;0,1363512407962912;1;5;1;0;0;0;1;0;0;0;0;1;0;1;1;0,9858838539510076;Muito Alto;PERSONAL;RENT
25;90000;4,0;10000;10,0;0,11;2;0,1111111111111111;0;2;0;1;0;0;0;0;0;0;0;0;1;0;0;0,0007920455294898;Muito Baixo;VENTURE;MORTGAGE
24;148000;0,0;15000;16,82;0,1;3;0,1013513513513513;1;5;0;0;0;0;1;1;0;0;0;0;0;1;1;0,9993360949480106;Muito Alto;DEBTCONSOLIDATION;RENT
34;52809;18,0;13000;10,62;0,25;8;0,2461701603893275;0;2;0;0;0;0;1;1;0;0;0;0;0;0;0;0,0480935452095569;Muito Baixo;DEBTCONSOLIDATION;RENT
36;33600;4,0;15000;18,39;0,45;16;0,4464285714285714;1;5;0;0;0;1;0;0;0;0;0;0;1;0;0;0,4710968624272991;Moderado;VENTURE;OWN
30;45000;2,0;13250;7,9;0,29;10;0,2944444444444444;0;1;0;0;0;0;1;0;0;0;0;0;1;0;0;0,0010023866097131;Muito Baixo;VENTURE;RENT
30;23000;5,0;14000;7,88;0,61;6;0,6086956521739131;0;1;0;0;0;0;1;0;0;0;0;0;1;1;1;0,9989680850402548;Muito Alto;VENTURE;RENT
33;150000;14,0;21000;11,83;0,14;9;0,14;1;2;0;0;0;1;0;0;0;0;0;0;1;0;0;3,132929537408716e-05;Muito Baixo;VENTURE;OWN
30;33736;5,0;13600;13,57;0,4;9;0,4031301873369694;1;3;1;0;0;0;1;0;0;0;1;0;0;1;1;0,9966995473068664;Muito Alto;MEDICAL;RENT
28;78000;4,0;10000;15,99;0,13;7;0,1282051282051282;1;4;1;1;0;0;0;0;0;0;0;0;1;1;0;0,1543588732453525;Muito Baixo;VENTURE;MORTGAGE
26;44000;0,0;3000;7,49;0,07;4;0,0681818181818181;0;1;0;0;0;0;1;0;0;1;0;0;0;1;1;0,5231963023210642;Moderado;HOMEIMPROVEMENT;RENT
25;100500;5,0;9000;10,99;0,09;4;0,0895522388059701;0;2;0;0;0;0;1;0;0;0;0;1;0;0;0;0,0666369631082025;Muito Baixo;PERSONAL;RENT
24;60996;8,0;5000;7,49;0,08;2;0,0819725883664502;0;1;0;0;0;0;1;0;0;1;0;0;0;0;0;0,0558299497867981;Muito Baixo;HOMEIMPROVEMENT;RENT
22;30000;3,0;3000;11,12;0,1;3;0,1;1;2;0;0;0;0;1;0;0;0;0;1;0;0;0;0,2528981291140019;Baixo;PERSONAL;RENT
23;67000;7,0;6400;13,48;0,1;3;0,0955223880597015;1;3;0;0;0;1;0;0;0;0;0;1;0;0;0;0,0008922523093047;Muito Baixo;PERSONAL;OWN
24;38000;8,0;8000;11,49;0,21;2;0,2105263157894736;1;2;0;0;0;0;1;0;0;0;1;0;0;0;0;0,0974540710933807;Muito Baixo;MEDICAL;RENT
32;55000;14,0;16000;10,59;0,29;7;0,2909090909090909;0;2;0;1;0;0;0;0;0;1;0;0;0;1;0;0,0999221911821696;Muito Baixo;HOMEIMPROVEMENT;MORTGAGE
37;25000;6,0;7500;10,99;0,3;17;0,3;0;2;0;0;0;0;1;0;0;0;1;0;0;0;0;0,0358117904585008;Muito Baixo;MEDICAL;RENT
29;65000;5,0;10000;8,49;0,15;10;0,1538461538461538;0;1;0;1;0;0;0;0;1;0;0;0;0;0;0;0,0259671807919403;Muito Baixo;EDUCATION;MORTGAGE
31;80000;7,0;25000;9,99;0,31;10;0,3125;0;2;0;1;0;0;0;0;0;0;0;1;0;0;0;0,0420777875275757;Muito Baixo;PERSONAL;MORTGAGE
23;36000;6,0;9000;10,78;0,25;4;0,25;0;3;1;0;0;0;1;0;0;0;0;0;1;0;0;0,1693537801816468;Muito Baixo;VENTURE;RENT
32;79872;4,0;12000;12,68;0,15;10;0,1502403846153846;1;3;0;1;0;0;0;1;0;0;0;0;0;0;0;0,0742795726331647;Muito Baixo;DEBTCONSOLIDATION;MORTGAGE
24;52000;8,0;5000;8,32;0,1;2;0,0961538461538461;0;1;0;1;0;0;0;0;0;0;0;1;0;0;0;0,1021724228481587;Muito Baixo;PERSONAL;MORTGAGE
22;44000;3,0;12000;11,86;0,27;2;0,2727272727272727;1;2;0;0;0;0;1;1;0;0;0;0;0;1;0;0,2446611597762414;Baixo;DEBTCONSOLIDATION;RENT
32;50000;1,0;14800;10,83;0,3;5;0,296;0;2;0;0;0;0;1;0;0;0;1;0;0;0;0;0,0302414451318067;Muito Baixo;MEDICAL;RENT
32;60000;3,0;2375;11,83;0,04;7;0,0395833333333333;1;2;0;0;0;0;1;0;0;0;1;0;0;0;0;0,0496703501057223;Muito Baixo;MEDICAL;RENT
25;51000;0,0;9600;13,48;0,19;2;0,188235294117647;1;3;1;0;0;0;1;0;0;0;1;0;0;0;0;0,0336962033629827;Muito Baixo;MEDICAL;RENT
31;50268;4,0;12000;12,61;0,24;9;0,23872045834328;1;4;0;1;0;0;0;0;0;0;0;1;0;0;0;0,1588782044493693;Muito Baixo;PERSONAL;MORTGAGE
24;82440;8,0;14700;8,49;0,18;4;0,1783114992721979;0;1;0;0;0;0;1;1;0;0;0;0;0;0;0;0,106030642520736;Muito Baixo;DEBTCONSOLIDATION;RENT
22;52000;3,0;12750;18,25;0,25;4;0,2451923076923076;1;4;0;0;0;0;1;0;0;0;1;0;0;1;1;0,9754615198215024;Muito Alto;MEDICAL;RENT
24;12480;1,0;7350;6,92;0,59;2;0,5889423076923077;0;1;0;0;0;0;1;0;0;0;0;0;1;1;1;0,9999392499027052;Muito Alto;VENTURE;RENT
32;65000;12,0;12000;7,88;0,18;5;0,1846153846153846;0;1;0;1;0;0;0;0;0;0;0;0;1;0;0;0,0005013168147857;Muito Baixo;VENTURE;MORTGAGE
36;150000;20,0;10000;7,49;0,07;14;0,0666666666666666;0;1;0;1;0;0;0;0;0;0;1;0;0;0;0;0,0354279910056825;Muito Baixo;MEDICAL;MORTGAGE
31;121000;15,0;18400;15,31;0,15;10;0,1520661157024793;1;4;1;0;0;0;1;0;0;1;0;0;0;0;0;0,1227404494839745;Muito Baixo;HOMEIMPROVEMENT;RENT
25;84000;0,0;2125;15,01;0,03;4;0,025297619047619;1;6;1;1;0;0;0;0;1;0;0;0;0;1;0;0,140479276013174;Muito Baixo;EDUCATION;MORTGAGE
36;44000;2,0;6000;16,82;0,14;12;0,1363636363636363;1;5;0;0;0;0;1;0;0;1;0;0;0;1;1;0,993564705525501;Muito Alto;HOMEIMPROVEMENT;RENT
24;32000;4,0;12000;7,51;0,38;2;0,375;0;1;0;0;0;0;1;0;0;0;1;0;0;1;1;0,9964147192443342;Muito Alto;MEDICAL;RENT
24;80000;5,0;12000;12,69;0,15;2;0,15;1;2;0;0;0;0;1;0;0;0;1;0;0;0;0;0,0256061193698906;Muito Baixo;MEDICAL;RENT
23;78000;5,0;17000;10,99;0,22;3;0,2179487179487179;0;2;0;0;0;0;1;0;0;0;1;0;0;0;0;0,064402227848775;Muito Baixo;MEDICAL;RENT
27;100000;11,0;14400;7,49;0,14;8;0,144;0;1;0;1;0;0;0;0;0;0;0;1;0;0;0;0,0221435475200677;Muito Baixo;PERSONAL;MORTGAGE
27;30000;0,0;1500;13,48;0,05;6;0,05;1;3;0;0;0;0;1;0;1;0;0;0;0;0;0;0,240225812884147;Baixo;EDUCATION;RENT
23;73000;7,0;15000;7,51;0,21;2;0,2054794520547945;0;1;0;0;0;0;1;0;1;0;0;0;0;1;0;0,095295533690185;Muito Baixo;EDUCATION;RENT
28;44300;12,0;4325;7,49;0,1;5;0,0976297968397291;0;1;0;1;0;0;0;0;0;1;0;0;0;0;0;0,0688036752969621;Muito Baixo;HOMEIMPROVEMENT;MORTGAGE
29;92000;6,0;24000;10,99;0,26;6;0,2608695652173913;0;2;0;1;0;0;0;0;1;0;0;0;0;0;0;0,0539416793195786;Muito Baixo;EDUCATION;MORTGAGE
41;58500;17,0;7150;15,99;0,12;16;0,1222222222222222;1;4;1;0;0;0;1;0;0;0;0;1;0;1;0;0,2970208190253223;Baixo;PERSONAL;RENT
42;67300;4,0;13800;13,99;0,21;16;0,2050520059435364;1;3;0;0;0;0;1;0;0;1;0;0;0;0;0;0,1293933266100463;Muito Baixo;HOMEIMPROVEMENT;RENT
24;47230;8,0;10950;6,91;0,23;2;0,2318441668431081;0;1;0;0;0;0;1;0;0;0;0;0;1;0;0;0,0022191703588661;Muito Baixo;VENTURE;RENT
26;38000;1,0;4000;7,49;0,11;3;0,1052631578947368;0;1;0;1;0;0;0;0;0;1;0;0;0;0;0;0,089023967869503;Muito Baixo;HOMEIMPROVEMENT;MORTGAGE
32;43000;2,0;6000;13,22;0,14;6;0,1395348837209302;1;3;0;0;0;0;1;0;1;0;0;0;0;0;0;0,1267789730294051;Muito Baixo;EDUCATION;RENT
27;43200;4,0;10000;7,49;0,23;6;0,2314814814814814;0;1;0;0;0;0;1;0;0;0;1;0;0;0;0;0,0354379084507947;Muito Baixo;MEDICAL;RENT
34;53549;17,0;14200;6,99;0,27;6;0,2651776877252609;0;1;0;1;0;0;0;1;0;0;0;0;0;0;0;0,0505998848540691;Muito Baixo;DEBTCONSOLIDATION;MORTGAGE
27;85000;11,0;20000;10,59;0,24;8;0,2352941176470588;0;2;0;0;0;0;1;0;0;0;0;1;0;0;0;0,0437521605724483;Muito Baixo;PERSONAL;RENT
23;75000;7,0;12000;12,49;0,16;4;0,16;1;4;0;0;0;1;0;0;1;0;0;0;0;0;0;0,0016170358212848;Muito Baixo;EDUCATION;OWN
25;77650;8,0;22000;11,48;0,28;3;0,283322601416613;1;2;0;0;0;0;1;0;0;0;0;1;0;1;0;0,1202713402914424;Muito Baixo;PERSONAL;RENT
36;27600;1,0;4000;11,86;0,14;12;0,144927536231884;1;2;0;0;0;0;1;0;0;0;1;0;0;0;0;0,0500756330339627;Muito Baixo;MEDICAL;RENT
45;31200;11,0;4000;14,96;0,13;17;0,1282051282051282;1;4;1;0;0;0;1;0;0;0;0;1;0;0;0;0,2761779135560795;Baixo;PERSONAL;RENT
31;60000;5,0;19400;18,53;0,32;10;0,3233333333333333;1;6;1;1;0;0;0;0;0;0;0;0;1;0;0;0,3711574984553201;Baixo;VENTURE;MORTGAGE
24;40000;0,0;7500;11,36;0,19;4;0,1875;1;2;0;0;0;0;1;1;0;0;0;0;0;0;0;0,0513268930239376;Muito Baixo;DEBTCONSOLIDATION;RENT
21;28000;2,0;6625;13,06;0,24;2;0,2366071428571428;1;3;0;0;0;0;1;1;0;0;0;0;0;1;0;0,165412208402523;Muito Baixo;DEBTCONSOLIDATION;RENT
31;128000;1,0;9600;16,82;0,07;8;0,075;1;5;1;0;0;0;1;0;0;0;0;1;0;1;1;0,9325523087378692;Muito Alto;PERSONAL;RENT
24;28000;1,0;9500;5,99;0,34;3;0,3392857142857143;0;1;0;0;0;0;1;0;0;0;1;0;0;1;1;0,9687217230105832;Muito Alto;MEDICAL;RENT
29;77800;2,0;9000;12,42;0,12;6;0,1156812339331619;1;2;0;0;0;0;1;0;0;1;0;0;0;0;0;0,1430628400434233;Muito Baixo;HOMEIMPROVEMENT;RENT
39;48000;4,0;20500;14,59;0,43;16;0,4270833333333333;1;4;0;0;0;0;1;0;0;0;1;0;0;1;1;0,9958121019050246;Muito Alto;MEDICAL;RENT
36;24000;5,0;4000;14,72;0,17;15;0,1666666666666666;1;3;1;0;0;1;0;0;0;0;0;0;1;0;0;0,0002423233546934;Muito Baixo;VENTURE;OWN
27;51298;11,0;1000;10,37;0,02;9;0,0194939373854731;0;2;0;0;0;0;1;0;0;0;0;0;1;0;0;0,002483512298628;Muito Baixo;VENTURE;RENT
23;40000;3,0;1000;10,62;0,03;4;0,025;0;2;0;0;0;0;1;0;0;0;0;0;1;0;0;0,00135102217285;Muito Baixo;VENTURE;RENT
30;42000;0,0;2250;8,88;0,05;8;0,0535714285714285;0;2;0;0;0;0;1;0;0;0;0;0;1;0;0;0,0020736977247531;Muito Baixo;VENTURE;RENT
27;48000;5,0;10200;10,38;0,21;10;0,2125;0;2;0;0;0;0;1;0;0;0;1;0;0;0;0;0,0334504620721783;Muito Baixo;MEDICAL;RENT
24;36000;4,0;5000;13,49;0,14;4;0,1388888888888889;1;3;1;0;0;1;0;0;0;0;0;1;0;0;0;0,0013671203584727;Muito Baixo;PERSONAL;OWN
42;30000;0,0;4200;7,49;0,14;13;0,14;0;1;0;0;0;0;1;1;0;0;0;0;0;0;0;0,0485396248415262;Muito Baixo;DEBTCONSOLIDATION;RENT
21;36000;3,0;5000;12,99;0,14;4;0,1388888888888889;1;3;0;0;0;0;1;0;1;0;0;0;0;0;0;0,2231409169187383;Baixo;EDUCATION;RENT
33;80000;9,0;6000;11,11;0,07;7;0,075;1;2;0;1;0;0;0;0;0;0;0;0;1;0;0;0,000793330243814;Muito Baixo;VENTURE;MORTGAGE
27;40000;0,0;15000;6,91;0,38;10;0,375;0;1;0;0;0;0;1;0;0;0;1;0;0;1;1;0,987296255284968;Muito Alto;MEDICAL;RENT
25;12000;0,0;3000;13,48;0,25;3;0,25;1;3;0;0;0;1;0;0;0;0;1;0;0;1;1;0,9992327297739736;Muito Alto;MEDICAL;OWN
60;1900000;5,0;1500;7,49;0,0;21;0,0007894736842105;0;1;0;1;0;0;0;0;0;0;0;1;0;0;0;0,0064026245420777;Muito Baixo;PERSONAL;MORTGAGE
26;92795;10,0;19000;10,37;0,2;4;0,2047524112290533;0;2;0;1;0;0;0;0;0;0;1;0;0;0;0;0,036417002918347;Muito Baixo;MEDICAL;MORTGAGE
29;32000;1,0;6525;16,07;0,2;9;0,20390625;1;4;1;0;0;0;1;0;0;0;1;0;0;1;1;0,9874567378293556;Muito Alto;MEDICAL;RENT
35;91000;0,0;10000;8,59;0,11;8;0,1098901098901098;0;1;0;0;0;1;0;0;0;0;1;0;0;0;0;0,000261178010728;Muito Baixo;MEDICAL;OWN
37;120000;5,0;5400;5,99;0,04;17;0,045;0;1;0;1;0;0;0;0;0;0;0;1;0;0;0;0,0014880154182308;Muito Baixo;PERSONAL;MORTGAGE
23;53760;0,0;5000;13,43;0,09;4;0,0930059523809523;1;3;0;0;0;0;1;0;1;0;0;0;0;0;0;0,177376160026643;Muito Baixo;EDUCATION;RENT
21;48000;5,0;2800;8,9;0,06;2;0,0583333333333333;0;1;0;0;0;0;1;0;0;0;0;1;0;1;0;0,0857749546785399;Muito Baixo;PERSONAL;RENT
24;71000;4,0;10000;5,79;0,14;3;0,1408450704225352;0;1;0;0;0;1;0;0;0;1;0;0;0;0;0;0,0002160018825852;Muito Baixo;HOMEIMPROVEMENT;OWN
24;77000;6,0;12000;11,49;0,16;4;0,1558441558441558;1;2;0;0;0;0;1;0;0;0;1;0;0;0;0;0,041306703617555;Muito Baixo;MEDICAL;RENT
23;21600;2,0;6000;14,42;0,28;2;0,2777777777777778;1;4;0;0;0;0;1;0;0;1;0;0;0;1;1;0,9988041077570574;Muito Alto;HOMEIMPROVEMENT;RENT
25;55000;9,0;13000;7,51;0,24;4;0,2363636363636363;0;1;0;0;0;0;1;0;0;1;0;0;0;0;0;0,0582980847401154;Muito Baixo;HOMEIMPROVEMENT;RENT
23;62000;0,0;10000;14,27;0,16;3;0,1612903225806451;1;3;0;0;0;0;1;0;0;0;1;0;0;0;0;0,1115798431144059;Muito Baixo;MEDICAL;RENT
33;50000;1,0;9000;7,51;0,18;5;0,18;0;1;0;0;0;0;1;1;0;0;0;0;0;0;0;0,0109006361957704;Muito Baixo;DEBTCONSOLIDATION;RENT
22;62000;5,0;3000;8,7;0,05;3;0,0483870967741935;0;2;0;1;0;0;0;0;0;0;1;0;0;0;0;0,0757228218417333;Muito Baixo;MEDICAL;MORTGAGE
45;30000;5,0;1000;15,23;0,03;11;0,0333333333333333;1;3;1;1;0;0;0;0;0;0;1;0;0;0;0;0,3598029876430947;Baixo;MEDICAL;MORTGAGE
26;50000;2,0;20000;13,3;0,4;3;0,4;1;4;0;1;0;0;0;0;0;0;0;1;0;0;0;0,2095405217664529;Baixo;PERSONAL;MORTGAGE
32;80000;3,0;6000;12,69;0,07;7;0,075;1;2;0;0;0;0;1;0;0;0;0;0;1;0;0;0,0030986233056942;Muito Baixo;VENTURE;RENT
24;34000;2,0;9000;13,16;0,26;3;0,2647058823529412;1;3;0;0;0;0;1;1;0;0;0;0;0;0;0;0,4806626723404362;Moderado;DEBTCONSOLIDATION;RENT
24;56000;2,0;6650;12,69;0,12;2;0,11875;1;2;0;0;0;0;1;0;0;0;0;0;1;0;0;0,0068325138800159;Muito Baixo;VENTURE;RENT
31;26000;1,0;6600;10,99;0,25;6;0,2538461538461538;0;2;0;0;0;0;1;0;0;0;1;0;0;0;0;0,0583362527302698;Muito Baixo;MEDICAL;RENT
26;155142;6,0;23000;18,25;0,15;2;0,1482512794729989;1;4;0;1;0;0;0;0;0;1;0;0;0;0;0;0,2109041840590118;Baixo;HOMEIMPROVEMENT;MORTGAGE
25;28800;4,0;1000;5,42;0,03;3;0,0347222222222222;0;1;0;1;0;0;0;0;1;0;0;0;0;0;0;0,0791297677898402;Muito Baixo;EDUCATION;MORTGAGE
22;73000;6,0;3000;10,99;0,04;4;0,0410958904109589;0;2;0;1;0;0;0;0;0;0;1;0;0;0;0;0,0703298939774162;Muito Baixo;MEDICAL;MORTGAGE
22;27000;0,0;4000;5,79;0,15;2;0,1481481481481481;0;1;0;0;0;0;1;0;0;0;0;1;0;0;0;0,0771597879607675;Muito Baixo;PERSONAL;RENT
24;28000;9,0;8000;12,84;0,29;4;0,2857142857142857;1;3;0;0;0;0;1;1;0;0;0;0;0;0;0;0,2694137078607564;Baixo;DEBTCONSOLIDATION;RENT
22;24000;0,0;2100;12,21;0,09;2;0,0875;1;2;0;0;0;0;1;0;0;0;0;1;0;0;0;0,238427313491632;Baixo;PERSONAL;RENT
34;72000;6,0;20000;10,99;0,28;6;0,2777777777777778;0;2;0;0;0;0;1;1;0;0;0;0;0;0;0;0,0681330887121191;Muito Baixo;DEBTCONSOLIDATION;RENT
44;72136;7,0;25000;19,41;0,35;17;0,3465675945436398;1;6;0;0;0;0;1;0;0;1;0;0;0;1;1;0,9949880432150756;Muito Alto;HOMEIMPROVEMENT;RENT
23;29856;0,0;10300;8,94;0,34;2;0,344989281886388;0;1;0;0;0;0;1;0;0;0;0;1;0;1;1;0,9952766036616704;Muito Alto;PERSONAL;RENT
22;100000;3,0;1200;8,59;0,01;2;0,012;0;1;0;0;0;0;1;0;0;0;1;0;0;0;0;0,0232301572023699;Muito Baixo;MEDICAL;RENT
32;150000;4,0;7800;11,86;0,05;9;0,052;1;2;0;1;0;0;0;1;0;0;0;0;0;0;0;0,0476533444330612;Muito Baixo;DEBTCONSOLIDATION;MORTGAGE
25;52000;9,0;8500;10,74;0,16;3;0,1634615384615384;0;2;0;1;0;0;0;1;0;0;0;0;0;0;0;0,071103525369586;Muito Baixo;DEBTCONSOLIDATION;MORTGAGE
28;86304;12,0;6000;5,79;0,07;10;0,0695216907675194;0;1;0;1;0;0;0;1;0;0;0;0;0;0;0;0,0170351619128094;Muito Baixo;DEBTCONSOLIDATION;MORTGAGE
21;30000;5,0;9000;12,99;0,3;2;0,3;1;3;1;0;0;0;1;0;0;0;1;0;0;0;0;0,121048889489936;Muito Baixo;MEDICAL;RENT
24;60000;0,0;6000;5,42;0,1;3;0,1;0;1;0;1;0;0;0;1;0;0;0;0;0;0;0;0,0134506577617606;Muito Baixo;DEBTCONSOLIDATION;MORTGAGE
33;70000;2,0;3700;5,99;0,05;6;0,0528571428571428;0;1;0;1;0;0;0;1;0;0;0;0;0;0;0;0,0106277047863871;Muito Baixo;DEBTCONSOLIDATION;MORTGAGE
35;56000;5,0;10000;12,42;0,18;5;0,1785714285714285;1;2;0;0;0;0;1;0;1;0;0;0;0;0;0;0,1603103655445277;Muito Baixo;EDUCATION;RENT
23;95000;7,0;25000;18,78;0,26;4;0,2631578947368421;1;6;0;1;0;0;0;0;0;0;0;1;0;0;0;0,4069217941932435;Moderado;PERSONAL;MORTGAGE
23;81000;5,0;3500;10,75;0,04;3;0,0432098765432098;0;2;0;0;0;0;1;0;1;0;0;0;0;0;0;0,0425401119128434;Muito Baixo;EDUCATION;RENT
24;19200;1,0;8000;13,61;0,42;3;0,4166666666666667;1;3;1;0;0;0;1;0;0;1;0;0;0;1;1;0,9999253542311588;Muito Alto;HOMEIMPROVEMENT;RENT
25;31000;1,0;6450;14,42;0,21;3;0,2080645161290322;1;4;1;0;0;0;1;0;0;1;0;0;0;1;1;0,9960803592476748;Muito Alto;HOMEIMPROVEMENT;RENT
34;126000;2,0;9600;11,49;0,08;5;0,0761904761904762;1;2;0;1;0;0;0;0;0;0;0;0;1;0;0;0,0013716716012556;Muito Baixo;VENTURE;MORTGAGE
28;85000;7,0;11200;9,91;0,13;10;0,1317647058823529;0;2;0;0;0;0;1;1;0;0;0;0;0;0;0;0,0247909489415466;Muito Baixo;DEBTCONSOLIDATION;RENT
26;62000;1,0;10000;11,26;0,16;2;0,1612903225806451;1;2;0;0;0;0;1;1;0;0;0;0;0;0;0;0,0363793712378814;Muito Baixo;DEBTCONSOLIDATION;RENT
26;29000;2,0;1000;7,74;0,03;4;0,0344827586206896;0;1;0;0;0;0;1;0;0;0;1;0;0;0;0;0,2899569073805757;Baixo;MEDICAL;RENT
27;52000;0,0;5100;10,37;0,1;7;0,098076923076923;0;2;0;0;0;0;1;0;0;1;0;0;0;0;0;0,1045567049994223;Muito Baixo;HOMEIMPROVEMENT;RENT
30;40000;14,0;5500;6,62;0,14;8;0,1375;0;1;0;0;0;0;1;0;0;0;0;0;1;0;0;0,0008578863040835;Muito Baixo;VENTURE;RENT
28;72000;9,0;18000;11,89;0,25;8;0,25;1;2;0;1;0;0;0;0;0;1;0;0;0;0;0;0,0811605642945883;Muito Baixo;HOMEIMPROVEMENT;MORTGAGE
25;54000;7,0;7575;6,99;0,14;4;0,1402777777777777;0;1;0;0;0;0;1;0;0;1;0;0;0;0;0;0,2221698401996914;Baixo;HOMEIMPROVEMENT;RENT
29;63500;4,0;1600;11,83;0,03;5;0,0251968503937007;1;2;0;0;0;0;1;1;0;0;0;0;0;0;0;0,061968438506233;Muito Baixo;DEBTCONSOLIDATION;RENT
22;60350;1,0;25000;15,95;0,35;4;0,4142502071251036;1;4;0;0;0;0;1;0;0;0;1;0;0;1;1;0,9998053059523038;Muito Alto;MEDICAL;RENT
26;80000;5,0;7000;7,51;0,09;2;0,0875;0;1;0;1;0;0;0;1;0;0;0;0;0;0;0;0,0219169585143965;Muito Baixo;DEBTCONSOLIDATION;MORTGAGE
38;17280;0,0;1000;16,29;0,06;13;0,0578703703703703;1;4;1;0;0;1;0;0;0;0;0;0;1;0;0;0,0017040263537458;Muito Baixo;VENTURE;OWN
44;76000;3,0;3600;14,79;0,05;12;0,0473684210526315;1;3;1;1;0;0;0;0;0;1;0;0;0;0;0;0,0676577028449394;Muito Baixo;HOMEIMPROVEMENT;MORTGAGE
24;87996;1,0;7000;11,99;0,08;4;0,0795490704122914;1;2;0;1;0;0;0;0;0;0;0;1;0;0;0;0,1862704026009328;Muito Baixo;PERSONAL;MORTGAGE
25;56000;2,0;3000;12,69;0,05;3;0,0535714285714285;1;2;0;0;0;0;1;0;0;0;0;1;0;0;0;0,091133797473299;Muito Baixo;PERSONAL;RENT
38;30132;4,0;3000;13,85;0,1;14;0,0995619275189167;1;3;1;0;0;0;1;0;0;0;1;0;0;1;0;0,0913835792197517;Muito Baixo;MEDICAL;RENT
29;60000;3,0;1500;12,87;0,03;9;0,025;1;3;0;0;0;0;1;0;1;0;0;0;0;0;0;0,0317811164977509;Muito Baixo;EDUCATION;RENT
22;66000;6,0;16800;13,49;0,25;3;0,2545454545454545;1;3;1;0;0;0;1;0;0;0;1;0;0;0;0;0,0757651305497209;Muito Baixo;MEDICAL;RENT
28;64000;10,0;6000;16,45;0,09;9;0,09375;1;5;1;1;0;0;0;0;0;1;0;0;0;1;0;0,262826626514661;Baixo;HOMEIMPROVEMENT;MORTGAGE
80;64000;7,0;6800;11,71;0,11;25;0,10625;1;2;0;0;0;0;1;0;0;0;1;0;0;0;0;0,0133396011401206;Muito Baixo;MEDICAL;RENT
27;47380;11,0;15000;13,79;0,32;9;0,3165892781764458;1;3;1;1;0;0;0;0;0;1;0;0;0;0;0;0,144051504683229;Muito Baixo;HOMEIMPROVEMENT;MORTGAGE
28;48000;5,0;15000;11,99;0,31;10;0,3125;1;2;0;0;0;0;1;1;0;0;0;0;0;1;1;0,9886220769071616;Muito Alto;DEBTCONSOLIDATION;RENT
24;62500;8,0;6500;13,22;0,1;2;0,104;1;3;1;0;0;1;0;0;0;0;0;1;0;0;0;0,0008293397286486;Muito Baixo;PERSONAL;OWN
22;30000;2,0;5000;13,48;0,17;2;0,1666666666666666;1;3;1;0;0;0;1;0;1;0;0;0;0;0;0;0,2083610540491193;Baixo;EDUCATION;RENT
28;33288;2,0;10800;12,09;0,32;6;0,3244412400865176;1;3;0;0;0;0;1;0;1;0;0;0;0;1;1;0,993086256499736;Muito Alto;EDUCATION;RENT
42;65000;6,0;22750;8,9;0,35;17;0,35;0;1;0;0;0;1;0;0;0;0;0;0;1;0;0;0,0001161327211694;Muito Baixo;VENTURE;OWN
28;31150;4,0;4000;11,49;0,13;7;0,1284109149277688;1;2;0;0;0;0;1;0;0;0;1;0;0;0;0;0,100366105101871;Muito Baixo;MEDICAL;RENT
27;120000;1,0;20000;6,54;0,17;9;0,1666666666666666;0;1;0;0;0;0;1;1;0;0;0;0;0;0;0;0,011542238203181;Muito Baixo;DEBTCONSOLIDATION;RENT
25;33000;3,0;3000;5,99;0,09;2;0,0909090909090909;0;1;0;0;0;0;1;0;0;0;0;0;1;0;0;0,0031117388246132;Muito Baixo;VENTURE;RENT
34;55000;4,0;7000;8,88;0,13;9;0,1272727272727272;0;2;0;0;0;0;1;0;0;0;1;0;0;0;0;0,0304474271267494;Muito Baixo;MEDICAL;RENT
26;38000;0,0;12000;10,99;0,32;4;0,3157894736842105;0;2;0;0;0;0;1;0;0;0;0;1;0;1;1;0,9963684354966664;Muito Alto;PERSONAL;RENT
23;40000;4,0;2000;7,49;0,05;4;0,05;0;1;0;0;0;1;0;0;0;0;0;0;1;0;0;1,4546817068977068e-05;Muito Baixo;VENTURE;OWN
24;53000;8,0;6850;6,92;0,13;2;0,1292452830188679;0;1;0;1;0;0;0;0;0;0;0;0;1;0;0;0,0007072614805254;Muito Baixo;VENTURE;MORTGAGE
36;92000;5,0;10000;11,71;0,11;16;0,108695652173913;1;2;0;0;0;0;1;1;0;0;0;0;0;0;0;0,0440638423405895;Muito Baixo;DEBTCONSOLIDATION;RENT
23;103000;0,0;16750;15,31;0,16;2;0,1626213592233009;1;4;0;1;0;0;0;1;0;0;0;0;0;1;1;0,9910260198497652;Muito Alto;DEBTCONSOLIDATION;MORTGAGE
27;60000;4,0;8000;7,88;0,13;8;0,1333333333333333;0;1;0;1;0;0;0;0;0;0;0;0;1;0;0;0,0005296697510448;Muito Baixo;VENTURE;MORTGAGE
25;120000;0,0;20000;16,82;0,17;2;0,1666666666666666;1;5;0;1;0;0;0;0;0;1;0;0;0;0;0;0,1809874200053074;Muito Baixo;HOMEIMPROVEMENT;MORTGAGE
27;185300;11,0;35000;15,31;0,16;5;0,1888828926065839;1;4;1;1;0;0;0;0;0;0;1;0;0;1;1;0,9842078186024265;Muito Alto;MEDICAL;MORTGAGE
22;50000;2,0;10400;15,31;0,21;4;0,208;1;4;1;0;0;1;0;0;0;0;1;0;0;0;0;0,0051906455857163;Muito Baixo;MEDICAL;OWN
23;62000;8,0;12000;5,79;0,19;2;0,1935483870967742;0;1;0;0;0;0;1;1;0;0;0;0;0;0;0;0,0248610900069008;Muito Baixo;DEBTCONSOLIDATION;RENT
33;82000;2,0;6000;7,51;0,07;10;0,073170731707317;0;1;0;1;0;0;0;0;1;0;0;0;0;0;0;0,0090852003888334;Muito Baixo;EDUCATION;MORTGAGE
25;105897;9,0;25000;11,36;0,24;3;0,2360784535916976;1;2;0;1;0;0;0;0;0;0;1;0;0;0;0;0,0473922321884015;Muito Baixo;MEDICAL;MORTGAGE
23;130000;7,0;15000;13,22;0,12;3;0,1153846153846153;1;3;1;0;0;1;0;0;0;0;0;0;1;0;0;0,0002752023493525;Muito Baixo;VENTURE;OWN
23;50000;0,0;10000;6,92;0,2;2;0,2;0;1;0;0;0;0;1;0;1;0;0;0;0;0;0;0,014442330083926;Muito Baixo;EDUCATION;RENT
24;37200;2,0;6000;9,99;0,16;3;0,1612903225806451;0;2;0;0;0;0;1;0;0;0;0;1;0;0;0;0,1515380959848988;Muito Baixo;PERSONAL;RENT
29;134000;2,0;8000;14,22;0,06;7;0,0597014925373134;1;3;0;1;0;0;0;0;0;0;0;1;0;0;0;0,0484861704609264;Muito Baixo;PERSONAL;MORTGAGE
30;61000;4,0;4500;6,54;0,07;6;0,0737704918032786;0;1;0;1;0;0;0;0;0;0;0;1;0;0;0;0,0318920371283495;Muito Baixo;PERSONAL;MORTGAGE
28;45000;0,0;3675;10,99;0,08;6;0,0816666666666666;0;2;0;1;0;0;0;0;0;0;0;0;1;0;0;0,0008337645405337;Muito Baixo;VENTURE;MORTGAGE
27;58800;0,0;9800;13,22;0,17;9;0,1666666666666666;1;3;1;1;0;0;0;0;1;0;0;0;0;0;0;0,2628919673916886;Baixo;EDUCATION;MORTGAGE
28;40000;1,0;6500;10,74;0,16;6;0,1625;0;2;0;0;0;0;1;0;0;0;1;0;0;0;0;0,0236865844755769;Muito Baixo;MEDICAL;RENT
22;26886;6,0;7500;13,48;0,28;4;0,278955590270029;1;3;1;0;0;1;0;0;1;0;0;0;0;0;0;0,001648595238461;Muito Baixo;EDUCATION;OWN
31;58000;7,0;14000;12,87;0,24;9;0,2413793103448276;1;3;0;0;0;1;0;0;0;0;0;0;1;0;0;0,0012712210538082;Muito Baixo;VENTURE;OWN
21;33000;5,0;9000;12,69;0,27;3;0,2727272727272727;1;2;0;0;0;0;1;0;1;0;0;0;0;0;0;0,2242006092543092;Baixo;EDUCATION;RENT
26;69000;4,0;25000;10,99;0,36;3;0,3623188405797101;0;2;0;1;0;0;0;0;0;1;0;0;0;1;0;0,2311897983179838;Baixo;HOMEIMPROVEMENT;MORTGAGE
27;45500;2,0;5000;11,71;0,11;5;0,1098901098901098;1;2;0;0;0;0;1;0;1;0;0;0;0;0;0;0,1082571989578738;Muito Baixo;EDUCATION;RENT
24;37876;4,0;8000;9,63;0,21;2;0,2112155454641461;0;2;0;0;0;0;1;0;0;0;1;0;0;0;0;0,076230000617278;Muito Baixo;MEDICAL;RENT
23;80000;3,0;4000;14,46;0,05;4;0,05;1;4;1;0;0;0;1;0;1;0;0;0;0;0;0;0,0450754815249193;Muito Baixo;EDUCATION;RENT
29;49000;3,0;6000;13,99;0,12;6;0,1224489795918367;1;3;0;0;0;0;1;0;0;0;0;1;0;1;0;0,1841884618068478;Muito Baixo;PERSONAL;RENT
21;39000;4,0;6000;10,38;0,15;3;0,1538461538461538;0;2;0;0;0;0;1;0;1;0;0;0;0;0;0;0,1544429526617002;Muito Baixo;EDUCATION;RENT
26;62004;9,0;24000;7,9;0,39;3;0,3870718018192374;0;1;0;0;0;0;1;1;0;0;0;0;0;1;1;0,9823968252812992;Muito Alto;DEBTCONSOLIDATION;RENT
33;35000;0,0;5000;8,9;0,14;5;0,1428571428571428;0;1;0;0;0;0;1;0;0;0;0;1;0;0;0;0,050604135741237;Muito Baixo;PERSONAL;RENT
22;75000;2,0;9000;10,99;0,12;4;0,12;0;2;0;0;0;0;1;1;0;0;0;0;0;0;0;0,0262278724422751;Muito Baixo;DEBTCONSOLIDATION;RENT
23;48600;5,0;6000;11,86;0,12;4;0,1234567901234567;1;2;0;1;0;0;0;0;0;0;1;0;0;0;0;0,1345186984783537;Muito Baixo;MEDICAL;MORTGAGE
24;23000;4,0;5900;9,63;0,26;4;0,2565217391304348;0;1;0;0;0;0;1;0;0;0;0;1;0;0;0;0,2303735400093642;Baixo;PERSONAL;RENT
23;68000;7,0;10000;9,91;0,15;4;0,1470588235294117;0;2;0;1;0;0;0;0;0;0;1;0;0;0;0;0,0441522131254876;Muito Baixo;MEDICAL;MORTGAGE
33;50000;7,0;10000;9,99;0,2;5;0,2;0;2;0;1;0;0;0;0;0;0;0;1;0;0;0;0,038165924151929;Muito Baixo;PERSONAL;MORTGAGE
24;55782;3,0;17000;7,51;0,3;2;0,3047578071779427;0;1;0;0;0;0;1;0;0;1;0;0;0;0;0;0,320880481190546;Baixo;HOMEIMPROVEMENT;RENT
23;24000;0,0;9250;6,54;0,39;3;0,3854166666666667;0;1;0;0;0;0;1;0;0;0;0;0;1;1;1;0,9982451970004748;Muito Alto;VENTURE;RENT
36;45000;12,0;10000;15,99;0,22;14;0,2222222222222222;1;4;0;0;0;0;1;0;0;0;1;0;0;0;1;0,5618626192728892;Moderado;MEDICAL;RENT
24;56000;1,0;15000;12,87;0,27;2;0,2678571428571428;1;3;0;0;0;0;1;1;0;0;0;0;0;0;0;0,137431543302494;Muito Baixo;DEBTCONSOLIDATION;RENT
21;20000;2,0;2500;13,79;0,13;4;0,125;1;3;1;0;0;0;1;0;0;0;1;0;0;0;0;0,1468783275508066;Muito Baixo;MEDICAL;RENT
25;87000;7,0;9000;13,49;0,1;4;0,1034482758620689;1;3;0;0;0;0;1;0;0;0;1;0;0;0;0;0,0769676499238969;Muito Baixo;MEDICAL;RENT
26;28800;8,0;6000;8,9;0,21;3;0,2083333333333333;0;1;0;0;0;1;0;0;1;0;0;0;0;0;0;0,0011348497379743;Muito Baixo;EDUCATION;OWN
37;49000;2,0;3000;13,48;0,06;14;0,0612244897959183;1;3;1;0;0;0;1;1;0;0;0;0;0;1;0;0,0811088451513278;Muito Baixo;DEBTCONSOLIDATION;RENT
38;34800;1,0;2100;14,72;0,06;13;0,0603448275862069;1;3;0;0;0;0;1;1;0;0;0;0;0;0;0;0,2533044010858979;Baixo;DEBTCONSOLIDATION;RENT
23;80000;1,0;15000;9,88;0,19;4;0,1875;0;2;0;1;0;0;0;0;1;0;0;0;0;0;0;0,0250302587248741;Muito Baixo;EDUCATION;MORTGAGE
32;85000;1,0;7500;10,78;0,09;10;0,088235294117647;0;3;1;1;0;0;0;0;1;0;0;0;0;0;0;0,034190649109059;Muito Baixo;EDUCATION;MORTGAGE
24;141000;8,0;10000;7,49;0,07;2;0,0709219858156028;0;1;0;0;0;1;0;0;0;0;0;1;0;0;0;0,0004686336683419;Muito Baixo;PERSONAL;OWN
23;45000;0,0;1500;7,51;0,03;4;0,0333333333333333;0;1;0;0;0;0;1;0;1;0;0;0;0;0;0;0,0249086674215033;Muito Baixo;EDUCATION;RENT
29;75840;5,0;25000;21,27;0,33;6;0,3296413502109704;1;7;0;0;0;1;0;0;0;1;0;0;0;1;1;0,935911059385804;Muito Alto;HOMEIMPROVEMENT;OWN
31;43812;2,0;2400;14,35;0,05;5;0,054779512462339;1;3;0;0;0;0;1;0;0;0;1;0;0;0;0;0,2355707648843683;Baixo;MEDICAL;RENT
26;33996;2,0;10800;11,12;0,32;3;0,3176844334627603;1;2;0;0;0;0;1;0;0;0;1;0;0;1;1;0,9955062422502524;Muito Alto;MEDICAL;RENT
26;96000;3,0;10000;5,42;0,1;3;0,1041666666666666;0;1;0;1;0;0;0;0;0;0;0;1;0;0;0;0,0019501397215358;Muito Baixo;PERSONAL;MORTGAGE
23;16000;3,0;2275;13,06;0,14;4;0,1421875;1;3;1;1;0;0;0;1;0;0;0;0;0;0;0;0,0523093159975256;Muito Baixo;DEBTCONSOLIDATION;MORTGAGE
26;61000;3,0;7500;10,25;0,12;4;0,1229508196721311;0;2;0;1;0;0;0;0;0;0;0;1;0;0;0;0,0587493089594737;Muito Baixo;PERSONAL;MORTGAGE
30;98000;6,0;35000;10,59;0,36;8;0,3571428571428571;0;2;0;1;0;0;0;0;0;1;0;0;0;1;0;0,0311222288398754;Muito Baixo;HOMEIMPROVEMENT;MORTGAGE
25;60000;9,0;8400;13,99;0,14;3;0,14;1;3;1;0;0;0;1;0;0;0;1;0;0;0;0;0,0692970338248076;Muito Baixo;MEDICAL;RENT
26;81360;4,0;6000;7,9;0,07;4;0,0737463126843657;0;1;0;1;0;0;0;0;0;1;0;0;0;0;0;0,0399256887153343;Muito Baixo;HOMEIMPROVEMENT;MORTGAGE
37;72800;0,0;23000;11,58;0,32;17;0,3159340659340659;1;2;0;1;0;0;0;0;1;0;0;0;0;0;0;0,2867052048112518;Baixo;EDUCATION;MORTGAGE
24;65000;9,0;5500;5,79;0,08;3;0,0846153846153846;0;1;0;1;0;0;0;0;0;1;0;0;0;0;0;0,0277975172694208;Muito Baixo;HOMEIMPROVEMENT;MORTGAGE
23;96000;4,0;20000;10,99;0,21;3;0,2083333333333333;0;2;0;1;0;0;0;0;1;0;0;0;0;0;0;0,0215433811300578;Muito Baixo;EDUCATION;MORTGAGE
28;108000;2,0;20000;15,31;0,19;8;0,1851851851851851;1;4;1;0;0;0;1;1;0;0;0;0;0;1;1;0,998620942687478;Muito Alto;DEBTCONSOLIDATION;RENT
22;34992;1,0;5000;10,99;0,14;2;0,1428898033836305;0;2;0;0;0;0;1;1;0;0;0;0;0;0;0;0,179250076836354;Muito Baixo;DEBTCONSOLIDATION;RENT
25;22000;0,0;7500;16,82;0,34;3;0,3409090909090909;1;5;0;0;0;1;0;0;0;0;0;1;0;0;1;0,5067658534448942;Moderado;PERSONAL;OWN
26;130000;7,0;6500;15,99;0,05;3;0,05;1;4;1;1;0;0;0;0;0;0;0;0;1;0;0;0,0729260499342749;Muito Baixo;VENTURE;MORTGAGE
30;55000;1,0;6500;10,99;0,12;9;0,1181818181818181;0;2;0;1;0;0;0;0;0;0;0;1;0;0;0;0,0380128259559494;Muito Baixo;PERSONAL;MORTGAGE
33;55000;7,0;3500;10,65;0,06;10;0,0636363636363636;0;2;0;1;0;0;0;0;0;0;0;0;1;0;0;0,0012187958037377;Muito Baixo;VENTURE;MORTGAGE
22;23631;4,0;6000;10,99;0,25;3;0,2539037704709915;0;2;0;0;0;0;1;0;0;0;0;1;0;0;0;0,2132094412522397;Baixo;PERSONAL;RENT
23;55000;5,0;15000;6,17;0,27;3;0,2727272727272727;0;1;0;1;0;0;0;0;1;0;0;0;0;0;0;0,0217923023987563;Muito Baixo;EDUCATION;MORTGAGE
23;65000;2,0;6000;11,99;0,09;2;0,0923076923076923;1;2;0;0;0;0;1;0;1;0;0;0;0;0;0;0,0316964553962745;Muito Baixo;EDUCATION;RENT
31;41000;1,0;4000;10,0;0,1;10;0,0975609756097561;0;2;0;0;0;0;1;0;0;0;1;0;0;0;0;0,0504650270282554;Muito Baixo;MEDICAL;RENT
25;60000;9,0;6000;14,54;0,1;3;0,1;1;4;1;0;0;0;1;0;0;0;0;1;0;0;0;0,1169008299847561;Muito Baixo;PERSONAL;RENT
26;72054;9,0;3000;7,29;0,04;2;0,0416354400866017;0;1;0;0;0;0;1;0;0;1;0;0;0;0;0;0,0731190588573334;Muito Baixo;HOMEIMPROVEMENT;RENT
27;45000;0,0;5200;13,49;0,12;8;0,1155555555555555;1;3;0;0;0;0;1;1;0;0;0;0;0;0;0;0,0647451765981127;Muito Baixo;DEBTCONSOLIDATION;RENT
26;62900;4,0;24250;16,82;0,33;2;0,3855325914149443;1;5;1;0;0;1;0;0;0;0;1;0;0;1;1;0,9429200927084426;Muito Alto;MEDICAL;OWN
22;65000;6,0;12800;5,99;0,2;4;0,1969230769230769;0;1;0;1;0;0;0;0;1;0;0;0;0;0;0;0,01924324471198;Muito Baixo;EDUCATION;MORTGAGE
30;68580;3,0;10000;7,88;0,15;10;0,1458151064450277;0;1;0;0;0;0;1;0;0;0;0;0;1;0;0;0,0010461190821277;Muito Baixo;VENTURE;RENT
24;38400;8,0;4200;6,76;0,11;4;0,109375;0;1;0;0;0;0;1;0;0;0;1;0;0;0;0;0,0703110212178118;Muito Baixo;MEDICAL;RENT
25;72700;4,0;7000;14,84;0,1;2;0,0962861072902338;1;4;1;0;0;0;1;0;0;1;0;0;0;0;0;0,2113297215104372;Baixo;HOMEIMPROVEMENT;RENT
24;55000;4,0;5000;8,0;0,09;3;0,0909090909090909;0;1;0;0;0;0;1;0;0;0;0;0;1;0;0;0,0013737250889172;Muito Baixo;VENTURE;RENT
22;24000;3,0;6000;11,49;0,25;4;0,25;1;2;0;0;0;1;0;0;1;0;0;0;0;0;0;0,0006664881734095;Muito Baixo;EDUCATION;OWN
41;66504;5,0;25000;17,56;0,38;15;0,3759172380608685;1;5;1;0;0;0;1;0;1;0;0;0;0;1;1;0,9964221126106562;Muito Alto;EDUCATION;RENT
35;36000;4,0;5000;9,91;0,14;5;0,1388888888888889;0;2;0;0;0;0;1;0;0;0;1;0;0;0;0;0,0873696703149872;Muito Baixo;MEDICAL;RENT
28;84000;3,0;15000;11,86;0,18;9;0,1785714285714285;1;2;0;0;0;0;1;0;0;1;0;0;0;0;0;0,0918213916433515;Muito Baixo;HOMEIMPROVEMENT;RENT
22;50004;6,0;10200;15,21;0,2;4;0,2039836813054955;1;4;0;0;0;0;1;0;1;0;0;0;0;0;0;0,0910008248057954;Muito Baixo;EDUCATION;RENT
23;46000;1,0;7000;7,4;0,15;4;0,1521739130434782;0;1;0;0;0;0;1;0;1;0;0;0;0;0;0;0,0522691447482524;Muito Baixo;EDUCATION;RENT
30;90000;2,0;6400;6,62;0,07;7;0,0711111111111111;0;1;0;0;0;0;1;0;1;0;0;0;0;0;0;0,0095832645347562;Muito Baixo;EDUCATION;RENT
26;60000;2,0;8000;13,61;0,13;4;0,1333333333333333;1;3;0;0;0;0;1;0;0;0;1;0;0;0;0;0,0518159959986376;Muito Baixo;MEDICAL;RENT
23;28000;0,0;6000;9,63;0,21;4;0,2142857142857142;0;1;0;0;0;0;1;0;1;0;0;0;0;0;0;0,0633270974099253;Muito Baixo;EDUCATION;RENT
32;90000;8,0;25000;11,58;0,28;6;0,2777777777777778;1;2;0;1;0;0;0;0;0;1;0;0;0;0;0;0,0782446188221632;Muito Baixo;HOMEIMPROVEMENT;MORTGAGE
21;90000;4,0;1500;10,75;0,02;4;0,0166666666666666;0;2;0;1;0;0;0;0;1;0;0;0;0;0;0;0,0067303474296633;Muito Baixo;EDUCATION;MORTGAGE
36;32000;6,0;12000;10,37;0,38;11;0,375;0;2;0;1;0;0;0;1;0;0;0;0;0;0;0;0,1250798635125225;Muito Baixo;DEBTCONSOLIDATION;MORTGAGE
22;25200;7,0;7500;14,96;0,3;3;0,2976190476190476;1;4;0;0;0;0;1;0;0;0;1;0;0;1;1;0,9629535532634363;Muito Alto;MEDICAL;RENT
39;20400;3,0;6000;15,27;0,29;13;0,2941176470588235;1;3;1;0;0;0;1;0;0;0;1;0;0;0;0;0,1302889138739053;Muito Baixo;MEDICAL;RENT
30;50000;3,0;5000;10,99;0,1;5;0,1;0;2;0;1;0;0;0;0;0;0;0;1;0;0;0;0,0428644556938628;Muito Baixo;PERSONAL;MORTGAGE
27;80000;11,0;7500;11,71;0,09;10;0,09375;1;2;0;1;0;0;0;0;1;0;0;0;0;0;0;0,050981329654674;Muito Baixo;EDUCATION;MORTGAGE
24;34600;2,0;4000;5,42;0,12;2;0,1156069364161849;0;1;0;1;0;0;0;1;0;0;0;0;0;0;0;0,0366275413340305;Muito Baixo;DEBTCONSOLIDATION;MORTGAGE
29;48000;6,0;15000;13,98;0,31;10;0,3125;1;3;0;1;0;0;0;1;0;0;0;0;0;0;0;0,3061801060996593;Baixo;DEBTCONSOLIDATION;MORTGAGE
28;75000;5,0;10000;12,21;0,13;5;0,1333333333333333;1;2;0;1;0;0;0;0;0;0;0;0;1;0;0;0,0027570582865398;Muito Baixo;VENTURE;MORTGAGE
21;21600;2,0;3500;7,51;0,16;2;0,162037037037037;0;1;0;0;0;0;1;1;0;0;0;0;0;0;0;0,0982707610480812;Muito Baixo;DEBTCONSOLIDATION;RENT
24;75000;2,0;7000;10,74;0,09;3;0,0933333333333333;0;2;0;0;0;0;1;0;0;1;0;0;0;0;0;0,0696194610847193;Muito Baixo;HOMEIMPROVEMENT;RENT
21;44000;6,0;10000;14,74;0,23;3;0,2272727272727272;1;4;1;0;0;0;1;0;0;0;0;0;1;0;0;0,491395580975997;Moderado;VENTURE;RENT
31;50000;0,0;2400;11,03;0,05;8;0,048;1;3;1;0;0;0;1;0;0;0;0;1;0;0;0;0,0534769536459961;Muito Baixo;PERSONAL;RENT
25;50988;9,0;4200;9,99;0,08;3;0,0823723228995057;0;2;0;0;0;1;0;0;0;1;0;0;0;0;0;0,001645689531991;Muito Baixo;HOMEIMPROVEMENT;OWN
23;55000;7,0;4200;9,91;0,08;4;0,0763636363636363;0;2;0;0;0;0;1;0;0;0;1;0;0;0;0;0,1039168812400561;Muito Baixo;MEDICAL;RENT
23;90000;7,0;17000;10,59;0,19;3;0,1888888888888888;0;2;0;0;0;0;1;0;1;0;0;0;0;0;0;0,0374455444939488;Muito Baixo;EDUCATION;RENT
28;97296;12,0;6500;12,42;0,07;8;0,0668064463081729;1;2;0;1;0;0;0;0;0;1;0;0;0;0;0;0,0549879423574107;Muito Baixo;HOMEIMPROVEMENT;MORTGAGE
26;65000;11,0;12000;7,9;0,18;2;0,1846153846153846;0;1;0;1;0;0;0;0;0;0;0;0;1;0;0;0,0007363340733552;Muito Baixo;VENTURE;MORTGAGE
27;61000;6,0;6800;15,99;0,11;7;0,1114754098360655;1;4;0;1;0;0;0;1;0;0;0;0;0;1;1;0,9967377018875077;Muito Alto;DEBTCONSOLIDATION;MORTGAGE
25;42000;0,0;3500;5,42;0,08;4;0,0833333333333333;0;1;0;0;0;0;1;0;0;0;0;0;1;0;0;0,0015641440708918;Muito Baixo;VENTURE;RENT
38;24996;2,0;3000;10,99;0,12;13;0,1200192030724916;0;2;0;0;0;0;1;0;0;0;1;0;0;1;0;0,0291388359490213;Muito Baixo;MEDICAL;RENT
22;45000;6,0;4750;6,39;0,11;2;0,1055555555555555;0;1;0;0;0;1;0;0;1;0;0;0;0;0;0;0,0001808474580462;Muito Baixo;EDUCATION;OWN
24;76597;5,0;22000;9,25;0,29;2;0,2872175150462812;0;2;0;0;0;0;1;0;1;0;0;0;0;0;0;0,0895556702659636;Muito Baixo;EDUCATION;RENT
30;72516;11,0;5000;13,85;0,07;6;0,0689503006233107;1;3;1;0;0;0;1;0;0;0;0;1;0;0;0;0,1673202669830014;Muito Baixo;PERSONAL;RENT
28;120000;11,0;14400;10,74;0,12;7;0,12;0;2;0;1;0;0;0;0;0;0;1;0;0;0;0;0,0452895809393504;Muito Baixo;MEDICAL;MORTGAGE
24;26400;0,0;6000;8,9;0,23;4;0,2272727272727272;0;1;0;1;0;0;0;1;0;0;0;0;0;0;0;0,0656607923369156;Muito Baixo;DEBTCONSOLIDATION;MORTGAGE
25;100000;9,0;4800;10,65;0,05;3;0,048;0;2;0;1;0;0;0;0;0;1;0;0;0;0;0;0,0475347778376471;Muito Baixo;HOMEIMPROVEMENT;MORTGAGE
21;18000;1,0;3200;8,49;0,18;2;0,1777777777777777;0;1;0;0;0;0;1;0;0;0;0;0;1;1;1;0,9931105760259232;Muito Alto;VENTURE;RENT
21;36000;4,0;11000;5,42;0,31;3;0,3055555555555556;0;1;0;0;0;1;0;0;1;0;0;0;0;0;0;0,000382929403541;Muito Baixo;EDUCATION;OWN
24;45000;1,0;2000;13,99;0,04;2;0,0444444444444444;1;3;1;0;0;0;1;0;0;0;0;1;0;0;0;0,0855311542945473;Muito Baixo;PERSONAL;RENT
33;97000;4,0;7000;12,98;0,07;8;0,0721649484536082;1;3;1;0;0;0;1;0;1;0;0;0;0;0;0;0,0622621252098573;Muito Baixo;EDUCATION;RENT
22;18000;2,0;4000;13,48;0,22;2;0,2222222222222222;1;3;0;0;0;1;0;0;0;0;1;0;0;1;1;0,9960062236489944;Muito Alto;MEDICAL;OWN
23;60000;4,0;11400;15,23;0,19;4;0,19;1;3;1;0;0;0;1;0;0;0;0;1;0;0;0;0,0561739963356201;Muito Baixo;PERSONAL;RENT
28;200000;0,0;16000;10,91;0,08;9;0,08;0;3;1;0;0;0;1;0;0;0;0;1;0;0;0;0,0854479971022069;Muito Baixo;PERSONAL;RENT
27;34000;12,0;10625;13,47;0,31;10;0,3125;1;3;1;1;0;0;0;0;0;0;0;0;1;0;0;0,4373511090234704;Moderado;VENTURE;MORTGAGE
24;48000;3,0;9600;7,49;0,2;4;0,2;0;1;0;1;0;0;0;0;0;0;0;0;1;0;0;0,0007047894759508;Muito Baixo;VENTURE;MORTGAGE
25;80000;7,0;6000;7,9;0,07;3;0,075;0;1;0;1;0;0;0;0;0;1;0;0;0;0;0;0,0272657774781956;Muito Baixo;HOMEIMPROVEMENT;MORTGAGE
24;45000;5,0;1300;13,61;0,03;4;0,0288888888888888;1;3;1;0;0;0;1;0;0;0;1;0;0;0;0;0,0384873752563125;Muito Baixo;MEDICAL;RENT
27;44200;11,0;11500;15,27;0,26;10;0,2601809954751131;1;3;1;1;0;0;0;0;0;0;1;0;0;0;0;0,3620555101614137;Baixo;MEDICAL;MORTGAGE
29;100000;13,0;10000;6,92;0,1;8;0,1;0;1;0;0;0;1;0;0;0;0;0;1;0;0;0;0,0001940927797389;Muito Baixo;PERSONAL;OWN
25;68400;9,0;24250;17,56;0,35;4;0,35453216374269;1;5;0;0;0;0;1;0;0;0;0;1;0;1;1;0,9951147840915924;Muito Alto;PERSONAL;RENT
22;52800;5,0;4000;10,99;0,08;2;0,0757575757575757;0;2;0;1;0;0;0;0;0;0;0;0;1;0;0;0,0008539760872112;Muito Baixo;VENTURE;MORTGAGE
24;67644;3,0;6000;6,99;0,09;3;0,0886996629412808;0;1;0;0;0;0;1;1;0;0;0;0;0;0;0;0,0233629465940992;Muito Baixo;DEBTCONSOLIDATION;RENT
31;45504;3,0;7000;9,88;0,15;8;0,1538326300984528;0;2;0;1;0;0;0;0;1;0;0;0;0;0;0;0,0761836511297111;Muito Baixo;EDUCATION;MORTGAGE
28;59160;2,0;23500;10,99;0,4;10;0,3972278566599053;0;2;0;1;0;0;0;0;1;0;0;0;0;0;0;0,0774211267916644;Muito Baixo;EDUCATION;MORTGAGE
25;44000;6,0;17500;12,53;0,4;4;0,3977272727272727;1;2;0;0;0;0;1;0;1;0;0;0;0;1;1;0,9977437730808958;Muito Alto;EDUCATION;RENT
25;38000;8,0;6000;6,99;0,16;4;0,1578947368421052;0;1;0;0;0;0;1;0;0;0;0;1;0;0;0;0,1060319917391031;Muito Baixo;PERSONAL;RENT
26;85000;0,0;8000;10,99;0,09;3;0,0941176470588235;0;2;0;1;0;0;0;1;0;0;0;0;0;0;0;0,0409495331148812;Muito Baixo;DEBTCONSOLIDATION;MORTGAGE
23;69000;0,0;15000;14,96;0,22;4;0,217391304347826;1;4;0;1;0;0;0;0;0;1;0;0;0;1;1;0,9919329508966168;Muito Alto;HOMEIMPROVEMENT;MORTGAGE
25;135000;8,0;24000;10,99;0,18;2;0,1777777777777777;0;2;0;0;0;0;1;0;0;0;0;1;0;0;0;0,0494623078599224;Muito Baixo;PERSONAL;RENT
34;35000;2,0;2000;13,99;0,06;8;0,0571428571428571;1;3;0;0;0;1;0;0;1;0;0;0;0;0;0;0,0005294825748273;Muito Baixo;EDUCATION;OWN
27;50000;3,0;15000;9,88;0,3;5;0,3;0;2;0;1;0;0;0;0;0;1;0;0;0;0;0;0,0504910544826725;Muito Baixo;HOMEIMPROVEMENT;MORTGAGE
28;21600;4,0;9750;15,31;0,45;10;0,4513888888888889;1;4;0;0;0;0;1;0;0;0;0;0;1;1;1;0,9960142722195094;Muito Alto;VENTURE;RENT
24;86000;0,0;20000;10,99;0,23;3;0,2325581395348837;0;2;0;1;0;0;0;0;0;0;0;1;0;1;0;0,1073615535940147;Muito Baixo;PERSONAL;MORTGAGE
22;45000;0,0;9000;11,48;0,2;4;0,2;1;2;0;0;0;0;1;0;0;0;0;0;1;0;0;0,0020709401267804;Muito Baixo;VENTURE;RENT
30;135000;8,0;32000;7,9;0,24;9;0,237037037037037;0;1;0;1;0;0;0;1;0;0;0;0;0;0;0;0,0213373979269783;Muito Baixo;DEBTCONSOLIDATION;MORTGAGE
29;40560;4,0;2700;10,0;0,07;8;0,0665680473372781;0;2;0;0;0;0;1;0;1;0;0;0;0;0;0;0,1655561953987624;Muito Baixo;EDUCATION;RENT
23;138000;1,0;5000;14,91;0,04;4;0,036231884057971;1;4;0;0;0;0;1;1;0;0;0;0;0;1;1;0,9987449039684804;Muito Alto;DEBTCONSOLIDATION;RENT
43;93000;7,0;7000;7,14;0,08;13;0,075268817204301;0;1;0;1;0;0;0;0;0;0;0;1;0;0;0;0,01025359412455;Muito Baixo;PERSONAL;MORTGAGE
28;48000;12,0;7000;11,36;0,15;9;0,1458333333333333;1;2;0;0;0;0;1;0;0;0;1;0;0;0;0;0,0824044101673847;Muito Baixo;MEDICAL;RENT
22;32500;0,0;12000;11,49;0,37;3;0,3692307692307692;1;2;0;0;0;0;1;0;0;0;0;0;1;1;1;0,9987815590165298;Muito Alto;VENTURE;RENT
36;31000;2,0;2500;8,9;0,08;13;0,0806451612903225;0;1;0;0;0;0;1;0;1;0;0;0;0;0;0;0,1457632378745409;Muito Baixo;EDUCATION;RENT
23;95000;7,0;4500;6,92;0,05;3;0,0473684210526315;0;1;0;1;0;0;0;1;0;0;0;0;0;0;0;0,0080465162216156;Muito Baixo;DEBTCONSOLIDATION;MORTGAGE
33;120000;17,0;15000;5,79;0,13;9;0,125;0;1;0;1;0;0;0;0;0;0;0;1;0;0;0;0,0095607167832043;Muito Baixo;PERSONAL;MORTGAGE
22;60000;6,0;12900;11,14;0,21;4;0,215;1;2;0;1;0;0;0;0;0;0;0;1;0;0;0;0,0651457430709376;Muito Baixo;PERSONAL;MORTGAGE
37;48000;0,0;2500;9,62;0,05;12;0,0520833333333333;0;2;0;0;0;0;1;0;0;0;0;1;0;0;0;0,0623704367006149;Muito Baixo;PERSONAL;RENT
27;70000;3,0;3000;7,68;0,04;10;0,0428571428571428;0;1;0;0;0;0;1;0;1;0;0;0;0;0;0;0,0192221696970823;Muito Baixo;EDUCATION;RENT
23;50000;7,0;8000;16,02;0,16;3;0,16;1;4;0;0;0;0;1;1;0;0;0;0;0;1;1;0,9870683257155266;Muito Alto;DEBTCONSOLIDATION;RENT
21;33000;4,0;5000;14,61;0,15;3;0,1515151515151515;1;4;1;0;0;1;0;0;1;0;0;0;0;0;0;0,00100933752664;Muito Baixo;EDUCATION;OWN
24;97000;2,0;22000;12,68;0,23;3;0,2268041237113402;1;3;0;1;0;0;0;1;0;0;0;0;0;0;0;0,1226299905156725;Muito Baixo;DEBTCONSOLIDATION;MORTGAGE
25;185000;3,0;12000;5,79;0,06;3;0,0648648648648648;0;1;0;1;0;0;0;0;1;0;0;0;0;0;0;0,003676654916136;Muito Baixo;EDUCATION;MORTGAGE
27;58000;0,0;4600;13,99;0,08;10;0,0793103448275862;1;3;1;0;0;0;1;0;1;0;0;0;0;0;0;0,1117400398813555;Muito Baixo;EDUCATION;RENT
36;33996;12,0;8000;7,49;0,24;15;0,2353218025650076;0;1;0;0;0;0;1;0;0;0;0;1;0;0;0;0,2361405979131736;Baixo;PERSONAL;RENT
26;66400;6,0;6000;7,29;0,09;4;0,0903614457831325;0;1;0;0;0;0;1;0;0;0;1;0;0;0;0;0,0183417608921726;Muito Baixo;MEDICAL;RENT
28;62000;3,0;9300;11,72;0,15;5;0,15;1;3;1;0;0;0;1;1;0;0;0;0;0;0;0;0,0598881320945055;Muito Baixo;DEBTCONSOLIDATION;RENT
39;24000;0,0;4800;7,49;0,2;16;0,2;0;1;0;0;0;0;1;1;0;0;0;0;0;0;0;0,024123683737217;Muito Baixo;DEBTCONSOLIDATION;RENT
33;36000;9,0;12000;7,29;0,33;6;0,3333333333333333;0;1;0;0;0;0;1;0;0;0;0;1;0;1;1;0,9938447082287718;Muito Alto;PERSONAL;RENT
24;77385;6,0;9200;6,03;0,12;3;0,1188860890353427;0;1;0;0;0;0;1;1;0;0;0;0;0;0;0;0,0146951680939987;Muito Baixo;DEBTCONSOLIDATION;RENT
22;38117;0,0;13500;11,83;0,35;4;0,3541726788572028;1;2;0;1;0;0;0;0;0;0;0;1;0;0;0;0,1725175611044931;Muito Baixo;PERSONAL;MORTGAGE
25;54000;6,0;7000;18,64;0,13;3;0,1296296296296296;1;5;0;1;0;0;0;0;0;0;0;0;1;0;0;0,3689108258987093;Baixo;VENTURE;MORTGAGE
25;35000;2,0;7500;10,99;0,21;2;0,2142857142857142;0;2;0;0;0;0;1;1;0;0;0;0;0;0;0;0,0427566979987546;Muito Baixo;DEBTCONSOLIDATION;RENT
28;70000;0,0;12800;13,57;0,18;6;0,1828571428571428;1;3;0;0;0;0;1;1;0;0;0;0;0;0;0;0,0651548059213129;Muito Baixo;DEBTCONSOLIDATION;RENT
34;67392;0,0;15000;13,85;0,22;5;0,2225783475783475;1;3;1;1;0;0;0;0;0;0;0;1;0;1;0;0,1472964137747134;Muito Baixo;PERSONAL;MORTGAGE
26;42000;0,0;4500;11,48;0,11;3;0,1071428571428571;1;2;0;1;0;0;0;0;1;0;0;0;0;0;0;0,1256027886366483;Muito Baixo;EDUCATION;MORTGAGE
25;59623;9,0;3400;10,99;0,05;2;0,0570249735840195;0;2;0;1;0;0;0;0;0;0;1;0;0;1;0;0,266473163264727;Baixo;MEDICAL;MORTGAGE
32;53200;13,0;5000;7,49;0,09;8;0,093984962406015;0;1;0;1;0;0;0;0;0;0;0;1;0;0;0;0,0379084438474583;Muito Baixo;PERSONAL;MORTGAGE
26;48000;0,0;13000;11,26;0,27;3;0,2708333333333333;1;2;0;0;0;0;1;1;0;0;0;0;0;0;0;0,0582861575711365;Muito Baixo;DEBTCONSOLIDATION;RENT
24;90000;5,0;5000;9,99;0,06;3;0,0555555555555555;0;2;0;0;0;0;1;0;0;0;0;0;1;0;0;0,0008125558878563;Muito Baixo;VENTURE;RENT
23;75000;7,0;12000;12,53;0,16;3;0,16;1;2;0;0;0;0;1;0;0;0;0;1;0;0;0;0,0942769339589172;Muito Baixo;PERSONAL;RENT
22;64260;6,0;9200;13,43;0,14;3;0,1431683784624961;1;3;1;1;0;0;0;0;0;0;0;1;0;0;0;0,0917394710920853;Muito Baixo;PERSONAL;MORTGAGE
29;72000;9,0;1000;7,68;0,01;6;0,0138888888888888;0;1;0;1;0;0;0;0;0;1;0;0;0;0;0;0,0393849461774472;Muito Baixo;HOMEIMPROVEMENT;MORTGAGE
23;60000;7,0;6000;9,45;0,1;2;0,1;0;2;0;1;0;0;0;1;0;0;0;0;0;0;0;0,0537313666147979;Muito Baixo;DEBTCONSOLIDATION;MORTGAGE
26;32000;7,0;4800;12,61;0,15;3;0,15;1;3;1;1;0;0;0;0;0;0;0;0;1;0;0;0,156301516532728;Muito Baixo;VENTURE;MORTGAGE
22;30000;6,0;6600;14,42;0,22;4;0,22;1;4;0;1;0;0;0;0;1;0;0;0;0;0;0;0,2223239928807805;Baixo;EDUCATION;MORTGAGE
24;88000;2,0;25000;18,84;0,28;2;0,2840909090909091;1;7;1;1;0;0;0;1;0;0;0;0;0;1;1;0,9999281508917364;Muito Alto;DEBTCONSOLIDATION;MORTGAGE
35;58570;8,0;11000;7,88;0,19;9;0,187809458767287;0;1;0;1;0;0;0;0;0;1;0;0;0;0;0;0,0834501745214054;Muito Baixo;HOMEIMPROVEMENT;MORTGAGE
45;48000;5,0;14400;8,49;0,3;15;0,3;0;1;0;0;0;0;1;0;0;0;0;1;0;0;0;0,0239289042941975;Muito Baixo;PERSONAL;RENT
28;48715;2,0;12000;12,87;0,25;5;0,2463306989633583;1;3;1;0;0;0;1;1;0;0;0;0;0;0;0;0,0662041177860275;Muito Baixo;DEBTCONSOLIDATION;RENT
25;62000;3,0;20000;6,54;0,32;3;0,3225806451612903;0;1;0;0;0;0;1;0;0;0;1;0;0;1;1;0,982031900119415;Muito Alto;MEDICAL;RENT
23;36000;4,0;12250;10,74;0,34;3;0,3402777777777778;0;2;0;0;0;0;1;0;0;0;1;0;0;1;1;0,9927925958001454;Muito Alto;MEDICAL;RENT
25;66000;9,0;25000;15,33;0,38;2;0,3787878787878788;1;4;1;0;0;0;1;0;0;0;0;0;1;1;1;0,9813777383045555;Muito Alto;VENTURE;RENT
28;85000;1,0;14400;9,07;0,17;8;0,1694117647058823;0;1;0;0;0;0;1;0;1;0;0;0;0;0;0;0,0239640049551609;Muito Baixo;EDUCATION;RENT
27;45000;10,0;7600;14,59;0,17;7;0,1688888888888889;1;4;0;0;0;0;1;0;0;0;1;0;0;1;1;0,7548918795416522;Alto;MEDICAL;RENT
35;95028;2,0;5000;14,42;0,05;6;0,0526160710527423;1;4;1;0;0;0;1;0;0;1;0;0;0;1;1;0,6354093281992793;Alto;HOMEIMPROVEMENT;RENT
23;27000;5,0;10000;10,99;0,37;2;0,3703703703703703;0;2;0;0;0;0;1;0;0;0;1;0;0;1;1;0,9935108471041828;Muito Alto;MEDICAL;RENT
23;110000;6,0;3000;14,22;0,03;3;0,0272727272727272;1;3;0;0;0;0;1;0;1;0;0;0;0;0;0;0,0311264400506006;Muito Baixo;EDUCATION;RENT
27;112548;11,0;24000;7,49;0,21;7;0,2132423499306962;0;1;0;1;0;0;0;1;0;0;0;0;0;0;0;0,033933752874233;Muito Baixo;DEBTCONSOLIDATION;MORTGAGE
25;165000;0,0;25000;19,74;0,15;4;0,1515151515151515;1;6;0;1;0;0;0;0;0;1;0;0;0;0;0;0,3659320686548471;Baixo;HOMEIMPROVEMENT;MORTGAGE
25;45600;7,0;13000;12,99;0,29;2;0,2850877192982456;1;3;0;1;0;0;0;0;1;0;0;0;0;0;0;0,1135164706786861;Muito Baixo;EDUCATION;MORTGAGE
58;72000;5,0;4500;10,99;0,06;18;0,0625;0;2;0;0;0;0;1;0;1;0;0;0;0;0;0;0,0383997815980759;Muito Baixo;EDUCATION;RENT
26;29000;6,0;5000;12,99;0,17;2;0,1724137931034483;1;3;1;0;0;0;1;0;0;0;1;0;0;1;0;0,2002645976687584;Baixo;MEDICAL;RENT
24;96000;8,0;11000;5,99;0,11;2;0,1145833333333333;0;1;0;1;0;0;0;0;0;1;0;0;0;0;0;0,0029323782980956;Muito Baixo;HOMEIMPROVEMENT;MORTGAGE
30;100000;0,0;8000;7,29;0,08;8;0,08;0;1;0;0;0;1;0;0;1;0;0;0;0;0;0;0,0001599588493461;Muito Baixo;EDUCATION;OWN
36;24000;2,0;8000;13,61;0,33;14;0,3333333333333333;1;3;0;0;0;0;1;1;0;0;0;0;0;1;1;0,9888935286243048;Muito Alto;DEBTCONSOLIDATION;RENT
22;77182;6,0;6800;13,22;0,09;3;0,0881034438081418;1;3;0;0;0;0;1;0;1;0;0;0;0;0;0;0,1214726429870278;Muito Baixo;EDUCATION;RENT
22;40000;7,0;10000;10,37;0,25;2;0,25;0;2;0;0;0;0;1;0;1;0;0;0;0;0;0;0,0919944140805165;Muito Baixo;EDUCATION;RENT
32;36000;7,0;2600;7,49;0,07;8;0,0722222222222222;0;1;0;1;0;0;0;0;0;1;0;0;0;0;0;0,12346827800838;Muito Baixo;HOMEIMPROVEMENT;MORTGAGE
22;41000;0,0;6000;11,86;0,15;2;0,1463414634146341;1;2;0;1;0;0;0;0;1;0;0;0;0;0;0;0,0646145150743458;Muito Baixo;EDUCATION;MORTGAGE
23;65000;2,0;8000;14,72;0,12;2;0,123076923076923;1;3;1;0;0;0;1;1;0;0;0;0;0;0;0;0,111680372177747;Muito Baixo;DEBTCONSOLIDATION;RENT
25;40000;7,0;2100;6,03;0,05;2;0,0525;0;1;0;1;0;0;0;0;1;0;0;0;0;0;0;0,0327457119145358;Muito Baixo;EDUCATION;MORTGAGE
24;113000;5,0;17950;11,99;0,16;4;0,1588495575221239;1;2;0;1;0;0;0;0;1;0;0;0;0;0;0;0,0576715996712211;Muito Baixo;EDUCATION;MORTGAGE
22;73000;6,0;7000;7,49;0,1;2;0,0958904109589041;0;1;0;1;0;0;0;0;0;0;0;0;1;0;0;0,0010778500482812;Muito Baixo;VENTURE;MORTGAGE
25;32004;5,0;5000;14,35;0,16;3;0,1562304711911011;1;3;0;0;0;0;1;1;0;0;0;0;0;0;0;0,46164981484522;Moderado;DEBTCONSOLIDATION;RENT
29;48000;2,0;5000;11,97;0,1;5;0,1041666666666666;1;3;1;1;0;0;0;0;0;0;0;0;1;0;0;0,1608173181523934;Muito Baixo;VENTURE;MORTGAGE
31;38000;15,0;14400;8,94;0,38;7;0,3789473684210526;0;1;0;0;0;0;1;0;0;0;0;0;1;1;1;0,9986330033473682;Muito Alto;VENTURE;RENT
24;80000;2,0;2500;11,49;0,03;2;0,03125;1;2;0;1;0;0;0;0;0;0;1;0;0;0;0;0,0315345446350599;Muito Baixo;MEDICAL;MORTGAGE
40;40008;20,0;12000;11,71;0,3;15;0,2999400119976004;1;2;0;0;0;1;0;0;0;0;0;1;0;0;0;0,0004498612280547;Muito Baixo;PERSONAL;OWN
22;41196;6,0;6800;11,59;0,17;2;0,1650645693756675;1;3;1;0;0;0;1;0;0;0;0;1;0;0;0;0,153240366770899;Muito Baixo;PERSONAL;RENT
22;67350;6,0;9600;14,96;0,14;4;0,1425389755011135;1;4;0;1;0;0;0;0;1;0;0;0;0;0;0;0,15245289545229;Muito Baixo;EDUCATION;MORTGAGE
25;32000;1,0;1500;7,29;0,05;3;0,046875;0;1;0;0;0;0;1;1;0;0;0;0;0;0;0;0,1375871021129747;Muito Baixo;DEBTCONSOLIDATION;RENT
30;60000;0,0;6000;8,94;0,1;8;0,1;0;1;0;1;0;0;0;0;0;1;0;0;0;0;0;0,0317095264434457;Muito Baixo;HOMEIMPROVEMENT;MORTGAGE
23;72000;2,0;9000;13,47;0,13;3;0,125;1;3;0;0;0;0;1;0;0;0;0;0;1;0;0;0,0738721501575687;Muito Baixo;VENTURE;RENT
29;120000;2,0;7000;15,31;0,06;8;0,0583333333333333;1;4;0;1;0;0;0;0;0;0;0;1;0;0;0;0,0884277056399852;Muito Baixo;PERSONAL;MORTGAGE
25;62500;2,0;12000;16,77;0,19;4;0,192;1;4;0;0;0;0;1;1;0;0;0;0;0;1;1;0,9986515360220288;Muito Alto;DEBTCONSOLIDATION;RENT
22;61500;3,0;10000;14,22;0,16;2;0,1626016260162601;1;3;0;0;0;0;1;0;0;0;1;0;0;0;0;0,1422969227119412;Muito Baixo;MEDICAL;RENT
23;92000;7,0;18000;12,68;0,2;2;0,1956521739130435;1;3;0;1;0;0;0;0;1;0;0;0;0;0;0;0,037348032010673;Muito Baixo;EDUCATION;MORTGAGE
23;24000;4,0;5000;6,62;0,21;2;0,2083333333333333;0;1;0;0;0;0;1;1;0;0;0;0;0;0;0;0,127535507218876;Muito Baixo;DEBTCONSOLIDATION;RENT
23;36000;7,0;6725;11,49;0,19;2;0,1868055555555555;1;2;0;1;0;0;0;0;0;1;0;0;0;1;1;0,9763405591746164;Muito Alto;HOMEIMPROVEMENT;MORTGAGE
36;35000;2,0;7500;7,49;0,21;13;0,2142857142857142;0;1;0;1;0;0;0;0;0;1;0;0;0;0;0;0,0345323068586964;Muito Baixo;HOMEIMPROVEMENT;MORTGAGE
26;21600;0,0;5000;9,99;0,23;4;0,2314814814814814;0;2;0;0;0;0;1;1;0;0;0;0;0;0;0;0,1314154343680385;Muito Baixo;DEBTCONSOLIDATION;RENT
26;30000;2,0;6000;6,54;0,2;2;0,2;0;1;0;0;0;0;1;0;0;0;1;0;0;0;0;0,1051080559339488;Muito Baixo;MEDICAL;RENT
22;36614;5,0;7000;9,99;0,19;4;0,191183700223958;0;2;0;0;0;0;1;0;0;0;1;0;0;1;0;0,0978094006717592;Muito Baixo;MEDICAL;RENT
25;32400;1,0;2000;14,35;0,06;2;0,0617283950617283;1;3;0;0;0;0;1;0;1;0;0;0;0;1;0;0,4438092460802336;Moderado;EDUCATION;RENT
32;54000;9,0;13000;12,53;0,24;10;0,2407407407407407;1;3;1;1;0;0;0;0;0;0;0;0;1;0;0;0,1683992993549328;Muito Baixo;VENTURE;MORTGAGE
26;75000;11,0;6000;14,96;0,08;3;0,08;1;4;0;1;0;0;0;0;0;0;0;0;1;0;0;0,089733960739553;Muito Baixo;VENTURE;MORTGAGE
22;80750;1,0;24000;15,99;0,25;4;0,2972136222910216;1;4;0;1;0;0;0;0;0;0;1;0;0;1;1;0,9955497561848548;Muito Alto;MEDICAL;MORTGAGE
28;61000;12,0;15000;13,99;0,25;7;0,2459016393442623;1;3;0;0;0;0;1;0;0;1;0;0;0;0;0;0,1314039142865746;Muito Baixo;HOMEIMPROVEMENT;RENT
25;36499;1,0;4200;10,99;0,12;4;0,115071645798515;0;2;0;0;0;0;1;0;0;1;0;0;0;1;1;0,7417652507713743;Alto;HOMEIMPROVEMENT;RENT
23;65000;5,0;2275;7,49;0,04;2;0,035;0;1;0;1;0;0;0;1;0;0;0;0;0;0;0;0,016512224709718;Muito Baixo;DEBTCONSOLIDATION;MORTGAGE
30;62000;9,0;5000;13,11;0,08;8;0,0806451612903225;1;3;1;1;0;0;0;0;1;0;0;0;0;0;0;0,1244230751860595;Muito Baixo;EDUCATION;MORTGAGE
22;140000;4,0;15000;14,17;0,11;3;0,1071428571428571;1;3;1;0;0;0;1;0;0;0;0;0;1;0;0;0,0756083358035741;Muito Baixo;VENTURE;RENT
27;84000;0,0;2500;14,59;0,03;9;0,0297619047619047;1;4;0;0;0;0;1;0;0;0;0;0;1;1;1;0,8677567071652935;Muito Alto;VENTURE;RENT
22;16094;2,0;5500;7,14;0,34;3;0,3417422641978377;0;1;0;1;0;0;0;0;0;0;0;0;1;1;1;0,8717995710429287;Muito Alto;VENTURE;MORTGAGE
42;32000;5,0;10000;10,38;0,31;15;0,3125;0;2;0;0;0;0;1;0;0;0;0;0;1;1;1;0,996873188879122;Muito Alto;VENTURE;RENT
25;155000;9,0;18000;7,51;0,12;2;0,1161290322580645;0;1;0;1;0;0;0;0;0;0;1;0;0;0;0;0,0076433083800405;Muito Baixo;MEDICAL;MORTGAGE
40;110000;14,0;5000;11,49;0,05;14;0,0454545454545454;1;2;0;1;0;0;0;0;0;0;0;1;0;0;0;0,0314915798973817;Muito Baixo;PERSONAL;MORTGAGE
23;52000;5,0;4600;14,96;0,09;2;0,0884615384615384;1;4;0;0;0;0;1;0;0;0;0;1;0;1;0;0,0988962955696853;Muito Baixo;PERSONAL;RENT
23;52000;0,0;3000;5,99;0,06;2;0,0576923076923076;0;1;0;0;0;0;1;0;1;0;0;0;0;0;0;0,006523207880902;Muito Baixo;EDUCATION;RENT
30;165000;3,0;15000;13,92;0,09;9;0,0909090909090909;1;3;1;0;0;0;1;0;0;0;0;0;1;0;0;0,041850112365556;Muito Baixo;VENTURE;RENT
25;40000;9,0;2400;5,42;0,06;3;0,06;0;1;0;0;0;0;1;0;1;0;0;0;0;0;0;0,0315163074104453;Muito Baixo;EDUCATION;RENT
22;66614;6,0;11000;17,99;0,14;2;0,1651304530579157;1;5;1;1;0;0;0;0;0;0;1;0;0;1;1;0,9933246442314668;Muito Alto;MEDICAL;MORTGAGE
28;34000;12,0;3500;15,58;0,1;6;0,1029411764705882;1;4;0;1;0;0;0;0;0;0;1;0;0;1;1;0,9768038861120848;Muito Alto;MEDICAL;MORTGAGE
28;40000;6,0;10500;14,27;0,26;6;0,2625;1;3;0;0;0;0;1;0;1;0;0;0;0;0;0;0,1655586559423221;Muito Baixo;EDUCATION;RENT
29;70000;6,0;7000;7,74;0,1;6;0,1;0;1;0;0;0;0;1;0;1;0;0;0;0;0;0;0,0365726224813641;Muito Baixo;EDUCATION;RENT
29;59004;0,0;4800;11,49;0,08;7;0,0813504169208867;1;2;0;0;0;0;1;1;0;0;0;0;0;1;0;0,1696119426242717;Muito Baixo;DEBTCONSOLIDATION;RENT
30;54000;1,0;16000;17,99;0,3;10;0,2962962962962963;1;5;1;0;0;0;1;0;1;0;0;0;0;1;1;0,9901684073166988;Muito Alto;EDUCATION;RENT
23;36000;0,0;10000;8,59;0,28;2;0,2777777777777778;0;1;0;0;0;0;1;0;1;0;0;0;0;0;0;0,0753797620070215;Muito Baixo;EDUCATION;RENT
29;44004;7,0;10000;15,33;0,23;8;0,2272520679938187;1;4;1;0;0;0;1;0;0;0;0;1;0;1;0;0,4737966174446181;Moderado;PERSONAL;RENT
31;82656;10,0;6000;12,09;0,07;9;0,0725900116144018;1;3;1;0;1;0;0;1;0;0;0;0;0;0;0;0,0350596581989834;Muito Baixo;DEBTCONSOLIDATION;OTHER
23;80000;7,0;10000;7,74;0,13;3;0,125;0;1;0;1;0;0;0;1;0;0;0;0;0;0;0;0,0239122847378868;Muito Baixo;DEBTCONSOLIDATION;MORTGAGE
26;75000;1,0;3000;9,63;0,04;3;0,04;0;1;0;1;0;0;0;0;0;1;0;0;0;0;0;0,0644164276808325;Muito Baixo;HOMEIMPROVEMENT;MORTGAGE
30;46000;1,0;12000;13,48;0,26;9;0,2608695652173913;1;3;1;1;0;0;0;0;1;0;0;0;0;0;0;0,1392426836241619;Muito Baixo;EDUCATION;MORTGAGE
25;35000;3,0;5000;10,36;0,14;3;0,1428571428571428;0;2;0;0;0;0;1;0;0;0;1;0;0;0;0;0,0648550267401698;Muito Baixo;MEDICAL;RENT
27;30000;2,0;11500;10,36;0,38;6;0,3833333333333333;0;2;0;0;0;0;1;0;0;0;0;0;1;1;1;0,9978439441849102;Muito Alto;VENTURE;RENT
33;84996;17,0;10000;8,0;0,12;10;0,1176525954162548;0;1;0;0;0;0;1;0;1;0;0;0;0;0;0;0,0123810063322805;Muito Baixo;EDUCATION;RENT
28;47500;2,0;8500;7,88;0,18;10;0,1789473684210526;0;1;0;0;0;0;1;0;1;0;0;0;0;0;0;0,0369955875332208;Muito Baixo;EDUCATION;RENT
48;130000;2,0;24000;9,91;0,18;15;0,1846153846153846;0;2;0;0;0;0;1;0;1;0;0;0;0;0;0;0,1251656147275691;Muito Baixo;EDUCATION;RENT
29;42000;0,0;15000;14,25;0,36;9;0,3571428571428571;1;5;0;0;0;0;1;0;0;0;0;1;0;1;1;0,9981905023062208;Muito Alto;PERSONAL;RENT
25;84000;0,0;4500;12,18;0,05;2;0,0535714285714285;1;2;0;0;0;0;1;0;0;0;0;1;0;0;0;0,0754310096332498;Muito Baixo;PERSONAL;RENT
22;32400;4,0;4000;15,31;0,12;2;0,1234567901234567;1;4;1;0;0;0;1;0;0;0;0;0;1;1;0;0,3613185662993944;Baixo;VENTURE;RENT
37;21600;4,0;3800;15,31;0,18;11;0,1759259259259259;1;4;0;0;0;0;1;0;0;0;1;0;0;1;1;0,544765722555669;Moderado;MEDICAL;RENT
25;188000;9,0;25000;13,24;0,13;4;0,1329787234042553;1;4;1;1;0;0;0;0;0;1;0;0;0;1;0;0,1961842901030543;Muito Baixo;HOMEIMPROVEMENT;MORTGAGE
30;32004;4,0;5500;8,0;0,17;8;0,1718535183102112;0;1;0;0;0;1;0;0;0;0;0;0;1;0;0;2,370746105985857e-05;Muito Baixo;VENTURE;OWN
24;35004;9,0;10400;16,82;0,3;2;0,2971089018397897;1;5;0;0;0;0;1;0;0;0;0;1;0;0;0;0,1368750448681864;Muito Baixo;PERSONAL;RENT
39;76000;8,0;5000;6,03;0,07;14;0,0657894736842105;0;1;0;1;0;0;0;0;0;1;0;0;0;0;0;0,0099789809991398;Muito Baixo;HOMEIMPROVEMENT;MORTGAGE
27;60000;4,0;7200;8,9;0,12;7;0,12;0;1;0;0;0;0;1;0;0;1;0;0;0;0;0;0,0542034014944692;Muito Baixo;HOMEIMPROVEMENT;RENT
31;47000;10,0;23000;14,84;0,49;9;0,4893617021276595;1;4;0;1;0;0;0;0;0;0;0;0;1;1;0;0,331139769434389;Baixo;VENTURE;MORTGAGE
25;25000;3,0;3000;6,76;0,12;2;0,12;0;1;0;0;0;1;0;0;1;0;0;0;0;0;0;0,0007230478684924;Muito Baixo;EDUCATION;OWN
24;25000;0,0;4400;6,76;0,18;2;0,176;0;1;0;0;0;0;1;0;1;0;0;0;0;0;0;0,0346916396738803;Muito Baixo;EDUCATION;RENT
40;70000;6,0;18000;7,9;0,26;14;0,2571428571428571;0;1;0;1;0;0;0;0;1;0;0;0;0;0;0;0,0173751253011174;Muito Baixo;EDUCATION;MORTGAGE
38;67000;6,0;13000;15,31;0,19;17;0,1940298507462686;1;4;0;0;0;0;1;0;0;1;0;0;0;0;0;0,207271900378701;Baixo;HOMEIMPROVEMENT;RENT
26;105000;6,0;12000;11,99;0,11;2;0,1142857142857142;1;2;0;1;0;0;0;1;0;0;0;0;0;0;0;0,0838186329440736;Muito Baixo;DEBTCONSOLIDATION;MORTGAGE
23;67476;5,0;25000;13,49;0,37;3;0,3705021044519533;1;3;1;1;0;0;0;0;0;1;0;0;0;1;1;0,976113956362666;Muito Alto;HOMEIMPROVEMENT;MORTGAGE
34;91000;19,0;15000;10,99;0,16;10;0,1648351648351648;0;2;0;1;0;0;0;0;0;0;0;0;1;0;0;0,000442984102929;Muito Baixo;VENTURE;MORTGAGE
29;30000;3,0;6000;5,79;0,2;6;0,2;0;1;0;1;0;0;0;0;0;1;0;0;0;0;0;0,2229547915482723;Baixo;HOMEIMPROVEMENT;MORTGAGE
34;72000;6,0;5000;10,59;0,07;9;0,0694444444444444;0;2;0;0;0;0;1;0;0;0;1;0;0;0;0;0,0211874629563338;Muito Baixo;MEDICAL;RENT
25;50000;9,0;10000;6,92;0,2;2;0,2;0;1;0;1;0;0;0;0;0;0;0;1;0;0;0;0,0314752104472508;Muito Baixo;PERSONAL;MORTGAGE
23;52000;7,0;5000;11,48;0,1;2;0,0961538461538461;1;2;0;1;0;0;0;0;0;0;0;1;0;1;0;0,0890470848299249;Muito Baixo;PERSONAL;MORTGAGE
24;85000;8,0;10000;10,37;0,12;4;0,1176470588235294;0;2;0;0;0;0;1;0;0;0;0;1;0;0;0;0,0459667551140421;Muito Baixo;PERSONAL;RENT
28;65000;2,0;7200;13,98;0,11;8;0,1107692307692307;1;3;1;0;0;0;1;0;0;0;1;0;0;0;0;0,0437328914652202;Muito Baixo;MEDICAL;RENT
35;87550;3,0;28000;18,62;0,27;10;0,3198172472872644;1;6;0;0;0;0;1;0;0;0;1;0;0;1;1;0,9989589270643624;Muito Alto;MEDICAL;RENT
23;24000;0,0;2000;14,35;0,08;2;0,0833333333333333;1;3;1;0;0;0;1;0;1;0;0;0;0;0;0;0,1109219832050627;Muito Baixo;EDUCATION;RENT
29;44000;8,0;11000;7,29;0,25;6;0,25;0;1;0;0;0;0;1;0;0;0;0;0;1;0;0;0,004805658723372;Muito Baixo;VENTURE;RENT
23;83300;0,0;25000;15,31;0,26;3;0,3001200480192076;1;4;0;1;0;0;0;0;0;0;1;0;0;1;1;0,9959057390213664;Muito Alto;MEDICAL;MORTGAGE
39;30000;4,0;10375;8,9;0,35;13;0,3458333333333333;0;1;0;1;0;0;0;0;1;0;0;0;0;0;0;0,1605303366005055;Muito Baixo;EDUCATION;MORTGAGE
22;95000;2,0;24000;7,9;0,25;4;0,2526315789473684;0;1;0;1;0;0;0;1;0;0;0;0;0;0;0;0,0123064000583879;Muito Baixo;DEBTCONSOLIDATION;MORTGAGE
50;35880;0,0;4600;12,23;0,13;13;0,1282051282051282;1;3;1;0;0;0;1;0;0;0;1;0;0;0;0;0,0500111365496549;Muito Baixo;MEDICAL;RENT
24;40000;6,0;12000;13,49;0,3;2;0,3;1;3;0;0;0;0;1;0;0;0;1;0;0;0;0;0,056790577870557;Muito Baixo;MEDICAL;RENT
40;36000;4,0;2000;13,57;0,06;12;0,0555555555555555;1;3;1;0;0;1;0;0;1;0;0;0;0;0;0;0,0005807264960715;Muito Baixo;EDUCATION;OWN
25;108000;0,0;21000;11,71;0,19;4;0,1944444444444444;1;2;0;1;0;0;0;0;0;1;0;0;0;0;0;0,1317278868975906;Muito Baixo;HOMEIMPROVEMENT;MORTGAGE
25;70000;9,0;15000;16,02;0,21;4;0,2142857142857142;1;4;0;0;0;0;1;0;0;1;0;0;0;0;0;0,1643869953793987;Muito Baixo;HOMEIMPROVEMENT;RENT
22;21000;4,0;3000;11,49;0,14;3;0,1428571428571428;1;2;0;1;0;0;0;1;0;0;0;0;0;0;0;0,2223474124296874;Baixo;DEBTCONSOLIDATION;MORTGAGE
25;67000;3,0;7000;8,94;0,1;2;0,1044776119402985;0;1;0;0;0;0;1;0;0;0;1;0;0;0;0;0,030588767190639;Muito Baixo;MEDICAL;RENT
24;90000;4,0;12000;9,91;0,13;2;0,1333333333333333;0;2;0;0;0;0;1;0;0;0;0;1;0;0;0;0,0382469755643171;Muito Baixo;PERSONAL;RENT
29;115000;13,0;5000;6,03;0,04;9;0,0434782608695652;0;1;0;1;0;0;0;1;0;0;0;0;0;0;0;0,0044257122684891;Muito Baixo;DEBTCONSOLIDATION;MORTGAGE
22;9600;4,0;1200;10,37;0,13;2;0,125;0;2;0;0;0;0;1;0;1;0;0;0;0;0;0;0,3893272065492381;Baixo;EDUCATION;RENT
42;60000;3,0;7200;5,79;0,12;11;0,12;0;1;0;0;0;0;1;0;0;1;0;0;0;0;0;0,0183956466199733;Muito Baixo;HOMEIMPROVEMENT;RENT
25;55000;1,0;6400;6,03;0,12;3;0,1163636363636363;0;1;0;1;0;0;0;0;1;0;0;0;0;0;0;0,0296721940174593;Muito Baixo;EDUCATION;MORTGAGE
38;30132;4,0;3000;13,85;0,1;14;0,0995619275189167;1;3;0;0;0;0;1;0;1;0;0;0;0;1;0;0,2404129312129893;Baixo;EDUCATION;RENT
23;44000;1,0;5000;13,99;0,11;2;0,1136363636363636;1;3;1;0;0;0;1;0;0;0;1;0;0;1;0;0,365931829373497;Baixo;MEDICAL;RENT
48;30000;0,0;6000;12,42;0,2;12;0,2;1;2;0;0;0;0;1;1;0;0;0;0;0;1;0;0,236122114777806;Baixo;DEBTCONSOLIDATION;RENT
22;45000;0,0;4000;13,48;0,09;3;0,0888888888888888;1;3;1;0;0;0;1;0;1;0;0;0;0;0;0;0,0433312174508564;Muito Baixo;EDUCATION;RENT
22;22596;4,0;7500;9,76;0,33;4;0,3319171534784917;0;2;0;0;0;0;1;0;0;0;1;0;0;1;1;0,9849643651197516;Muito Alto;MEDICAL;RENT
22;30000;1,0;5500;12,53;0,18;4;0,1833333333333333;1;2;0;0;0;0;1;0;0;0;0;1;0;0;0;0,2785996305250145;Baixo;PERSONAL;RENT
48;35004;14,0;3300;6,39;0,09;13;0,0942749400068563;0;1;0;1;0;0;0;0;0;0;0;1;0;0;0;0,0228805192079612;Muito Baixo;PERSONAL;MORTGAGE
33;30784;7,0;9950;12,99;0,32;8;0,3232198544698544;1;3;0;0;0;0;1;1;0;0;0;0;0;1;1;0,9933951273857584;Muito Alto;DEBTCONSOLIDATION;RENT
25;43000;9,0;15000;15,57;0,35;3;0,3488372093023256;1;4;0;0;0;0;1;0;0;0;1;0;0;1;1;0,9931532511576489;Muito Alto;MEDICAL;RENT
29;70004;0,0;12500;8,88;0,18;7;0,178561225072853;0;2;0;0;0;0;1;0;1;0;0;0;0;0;0;0,0294575572521523;Muito Baixo;EDUCATION;RENT
32;54000;3,0;10975;7,66;0,2;7;0,2032407407407407;0;1;0;1;0;0;0;1;0;0;0;0;0;0;0;0,0602611783948295;Muito Baixo;DEBTCONSOLIDATION;MORTGAGE
30;33300;2,0;1600;7,4;0,05;5;0,048048048048048;0;1;0;1;0;0;0;0;0;0;1;0;0;0;0;0,0545182496301485;Muito Baixo;MEDICAL;MORTGAGE
25;150000;6,0;5000;13,16;0,03;4;0,0333333333333333;1;3;1;1;0;0;0;1;0;0;0;0;0;0;0;0,0443171186191451;Muito Baixo;DEBTCONSOLIDATION;MORTGAGE
26;67500;1,0;5000;12,18;0,07;3;0,074074074074074;1;2;0;0;0;0;1;0;0;0;1;0;0;0;0;0,0445310587661044;Muito Baixo;MEDICAL;RENT
31;60000;5,0;6500;10,99;0,11;5;0,1083333333333333;0;2;0;1;0;0;0;0;0;1;0;0;0;0;0;0,0371555433594659;Muito Baixo;HOMEIMPROVEMENT;MORTGAGE
29;60000;1,0;6000;10,01;0,1;10;0,1;0;2;0;0;0;0;1;0;0;1;0;0;0;0;0;0,0447686971357325;Muito Baixo;HOMEIMPROVEMENT;RENT
25;130000;3,0;8000;13,49;0,06;4;0,0615384615384615;1;3;0;1;0;0;0;0;0;1;0;0;0;0;0;0,0326690972258483;Muito Baixo;HOMEIMPROVEMENT;MORTGAGE
25;154000;2,0;9200;12,61;0,06;4;0,0597402597402597;1;3;1;1;0;0;0;0;0;1;0;0;0;0;0;0,0360994579041309;Muito Baixo;HOMEIMPROVEMENT;MORTGAGE
32;86000;4,0;1600;13,23;0,02;9;0,0186046511627906;1;3;1;0;0;0;1;0;1;0;0;0;0;0;0;0,0408110781490838;Muito Baixo;EDUCATION;RENT
26;45000;3,0;1500;10,25;0,03;4;0,0333333333333333;0;2;0;0;0;0;1;0;0;0;1;0;0;0;0;0,0214404346462951;Muito Baixo;MEDICAL;RENT
25;39600;5,0;4800;12,42;0,12;4;0,1212121212121212;1;2;0;1;0;0;0;0;0;1;0;0;0;0;0;0,2975382324199258;Baixo;HOMEIMPROVEMENT;MORTGAGE
21;20400;2,0;4500;10,99;0,22;3;0,2205882352941176;0;2;0;0;0;0;1;0;0;0;0;0;1;0;0;0,0026384741341572;Muito Baixo;VENTURE;RENT
31;53000;15,0;10000;15,31;0,19;10;0,1886792452830188;1;4;0;1;0;0;0;0;0;0;0;0;1;0;0;0,1300511851691373;Muito Baixo;VENTURE;MORTGAGE
22;62000;2,0;6000;13,92;0,1;4;0,0967741935483871;1;3;0;1;0;0;0;0;1;0;0;0;0;0;0;0,0377091969933159;Muito Baixo;EDUCATION;MORTGAGE
27;58000;3,0;13000;11,58;0,22;7;0,2241379310344827;1;2;0;0;0;0;1;0;0;0;0;0;1;0;0;0,0033348153096153;Muito Baixo;VENTURE;RENT
37;100000;3,0;6000;11,99;0,06;13;0,06;1;2;0;1;0;0;0;0;0;0;0;0;1;0;0;0,0010964444019346;Muito Baixo;VENTURE;MORTGAGE
27;207182;11,0;22000;10,62;0,11;5;0,1061868309022984;0;2;0;1;0;0;0;0;0;0;0;0;1;0;0;0,0008872831182369;Muito Baixo;VENTURE;MORTGAGE
33;48000;1,0;6000;7,49;0,13;10;0,125;0;1;0;1;0;0;0;1;0;0;0;0;0;0;0;0,0249605121751718;Muito Baixo;DEBTCONSOLIDATION;MORTGAGE
24;36996;7,0;7800;15,31;0,21;3;0,2108336036328251;1;4;1;1;0;0;0;0;0;0;0;1;0;0;0;0,1835844340458909;Muito Baixo;PERSONAL;MORTGAGE
25;35000;1,0;5400;12,17;0,15;4;0,1542857142857142;1;4;0;1;0;0;0;0;0;1;0;0;0;0;0;0,2892083800937921;Baixo;HOMEIMPROVEMENT;MORTGAGE
24;45000;2,0;9200;11,89;0,2;3;0,2044444444444444;1;2;0;1;0;0;0;0;1;0;0;0;0;0;0;0,0865869271780085;Muito Baixo;EDUCATION;MORTGAGE
24;145000;4,0;20000;11,36;0,14;3;0,1379310344827586;1;2;0;1;0;0;0;1;0;0;0;0;0;0;0;0,0580595829651179;Muito Baixo;DEBTCONSOLIDATION;MORTGAGE
36;49901;13,0;8400;13,61;0,17;12;0,168333299933869;1;3;1;1;0;0;0;0;0;1;0;0;0;0;0;0,0459163638502635;Muito Baixo;HOMEIMPROVEMENT;MORTGAGE
33;30000;1,0;5000;12,68;0,17;10;0,1666666666666666;1;3;1;0;0;1;0;0;0;0;0;0;1;0;0;0,0009145323204926;Muito Baixo;VENTURE;OWN
22;43385;7,0;23000;13,48;0,53;3;0,5301371441742537;1;3;0;0;0;0;1;0;0;0;0;1;0;1;1;0,995118175919198;Muito Alto;PERSONAL;RENT
25;35000;2,0;6400;7,49;0,18;2;0,1828571428571428;0;1;0;0;0;1;0;0;0;0;1;0;0;0;0;0,0004565981992099;Muito Baixo;MEDICAL;OWN
21;42500;0,0;2500;10,99;0,06;2;0,0588235294117647;0;2;0;0;0;0;1;1;0;0;0;0;0;0;0;0,0423582911962729;Muito Baixo;DEBTCONSOLIDATION;RENT
48;15000;4,0;2000;12,84;0,13;14;0,1333333333333333;1;3;1;0;0;0;1;1;0;0;0;0;0;0;0;0,0597375845811887;Muito Baixo;DEBTCONSOLIDATION;RENT
24;98000;8,0;12000;6,03;0,12;3;0,1224489795918367;0;1;0;0;0;1;0;0;0;1;0;0;0;0;0;0,0001417885325933;Muito Baixo;HOMEIMPROVEMENT;OWN
39;108000;6,0;30000;16,49;0,28;11;0,2777777777777778;1;4;1;1;0;0;0;0;1;0;0;0;0;1;0;0,3548228779778758;Baixo;EDUCATION;MORTGAGE
35;74000;13,0;5000;7,9;0,07;5;0,0675675675675675;0;1;0;1;0;0;0;1;0;0;0;0;0;0;0;0,0791300757552393;Muito Baixo;DEBTCONSOLIDATION;MORTGAGE
28;75000;0,0;6000;7,49;0,08;6;0,08;0;1;0;0;0;0;1;0;0;0;0;0;1;0;0;0,0006189076314028;Muito Baixo;VENTURE;RENT
21;35000;2,0;7200;15,23;0,21;4;0,2057142857142857;1;3;0;0;0;1;0;0;0;0;0;0;1;0;0;0,0003658323342055;Muito Baixo;VENTURE;OWN
24;74448;8,0;4000;7,49;0,05;2;0,0537287771330324;0;1;0;1;0;0;0;0;1;0;0;0;0;0;0;0,1311644133587448;Muito Baixo;EDUCATION;MORTGAGE
27;122000;3,0;15000;12,73;0,12;5;0,1229508196721311;1;3;0;0;0;0;1;0;0;0;0;1;0;0;0;0,0514596224125029;Muito Baixo;PERSONAL;RENT
28;47000;5,0;6000;8,88;0,13;6;0,1276595744680851;0;2;0;1;0;0;0;0;0;1;0;0;0;1;0;0,1108890367074059;Muito Baixo;HOMEIMPROVEMENT;MORTGAGE
28;42000;4,0;9600;7,9;0,23;7;0,2285714285714285;0;1;0;0;0;0;1;0;0;0;1;0;0;0;0;0,0542728018804351;Muito Baixo;MEDICAL;RENT
29;46000;4,0;12000;10,74;0,26;10;0,2608695652173913;0;2;0;0;0;0;1;0;0;0;1;0;0;0;0;0,0451313549541354;Muito Baixo;MEDICAL;RENT
23;28000;6,0;7000;9,99;0,25;4;0,25;0;2;0;0;0;1;0;0;0;0;0;0;1;0;0;2,3100742429569743e-05;Muito Baixo;VENTURE;OWN
25;28128;2,0;7500;15,33;0,27;3;0,2666382252559727;1;4;0;0;0;0;1;0;0;0;0;0;1;1;1;0,9488684571791564;Muito Alto;VENTURE;RENT
22;49000;3,0;9600;15,31;0,2;2;0,1959183673469387;1;4;0;0;0;0;1;1;0;0;0;0;0;1;1;0,9964764235621164;Muito Alto;DEBTCONSOLIDATION;RENT
23;44000;0,0;7500;16,0;0,17;4;0,1704545454545454;1;5;0;0;0;0;1;0;0;0;0;0;1;1;1;0,9760256911097536;Muito Alto;VENTURE;RENT
25;162000;5,0;25000;16,0;0,15;3;0,1543209876543209;1;5;1;1;0;0;0;1;0;0;0;0;0;1;1;0,9950678852130816;Muito Alto;DEBTCONSOLIDATION;MORTGAGE
41;32496;4,0;2000;10,99;0,06;12;0,0615460364352535;0;2;0;0;0;0;1;0;1;0;0;0;0;1;0;0,1970917457835951;Muito Baixo;EDUCATION;RENT
27;27000;6,0;10000;15,62;0,37;6;0,3703703703703703;1;4;0;0;0;0;1;1;0;0;0;0;0;1;1;0,999715378437854;Muito Alto;DEBTCONSOLIDATION;RENT
33;69000;3,0;15000;10,62;0,22;7;0,217391304347826;0;2;0;0;0;0;1;0;0;1;0;0;0;1;0;0,1142877859635898;Muito Baixo;HOMEIMPROVEMENT;RENT
32;38000;2,0;12000;12,42;0,32;6;0,3157894736842105;1;2;0;0;0;0;1;0;1;0;0;0;0;1;1;0,9933592393766508;Muito Alto;EDUCATION;RENT
32;50000;16,0;8000;7,49;0,16;10;0,16;0;1;0;0;0;1;0;0;0;0;1;0;0;0;0;0,0001384403450672;Muito Baixo;MEDICAL;OWN
21;50000;5,0;5375;7,49;0,11;3;0,1075;0;1;0;1;0;0;0;1;0;0;0;0;0;0;0;0,0221135182559792;Muito Baixo;DEBTCONSOLIDATION;MORTGAGE
35;15000;3,0;3700;9,32;0,25;5;0,2466666666666666;0;1;0;0;0;1;0;0;0;0;1;0;0;1;1;0,9990886243855236;Muito Alto;MEDICAL;OWN
21;47500;2,0;7500;10,99;0,16;2;0,1578947368421052;0;2;0;0;0;0;1;1;0;0;0;0;0;0;0;0,0484151276694174;Muito Baixo;DEBTCONSOLIDATION;RENT
58;45600;20,0;6000;12,99;0,13;25;0,131578947368421;1;3;0;1;0;0;0;0;0;0;0;1;0;0;0;0,1140541585713199;Muito Baixo;PERSONAL;MORTGAGE
26;80040;6,0;10000;7,49;0,12;2;0,1249375312343828;0;1;0;1;0;0;0;0;0;0;0;1;0;1;0;0,0406130778926356;Muito Baixo;PERSONAL;MORTGAGE
23;56000;4,0;3000;6,76;0,05;3;0,0535714285714285;0;1;0;1;0;0;0;0;1;0;0;0;0;0;0;0,0402181957657349;Muito Baixo;EDUCATION;MORTGAGE
26;60000;4,0;7000;9,62;0,12;3;0,1166666666666666;0;2;0;1;0;0;0;0;1;0;0;0;0;0;0;0,0480097589443415;Muito Baixo;EDUCATION;MORTGAGE
23;35000;7,0;5000;12,98;0,14;3;0,1428571428571428;1;3;1;1;0;0;0;0;1;0;0;0;0;1;0;0,105166679728156;Muito Baixo;EDUCATION;MORTGAGE
30;50000;0,0;10000;13,48;0,2;5;0,2;1;3;0;1;0;0;0;0;1;0;0;0;0;0;0;0,0761963553393748;Muito Baixo;EDUCATION;MORTGAGE
23;80800;6,0;12000;8,9;0,15;3;0,1485148514851485;0;1;0;0;0;0;1;0;0;0;0;1;0;0;0;0,0810742126469543;Muito Baixo;PERSONAL;RENT
29;65000;13,0;10000;15,33;0,15;6;0,1538461538461538;1;4;1;1;0;0;0;0;1;0;0;0;0;0;0;0,1789228062484184;Muito Baixo;EDUCATION;MORTGAGE
22;105000;3,0;16000;12,73;0,15;4;0,1523809523809524;1;3;1;1;0;0;0;0;0;0;0;1;0;0;0;0,0397830346788546;Muito Baixo;PERSONAL;MORTGAGE
24;42000;8,0;22250;11,11;0,53;3;0,5297619047619048;1;2;0;1;0;0;0;1;0;0;0;0;0;0;0;0,2265885191054029;Baixo;DEBTCONSOLIDATION;MORTGAGE
27;44000;3,0;6400;13,85;0,15;10;0,1454545454545454;1;3;0;1;0;0;0;0;1;0;0;0;0;0;0;0,2253919667740428;Baixo;EDUCATION;MORTGAGE
24;110000;8,0;6000;8,59;0,05;3;0,0545454545454545;0;1;0;1;0;0;0;0;1;0;0;0;0;0;0;0,0323669509692622;Muito Baixo;EDUCATION;MORTGAGE
24;87220;7,0;8000;13,48;0,09;3;0,0917220820912634;1;3;1;1;0;0;0;0;0;0;0;0;1;1;0;0,092387440438119;Muito Baixo;VENTURE;MORTGAGE
37;146000;5,0;10000;13,99;0,07;16;0,0684931506849315;1;3;1;1;0;0;0;1;0;0;0;0;0;0;0;0,1702873866673782;Muito Baixo;DEBTCONSOLIDATION;MORTGAGE
27;115000;0,0;12000;7,29;0,1;6;0,1043478260869565;0;1;0;1;0;0;0;0;0;0;1;0;0;0;0;0,0201081593798281;Muito Baixo;MEDICAL;MORTGAGE
42;38000;9,0;6500;7,49;0,17;14;0,1710526315789473;0;1;0;1;0;0;0;0;0;0;1;0;0;0;0;0,0278552260005918;Muito Baixo;MEDICAL;MORTGAGE
29;46344;0,0;3500;11,36;0,08;5;0,0755221819437251;1;2;0;0;0;0;1;0;1;0;0;0;0;0;0;0,113711098411674;Muito Baixo;EDUCATION;RENT
35;30000;5,0;1500;7,29;0,05;8;0,05;0;1;0;0;0;0;1;0;0;0;1;0;0;1;0;0,0369182237232962;Muito Baixo;MEDICAL;RENT
24;55000;0,0;6000;6,03;0,11;4;0,109090909090909;0;1;0;0;0;0;1;1;0;0;0;0;0;0;0;0,0107250253833309;Muito Baixo;DEBTCONSOLIDATION;RENT
21;39900;3,0;6000;11,49;0,15;2;0,150375939849624;1;2;0;0;0;0;1;0;1;0;0;0;0;0;0;0,0535682321524151;Muito Baixo;EDUCATION;RENT
22;67000;7,0;8800;7,51;0,13;2;0,1313432835820895;0;1;0;1;0;0;0;1;0;0;0;0;0;0;0;0,0420041340386936;Muito Baixo;DEBTCONSOLIDATION;MORTGAGE
23;66500;0,0;22000;8,88;0,33;2;0,3308270676691729;0;2;0;1;0;0;0;1;0;0;0;0;0;1;0;0,0428072059654498;Muito Baixo;DEBTCONSOLIDATION;MORTGAGE
25;82000;0,0;6000;9,91;0,07;2;0,073170731707317;0;2;0;0;0;0;1;0;0;0;0;1;0;0;0;0,069195650942032;Muito Baixo;PERSONAL;RENT
32;106000;14,0;25000;16,63;0,24;7;0,2358490566037736;1;5;1;0;0;0;1;1;0;0;0;0;0;1;1;0,994263101196338;Muito Alto;DEBTCONSOLIDATION;RENT
22;26000;0,0;8000;11,99;0,31;4;0,3076923076923077;1;2;0;0;0;0;1;0;1;0;0;0;0;1;1;0,9841215803551172;Muito Alto;EDUCATION;RENT
24;86250;1,0;9000;12,69;0,1;2;0,1043478260869565;1;2;0;0;0;0;1;0;0;1;0;0;0;0;0;0,109170924623057;Muito Baixo;HOMEIMPROVEMENT;RENT
22;75000;6,0;16000;13,61;0,21;2;0,2133333333333333;1;3;0;1;0;0;0;0;1;0;0;0;0;0;0;0,0797603063586673;Muito Baixo;EDUCATION;MORTGAGE
28;30000;4,0;7500;11,78;0,25;9;0,25;1;3;0;1;0;0;0;0;0;0;0;1;0;0;0;0,2704970050971572;Baixo;PERSONAL;MORTGAGE
23;35000;7,0;5000;11,71;0,14;4;0,1428571428571428;1;2;0;0;0;1;0;0;0;0;1;0;0;0;0;0,0012999158577899;Muito Baixo;MEDICAL;OWN
26;110400;9,0;13000;7,9;0,12;3;0,1177536231884057;0;1;0;0;0;0;1;0;1;0;0;0;0;0;0;0,0224433983653025;Muito Baixo;EDUCATION;RENT
23;36000;1,0;5000;14,79;0,14;2;0,1388888888888889;1;3;0;0;0;0;1;0;1;0;0;0;0;0;0;0,4943100768811992;Moderado;EDUCATION;RENT
31;70000;4,0;5500;7,68;0,08;10;0,0785714285714285;0;1;0;0;0;0;1;0;1;0;0;0;0;0;0;0,0175724750675454;Muito Baixo;EDUCATION;RENT
22;35000;4,0;1000;13,48;0,03;3;0,0285714285714285;1;3;1;0;0;0;1;0;0;0;0;0;1;0;0;0,1078704192954572;Muito Baixo;VENTURE;RENT
27;100000;12,0;16000;11,11;0,16;5;0,16;1;2;0;0;0;0;1;0;0;0;0;0;1;0;0;0,001767877136025;Muito Baixo;VENTURE;RENT
39;69000;0,0;15000;14,42;0,22;12;0,217391304347826;1;4;0;0;0;0;1;0;0;0;0;1;0;1;1;0,9345375661198508;Muito Alto;PERSONAL;RENT
27;54216;4,0;9000;5,99;0,17;5;0,1660026560424966;0;1;0;1;0;0;0;0;0;0;0;1;0;0;0;0,034540088843207;Muito Baixo;PERSONAL;MORTGAGE
23;36504;0,0;4900;12,68;0,13;2;0,1342318650010957;1;3;0;0;0;0;1;0;1;0;0;0;0;0;0;0,224988769900014;Baixo;EDUCATION;RENT
23;37000;3,0;6400;11,71;0,17;3;0,1729729729729729;1;2;0;1;0;0;0;0;0;0;0;1;0;0;0;0,1005819705532153;Muito Baixo;PERSONAL;MORTGAGE
34;75000;2,0;12000;7,29;0,16;8;0,16;0;1;0;0;0;0;1;0;0;0;0;0;1;0;0;0,0006235137994617;Muito Baixo;VENTURE;RENT
29;120000;5,0;8000;11,11;0,07;10;0,0666666666666666;1;2;0;0;0;1;0;0;0;0;1;0;0;0;0;0,0001628442022079;Muito Baixo;MEDICAL;OWN
23;33600;3,0;5000;13,49;0,15;4;0,1488095238095238;1;3;1;0;0;0;1;0;0;0;0;0;1;0;0;0,2311494298300745;Baixo;VENTURE;RENT
22;49800;1,0;3000;7,88;0,06;3;0,0602409638554216;0;1;0;0;0;0;1;0;0;0;0;1;0;0;0;0,068480178008249;Muito Baixo;PERSONAL;RENT
29;45000;0,0;10000;17,58;0,22;6;0,2222222222222222;1;4;1;0;0;1;0;0;0;0;1;0;0;0;0;0,0053689999229235;Muito Baixo;MEDICAL;OWN
38;200000;0,0;3000;7,68;0,01;15;0,015;0;1;0;1;0;0;0;0;1;0;0;0;0;0;0;0,0025821377116402;Muito Baixo;EDUCATION;MORTGAGE
23;86000;2,0;15000;6,03;0,17;2;0,1744186046511628;0;1;0;1;0;0;0;0;0;0;0;1;0;0;0;0,0221717908075487;Muito Baixo;PERSONAL;MORTGAGE
27;71000;11,0;15000;9,01;0,21;6;0,2112676056338028;0;2;0;0;0;0;1;0;1;0;0;0;0;0;0;0,1046095183092044;Muito Baixo;EDUCATION;RENT
25;134000;7,0;25000;10,62;0,19;2;0,1865671641791045;0;2;0;0;0;0;1;0;0;0;1;0;0;0;0;0,0330278467277004;Muito Baixo;MEDICAL;RENT
27;92000;11,0;18000;11,48;0,2;8;0,1956521739130435;1;2;0;1;0;0;0;0;1;0;0;0;0;0;0;0,0361284272079078;Muito Baixo;EDUCATION;MORTGAGE
47;41000;2,0;10000;13,79;0,24;16;0,2439024390243902;1;3;0;0;0;0;1;0;0;0;1;0;0;0;0;0,0777217742900106;Muito Baixo;MEDICAL;RENT
27;43000;11,0;10000;12,42;0,23;9;0,2325581395348837;1;2;0;0;0;0;1;0;0;0;1;0;0;0;0;0,0797754080505377;Muito Baixo;MEDICAL;RENT
33;32400;8,0;11000;6,99;0,34;10;0,3395061728395062;0;1;0;0;0;0;1;0;1;0;0;0;0;1;1;0,9855584311640762;Muito Alto;EDUCATION;RENT
30;75000;8,0;5600;15,99;0,07;7;0,0746666666666666;1;4;0;0;0;0;1;0;0;0;0;1;0;0;0;0,1630972036335975;Muito Baixo;PERSONAL;RENT
31;82116;12,0;2800;12,68;0,03;9;0,0340981051195869;1;3;1;1;0;0;0;0;0;1;0;0;0;0;0;0,0786789888478687;Muito Baixo;HOMEIMPROVEMENT;MORTGAGE
24;52000;4,0;7000;14,09;0,13;4;0,1346153846153846;1;4;1;0;0;1;0;1;0;0;0;0;0;0;0;0,0102963408240646;Muito Baixo;DEBTCONSOLIDATION;OWN
23;75000;4,0;5000;7,49;0,07;4;0,0666666666666666;0;1;0;0;0;0;1;0;0;0;0;0;1;0;0;0,0010587876715865;Muito Baixo;VENTURE;RENT
26;170000;0,0;20000;10,37;0,12;4;0,1176470588235294;0;2;0;1;0;0;0;0;0;0;0;0;1;0;0;0,0009110113925195;Muito Baixo;VENTURE;MORTGAGE
37;70000;3,0;15000;15,2;0,21;15;0,2142857142857142;1;4;0;1;0;0;0;0;1;0;0;0;0;0;0;0,1218654870915399;Muito Baixo;EDUCATION;MORTGAGE
24;81000;6,0;5000;5,42;0,06;3;0,0617283950617283;0;1;0;0;0;0;1;0;0;0;1;0;0;0;0;0,0024241350881951;Muito Baixo;MEDICAL;RENT
22;23000;1,0;8875;10,74;0,39;4;0,3858695652173913;0;2;0;0;0;0;1;1;0;0;0;0;0;1;1;0,9929721623421014;Muito Alto;DEBTCONSOLIDATION;RENT
27;65000;11,0;18000;7,51;0,28;8;0,2769230769230769;0;1;0;1;0;0;0;0;0;0;0;1;0;0;0;0,0411694509118679;Muito Baixo;PERSONAL;MORTGAGE
26;53000;2,0;2500;9,91;0,05;2;0,0471698113207547;0;2;0;0;0;1;0;0;0;0;0;0;1;0;0;1,3995313087799797e-05;Muito Baixo;VENTURE;OWN
38;60000;2,0;6000;14,96;0,1;14;0,1;1;4;1;0;0;1;0;0;0;0;0;0;1;0;0;0,0006597083419086;Muito Baixo;VENTURE;OWN
25;44000;2,0;12000;14,54;0,27;2;0,2727272727272727;1;4;0;1;0;0;0;0;0;0;0;0;1;0;1;0,5443155787452225;Moderado;VENTURE;MORTGAGE
23;106000;7,0;10000;7,14;0,09;2;0,0943396226415094;0;1;0;1;0;0;0;0;1;0;0;0;0;0;0;0,0141387136423124;Muito Baixo;EDUCATION;MORTGAGE
25;90900;9,0;9000;13,22;0,1;3;0,099009900990099;1;3;1;0;0;0;1;0;0;0;0;0;1;0;0;0,0428110872947805;Muito Baixo;VENTURE;RENT
23;34992;4,0;22550;15,96;0,64;3;0,6444330132601738;1;6;1;1;0;0;0;0;1;0;0;0;0;0;0;0,2692927182836474;Baixo;EDUCATION;MORTGAGE
22;39000;4,0;5000;6,99;0,13;2;0,1282051282051282;0;1;0;0;0;0;1;0;1;0;0;0;0;0;0;0,0737238876165411;Muito Baixo;EDUCATION;RENT
25;120775;9,0;15000;13,11;0,12;4;0,1241978886358931;1;3;0;0;0;1;0;0;1;0;0;0;0;0;0;0,0003212246469289;Muito Baixo;EDUCATION;OWN
22;58200;1,0;10000;12,53;0,17;2;0,1718213058419244;1;3;0;1;0;0;0;0;1;0;0;0;0;0;0;0,1124287277380525;Muito Baixo;EDUCATION;MORTGAGE
24;24000;4,0;5000;7,51;0,21;2;0,2083333333333333;0;1;0;0;0;0;1;1;0;0;0;0;0;0;0;0,1352319070339436;Muito Baixo;DEBTCONSOLIDATION;RENT
28;53000;0,0;7000;9,88;0,13;9;0,1320754716981132;0;2;0;0;0;0;1;1;0;0;0;0;0;0;0;0,0354911218501768;Muito Baixo;DEBTCONSOLIDATION;RENT
23;75000;4,0;12000;6,03;0,16;3;0,16;0;1;0;0;0;0;1;0;0;0;1;0;0;0;0;0,0023713913478822;Muito Baixo;MEDICAL;RENT
25;73000;0,0;6500;6,03;0,09;3;0,0890410958904109;0;1;0;1;0;0;0;0;0;0;0;0;1;0;0;0,0007451273273265;Muito Baixo;VENTURE;MORTGAGE
22;69950;6,0;9750;14,65;0,14;2;0,139385275196569;1;3;0;1;0;0;0;0;1;0;0;0;0;0;0;0,1126881495107001;Muito Baixo;EDUCATION;MORTGAGE
25;45000;9,0;3000;9,99;0,07;4;0,0666666666666666;0;2;0;1;0;0;0;0;0;1;0;0;0;0;0;0,1116518129287338;Muito Baixo;HOMEIMPROVEMENT;MORTGAGE
34;39000;5,0;7200;11,71;0,18;5;0,1846153846153846;1;2;0;0;0;0;1;0;0;1;0;0;0;1;1;0,8740816733829063;Muito Alto;HOMEIMPROVEMENT;RENT
30;150000;2,0;12000;11,86;0,08;8;0,08;1;4;1;1;0;0;0;0;0;1;0;0;0;0;0;0,1061809699642548;Muito Baixo;HOMEIMPROVEMENT;MORTGAGE
37;72000;12,0;5600;5,42;0,08;15;0,0777777777777777;0;1;0;1;0;0;0;0;0;0;0;0;1;0;0;0,0002812045036273;Muito Baixo;VENTURE;MORTGAGE
26;57550;4,0;3500;5,42;0,06;4;0,0608166811468288;0;1;0;1;0;0;0;1;0;0;0;0;0;0;0;0,044955837092316;Muito Baixo;DEBTCONSOLIDATION;MORTGAGE
27;129700;1,0;10000;6,54;0,08;7;0,07710100231303;0;1;0;1;0;0;0;0;0;0;0;1;0;0;0;0,0252396233596502;Muito Baixo;PERSONAL;MORTGAGE
28;40000;2,0;14000;11,89;0,35;8;0,35;1;2;0;0;0;0;1;0;0;0;1;0;0;1;1;0,9895868043814948;Muito Alto;MEDICAL;RENT
25;32496;9,0;7200;9,51;0,22;4;0,2215657311669128;0;2;0;0;0;0;1;0;0;0;1;0;0;0;0;0,1219185257035531;Muito Baixo;MEDICAL;RENT
34;105000;14,0;12000;6,99;0,11;5;0,1142857142857142;0;1;0;1;0;0;0;0;0;0;0;0;1;0;0;0,0002601465350393;Muito Baixo;VENTURE;MORTGAGE
33;24000;4,0;1000;14,91;0,04;5;0,0416666666666666;1;4;1;0;0;0;1;0;0;0;1;0;0;1;1;0,5880864454973211;Moderado;MEDICAL;RENT
36;144000;1,0;21000;7,9;0,15;16;0,1458333333333333;0;1;0;1;0;0;0;1;0;0;0;0;0;0;0;0,0102909151528986;Muito Baixo;DEBTCONSOLIDATION;MORTGAGE
27;50000;0,0;2000;10,99;0,04;5;0,04;0;2;0;0;0;0;1;0;0;0;0;0;1;0;0;0,0012929141583063;Muito Baixo;VENTURE;RENT
22;25000;4,0;5000;6,03;0,2;3;0,2;0;1;0;0;0;1;0;0;0;0;0;0;1;0;0;3,159601749544409e-05;Muito Baixo;VENTURE;OWN
25;30000;9,0;1800;8,49;0,06;2;0,06;0;1;0;0;0;0;1;0;0;0;1;0;0;1;0;0,1263441648812523;Muito Baixo;MEDICAL;RENT
25;155004;9,0;10500;7,49;0,07;3;0,0677401873500038;0;1;0;1;0;0;0;1;0;0;0;0;0;0;0;0,0181068972003709;Muito Baixo;DEBTCONSOLIDATION;MORTGAGE
44;80100;16,0;8000;10,38;0,1;16;0,0998751560549313;0;2;0;1;0;0;0;0;0;0;1;0;0;0;0;0,0678830670185841;Muito Baixo;MEDICAL;MORTGAGE
40;45996;4,0;20000;14,61;0,43;11;0,4348204191668841;1;4;0;0;0;0;1;1;0;0;0;0;0;1;1;0,999509870839958;Muito Alto;DEBTCONSOLIDATION;RENT
44;57600;12,0;7000;7,4;0,12;11;0,1215277777777777;0;1;0;0;0;0;1;0;0;0;0;1;0;0;0;0,0348209140557703;Muito Baixo;PERSONAL;RENT
25;23460;5,0;7000;10,99;0,3;2;0,2983802216538789;0;2;0;0;0;0;1;0;0;0;1;0;0;0;0;0,0544168967947275;Muito Baixo;MEDICAL;RENT
27;72000;8,0;15250;13,16;0,21;5;0,2118055555555555;1;3;1;1;0;0;0;0;0;0;0;0;1;0;0;0,0812433122132637;Muito Baixo;VENTURE;MORTGAGE
25;30000;0,0;3250;5,42;0,11;3;0,1083333333333333;0;1;0;0;0;0;1;1;0;0;0;0;0;0;0;0,0889346688461947;Muito Baixo;DEBTCONSOLIDATION;RENT
33;155000;3,0;8000;7,9;0,05;6;0,0516129032258064;0;1;0;0;0;0;1;0;0;0;1;0;0;0;0;0,0117420513199038;Muito Baixo;MEDICAL;RENT
23;65000;2,0;8000;6,62;0,12;4;0,123076923076923;0;1;0;0;0;0;1;0;1;0;0;0;0;0;0;0,0092659769211859;Muito Baixo;EDUCATION;RENT
25;37200;6,0;9600;5,99;0,26;4;0,2580645161290322;0;1;0;0;0;0;1;0;0;1;0;0;0;1;1;0,7098728140671078;Alto;HOMEIMPROVEMENT;RENT
26;50000;1,0;10000;6,91;0,2;2;0,2;0;1;0;0;0;0;1;0;0;1;0;0;0;0;0;0,0449159726271079;Muito Baixo;HOMEIMPROVEMENT;RENT
27;30000;5,0;4975;10,37;0,17;9;0,1658333333333333;0;2;0;0;0;0;1;0;0;0;0;1;0;0;0;0,2668386602270423;Baixo;PERSONAL;RENT
24;54000;5,0;8000;7,49;0,15;4;0,1481481481481481;0;1;0;1;0;0;0;0;0;0;0;1;0;0;0;0,07976245121052;Muito Baixo;PERSONAL;MORTGAGE
26;300000;10,0;20000;7,88;0,07;4;0,0666666666666666;0;1;0;1;0;0;0;0;0;0;0;0;1;0;0;0,0007839923134579;Muito Baixo;VENTURE;MORTGAGE
23;54008;5,0;7000;9,91;0,13;3;0,1296104280847282;0;2;0;0;0;0;1;1;0;0;0;0;0;0;0;0,0742472978099813;Muito Baixo;DEBTCONSOLIDATION;RENT
29;162480;2,0;25000;12,42;0,15;10;0,1538650910881339;1;2;0;1;0;0;0;0;0;0;0;1;0;0;0;0,0510917750334814;Muito Baixo;PERSONAL;MORTGAGE
29;71000;1,0;12000;13,16;0,17;5;0,1690140845070422;1;3;1;0;0;0;1;0;0;1;0;0;0;0;0;0,0844635707388044;Muito Baixo;HOMEIMPROVEMENT;RENT
24;70000;8,0;10000;7,74;0,14;3;0,1428571428571428;0;1;0;1;0;0;0;0;0;0;0;0;1;0;0;0,0006273791580383;Muito Baixo;VENTURE;MORTGAGE
22;40000;0,0;3600;6,17;0,09;2;0,09;0;1;0;0;0;0;1;0;0;0;0;1;0;0;0;0,0112951665793638;Muito Baixo;PERSONAL;RENT
25;60000;9,0;10000;10,83;0,17;4;0,1666666666666666;0;2;0;1;0;0;0;0;0;1;0;0;0;0;0;0,055165220860438;Muito Baixo;HOMEIMPROVEMENT;MORTGAGE
41;24000;24,0;2000;7,75;0,08;17;0,0833333333333333;0;1;0;0;0;0;1;0;0;0;0;1;0;1;0;0,2467888720329623;Baixo;PERSONAL;RENT
33;54000;15,0;10000;10,99;0,19;6;0,1851851851851851;0;2;0;0;0;0;1;0;0;0;0;1;0;0;0;0,2517576538126989;Baixo;PERSONAL;RENT
28;94000;3,0;3700;7,9;0,04;9;0,0393617021276595;0;1;0;0;0;0;1;0;1;0;0;0;0;0;0;0,015326988967048;Muito Baixo;EDUCATION;RENT
26;51500;3,0;9600;15,21;0,19;4;0,1864077669902912;1;4;1;1;0;0;0;0;0;1;0;0;0;0;0;0,2453061312085821;Baixo;HOMEIMPROVEMENT;MORTGAGE
37;79992;2,0;9000;13,48;0,11;14;0,1125112511251125;1;3;1;1;0;0;0;0;0;0;0;1;0;1;0;0,041503424845985;Muito Baixo;PERSONAL;MORTGAGE
33;69000;7,0;4000;5,99;0,06;7;0,0579710144927536;0;1;0;1;0;0;0;0;0;1;0;0;0;0;0;0,0161440163204605;Muito Baixo;HOMEIMPROVEMENT;MORTGAGE
26;55500;3,0;10000;13,48;0,18;4;0,1801801801801801;1;3;1;0;0;0;1;0;0;0;1;0;0;0;0;0,0651691571545307;Muito Baixo;MEDICAL;RENT
29;62000;14,0;9600;18,39;0,15;10;0,1548387096774193;1;5;0;1;0;0;0;0;1;0;0;0;0;0;0;0,3997420488547901;Baixo;EDUCATION;MORTGAGE
29;25000;5,0;7475;8,49;0,3;6;0,299;0;1;0;1;0;0;0;1;0;0;0;0;0;0;0;0,0561468476752205;Muito Baixo;DEBTCONSOLIDATION;MORTGAGE
25;72000;2,0;10000;10,37;0,14;3;0,1388888888888889;0;2;0;0;0;0;1;0;0;0;0;0;1;0;0;0,001391763598649;Muito Baixo;VENTURE;RENT
23;75000;5,0;31825;7,9;0,42;2;0,4243333333333333;0;1;0;1;0;0;0;0;1;0;0;0;0;0;0;0,0329587088675105;Muito Baixo;EDUCATION;MORTGAGE
30;79200;10,0;9000;8,49;0,11;8;0,1136363636363636;0;1;0;1;0;0;0;0;1;0;0;0;0;1;0;0,1810999370864062;Muito Baixo;EDUCATION;MORTGAGE
25;12816;0,0;3000;12,87;0,23;4;0,2340823970037453;1;3;1;0;0;1;0;1;0;0;0;0;0;1;1;0,9986332608057968;Muito Alto;DEBTCONSOLIDATION;OWN
34;45000;2,0;3000;11,11;0,07;7;0,0666666666666666;1;2;0;0;0;0;1;0;0;0;1;0;0;0;0;0,0196743603200623;Muito Baixo;MEDICAL;RENT
26;33000;1,0;12000;10,91;0,36;3;0,3636363636363636;0;3;1;1;0;0;0;1;0;0;0;0;0;1;0;0,2860598842240457;Baixo;DEBTCONSOLIDATION;MORTGAGE
27;31200;1,0;12300;12,53;0,39;8;0,3942307692307692;1;2;0;1;0;0;0;0;0;1;0;0;0;0;0;0,3657338677319696;Baixo;HOMEIMPROVEMENT;MORTGAGE
23;65000;1,0;4000;7,49;0,06;4;0,0615384615384615;0;1;0;0;0;0;1;0;0;0;0;1;0;0;0;0,0181089630882218;Muito Baixo;PERSONAL;RENT
26;50000;10,0;5400;8,9;0,11;2;0,108;0;1;0;1;0;0;0;1;0;0;0;0;0;0;0;0,0625090848416207;Muito Baixo;DEBTCONSOLIDATION;MORTGAGE
23;57000;7,0;10000;11,48;0,18;4;0,175438596491228;1;2;0;0;0;0;1;1;0;0;0;0;0;0;0;0,1290635558025509;Muito Baixo;DEBTCONSOLIDATION;RENT
21;42000;5,0;8325;10,99;0,2;2;0,1982142857142857;0;2;0;1;0;0;0;1;0;0;0;0;0;1;0;0,0894596180907126;Muito Baixo;DEBTCONSOLIDATION;MORTGAGE
22;30000;6,0;6000;7,51;0,2;4;0,2;0;1;0;0;0;0;1;0;1;0;0;0;0;0;0;0,1967481648490308;Muito Baixo;EDUCATION;RENT
25;41508;9,0;1600;13,11;0,04;3;0,0385467861617037;1;3;1;1;0;0;0;0;1;0;0;0;0;0;0;0,1711031091440111;Muito Baixo;EDUCATION;MORTGAGE
21;48000;2,0;3000;9,76;0,06;4;0,0625;0;2;0;0;0;0;1;0;1;0;0;0;0;0;0;0,0469333418011562;Muito Baixo;EDUCATION;RENT
28;85000;8,0;8000;11,71;0,09;5;0,0941176470588235;1;2;0;0;0;0;1;1;0;0;0;0;0;0;0;0,067418308110931;Muito Baixo;DEBTCONSOLIDATION;RENT
25;30720;4,0;2400;7,9;0,08;3;0,078125;0;1;0;0;0;0;1;0;0;0;1;0;0;0;0;0,1341944721201783;Muito Baixo;MEDICAL;RENT
27;92508;11,0;13000;7,14;0,14;5;0,1405283867341203;0;1;0;1;0;0;0;0;0;0;0;1;0;0;0;0,0131396593323649;Muito Baixo;PERSONAL;MORTGAGE
54;77000;24,0;24000;13,49;0,31;21;0,3116883116883117;1;3;0;0;0;0;1;0;0;0;0;0;1;1;1;0,9927281970750674;Muito Alto;VENTURE;RENT
27;70000;2,0;10000;10,99;0,14;6;0,1428571428571428;0;2;0;0;0;0;1;0;1;0;0;0;0;0;0;0,0373797240052221;Muito Baixo;EDUCATION;RENT
25;60000;1,0;5000;7,29;0,08;3;0,0833333333333333;0;1;0;1;0;0;0;0;0;0;0;0;1;0;0;0,0004796590139259;Muito Baixo;VENTURE;MORTGAGE
30;175000;1,0;18000;5,79;0,1;10;0,1028571428571428;0;1;0;0;0;0;1;0;1;0;0;0;0;0;0;0,0051314948729995;Muito Baixo;EDUCATION;RENT
26;34000;4,0;4200;16,82;0,12;3;0,1235294117647058;1;5;1;0;0;0;1;0;0;0;0;1;0;1;1;0,5311051658881515;Moderado;PERSONAL;RENT
29;23850;0,0;6075;10,99;0,25;5;0,2547169811320754;0;2;0;0;0;0;1;0;0;0;0;1;0;0;0;0,1737740004085696;Muito Baixo;PERSONAL;RENT
23;85000;8,0;5000;14,35;0,06;2;0,0588235294117647;1;3;1;1;0;0;0;1;0;0;0;0;0;0;0;0,1429453988114674;Muito Baixo;DEBTCONSOLIDATION;MORTGAGE
24;118068;0,0;4000;10,51;0,03;3;0,0338787817190093;0;2;0;0;0;0;1;1;0;0;0;0;0;1;0;0,02084540218975;Muito Baixo;DEBTCONSOLIDATION;RENT
22;62400;6,0;9000;8,49;0,14;3;0,1442307692307692;0;1;0;0;0;0;1;0;0;0;0;0;1;0;0;0,002371409975591;Muito Baixo;VENTURE;RENT
35;32900;4,0;4800;13,23;0,15;8;0,1458966565349544;1;3;1;0;0;0;1;0;0;1;0;0;0;1;1;0,8959329437283088;Muito Alto;HOMEIMPROVEMENT;RENT
25;32500;9,0;3600;10,99;0,11;4;0,1107692307692307;0;2;0;0;0;1;0;0;0;0;1;0;0;0;0;0,0013820015215453;Muito Baixo;MEDICAL;OWN
27;40000;4,0;10000;15,31;0,25;7;0,25;1;4;0;0;0;0;1;0;0;0;0;0;1;0;0;0,3076690866646261;Baixo;VENTURE;RENT
22;52800;6,0;7000;6,76;0,13;2;0,1325757575757575;0;1;0;1;0;0;0;0;0;0;0;1;0;0;0;0,0461042570610478;Muito Baixo;PERSONAL;MORTGAGE
24;44000;2,0;10000;7,49;0,23;2;0,2272727272727272;0;1;0;0;0;0;1;0;0;0;0;1;0;0;0;0,1702249907700645;Muito Baixo;PERSONAL;RENT
26;33189;4,0;3000;11,12;0,09;2;0,0903913947392208;1;2;0;0;0;0;1;0;1;0;0;0;0;0;0;0,1951896850969619;Muito Baixo;EDUCATION;RENT
25;150000;9,0;12500;11,58;0,08;4;0,0833333333333333;1;2;0;1;0;0;0;0;0;0;1;0;0;0;0;0,0577235815601325;Muito Baixo;MEDICAL;MORTGAGE
25;57300;2,0;10400;11,66;0,18;4;0,181500872600349;1;3;1;0;0;0;1;0;0;1;0;0;0;0;0;0,2091821236096463;Baixo;HOMEIMPROVEMENT;RENT
27;83604;2,0;11000;9,76;0,13;7;0,1315726520262188;0;2;0;0;0;0;1;0;0;0;1;0;0;0;0;0,0201308156549421;Muito Baixo;MEDICAL;RENT
25;130000;9,0;15000;11,89;0,12;2;0,1153846153846153;1;2;0;1;0;0;0;0;0;0;0;1;0;0;0;0,0422653302798588;Muito Baixo;PERSONAL;MORTGAGE
25;36000;10,0;11200;9,76;0,31;2;0,3111111111111111;0;2;0;0;0;1;0;0;0;0;1;0;0;0;0;0,0010015572772994;Muito Baixo;MEDICAL;OWN
39;57000;0,0;3000;9,63;0,05;14;0,0526315789473684;0;1;0;1;0;0;0;1;0;0;0;0;0;0;0;0,0458476550017778;Muito Baixo;DEBTCONSOLIDATION;MORTGAGE
24;175000;3,0;8000;11,14;0,05;4;0,0457142857142857;1;2;0;0;0;1;0;0;0;0;0;0;1;0;0;9,851155342028963e-06;Muito Baixo;VENTURE;OWN
29;37500;7,0;3300;10,37;0,09;8;0,088;0;2;0;0;0;0;1;0;1;0;0;0;0;0;0;0,1731075541292052;Muito Baixo;EDUCATION;RENT
27;82000;4,0;19200;9,99;0,23;8;0,2341463414634146;0;2;0;0;0;0;1;1;0;0;0;0;0;0;0;0,0807215288537177;Muito Baixo;DEBTCONSOLIDATION;RENT
25;55000;9,0;14000;6,62;0,25;2;0,2545454545454545;0;1;0;0;0;0;1;0;0;1;0;0;0;0;0;0,0913744404834449;Muito Baixo;HOMEIMPROVEMENT;RENT
24;96000;8,0;2000;10,38;0,02;3;0,0208333333333333;0;2;0;1;0;0;0;0;0;0;1;0;0;0;0;0,1580826794945903;Muito Baixo;MEDICAL;MORTGAGE
26;75000;4,0;12000;6,92;0,16;4;0,16;0;1;0;1;0;0;0;0;1;0;0;0;0;0;0;0,0235437102389833;Muito Baixo;EDUCATION;MORTGAGE
28;33900;6,0;10000;15,58;0,29;6;0,2949852507374631;1;4;0;0;0;0;1;0;1;0;0;0;0;0;1;0,5459879070105059;Moderado;EDUCATION;RENT
36;70000;6,0;6000;5,42;0,09;16;0,0857142857142857;0;1;0;1;0;0;0;1;0;0;0;0;0;0;0;0,0278456631564256;Muito Baixo;DEBTCONSOLIDATION;MORTGAGE
22;78000;6,0;16000;16,45;0,21;2;0,2051282051282051;1;5;1;1;0;0;0;0;1;0;0;0;0;0;0;0,1342735108273052;Muito Baixo;EDUCATION;MORTGAGE
24;57000;5,0;8000;5,42;0,14;3;0,1403508771929824;0;1;0;1;0;0;0;0;1;0;0;0;0;0;0;0,0264673575296461;Muito Baixo;EDUCATION;MORTGAGE
29;69000;11,0;6000;11,12;0,09;5;0,0869565217391304;1;2;0;0;0;1;0;0;0;0;0;1;0;0;0;0,0009781373222468;Muito Baixo;PERSONAL;OWN
28;52000;12,0;5000;11,36;0,1;7;0,0961538461538461;1;2;0;0;0;0;1;0;0;1;0;0;0;1;0;0,2029313352831437;Baixo;HOMEIMPROVEMENT;RENT
27;42000;1,0;3000;11,83;0,07;9;0,0714285714285714;1;2;0;0;0;0;1;0;0;0;0;1;0;0;0;0,1424520790945573;Muito Baixo;PERSONAL;RENT
36;17640;4,0;5875;7,9;0,33;12;0,3330498866213152;0;1;0;0;0;1;0;0;0;1;0;0;0;1;1;0,9977320209169463;Muito Alto;HOMEIMPROVEMENT;OWN
22;45000;0,0;20000;7,9;0,44;4;0,4444444444444444;0;1;0;0;0;0;1;0;1;0;0;0;0;1;1;0,9926883252296576;Muito Alto;EDUCATION;RENT
22;75000;6,0;2000;13,43;0,03;3;0,0266666666666666;1;3;0;0;0;0;1;0;1;0;0;0;0;0;0;0,0364127758396107;Muito Baixo;EDUCATION;RENT
23;39456;7,0;14000;7,29;0,35;3;0,3548256285482563;0;1;0;0;0;1;0;0;1;0;0;0;0;0;0;0,001438895721622;Muito Baixo;EDUCATION;OWN
27;60000;1,0;20000;10,99;0,33;6;0,3333333333333333;0;2;0;0;0;0;1;0;1;0;0;0;0;1;1;0,9882403166553052;Muito Alto;EDUCATION;RENT
23;44000;7,0;8500;7,14;0,19;3;0,1931818181818181;0;1;0;1;0;0;0;0;0;0;0;1;0;1;0;0,1882155242114495;Muito Baixo;PERSONAL;MORTGAGE
21;57192;0,0;8000;7,49;0,14;3;0,1398797034550286;0;1;0;1;0;0;0;0;0;0;1;0;0;0;0;0,0597087443916978;Muito Baixo;MEDICAL;MORTGAGE
29;72500;1,0;7000;7,29;0,1;5;0,096551724137931;0;1;0;0;0;0;1;0;0;0;0;1;0;0;0;0,0373143999929209;Muito Baixo;PERSONAL;RENT
48;32304;22,0;15000;9,63;0,46;17;0,4643387815750371;0;2;0;1;0;0;0;0;0;0;1;0;0;0;0;0,2988036987106158;Baixo;MEDICAL;MORTGAGE
26;42900;3,0;10000;15,31;0,23;3;0,2331002331002331;1;4;0;0;0;0;1;0;0;0;0;1;0;0;0;0,207706039691549;Baixo;PERSONAL;RENT
27;34000;1,0;16750;10,59;0,49;6;0,4926470588235294;0;2;0;0;0;1;0;0;0;0;0;1;0;0;0;0,0019987439045548;Muito Baixo;PERSONAL;OWN
24;71000;8,0;3500;11,49;0,05;2;0,0492957746478873;1;2;0;1;0;0;0;0;1;0;0;0;0;0;0;0,0975029825658475;Muito Baixo;EDUCATION;MORTGAGE
24;10800;8,0;5000;7,88;0,46;2;0,4629629629629629;0;1;0;0;0;0;1;0;0;0;0;0;1;1;1;0,9999676853180448;Muito Alto;VENTURE;RENT
23;42000;2,0;1500;6,17;0,04;3;0,0357142857142857;0;1;0;1;0;0;0;0;0;0;0;0;1;0;0;0,0003931209486851;Muito Baixo;VENTURE;MORTGAGE
25;62400;4,0;15000;17,58;0,24;3;0,2403846153846154;1;4;0;0;0;1;0;1;0;0;0;0;0;0;0;0,0243753214302702;Muito Baixo;DEBTCONSOLIDATION;OWN
29;64320;13,0;8000;6,03;0,12;9;0,1243781094527363;0;1;0;1;0;0;0;0;0;0;1;0;0;0;0;0,0167299579103162;Muito Baixo;MEDICAL;MORTGAGE
27;75000;9,0;10000;9,63;0,13;9;0,1333333333333333;0;2;0;0;0;0;1;0;1;0;0;0;0;0;0;0,0599529552798176;Muito Baixo;EDUCATION;RENT
25;31500;8,0;14850;8,9;0,47;4;0,4714285714285714;0;1;0;0;0;0;1;1;0;0;0;0;0;1;1;0,993962786401664;Muito Alto;DEBTCONSOLIDATION;RENT
25;98000;9,0;25000;16,45;0,26;4;0,2551020408163265;1;5;0;1;0;0;0;0;0;1;0;0;0;1;0;0,1881984449903925;Muito Baixo;HOMEIMPROVEMENT;MORTGAGE
25;44000;1,0;2800;6,92;0,06;3;0,0636363636363636;0;1;0;0;0;0;1;0;1;0;0;0;0;0;0;0,1447071671976666;Muito Baixo;EDUCATION;RENT
23;18000;3,0;4000;5,99;0,22;2;0,2222222222222222;0;1;0;0;0;1;0;0;1;0;0;0;0;1;1;0,9962209630077709;Muito Alto;EDUCATION;OWN
24;55000;0,0;4200;15,23;0,08;3;0,0763636363636363;1;3;1;1;0;0;0;0;0;1;0;0;0;0;0;0,1421141948029771;Muito Baixo;HOMEIMPROVEMENT;MORTGAGE
26;43873;4,0;17500;16,32;0,4;3;0,398878581359834;1;4;0;0;0;1;0;0;0;1;0;0;0;0;0;0,0030440941817896;Muito Baixo;HOMEIMPROVEMENT;OWN
22;28000;3,0;3200;10,59;0,11;2;0,1142857142857142;0;2;0;0;0;0;1;0;1;0;0;0;0;0;0;0,0830359148817997;Muito Baixo;EDUCATION;RENT
23;56000;7,0;4000;15,23;0,07;4;0,0714285714285714;1;3;1;0;0;0;1;0;0;0;0;0;1;0;0;0,1683598607186642;Muito Baixo;VENTURE;RENT
22;12000;7,0;1500;14,84;0,13;3;0,125;1;4;1;1;0;0;0;0;1;0;0;0;0;0;0;0,2615386661616898;Baixo;EDUCATION;MORTGAGE
31;30000;2,0;4800;14,84;0,16;8;0,16;1;4;1;0;0;0;1;0;0;0;0;1;0;1;1;0,9513283451469646;Muito Alto;PERSONAL;RENT
52;29000;23,0;7000;7,49;0,24;20;0,2413793103448276;0;1;0;0;0;1;0;0;0;0;0;1;0;0;0;0,0023483303246999;Muito Baixo;PERSONAL;OWN
28;60000;0,0;16000;12,72;0,27;7;0,2666666666666666;1;3;0;0;0;1;0;0;0;0;0;1;0;0;0;0,0006310242010618;Muito Baixo;PERSONAL;OWN
33;96000;0,0;8000;13,72;0,08;9;0,0833333333333333;1;3;0;1;0;0;0;0;0;0;0;0;1;0;0;0,0369860879382396;Muito Baixo;VENTURE;MORTGAGE
28;29004;5,0;4800;15,23;0,17;7;0,1654944145635084;1;3;1;0;0;0;1;0;0;0;0;0;1;0;0;0,4923297094915063;Moderado;VENTURE;RENT
28;120000;4,0;20000;14,26;0,17;7;0,1666666666666666;1;3;0;0;0;0;1;0;1;0;0;0;0;0;0;0,0654585252263319;Muito Baixo;EDUCATION;RENT
24;61000;3,0;16400;10,99;0,27;4;0,2688524590163934;0;2;0;0;0;0;1;0;0;1;0;0;0;0;0;0,0814157185908646;Muito Baixo;HOMEIMPROVEMENT;RENT
28;55000;3,0;11000;7,49;0,2;5;0,2;0;1;0;0;0;0;1;0;0;0;1;0;0;0;0;0,0208541430188482;Muito Baixo;MEDICAL;RENT
26;77368;1,0;15000;10,0;0,19;3;0,1938786061420742;0;2;0;0;0;0;1;0;0;0;0;0;1;0;0;0,00247750879972;Muito Baixo;VENTURE;RENT
28;35000;2,0;7200;7,66;0,21;6;0,2057142857142857;0;1;0;0;0;0;1;0;0;0;1;0;0;0;0;0,0287462369872181;Muito Baixo;MEDICAL;RENT
23;62000;7,0;11200;7,88;0,18;4;0,1806451612903225;0;1;0;1;0;0;0;0;0;0;0;0;1;0;0;0,0007689944637253;Muito Baixo;VENTURE;MORTGAGE
33;18000;3,0;3300;11,97;0,18;8;0,1833333333333333;1;3;0;0;0;0;1;0;1;0;0;0;0;1;1;0,9802504141527392;Muito Alto;EDUCATION;RENT
25;52000;7,0;6000;7,66;0,12;2;0,1153846153846153;0;1;0;1;0;0;0;0;0;0;1;0;0;0;0;0,0621292282350066;Muito Baixo;MEDICAL;MORTGAGE
33;125000;5,0;25000;11,36;0,2;5;0,2;1;2;0;0;0;0;1;1;0;0;0;0;0;0;0;0,0508291647529812;Muito Baixo;DEBTCONSOLIDATION;RENT
41;21600;2,0;4000;7,51;0,19;14;0,1851851851851851;0;1;0;0;0;0;1;0;0;0;1;0;0;0;0;0,0291944999689239;Muito Baixo;MEDICAL;RENT
27;96000;1,0;25000;16,89;0,26;10;0,2604166666666667;1;4;1;0;0;0;1;0;0;0;0;0;1;1;1;0,9720117259315286;Muito Alto;VENTURE;RENT
23;113000;4,0;12000;7,66;0,11;4;0,1061946902654867;0;1;0;1;0;0;0;1;0;0;0;0;0;0;0;0,023351139563648;Muito Baixo;DEBTCONSOLIDATION;MORTGAGE
35;250000;8,0;15000;9,88;0,06;9;0,06;0;2;0;0;0;1;0;0;0;0;0;0;1;0;0;1,3993321198796587e-05;Muito Baixo;VENTURE;OWN
24;70000;8,0;12000;10,65;0,17;3;0,1714285714285714;0;2;0;0;0;0;1;0;0;0;0;1;0;0;0;0,0611541098140023;Muito Baixo;PERSONAL;RENT
24;62000;1,0;20000;7,49;0,32;4;0,3225806451612903;0;1;0;1;0;0;0;0;0;0;1;0;0;0;0;0,0674223397670754;Muito Baixo;MEDICAL;MORTGAGE
28;78000;5,0;12000;5,79;0,15;5;0,1538461538461538;0;1;0;1;0;0;0;1;0;0;0;0;0;0;0;0,0389399703775496;Muito Baixo;DEBTCONSOLIDATION;MORTGAGE
24;24000;2,0;3500;15,65;0,15;3;0,1458333333333333;1;4;1;0;0;0;1;0;0;1;0;0;0;1;1;0,9966226767144226;Muito Alto;HOMEIMPROVEMENT;RENT
24;70000;2,0;6000;15,23;0,09;4;0,0857142857142857;1;3;0;1;0;0;0;0;1;0;0;0;0;0;0;0,0965935082161217;Muito Baixo;EDUCATION;MORTGAGE
28;110000;2,0;10000;13,22;0,09;5;0,0909090909090909;1;3;0;0;0;0;1;0;0;1;0;0;0;0;0;0,0839258784181829;Muito Baixo;HOMEIMPROVEMENT;RENT
27;35000;1,0;3500;8,59;0,1;6;0,1;0;1;0;0;0;0;1;0;0;0;0;0;1;0;0;0,0016907298258939;Muito Baixo;VENTURE;RENT
23;41004;1,0;4000;7,68;0,1;4;0,097551458394303;0;1;0;0;0;0;1;0;0;0;1;0;0;0;0;0,0483182368811383;Muito Baixo;MEDICAL;RENT
27;46028;8,0;18000;10,74;0,39;9;0,3910663074650213;0;2;0;1;0;0;0;1;0;0;0;0;0;0;0;0,1551989141553814;Muito Baixo;DEBTCONSOLIDATION;MORTGAGE
26;132000;3,0;10200;7,9;0,08;2;0,0772727272727272;0;1;0;1;0;0;0;0;1;0;0;0;0;0;0;0,0187057050790178;Muito Baixo;EDUCATION;MORTGAGE
23;130000;4,0;25000;16,02;0,19;2;0,1923076923076923;1;4;1;0;0;0;1;0;1;0;0;0;0;0;0;0,0720700474944607;Muito Baixo;EDUCATION;RENT
34;90000;7,0;7000;5,79;0,08;8;0,0777777777777777;0;1;0;1;0;0;0;0;0;1;0;0;0;0;0;0,0034041753729575;Muito Baixo;HOMEIMPROVEMENT;MORTGAGE
25;70000;9,0;12000;7,51;0,17;4;0,1714285714285714;0;1;0;1;0;0;0;0;0;0;0;1;0;0;0;0,034244737109323;Muito Baixo;PERSONAL;MORTGAGE
22;72955;6,0;7500;10,99;0,1;2;0,1028030978000137;0;2;0;1;0;0;0;0;0;0;0;1;0;1;0;0,1422325133523603;Muito Baixo;PERSONAL;MORTGAGE
22;80000;3,0;8000;18,39;0,1;3;0,1;1;5;1;0;0;0;1;0;0;0;0;0;1;0;0;0,1228739935254527;Muito Baixo;VENTURE;RENT
29;62050;3,0;15000;15,95;0,21;8;0,24174053182917;1;5;1;0;0;0;1;0;0;0;1;0;0;1;1;0,97662790186896;Muito Alto;MEDICAL;RENT
28;108000;6,0;27400;10,99;0,25;7;0,2537037037037037;0;2;0;1;0;0;0;0;1;0;0;0;0;0;0;0,0890522447192826;Muito Baixo;EDUCATION;MORTGAGE
21;55000;3,0;6000;10,99;0,11;3;0,109090909090909;0;2;0;0;0;0;1;0;1;0;0;0;0;0;0;0,0324621515087647;Muito Baixo;EDUCATION;RENT
21;30000;0,0;7125;7,51;0,24;4;0,2375;0;1;0;1;0;0;0;0;0;0;1;0;0;1;0;0,095293986151187;Muito Baixo;MEDICAL;MORTGAGE
31;56000;4,0;8000;8,59;0,14;6;0,1428571428571428;0;1;0;1;0;0;0;0;0;0;1;0;0;0;0;0,1539677337485034;Muito Baixo;MEDICAL;MORTGAGE
28;54000;13,0;6500;16,45;0,12;6;0,1203703703703703;1;5;1;0;0;1;0;1;0;0;0;0;0;1;1;0,96063553088687;Muito Alto;DEBTCONSOLIDATION;OWN
29;55000;3,0;14000;11,48;0,25;7;0,2545454545454545;1;2;0;0;0;0;1;0;1;0;0;0;0;0;0;0,0661854864312315;Muito Baixo;EDUCATION;RENT
31;39996;4,0;2400;10,99;0,06;10;0,06000600060006;0;2;0;0;0;0;1;0;1;0;0;0;0;0;0;0,0903752672692486;Muito Baixo;EDUCATION;RENT
25;123996;9,0;10000;6,54;0,08;3;0,080647762831059;0;1;0;0;0;1;0;0;0;1;0;0;0;0;0;0,0004013473755844;Muito Baixo;HOMEIMPROVEMENT;OWN
28;36000;0,0;8000;12,84;0,22;6;0,2222222222222222;1;3;0;0;0;0;1;0;0;0;1;0;0;0;0;0,0840074947190645;Muito Baixo;MEDICAL;RENT
22;47000;7,0;10600;15,96;0,23;4;0,225531914893617;1;3;1;1;0;0;0;0;0;0;0;1;0;0;0;0,1945301929690678;Muito Baixo;PERSONAL;MORTGAGE
30;48000;4,0;8500;7,49;0,18;8;0,1770833333333333;0;1;0;1;0;0;0;0;0;0;0;1;0;0;0;0,0593106535082295;Muito Baixo;PERSONAL;MORTGAGE
23;34000;7,0;10950;7,29;0,32;2;0,3220588235294118;0;1;0;0;0;1;0;0;1;0;0;0;0;0;0;0,0036330192913645;Muito Baixo;EDUCATION;OWN
43;112000;14,0;25000;14,96;0,22;15;0,2232142857142857;1;4;1;1;0;0;0;0;0;0;0;1;0;0;0;0,11822560640388;Muito Baixo;PERSONAL;MORTGAGE
22;48000;6,0;15000;7,51;0,31;2;0,3125;0;1;0;0;0;0;1;0;1;0;0;0;0;1;1;0,9845453681658518;Muito Alto;EDUCATION;RENT
39;64000;2,0;8750;16,82;0,14;13;0,13671875;1;5;1;1;0;0;0;1;0;0;0;0;0;1;1;0,9970337303934058;Muito Alto;DEBTCONSOLIDATION;MORTGAGE
25;80000;2,0;22000;11,48;0,28;3;0,275;1;2;0;1;0;0;0;0;1;0;0;0;0;0;0;0,0274339292210994;Muito Baixo;EDUCATION;MORTGAGE
29;91500;2,0;4500;10,65;0,05;5;0,0491803278688524;0;2;0;0;0;0;1;0;0;0;1;0;0;0;0;0,0236922665861963;Muito Baixo;MEDICAL;RENT
25;23400;3,0;4000;12,42;0,17;3;0,1709401709401709;1;2;0;0;0;0;1;0;0;0;1;0;0;0;0;0,0951583174794087;Muito Baixo;MEDICAL;RENT
22;52000;6,0;12000;6,62;0,23;3;0,2307692307692307;0;1;0;1;0;0;0;0;0;0;0;0;1;0;0;0,0005303066022691;Muito Baixo;VENTURE;MORTGAGE
24;39000;1,0;12000;14,11;0,31;2;0,3076923076923077;1;4;0;1;0;0;0;0;1;0;0;0;0;1;0;0,3407206469352231;Baixo;EDUCATION;MORTGAGE
26;75000;8,0;7200;15,23;0,1;4;0,096;1;3;0;1;0;0;0;1;0;0;0;0;0;0;0;0,4764068119330912;Moderado;DEBTCONSOLIDATION;MORTGAGE
27;56244;11,0;12000;14,22;0,21;8;0,2133560913164071;1;3;0;1;0;0;0;0;0;1;0;0;0;0;0;0,2931574349117091;Baixo;HOMEIMPROVEMENT;MORTGAGE
26;88000;10,0;10000;12,69;0,11;4;0,1136363636363636;1;2;0;0;0;0;1;0;0;0;0;1;0;0;0;0,1310154649456588;Muito Baixo;PERSONAL;RENT
29;60000;4,0;5500;10,74;0,09;6;0,0916666666666666;0;2;0;0;0;0;1;0;0;1;0;0;0;0;0;0,0500401962607823;Muito Baixo;HOMEIMPROVEMENT;RENT
29;89520;13,0;8000;13,23;0,09;5;0,0893655049151027;1;3;1;0;0;1;0;0;1;0;0;0;0;0;0;0,0005049864624398;Muito Baixo;EDUCATION;OWN
37;42000;0,0;12000;7,49;0,29;14;0,2857142857142857;0;1;0;0;0;0;1;0;0;0;1;0;0;0;0;0,0095071310074619;Muito Baixo;MEDICAL;RENT
22;85000;4,0;7000;6,91;0,08;3;0,0823529411764705;0;1;0;1;0;0;0;0;0;0;0;0;1;0;0;0,0002951614471891;Muito Baixo;VENTURE;MORTGAGE
22;43000;0,0;6650;10,37;0,15;3;0,1546511627906976;0;2;0;1;0;0;0;0;0;0;0;1;0;0;0;0,0657895707632502;Muito Baixo;PERSONAL;MORTGAGE
30;105000;14,0;13000;10,25;0,12;9;0,1238095238095238;0;2;0;1;0;0;0;0;0;1;0;0;0;0;0;0,0366779700635877;Muito Baixo;HOMEIMPROVEMENT;MORTGAGE
37;50000;6,0;16000;10,99;0,32;12;0,32;0;2;0;1;0;0;0;0;0;0;1;0;0;0;0;0,0513505036040044;Muito Baixo;MEDICAL;MORTGAGE
23;120000;7,0;25000;9,99;0,21;2;0,2083333333333333;0;2;0;0;0;0;1;0;1;0;0;0;0;0;0;0,0280034533079546;Muito Baixo;EDUCATION;RENT
25;153000;9,0;7500;11,71;0,05;3;0,0490196078431372;1;2;0;1;0;0;0;0;1;0;0;0;0;0;0;0,0413008308106667;Muito Baixo;EDUCATION;MORTGAGE
24;135000;8,0;16000;10,62;0,12;2;0,1185185185185185;0;2;0;0;0;0;1;0;0;0;0;0;1;0;0;0,0014332474191595;Muito Baixo;VENTURE;RENT
32;75250;1,0;4000;12,99;0,05;7;0,0531561461794019;1;3;0;0;0;0;1;1;0;0;0;0;0;0;0;0,0528932136795952;Muito Baixo;DEBTCONSOLIDATION;RENT
33;143004;17,0;10000;6,99;0,07;9;0,0699281138989119;0;1;0;1;0;0;0;0;0;0;0;0;1;0;0;0,0004226379048268;Muito Baixo;VENTURE;MORTGAGE
31;40000;5,0;14000;6,03;0,35;7;0,35;0;1;0;1;0;0;0;0;0;1;0;0;0;0;0;0,0428932092509898;Muito Baixo;HOMEIMPROVEMENT;MORTGAGE
24;74000;8,0;35000;20,11;0,47;3;0,4729729729729729;1;7;0;0;0;1;0;1;0;0;0;0;0;1;1;0,9945087135487471;Muito Alto;DEBTCONSOLIDATION;OWN
47;50000;3,0;4000;13,48;0,08;12;0,08;1;3;1;1;0;0;0;0;1;0;0;0;0;0;0;0,0471438962219659;Muito Baixo;EDUCATION;MORTGAGE
24;22000;4,0;2200;7,49;0,1;3;0,1;0;1;0;0;0;0;1;0;0;0;1;0;0;0;0;0,0886744814156489;Muito Baixo;MEDICAL;RENT
24;62500;2,0;6000;5,79;0,1;3;0,096;0;1;0;1;0;0;0;0;1;0;0;0;0;0;0;0,0091966756534311;Muito Baixo;EDUCATION;MORTGAGE
29;125000;12,0;25000;10,62;0,2;8;0,2;0;2;0;1;0;0;0;0;0;0;0;1;0;0;0;0,067796248139388;Muito Baixo;PERSONAL;MORTGAGE
22;36000;0,0;2000;7,49;0,06;4;0,0555555555555555;0;1;0;1;0;0;0;0;0;0;0;1;0;0;0;0,0515939052590909;Muito Baixo;PERSONAL;MORTGAGE
27;52000;4,0;8000;8,9;0,15;10;0,1538461538461538;0;1;0;1;0;0;0;1;0;0;0;0;0;0;0;0,0435564593607787;Muito Baixo;DEBTCONSOLIDATION;MORTGAGE
27;28800;6,0;5000;14,96;0,17;5;0,1736111111111111;1;4;1;0;0;0;1;0;0;0;1;0;0;0;1;0,6837871746492737;Alto;MEDICAL;RENT
33;84996;2,0;4000;8,59;0,05;6;0,0470610381665019;0;1;0;0;0;0;1;0;1;0;0;0;0;0;0;0,017790430810984;Muito Baixo;EDUCATION;RENT
23;145000;0,0;14400;5,79;0,1;4;0,0993103448275862;0;1;0;1;0;0;0;0;1;0;0;0;0;0;0;0,0042955103148569;Muito Baixo;EDUCATION;MORTGAGE
26;45996;5,0;9225;7,49;0,2;2;0,2005609183407252;0;1;0;0;0;1;0;0;0;1;0;0;0;0;0;0,0015814565248995;Muito Baixo;HOMEIMPROVEMENT;OWN
26;31000;5,0;8000;14,27;0,26;3;0,2580645161290322;1;3;1;0;0;0;1;0;0;1;0;0;0;1;1;0,9454666630995132;Muito Alto;HOMEIMPROVEMENT;RENT
31;123000;2,0;7000;8,49;0,06;10;0,056910569105691;0;1;0;0;0;0;1;0;0;0;0;0;1;0;0;0,0008604761789725;Muito Baixo;VENTURE;RENT
24;185000;4,0;35000;12,42;0,19;2;0,1891891891891892;1;2;0;1;0;0;0;0;1;0;0;0;0;0;0;0,0258441730907911;Muito Baixo;EDUCATION;MORTGAGE
30;36000;5,0;4800;7,49;0,13;6;0,1333333333333333;0;1;0;0;0;1;0;0;0;0;0;0;1;0;0;1,29842077563705e-05;Muito Baixo;VENTURE;OWN
31;47500;2,0;10000;15,96;0,21;6;0,2105263157894736;1;3;0;0;0;0;1;0;0;0;0;0;1;0;0;0,4088398051446072;Moderado;VENTURE;RENT
27;110000;5,0;18000;9,91;0,16;5;0,1636363636363636;0;2;0;0;0;0;1;0;0;0;1;0;0;0;0;0,0197948656551859;Muito Baixo;MEDICAL;RENT
32;65453;15,0;5000;11,28;0,06;9;0,0763906925580187;1;3;1;0;0;0;1;0;0;0;1;0;0;1;0;0,355498743830267;Baixo;MEDICAL;RENT
26;43200;11,0;6000;12,87;0,14;3;0,1388888888888889;1;3;0;1;0;0;0;0;0;0;0;0;1;0;0;0,1179506977585949;Muito Baixo;VENTURE;MORTGAGE
23;45000;0,0;6225;11,54;0,14;4;0,1383333333333333;1;3;1;0;0;0;1;0;0;0;0;0;1;0;0;0,0431927277206415;Muito Baixo;VENTURE;RENT
30;75000;2,0;6000;12,68;0,08;5;0,08;1;3;1;0;0;0;1;1;0;0;0;0;0;0;0;0,0351636242019074;Muito Baixo;DEBTCONSOLIDATION;RENT
22;68250;4,0;6000;19,13;0,09;3;0,0879120879120879;1;6;1;0;0;0;1;0;1;0;0;0;0;0;0;0,1671251703934698;Muito Baixo;EDUCATION;RENT
28;55000;4,0;10650;11,58;0,19;8;0,1936363636363636;1;2;0;1;0;0;0;0;0;0;0;0;1;0;0;0,0019590325290782;Muito Baixo;VENTURE;MORTGAGE
26;104000;0,0;20000;10,74;0,19;2;0,1923076923076923;0;2;0;0;0;0;1;1;0;0;0;0;0;0;0;0,0291719912724856;Muito Baixo;DEBTCONSOLIDATION;RENT
24;111239;1,0;14000;7,9;0,13;4;0,1258551407330163;0;1;0;1;0;0;0;0;1;0;0;0;0;0;0;0,0127725066828095;Muito Baixo;EDUCATION;MORTGAGE
25;145000;7,0;12000;5,79;0,08;2;0,0827586206896551;0;1;0;1;0;0;0;0;0;0;1;0;0;0;0;0,0048068045637886;Muito Baixo;MEDICAL;MORTGAGE
29;26280;0,0;7000;10,99;0,27;9;0,2663622526636225;0;2;0;0;0;0;1;0;1;0;0;0;0;0;0;0,1380174097797274;Muito Baixo;EDUCATION;RENT
24;96000;1,0;17400;10,37;0,18;2;0,18125;0;2;0;0;0;0;1;1;0;0;0;0;0;0;0;0,021121095212369;Muito Baixo;DEBTCONSOLIDATION;RENT
32;17040;4,0;2500;7,51;0,15;10;0,1467136150234742;0;1;0;0;0;0;1;0;1;0;0;0;0;0;0;0,0552731258687587;Muito Baixo;EDUCATION;RENT
26;32640;7,0;3000;10,75;0,09;2;0,0919117647058823;0;2;0;0;0;0;1;0;0;0;0;0;1;0;0;0,0057756433741236;Muito Baixo;VENTURE;RENT
24;32700;8,0;4200;7,29;0,13;2;0,128440366972477;0;1;0;0;0;1;0;0;1;0;0;0;0;0;0;0,0008411218898256;Muito Baixo;EDUCATION;OWN
54;29000;7,0;2500;11,71;0,09;28;0,0862068965517241;1;2;0;1;0;0;0;0;0;0;0;1;0;0;0;0,2473687822034876;Baixo;PERSONAL;MORTGAGE
26;94000;1,0;5000;7,68;0,05;3;0,0531914893617021;0;1;0;1;0;0;0;0;0;0;1;0;0;0;0;0,0105899523075777;Muito Baixo;MEDICAL;MORTGAGE
23;96000;3,0;12000;16,82;0,13;2;0,125;1;5;1;0;1;0;0;0;1;0;0;0;0;0;0;0,0347348530464596;Muito Baixo;EDUCATION;OTHER
25;87996;0,0;20000;16,35;0,23;3;0,2272830583208327;1;5;0;0;0;0;1;0;0;1;0;0;0;1;1;0,9530566179504862;Muito Alto;HOMEIMPROVEMENT;RENT
32;33078;4,0;10000;7,51;0,3;8;0,3023157385573493;0;1;0;0;0;0;1;0;0;0;0;1;0;0;0;0,2589092057866842;Baixo;PERSONAL;RENT
27;130000;12,0;5000;8,63;0,04;5;0,0384615384615384;0;1;0;1;0;0;0;0;0;0;0;1;0;0;0;0,0734222409661015;Muito Baixo;PERSONAL;MORTGAGE
33;158000;11,0;15000;16,32;0,09;5;0,0949367088607595;1;5;1;1;0;0;0;0;0;0;0;1;0;1;0;0,0674607226465484;Muito Baixo;PERSONAL;MORTGAGE
27;37200;0,0;13500;10,78;0,36;6;0,3629032258064516;0;3;0;0;0;0;1;0;0;0;1;0;0;1;1;0,9914468669066568;Muito Alto;MEDICAL;RENT
38;117960;0,0;12000;7,49;0,1;17;0,1017293997965412;0;1;0;1;0;0;0;0;0;0;1;0;0;0;0;0,0139453320143464;Muito Baixo;MEDICAL;MORTGAGE
24;45000;2,0;4700;10,96;0,1;2;0,1044444444444444;0;2;0;0;0;0;1;1;0;0;0;0;0;0;0;0,043346036496462;Muito Baixo;DEBTCONSOLIDATION;RENT
23;50000;4,0;6000;13,49;0,12;3;0,12;1;3;0;0;0;0;1;0;0;0;0;0;1;0;0;0,0598097370781612;Muito Baixo;VENTURE;RENT
27;102000;1,0;15000;12,84;0,15;8;0,1470588235294117;1;3;0;1;0;0;0;0;0;0;0;0;1;0;0;0,0461771462237554;Muito Baixo;VENTURE;MORTGAGE
23;81600;3,0;11000;10,99;0,13;3;0,1348039215686274;0;2;0;0;0;0;1;0;0;0;0;1;0;0;0;0,0678898926025638;Muito Baixo;PERSONAL;RENT
30;27000;4,0;4200;7,88;0,16;9;0,1555555555555555;0;1;0;0;0;1;0;0;0;1;0;0;0;0;0;0,002058192111437;Muito Baixo;HOMEIMPROVEMENT;OWN
23;77000;3,0;1150;10,95;0,01;2;0,0149350649350649;0;2;0;0;0;0;1;0;0;0;0;0;1;0;0;0,0015372423229146;Muito Baixo;VENTURE;RENT
36;24000;18,0;6200;10,65;0,26;16;0,2583333333333333;0;2;0;1;0;0;0;0;0;0;0;0;1;0;0;0,0014778899303041;Muito Baixo;VENTURE;MORTGAGE
23;27000;6,0;10000;10,65;0,37;3;0,3703703703703703;0;2;0;0;0;0;1;0;0;0;1;0;0;1;1;0,995518450344222;Muito Alto;MEDICAL;RENT
32;59363;2,0;6000;13,22;0,1;6;0,1010730589761299;1;3;1;0;0;0;1;0;0;0;1;0;0;0;0;0,0895903898936926;Muito Baixo;MEDICAL;RENT
21;26400;6,0;3500;8,49;0,13;3;0,1325757575757575;0;1;0;0;0;0;1;1;0;0;0;0;0;1;0;0,1975867589821729;Muito Baixo;DEBTCONSOLIDATION;RENT
21;45000;3,0;4500;7,14;0,1;2;0,1;0;1;0;1;0;0;0;0;0;0;1;0;0;0;0;0,0473086983200876;Muito Baixo;MEDICAL;MORTGAGE
40;50000;1,0;12000;10,99;0,24;15;0,24;0;2;0;1;0;0;0;0;1;0;0;0;0;0;0;0,0317063025292672;Muito Baixo;EDUCATION;MORTGAGE
28;35000;5,0;10000;7,51;0,29;7;0,2857142857142857;0;1;0;0;0;1;0;0;1;0;0;0;0;0;0;0,0003221054652943;Muito Baixo;EDUCATION;OWN
38;78000;19,0;4575;7,74;0,06;14;0,0586538461538461;0;1;0;1;0;0;0;0;0;0;0;0;1;0;0;0,0012780462586165;Muito Baixo;VENTURE;MORTGAGE
34;79000;1,0;4800;9,32;0,06;6;0,060759493670886;0;1;0;1;0;0;0;0;0;0;0;1;0;0;0;0,1076011039628698;Muito Baixo;PERSONAL;MORTGAGE
24;36816;0,0;8000;10,65;0,22;4;0,2172968274663189;0;2;0;0;0;0;1;0;0;0;0;1;0;1;0;0,1370717838332871;Muito Baixo;PERSONAL;RENT
32;135000;10,0;10000;10,99;0,07;6;0,074074074074074;0;2;0;1;0;0;0;0;0;0;0;1;0;0;0;0,07776122007794;Muito Baixo;PERSONAL;MORTGAGE
30;21300;1,0;4000;12,87;0,19;7;0,1877934272300469;1;3;1;0;0;0;1;1;0;0;0;0;0;0;0;0,1370162054799442;Muito Baixo;DEBTCONSOLIDATION;RENT
27;130000;9,0;9000;7,05;0,07;6;0,0692307692307692;0;1;0;0;0;0;1;0;0;1;0;0;0;0;0;0,0385434012981724;Muito Baixo;HOMEIMPROVEMENT;RENT
38;120000;2,0;24250;10,99;0,2;12;0,2020833333333333;0;2;0;1;0;0;0;1;0;0;0;0;0;0;0;0,0297890885827493;Muito Baixo;DEBTCONSOLIDATION;MORTGAGE
24;50000;0,0;2800;5,79;0,06;2;0,056;0;1;0;0;0;0;1;1;0;0;0;0;0;0;0;0,0068077301334609;Muito Baixo;DEBTCONSOLIDATION;RENT
25;34000;9,0;2000;7,66;0,06;4;0,0588235294117647;0;1;0;1;0;0;0;0;0;0;1;0;0;1;0;0,2007091322045137;Baixo;MEDICAL;MORTGAGE
25;65000;1,0;15000;11,12;0,23;4;0,2307692307692307;1;2;0;1;0;0;0;0;0;0;0;1;0;0;0;0,0677000698354763;Muito Baixo;PERSONAL;MORTGAGE
31;294000;7,0;12000;8,94;0,04;6;0,0408163265306122;0;1;0;1;0;0;0;0;0;0;0;0;1;0;0;0,0014447681855922;Muito Baixo;VENTURE;MORTGAGE
28;63000;12,0;18000;10,65;0,29;9;0,2857142857142857;0;2;0;0;0;0;1;0;0;1;0;0;0;0;0;0,1041004632536445;Muito Baixo;HOMEIMPROVEMENT;RENT
32;75000;5,0;16000;13,49;0,21;8;0,2133333333333333;1;3;0;1;0;0;0;0;0;0;0;0;1;0;0;0,0556758631405613;Muito Baixo;VENTURE;MORTGAGE
22;57204;6,0;9000;15,58;0,16;3;0,1573316551290119;1;4;1;1;0;0;0;0;1;0;0;0;0;0;0;0,1371095177180199;Muito Baixo;EDUCATION;MORTGAGE
32;50004;5,0;2200;15,65;0,04;9;0,0439964802815774;1;4;1;0;0;0;1;0;1;0;0;0;0;0;0;0,1198760381191206;Muito Baixo;EDUCATION;RENT
30;50000;11,0;10000;10,99;0,2;6;0,2;0;2;0;1;0;0;0;0;0;0;1;0;0;0;0;0,0946913891433013;Muito Baixo;MEDICAL;MORTGAGE
26;76160;10,0;7400;7,51;0,1;2;0,0971638655462184;0;1;0;1;0;0;0;0;1;0;0;0;0;0;0;0,0592944508644122;Muito Baixo;EDUCATION;MORTGAGE
24;18000;0,0;6250;6,54;0,35;4;0,3472222222222222;0;1;0;0;0;1;0;0;0;1;0;0;0;1;1;0,9985552585711822;Muito Alto;HOMEIMPROVEMENT;OWN
27;55000;1,0;17000;7,88;0,31;5;0,3090909090909091;0;1;0;0;0;0;1;0;1;0;0;0;0;1;1;0,9798304214997776;Muito Alto;EDUCATION;RENT
41;48000;7,0;8000;5,99;0,17;15;0,1666666666666666;0;1;0;0;0;0;1;0;1;0;0;0;0;0;0;0,0222887776685503;Muito Baixo;EDUCATION;RENT
33;102996;4,0;6000;7,49;0,06;8;0,0582546895025049;0;1;0;1;0;0;0;0;1;0;0;0;0;0;0;0,007083908915703;Muito Baixo;EDUCATION;MORTGAGE
42;25000;4,0;10000;6,99;0,4;17;0,4;0;1;0;0;0;0;1;0;0;0;1;0;0;1;1;0,9917306267481896;Muito Alto;MEDICAL;RENT
44;80000;28,0;25000;15,33;0,31;11;0,3125;1;4;0;1;0;0;0;0;0;1;0;0;0;0;0;0,1528569788382016;Muito Baixo;HOMEIMPROVEMENT;MORTGAGE
25;30000;4,0;10625;16,49;0,35;4;0,3541666666666667;1;4;0;1;0;0;0;0;1;0;0;0;0;0;0;0,2780140347071031;Baixo;EDUCATION;MORTGAGE
28;103000;0,0;8000;14,61;0,08;10;0,0776699029126213;1;4;0;0;0;0;1;0;1;0;0;0;0;1;1;0,7828748522539462;Alto;EDUCATION;RENT
32;101000;12,0;8000;11,49;0,08;5;0,0792079207920792;1;2;0;1;0;0;0;1;0;0;0;0;0;0;0;0,0454595928542595;Muito Baixo;DEBTCONSOLIDATION;MORTGAGE
43;86004;2,0;10000;9,99;0,12;14;0,1162736616901539;0;2;0;1;0;0;0;0;0;1;0;0;0;0;0;0,033812853174538;Muito Baixo;HOMEIMPROVEMENT;MORTGAGE
21;40000;0,0;1775;6,54;0,04;3;0,044375;0;1;0;0;0;0;1;0;1;0;0;0;0;0;0;0,0183438509254547;Muito Baixo;EDUCATION;RENT
23;130000;4,0;6800;8,49;0,05;3;0,0523076923076923;0;1;0;1;0;0;0;0;1;0;0;0;0;0;0;0,0232164234624244;Muito Baixo;EDUCATION;MORTGAGE
22;52000;6,0;10000;13,87;0,19;2;0,1923076923076923;1;4;1;1;0;0;0;0;1;0;0;0;0;1;0;0,1652174303443483;Muito Baixo;EDUCATION;MORTGAGE
22;37000;3,0;15000;10,25;0,41;4;0,4054054054054054;0;2;0;0;0;0;1;0;0;0;0;1;0;1;1;0,996595742878874;Muito Alto;PERSONAL;RENT
25;55000;4,0;9000;16,77;0,16;2;0,1636363636363636;1;4;1;1;0;0;0;0;0;0;1;0;0;1;1;0,9795204504024912;Muito Alto;MEDICAL;MORTGAGE
23;24000;0,0;3050;7,49;0,13;4;0,1270833333333333;0;1;0;0;0;0;1;0;0;0;1;0;0;0;0;0,0549465960548299;Muito Baixo;MEDICAL;RENT
22;24000;6,0;10000;7,49;0,42;3;0,4166666666666667;0;1;0;0;0;0;1;1;0;0;0;0;0;1;1;0,9900178471153828;Muito Alto;DEBTCONSOLIDATION;RENT
32;41000;2,0;8000;15,05;0,2;9;0,1951219512195122;1;4;0;1;0;0;0;0;0;0;0;1;0;0;0;0,1781961634596136;Muito Baixo;PERSONAL;MORTGAGE
21;18000;5,0;3375;10,99;0,19;2;0,1875;0;2;0;0;0;1;0;0;0;0;0;0;1;1;1;0,999196088877793;Muito Alto;VENTURE;OWN
23;75000;4,0;6000;13,98;0,08;2;0,08;1;3;1;0;0;0;1;0;0;0;0;1;0;0;0;0,0958987559576585;Muito Baixo;PERSONAL;RENT
26;35000;3,0;7200;10,59;0,21;3;0,2057142857142857;0;2;0;1;0;0;0;0;0;0;0;1;0;0;0;0,0409868008529431;Muito Baixo;PERSONAL;MORTGAGE
27;55200;4,0;4000;10,99;0,07;10;0,072463768115942;0;2;0;0;0;1;0;0;1;0;0;0;0;0;0;0,0008286922954824;Muito Baixo;EDUCATION;OWN
23;120000;7,0;8000;15,31;0,07;2;0,0666666666666666;1;4;1;1;0;0;0;0;0;1;0;0;0;1;1;0,9457669374528616;Muito Alto;HOMEIMPROVEMENT;MORTGAGE
23;33000;0,0;4600;11,71;0,14;3;0,1393939393939394;1;2;0;0;0;0;1;0;1;0;0;0;0;0;0;0,1333937611688495;Muito Baixo;EDUCATION;RENT
27;37404;4,0;6000;5,42;0,16;6;0,1604106512672441;0;1;0;0;0;1;0;0;0;1;0;0;0;0;0;0,0013109504083478;Muito Baixo;HOMEIMPROVEMENT;OWN
27;30000;0,0;14300;10,39;0,48;6;0,4766666666666667;0;2;0;0;0;0;1;0;0;0;1;0;0;1;1;0,9949161717577698;Muito Alto;MEDICAL;RENT
28;96000;12,0;3000;9,63;0,03;7;0,03125;0;2;0;0;0;1;0;0;0;0;0;1;0;0;0;0,0003204350746446;Muito Baixo;PERSONAL;OWN
23;28000;0,0;1250;10,99;0,04;4;0,0446428571428571;0;2;0;0;0;1;0;0;0;0;0;0;1;0;0;3,2485872840144344e-05;Muito Baixo;VENTURE;OWN
31;50000;5,0;4500;9,99;0,09;5;0,09;0;2;0;0;0;0;1;0;0;0;0;1;0;0;0;0,0399714751206937;Muito Baixo;PERSONAL;RENT
23;30000;0,0;6500;7,74;0,22;4;0,2166666666666666;0;1;0;1;0;0;0;1;0;0;0;0;0;0;0;0,0607139214825602;Muito Baixo;DEBTCONSOLIDATION;MORTGAGE
43;400000;5,0;28000;9,91;0,07;11;0,07;0;2;0;1;0;0;0;0;0;1;0;0;0;0;0;0,064499310492815;Muito Baixo;HOMEIMPROVEMENT;MORTGAGE
24;36000;4,0;14775;6,62;0,41;4;0,4104166666666666;0;1;0;1;0;0;0;0;0;1;0;0;0;0;0;0,3343957176820457;Baixo;HOMEIMPROVEMENT;MORTGAGE
31;34000;3,0;10000;13,85;0,29;6;0,2941176470588235;1;3;1;1;0;0;0;0;1;0;0;0;0;1;0;0,3474265931083294;Baixo;EDUCATION;MORTGAGE
30;75000;7,0;20000;12,18;0,27;7;0,2666666666666666;1;2;0;0;0;0;1;0;0;0;1;0;0;0;0;0,0458341953635656;Muito Baixo;MEDICAL;RENT
25;65004;10,0;2500;10,08;0,04;2;0,0384591717432773;0;2;0;0;0;0;1;0;0;0;1;0;0;0;0;0,0477124301159131;Muito Baixo;MEDICAL;RENT
30;54000;9,0;15000;14,27;0,28;8;0,2777777777777778;1;3;1;0;0;0;1;0;0;1;0;0;0;1;0;0,4504984819166091;Moderado;HOMEIMPROVEMENT;RENT
28;200000;12,0;25000;7,9;0,13;9;0,125;0;1;0;1;0;0;0;0;1;0;0;0;0;0;0;0,0448438851655681;Muito Baixo;EDUCATION;MORTGAGE
36;40000;0,0;5000;8,0;0,13;16;0,125;0;1;0;0;0;1;0;0;0;0;0;1;0;0;0;0,0002928782848938;Muito Baixo;PERSONAL;OWN
24;78000;8,0;3600;5,42;0,05;4;0,0461538461538461;0;1;0;1;0;0;0;1;0;0;0;0;0;0;0;0,0335483248416568;Muito Baixo;DEBTCONSOLIDATION;MORTGAGE
25;33600;9,0;7125;7,51;0,21;3;0,2120535714285714;0;1;0;1;0;0;0;0;0;0;1;0;0;0;0;0,1338295743571976;Muito Baixo;MEDICAL;MORTGAGE
35;40000;3,0;11325;15,96;0,28;10;0,283125;1;3;1;0;0;1;0;0;0;0;0;1;0;0;0;0,0003172455906699;Muito Baixo;PERSONAL;OWN
24;55000;8,0;1800;7,49;0,03;3;0,0327272727272727;0;1;0;1;0;0;0;0;0;0;1;0;0;0;0;0,0522404293390684;Muito Baixo;MEDICAL;MORTGAGE
28;120000;7,0;5000;10,65;0,04;6;0,0416666666666666;0;2;0;0;0;1;0;0;0;0;0;0;1;0;0;1,7108221142422594e-05;Muito Baixo;VENTURE;OWN
24;40000;5,0;8000;7,49;0,2;4;0,2;0;1;0;1;0;0;0;0;0;0;0;0;1;0;0;0,0005518021330004;Muito Baixo;VENTURE;MORTGAGE
33;44000;6,0;4500;14,74;0,1;10;0,1022727272727272;1;4;0;1;0;0;0;1;0;0;0;0;0;1;1;0,99769898109554;Muito Alto;DEBTCONSOLIDATION;MORTGAGE
32;93000;9,0;15000;12,99;0,16;10;0,1612903225806451;1;3;0;1;0;0;0;1;0;0;0;0;0;0;0;0,0609000851251465;Muito Baixo;DEBTCONSOLIDATION;MORTGAGE
23;120000;7,0;3600;10,59;0,03;4;0,03;0;2;0;0;0;1;0;0;0;0;0;0;1;0;0;1,4515291063996133e-05;Muito Baixo;VENTURE;OWN
48;32500;0,0;2000;17,27;0,06;16;0,0615384615384615;1;4;0;0;0;0;1;0;0;0;0;0;1;1;1;0,8290321262475595;Muito Alto;VENTURE;RENT
32;49000;2,0;12000;11,11;0,24;9;0,2448979591836734;1;2;0;0;0;0;1;0;0;1;0;0;0;1;1;0,5156022055830946;Moderado;HOMEIMPROVEMENT;RENT
41;21000;0,0;3000;10,99;0,14;15;0,1428571428571428;0;2;0;0;0;0;1;0;0;0;1;0;0;0;0;0,0216018693698931;Muito Baixo;MEDICAL;RENT
23;36000;7,0;11000;10,99;0,31;3;0,3055555555555556;0;2;0;1;0;0;0;0;1;0;0;0;0;0;0;0,140272174054148;Muito Baixo;EDUCATION;MORTGAGE
31;61000;3,0;7500;13,48;0,12;10;0,1229508196721311;1;3;1;0;0;0;1;0;0;0;1;0;0;0;0;0,0451973862377691;Muito Baixo;MEDICAL;RENT
26;26400;10,0;8500;13,23;0,32;3;0,3219696969696969;1;3;1;1;0;0;0;0;0;0;0;1;0;0;0;0,2036582838926393;Baixo;PERSONAL;MORTGAGE
39;100000;9,0;3000;7,14;0,03;11;0,03;0;1;0;1;0;0;0;1;0;0;0;0;0;0;0;0,0052253165717297;Muito Baixo;DEBTCONSOLIDATION;MORTGAGE
23;60000;3,0;25000;12,73;0,42;3;0,4166666666666667;1;3;0;0;0;0;1;0;0;0;0;1;0;1;1;0,9936645853118;Muito Alto;PERSONAL;RENT
31;80004;9,0;5500;10,75;0,07;8;0,0687465626718664;0;2;0;1;0;0;0;0;0;0;1;0;0;0;0;0,0291563374582093;Muito Baixo;MEDICAL;MORTGAGE
23;50000;5,0;10000;9,63;0,2;3;0,2;0;2;0;0;0;0;1;0;1;0;0;0;0;0;0;0,0253778882865894;Muito Baixo;EDUCATION;RENT
23;100000;4,0;25000;17,14;0,25;2;0,25;1;5;1;1;0;0;0;0;0;0;0;0;1;0;0;0,1677626155453332;Muito Baixo;VENTURE;MORTGAGE
40;50000;5,0;6000;14,96;0,12;15;0,12;1;4;0;1;0;0;0;0;0;0;0;1;0;0;0;0,0542397362714794;Muito Baixo;PERSONAL;MORTGAGE
33;125000;17,0;3000;7,75;0,02;8;0,024;0;1;0;0;0;1;0;0;0;0;0;1;0;0;0;0,0017312649868652;Muito Baixo;PERSONAL;OWN
22;64000;5,0;6600;8,9;0,1;4;0,103125;0;1;0;0;0;0;1;1;0;0;0;0;0;0;0;0,0776598295275401;Muito Baixo;DEBTCONSOLIDATION;RENT
41;14400;4,0;1800;10,99;0,13;17;0,125;0;2;0;0;0;0;1;0;0;0;0;1;0;0;0;0,2482446911243119;Baixo;PERSONAL;RENT
22;89250;6,0;7500;13,24;0,07;2;0,0840336134453781;1;4;1;1;0;0;0;0;0;0;1;0;0;1;1;0,9724660587065954;Muito Alto;MEDICAL;MORTGAGE
32;348000;16,0;25000;11,83;0,07;10;0,0718390804597701;1;2;0;1;0;0;0;0;0;0;0;1;0;0;0;0,0863676861310031;Muito Baixo;PERSONAL;MORTGAGE
29;43000;13,0;10000;8,0;0,23;9;0,2325581395348837;0;1;0;1;0;0;0;0;0;0;1;0;0;0;0;0,078666478226021;Muito Baixo;MEDICAL;MORTGAGE
24;88000;8,0;25000;14,54;0,28;2;0,2840909090909091;1;4;0;1;0;0;0;0;0;1;0;0;0;0;0;0,2069489035034983;Baixo;HOMEIMPROVEMENT;MORTGAGE
23;60000;8,0;10000;10,99;0,17;3;0,1666666666666666;0;2;0;1;0;0;0;1;0;0;0;0;0;0;0;0,0574611218581338;Muito Baixo;DEBTCONSOLIDATION;MORTGAGE
25;54300;4,0;8000;6,92;0,15;4;0,147329650092081;0;1;0;1;0;0;0;0;0;0;0;1;0;0;0;0,0606871967735115;Muito Baixo;PERSONAL;MORTGAGE
28;100000;7,0;18000;13,92;0,18;9;0,18;1;3;1;0;0;1;0;0;0;0;1;0;0;0;0;0,0005642716793538;Muito Baixo;MEDICAL;OWN
25;40000;9,0;8000;10,99;0,2;4;0,2;0;2;0;1;0;0;0;0;0;1;0;0;0;0;0;0,1215830856124919;Muito Baixo;HOMEIMPROVEMENT;MORTGAGE
25;21500;2,0;7500;11,34;0,35;2;0,3488372093023256;1;3;0;0;0;0;1;0;0;0;1;0;0;1;1;0,9843884402305364;Muito Alto;MEDICAL;RENT
28;40000;9,0;19200;9,91;0,48;6;0,48;0;2;0;1;0;0;0;1;0;0;0;0;0;0;0;0,0750252903077633;Muito Baixo;DEBTCONSOLIDATION;MORTGAGE
25;46596;2,0;13200;12,53;0,28;4;0,28328611898017;1;2;0;0;0;0;1;1;0;0;0;0;0;0;0;0,1006769170807122;Muito Baixo;DEBTCONSOLIDATION;RENT
36;31200;9,0;3000;12,42;0,1;12;0,0961538461538461;1;2;0;0;0;0;1;0;0;0;0;1;0;0;0;0,268131416517937;Baixo;PERSONAL;RENT
23;120000;7,0;13000;11,71;0,11;4;0,1083333333333333;1;2;0;0;0;0;1;0;0;0;0;1;0;0;0;0,0736667697540286;Muito Baixo;PERSONAL;RENT
33;64000;14,0;11000;15,68;0,17;5;0,171875;1;5;1;0;0;0;1;0;0;0;0;0;1;1;0;0,2853100357968911;Baixo;VENTURE;RENT
41;103000;2,0;20000;14,61;0,19;16;0,1941747572815534;1;4;1;1;0;0;0;1;0;0;0;0;0;1;1;0,9889958539814668;Muito Alto;DEBTCONSOLIDATION;MORTGAGE
23;98400;7,0;9000;6,62;0,09;4;0,0914634146341463;0;1;0;1;0;0;0;0;1;0;0;0;0;0;0;0,0163657402050558;Muito Baixo;EDUCATION;MORTGAGE
22;28000;6,0;10000;5,42;0,36;3;0,3571428571428571;0;1;0;0;0;0;1;0;1;0;0;0;0;1;1;0,980085735441659;Muito Alto;EDUCATION;RENT
23;37344;0,0;3200;12,68;0,09;4;0,0856898029134533;1;3;0;1;0;0;0;0;1;0;0;0;0;0;0;0,0953579080623086;Muito Baixo;EDUCATION;MORTGAGE
22;71200;2,0;11000;12,42;0,15;2;0,1544943820224719;1;2;0;0;0;0;1;0;0;0;0;0;1;0;0;0,0042828179621134;Muito Baixo;VENTURE;RENT
24;85000;0,0;10000;10,0;0,12;4;0,1176470588235294;0;2;0;1;0;0;0;0;0;0;0;1;0;0;0;0,0360276730715307;Muito Baixo;PERSONAL;MORTGAGE
35;60000;18,0;15000;13,43;0,25;5;0,25;1;3;0;0;0;0;1;0;0;1;0;0;0;0;0;0,1085126783201433;Muito Baixo;HOMEIMPROVEMENT;RENT
23;24972;4,0;2600;11,86;0,1;4;0,1041166106038763;1;2;0;0;0;1;0;0;0;0;0;0;1;0;0;4,60766868721343e-05;Muito Baixo;VENTURE;OWN
27;82000;11,0;10000;7,51;0,12;9;0,1219512195121951;0;1;0;1;0;0;0;0;0;0;0;1;0;0;0;0,0450914378191717;Muito Baixo;PERSONAL;MORTGAGE
24;110000;1,0;12500;9,62;0,11;4;0,1136363636363636;0;2;0;0;0;0;1;1;0;0;0;0;0;0;0;0,0169650976756449;Muito Baixo;DEBTCONSOLIDATION;RENT
22;102996;6,0;8000;7,74;0,08;3;0,0776729193366732;0;1;0;1;0;0;0;0;0;0;1;0;0;0;0;0,0138050230343942;Muito Baixo;MEDICAL;MORTGAGE
24;55000;3,0;15000;6,62;0,27;3;0,2727272727272727;0;1;0;1;0;0;0;0;0;0;0;1;0;0;0;0,0585480294904394;Muito Baixo;PERSONAL;MORTGAGE
25;110000;7,0;8000;7,14;0,07;4;0,0727272727272727;0;1;0;1;0;0;0;0;1;0;0;0;0;0;0;0,0162068657050446;Muito Baixo;EDUCATION;MORTGAGE
25;130000;5,0;3000;5,42;0,02;2;0,023076923076923;0;1;0;1;0;0;0;0;0;1;0;0;0;0;0;0,0079914114025942;Muito Baixo;HOMEIMPROVEMENT;MORTGAGE
24;135000;0,0;12500;13,48;0,09;4;0,0925925925925925;1;3;0;1;0;0;0;0;0;0;0;0;1;0;0;0,0745726881177421;Muito Baixo;VENTURE;MORTGAGE
25;90000;9,0;10000;12,42;0,11;2;0,1111111111111111;1;2;0;0;0;0;1;1;0;0;0;0;0;0;0;0,0475252542608547;Muito Baixo;DEBTCONSOLIDATION;RENT
33;48000;11,0;25000;9,99;0,52;10;0,5208333333333334;0;2;0;0;0;0;1;1;0;0;0;0;0;1;1;0,9875724584604194;Muito Alto;DEBTCONSOLIDATION;RENT
31;53000;2,0;7200;10,37;0,14;8;0,1358490566037735;0;2;0;1;0;0;0;0;0;0;1;0;0;0;0;0,1049131455870107;Muito Baixo;MEDICAL;MORTGAGE
24;114000;8,0;4000;10,99;0,04;2;0,0350877192982456;0;2;0;1;0;0;0;0;0;0;0;0;1;0;0;0,0010971922815361;Muito Baixo;VENTURE;MORTGAGE
24;42500;9,0;12000;11,36;0,28;2;0,2823529411764706;1;2;0;0;0;0;1;0;0;0;0;1;0;0;0;0,1290350329379743;Muito Baixo;PERSONAL;RENT
24;30000;6,0;7750;16,82;0,26;2;0,2583333333333333;1;5;1;0;0;0;1;0;1;0;0;0;0;0;0;0,2475646366189375;Baixo;EDUCATION;RENT
21;49000;2,0;16950;18,25;0,35;4;0,3459183673469387;1;4;1;0;0;0;1;0;0;0;0;1;0;1;1;0,9994211798688456;Muito Alto;PERSONAL;RENT
27;81000;4,0;6000;11,86;0,07;10;0,074074074074074;1;2;0;0;0;0;1;0;0;0;0;0;1;0;0;0,0060354964501598;Muito Baixo;VENTURE;RENT
29;72000;6,0;16800;15,62;0,23;9;0,2333333333333333;1;4;0;1;0;0;0;0;0;0;0;0;1;0;0;0,1829109877399814;Muito Baixo;VENTURE;MORTGAGE
26;25000;0,0;7400;13,48;0,3;2;0,296;1;3;0;0;0;1;0;0;0;0;0;0;1;0;0;0,0007934039804401;Muito Baixo;VENTURE;OWN
22;45996;0,0;3000;15,62;0,07;2;0,0652230628750326;1;4;1;0;0;0;1;0;0;0;1;0;0;1;1;0,9908628261134228;Muito Alto;MEDICAL;RENT
35;22608;1,0;3500;14,22;0,15;9;0,1548124557678697;1;3;0;0;0;0;1;0;1;0;0;0;0;0;0;0,1686761174593506;Muito Baixo;EDUCATION;RENT
25;45000;5,0;3800;10,65;0,08;3;0,0844444444444444;0;2;0;1;0;0;0;0;1;0;0;0;0;0;0;0,07831247218437;Muito Baixo;EDUCATION;MORTGAGE
22;25000;2,0;4000;12,69;0,16;3;0,16;1;2;0;0;0;0;1;0;0;0;0;0;1;0;0;0,0121873498786011;Muito Baixo;VENTURE;RENT
23;30000;6,0;4800;7,49;0,16;3;0,16;0;1;0;0;0;0;1;0;1;0;0;0;0;0;0;0,1063664893138957;Muito Baixo;EDUCATION;RENT
23;18000;1,0;2500;15,95;0,14;2;0,1388888888888889;1;4;0;1;0;0;0;0;0;0;1;0;0;1;1;0,9699096005513106;Muito Alto;MEDICAL;MORTGAGE
22;82000;2,0;1600;11,89;0,02;2;0,0195121951219512;1;2;0;0;0;0;1;0;1;0;0;0;0;0;0;0,013858362969915;Muito Baixo;EDUCATION;RENT
23;73185;7,0;7000;9,63;0,08;2;0,0956480153036824;0;2;0;1;0;0;0;0;0;0;1;0;0;1;0;0,2477706481258692;Baixo;MEDICAL;MORTGAGE
32;43625;2,0;1500;10,99;0,03;10;0,0343839541547277;0;2;0;0;0;0;1;0;0;0;0;1;0;0;1;0,5915681617424001;Moderado;PERSONAL;RENT
59;83768;15,0;12000;11,86;0,14;18;0,1432527934294718;1;2;0;1;0;0;0;0;0;0;0;1;0;0;0;0,059784331735385;Muito Baixo;PERSONAL;MORTGAGE
26;65000;3,0;12000;15,31;0,18;4;0,1846153846153846;1;4;1;0;0;0;1;0;0;0;0;0;1;0;0;0,1894422994788696;Muito Baixo;VENTURE;RENT
27;33600;2,0;6000;14,91;0,18;5;0,1785714285714285;1;4;1;0;0;0;1;0;0;0;0;1;0;1;1;0,9567758383310404;Muito Alto;PERSONAL;RENT
26;36996;8,0;9600;11,97;0,26;4;0,2594875121634771;1;3;1;0;0;0;1;0;0;0;0;1;0;0;0;0,2380028018426926;Baixo;PERSONAL;RENT
24;50000;5,0;22800;17,27;0,46;2;0,456;1;4;0;1;0;0;0;0;0;0;0;1;0;0;0;0,2001542828990419;Baixo;PERSONAL;MORTGAGE
24;15915;0,0;2000;15,05;0,13;4;0,1256676091737354;1;4;1;0;0;0;1;0;0;0;0;1;0;1;1;0,973489089461024;Muito Alto;PERSONAL;RENT
53;138000;4,0;15000;12,69;0,11;21;0,108695652173913;1;2;0;0;0;0;1;0;0;0;0;1;0;1;0;0,1568384457922832;Muito Baixo;PERSONAL;RENT
25;26000;4,0;8000;12,87;0,31;4;0,3076923076923077;1;3;0;0;0;0;1;0;0;0;1;0;0;1;1;0,987544898893781;Muito Alto;MEDICAL;RENT
29;120000;3,0;20000;11,71;0,17;5;0,1666666666666666;1;2;0;1;0;0;0;0;1;0;0;0;0;0;0;0,0298659741201307;Muito Baixo;EDUCATION;MORTGAGE
22;39000;5,0;9600;16,77;0,25;2;0,2461538461538461;1;4;1;0;0;0;1;0;0;0;0;1;0;1;0;0,2757761977242782;Baixo;PERSONAL;RENT
25;56000;2,0;5000;10,99;0,09;4;0,0892857142857142;0;2;0;0;0;0;1;1;0;0;0;0;0;0;0;0,0672814583761527;Muito Baixo;DEBTCONSOLIDATION;RENT
37;186000;7,0;3000;6,39;0,02;13;0,0161290322580645;0;1;0;0;0;1;0;0;0;0;0;0;1;0;0;2,0534602818667515e-05;Muito Baixo;VENTURE;OWN
27;32000;0,0;9850;8,94;0,31;5;0,3078125;0;1;0;1;0;0;0;0;0;0;0;0;1;0;0;0,0155773897351732;Muito Baixo;VENTURE;MORTGAGE
44;140000;14,0;21500;11,83;0,15;11;0,1535714285714285;1;2;0;0;0;1;0;0;0;0;1;0;0;0;0;0,000594886833451;Muito Baixo;MEDICAL;OWN
29;92004;12,0;10000;9,63;0,11;6;0,1086909264814573;0;2;0;1;0;0;0;0;0;0;0;0;1;0;0;0,000759129905183;Muito Baixo;VENTURE;MORTGAGE
22;116700;0,0;6000;8,49;0,05;4;0,0514138817480719;0;1;0;1;0;0;0;0;1;0;0;0;0;0;0;0,0218956243325341;Muito Baixo;EDUCATION;MORTGAGE
23;92700;2,0;25000;10,99;0,27;4;0,2696871628910464;0;2;0;1;0;0;0;0;0;0;0;0;1;0;0;0,0015669294949199;Muito Baixo;VENTURE;MORTGAGE
27;107000;4,0;11500;8,38;0,11;10;0,1074766355140186;0;1;0;1;0;0;0;0;1;0;0;0;0;0;0;0,0303114289454863;Muito Baixo;EDUCATION;MORTGAGE
28;130000;10,0;24000;11,83;0,18;10;0,1846153846153846;1;2;0;0;0;1;0;0;1;0;0;0;0;0;0;0,0006680511042393;Muito Baixo;EDUCATION;OWN
29;28800;1,0;1400;7,9;0,05;5;0,0486111111111111;0;1;0;0;0;0;1;0;0;0;0;0;1;0;0;0,0073012852607261;Muito Baixo;VENTURE;RENT
29;62400;3,0;8000;6,62;0,13;9;0,1282051282051282;0;1;0;0;0;0;1;0;0;1;0;0;0;0;0;0,0313775490297562;Muito Baixo;HOMEIMPROVEMENT;RENT
28;75000;13,0;20000;13,16;0,27;9;0,2666666666666666;1;3;0;0;0;0;1;0;0;1;0;0;0;0;0;0,2032477670113315;Baixo;HOMEIMPROVEMENT;RENT
22;108000;1,0;24150;14,96;0,22;3;0,2236111111111111;1;4;1;0;0;0;1;0;0;1;0;0;0;1;1;0,9987415500337824;Muito Alto;HOMEIMPROVEMENT;RENT
21;18000;5,0;7000;11,14;0,39;4;0,3888888888888889;1;2;0;0;0;0;1;0;0;1;0;0;0;1;1;0,9999810617059472;Muito Alto;HOMEIMPROVEMENT;RENT
33;44400;3,0;2000;14,22;0,05;6;0,045045045045045;1;3;1;1;0;0;0;0;0;0;1;0;0;1;0;0,2454575484322702;Baixo;MEDICAL;MORTGAGE
25;33000;6,0;8000;6,62;0,24;4;0,2424242424242424;0;1;0;1;0;0;0;0;1;0;0;0;0;0;0;0,2610488657041092;Baixo;EDUCATION;MORTGAGE
29;21000;2,0;8000;11,71;0,38;7;0,3809523809523809;1;2;0;0;0;0;1;0;1;0;0;0;0;1;1;0,9934422636582764;Muito Alto;EDUCATION;RENT
22;34000;3,0;5000;8,0;0,15;4;0,1470588235294117;0;1;0;0;0;0;1;1;0;0;0;0;0;0;0;0,2282115464794921;Baixo;DEBTCONSOLIDATION;RENT
22;35004;0,0;10000;7,51;0,29;4;0,2856816363844132;0;1;0;0;0;1;0;0;0;0;1;0;0;0;0;0,0003817747528498;Muito Baixo;MEDICAL;OWN
25;55000;0,0;20000;9,88;0,36;4;0,3636363636363636;0;2;0;0;0;0;1;0;0;0;0;0;1;1;1;0,9969707913868412;Muito Alto;VENTURE;RENT
21;75000;4,0;7125;9,99;0,1;4;0,095;0;2;0;1;0;0;0;0;1;0;0;0;0;0;0;0,0389132809865168;Muito Baixo;EDUCATION;MORTGAGE
34;87360;11,0;12000;11,11;0,14;5;0,1373626373626373;1;2;0;1;0;0;0;0;0;0;0;1;0;0;0;0,0859779864026766;Muito Baixo;PERSONAL;MORTGAGE
22;107000;6,0;24000;19,69;0,22;4;0,2242990654205607;1;5;1;1;0;0;0;0;0;1;0;0;0;1;1;0,9823318205620506;Muito Alto;HOMEIMPROVEMENT;MORTGAGE
32;95000;16,0;4000;7,49;0,04;8;0,0421052631578947;0;1;0;0;0;0;1;0;0;1;0;0;0;0;0;0,0147389130360417;Muito Baixo;HOMEIMPROVEMENT;RENT
36;42000;2,0;6000;10,59;0,14;13;0,1428571428571428;0;2;0;1;0;0;0;0;0;0;0;0;1;0;0;0,0011458315042963;Muito Baixo;VENTURE;MORTGAGE
27;17000;2,0;4000;14,42;0,24;8;0,2352941176470588;1;4;0;0;0;0;1;0;0;0;0;0;1;1;1;0,9955924236754008;Muito Alto;VENTURE;RENT
22;89000;6,0;16000;13,22;0,18;2;0,1797752808988764;1;3;0;1;0;0;0;0;0;0;0;0;1;0;0;0,0999915719776863;Muito Baixo;VENTURE;MORTGAGE
32;95000;3,0;18000;11,11;0,19;8;0,1894736842105263;1;2;0;1;0;0;0;0;0;0;0;1;0;0;0;0,0221419039582721;Muito Baixo;PERSONAL;MORTGAGE
29;144000;11,0;7000;10,59;0,05;10;0,0486111111111111;0;2;0;1;0;0;0;0;0;0;1;0;0;0;0;0,0272728003055196;Muito Baixo;MEDICAL;MORTGAGE
43;67000;0,0;4500;5,42;0,07;13;0,0671641791044776;0;1;0;0;0;0;1;0;0;0;1;0;0;0;0;0,0021799352335877;Muito Baixo;MEDICAL;RENT
24;120000;9,0;15400;14,26;0,13;2;0,1283333333333333;1;3;0;0;0;0;1;0;0;0;1;0;0;0;0;0,1117848395289543;Muito Baixo;MEDICAL;RENT
24;65000;9,0;4200;15,27;0,06;2;0,0646153846153846;1;3;0;1;0;0;0;0;0;0;0;1;0;0;0;0,0862787100529081;Muito Baixo;PERSONAL;MORTGAGE
22;41000;6,0;5000;7,49;0,12;2;0,1219512195121951;0;1;0;0;0;0;1;0;0;0;0;0;1;0;0;0,0019648930988961;Muito Baixo;VENTURE;RENT
42;82000;13,0;26800;16,82;0,33;15;0,3268292682926829;1;5;1;1;0;0;0;0;0;1;0;0;0;0;0;0,4532437513730379;Moderado;HOMEIMPROVEMENT;MORTGAGE
22;81000;6,0;24000;9,88;0,3;2;0,2962962962962963;0;2;0;1;0;0;0;0;1;0;0;0;0;0;0;0,037677343840761;Muito Baixo;EDUCATION;MORTGAGE
40;24000;3,0;2700;14,27;0,11;17;0,1125;1;3;1;0;0;0;1;0;0;0;0;0;1;0;0;0,0714057061228726;Muito Baixo;VENTURE;RENT
28;30000;2,0;10500;8,94;0,35;8;0,35;0;1;0;1;0;0;0;0;0;0;0;0;1;0;0;0,0122063954228447;Muito Baixo;VENTURE;MORTGAGE
21;43000;5,0;7000;6,62;0,16;4;0,1627906976744186;0;1;0;1;0;0;0;0;0;0;0;1;0;0;0;0,0571354072972334;Muito Baixo;PERSONAL;MORTGAGE
22;42500;0,0;5000;12,98;0,12;4;0,1176470588235294;1;3;0;0;0;0;1;0;1;0;0;0;0;0;0;0,1099319396375879;Muito Baixo;EDUCATION;RENT
34;70000;6,0;22000;19,91;0,31;8;0,3142857142857143;1;5;1;1;0;0;0;0;1;0;0;0;0;0;0;0,2669211348135397;Baixo;EDUCATION;MORTGAGE
25;30000;9,0;3000;7,49;0,1;4;0,1;0;1;0;1;0;0;0;0;0;0;0;0;1;0;0;0,0015329293298617;Muito Baixo;VENTURE;MORTGAGE
22;44582;6,0;4000;5,99;0,09;4;0,0897223094522453;0;1;0;0;0;0;1;0;0;1;0;0;0;1;1;0,9691061764404096;Muito Alto;HOMEIMPROVEMENT;RENT
22;69528;6,0;6000;12,99;0,09;3;0,0862961684501208;1;3;0;0;0;0;1;0;0;0;0;0;1;0;0;0,0913548889706115;Muito Baixo;VENTURE;RENT
27;24600;0,0;10000;7,49;0,41;8;0,4065040650406504;0;1;0;0;0;0;1;1;0;0;0;0;0;1;1;0,9894595043334208;Muito Alto;DEBTCONSOLIDATION;RENT
23;14000;4,0;3000;7,74;0,21;3;0,2142857142857142;0;1;0;0;0;0;1;0;0;0;0;0;1;1;1;0,9939407301703252;Muito Alto;VENTURE;RENT
29;136000;4,0;7775;14,96;0,06;5;0,0571691176470588;1;4;1;1;0;0;0;1;0;0;0;0;0;1;1;0,9908145254146148;Muito Alto;DEBTCONSOLIDATION;MORTGAGE
27;80000;0,0;8000;9,63;0,1;6;0,1;0;2;0;1;0;0;0;0;0;0;0;1;0;0;0;0,0272446705696952;Muito Baixo;PERSONAL;MORTGAGE
27;39600;4,0;2500;20,86;0,06;8;0,0631313131313131;1;7;1;1;0;0;0;0;0;0;0;0;1;1;1;0,9175477043411387;Muito Alto;VENTURE;MORTGAGE
26;97000;3,0;21000;13,48;0,22;3;0,2164948453608247;1;3;1;0;0;0;1;0;1;0;0;0;0;0;0;0,1542758904870517;Muito Baixo;EDUCATION;RENT
21;19012;0,0;3500;14,61;0,18;3;0,1840942562592047;1;4;0;1;0;0;0;1;0;0;0;0;0;1;1;0,9994248356200482;Muito Alto;DEBTCONSOLIDATION;MORTGAGE
26;159960;11,0;18325;7,49;0,11;3;0,1145598899724931;0;1;0;1;0;0;0;0;0;1;0;0;0;0;0;0,0208287650471326;Muito Baixo;HOMEIMPROVEMENT;MORTGAGE
53;24000;0,0;5000;14,42;0,21;27;0,2083333333333333;1;4;1;0;0;0;1;0;1;0;0;0;0;1;1;0,8511117433170315;Muito Alto;EDUCATION;RENT
22;35500;6,0;10875;12,84;0,31;4;0,306338028169014;1;3;0;0;0;0;1;0;0;1;0;0;0;1;1;0,9999220612360606;Muito Alto;HOMEIMPROVEMENT;RENT
24;156000;8,0;15000;10,25;0,1;3;0,0961538461538461;0;2;0;1;0;0;0;0;1;0;0;0;0;0;0;0,0337503563684744;Muito Baixo;EDUCATION;MORTGAGE
21;59000;4,0;5000;14,22;0,08;3;0,0847457627118644;1;3;0;0;0;0;1;0;0;0;1;0;0;1;1;0,6843012862969673;Alto;MEDICAL;RENT
26;125000;10,0;15000;13,85;0,12;3;0,12;1;3;1;1;0;0;0;0;0;0;0;0;1;0;0;0,0363942484000071;Muito Baixo;VENTURE;MORTGAGE
30;24000;5,0;5500;13,23;0,23;8;0,2291666666666666;1;3;1;0;0;0;1;0;0;0;1;0;0;0;0;0,067901013016895;Muito Baixo;MEDICAL;RENT
23;108000;5,0;10000;15,31;0,09;2;0,0925925925925925;1;4;1;1;0;0;0;1;0;0;0;0;0;1;1;0,9929381168120944;Muito Alto;DEBTCONSOLIDATION;MORTGAGE
31;76000;4,0;6000;7,49;0,08;5;0,0789473684210526;0;1;0;0;0;0;1;0;0;1;0;0;0;0;0;0,0565699705024567;Muito Baixo;HOMEIMPROVEMENT;RENT
24;108000;8,0;5000;12,69;0,05;4;0,0462962962962962;1;2;0;0;0;0;1;0;1;0;0;0;0;0;0;0,1223561757023047;Muito Baixo;EDUCATION;RENT
39;708000;14,0;25000;12,18;0,04;12;0,0353107344632768;1;2;0;1;0;0;0;1;0;0;0;0;0;0;0;0,1208224652355949;Muito Baixo;DEBTCONSOLIDATION;MORTGAGE
22;24432;0,0;2000;11,36;0,08;4;0,0818598559266535;1;2;0;0;0;0;1;0;1;0;0;0;0;0;0;0,1026125765275388;Muito Baixo;EDUCATION;RENT
27;77976;2,0;10000;13,85;0,13;5;0,1282445880783831;1;3;1;0;0;0;1;0;0;0;0;0;1;1;0;0,1294486932749981;Muito Baixo;VENTURE;RENT
28;29496;8,0;4500;14,11;0,15;7;0,1525630593978844;1;4;1;0;0;0;1;0;1;0;0;0;0;0;0;0,317124915369972;Baixo;EDUCATION;RENT
28;75000;5,0;5000;7,88;0,07;10;0,0666666666666666;0;1;0;0;0;0;1;0;0;0;1;0;0;0;0;0,004420805646658;Muito Baixo;MEDICAL;RENT
23;42996;7,0;2000;13,61;0,05;2;0,0465159549725555;1;3;1;0;0;0;1;0;0;0;0;0;1;0;0;0,0997457977958559;Muito Baixo;VENTURE;RENT
26;120000;10,0;15000;13,11;0,13;4;0,125;1;3;1;0;0;1;0;0;0;0;0;1;0;0;0;0,0005050014748055;Muito Baixo;PERSONAL;OWN
24;75000;5,0;1800;8,94;0,02;4;0,024;0;1;0;0;0;0;1;0;0;1;0;0;0;0;0;0,1958912375495041;Muito Baixo;HOMEIMPROVEMENT;RENT
23;55000;7,0;8000;7,49;0,15;4;0,1454545454545454;0;1;0;1;0;0;0;0;0;0;1;0;0;0;0;0,0604950592327254;Muito Baixo;MEDICAL;MORTGAGE
27;60000;6,0;12650;7,49;0,21;9;0,2108333333333333;0;1;0;0;0;0;1;0;1;0;0;0;0;0;0;0,0278368051628995;Muito Baixo;EDUCATION;RENT
32;175000;3,0;20000;13,49;0,11;8;0,1142857142857142;1;3;1;0;0;0;1;1;0;0;0;0;0;0;0;0,042537373045812;Muito Baixo;DEBTCONSOLIDATION;RENT
31;80000;3,0;10000;7,66;0,13;7;0,125;0;1;0;0;0;0;1;0;0;0;0;0;1;0;0;0,000687956061513;Muito Baixo;VENTURE;RENT
24;90000;1,0;19500;9,76;0,22;2;0,2166666666666666;0;2;0;0;0;0;1;0;0;1;0;0;0;0;0;0,0616184622216552;Muito Baixo;HOMEIMPROVEMENT;RENT
65;45900;2,0;10000;13,48;0,22;19;0,2178649237472767;1;3;1;0;0;0;1;0;1;0;0;0;0;0;0;0,0388191917240421;Muito Baixo;EDUCATION;RENT
31;40000;0,0;5000;9,45;0,13;10;0,125;0;2;0;0;0;0;1;0;0;0;0;0;1;0;0;0,0013476315997927;Muito Baixo;VENTURE;RENT
31;36572;4,0;7900;7,49;0,22;7;0,2160122498085967;0;1;0;0;0;0;1;0;0;0;1;0;0;0;0;0,054005850250795;Muito Baixo;MEDICAL;RENT
24;82000;2,0;14700;9,63;0,18;3;0,1792682926829268;0;1;0;0;1;0;0;0;0;0;0;1;0;0;0;0,0676715690867774;Muito Baixo;PERSONAL;OTHER
21;90000;2,0;3300;11,71;0,04;4;0,0366666666666666;1;2;0;0;0;0;1;0;0;0;0;0;1;0;0;0,0021269017295348;Muito Baixo;VENTURE;RENT
28;199000;12,0;10000;9,32;0,05;10;0,050251256281407;0;1;0;1;0;0;0;0;0;1;0;0;0;0;0;0,0341430819037612;Muito Baixo;HOMEIMPROVEMENT;MORTGAGE
26;65000;5,0;15000;7,66;0,23;4;0,2307692307692307;0;1;0;0;0;0;1;0;0;1;0;0;0;0;0;0,0361777077568248;Muito Baixo;HOMEIMPROVEMENT;RENT
26;46800;3,0;12725;12,42;0,27;2;0,2719017094017094;1;2;0;1;0;0;0;0;0;1;0;0;0;0;0;0,233860018949482;Baixo;HOMEIMPROVEMENT;MORTGAGE
24;24000;1,0;2000;14,61;0,08;2;0,0833333333333333;1;4;1;0;0;0;1;0;0;1;0;0;0;1;1;0,9935141225072006;Muito Alto;HOMEIMPROVEMENT;RENT
43;60000;6,0;4800;9,64;0,08;13;0,08;0;2;0;1;0;0;0;0;0;0;1;0;0;0;0;0,101662022376841;Muito Baixo;MEDICAL;MORTGAGE
37;124000;4,0;19000;13,92;0,15;16;0,1532258064516129;1;3;1;1;0;0;0;0;0;1;0;0;0;0;0;0,1009246368357144;Muito Baixo;HOMEIMPROVEMENT;MORTGAGE
35;23000;13,0;6500;8,63;0,28;6;0,2826086956521739;0;1;0;0;0;0;1;0;0;0;1;0;0;0;0;0,0435065122405143;Muito Baixo;MEDICAL;RENT
43;112000;14,0;25000;14,96;0,22;16;0,2232142857142857;1;4;0;1;0;0;0;0;0;0;0;1;0;0;0;0,1418508317728418;Muito Baixo;PERSONAL;MORTGAGE
21;20000;3,0;4400;6,91;0,22;4;0,22;0;1;0;0;0;0;1;0;0;0;0;1;0;0;0;0,1138018445298755;Muito Baixo;PERSONAL;RENT
41;70000;2,0;5000;12,69;0,07;12;0,0714285714285714;1;2;0;1;0;0;0;0;0;0;0;1;0;0;0;0,0647316003395385;Muito Baixo;PERSONAL;MORTGAGE
24;49200;8,0;10000;13,49;0,2;3;0,2032520325203252;1;3;0;0;0;0;1;0;0;0;0;0;1;0;0;0,1456411945480078;Muito Baixo;VENTURE;RENT
23;90000;7,0;4900;6,99;0,05;2;0,0544444444444444;0;1;0;1;0;0;0;0;0;0;0;0;1;0;0;0,000399164881084;Muito Baixo;VENTURE;MORTGAGE
27;170000;3,0;12075;12,42;0,07;9;0,0710294117647058;1;2;0;0;0;0;1;1;0;0;0;0;0;0;0;0,0642210149187955;Muito Baixo;DEBTCONSOLIDATION;RENT
34;89000;17,0;10000;10,99;0,11;7;0,1123595505617977;0;2;0;1;0;0;0;1;0;0;0;0;0;0;0;0,1119706855551099;Muito Baixo;DEBTCONSOLIDATION;MORTGAGE
33;15000;3,0;1800;17,54;0,12;9;0,12;1;4;1;0;0;0;1;0;0;0;0;0;1;0;1;0,7128923283264129;Alto;VENTURE;RENT
22;90000;6,0;12000;10,99;0,13;2;0,1333333333333333;0;2;0;1;0;0;0;0;1;0;0;0;0;0;0;0,0159363352076896;Muito Baixo;EDUCATION;MORTGAGE
23;50000;7,0;7500;15,62;0,15;3;0,15;1;4;0;1;0;0;0;0;0;0;1;0;0;1;1;0,9675910356537232;Muito Alto;MEDICAL;MORTGAGE
23;32500;2,0;5000;13,99;0,15;3;0,1538461538461538;1;3;1;0;0;1;0;0;0;0;0;0;1;0;0;0,0011252506551779;Muito Baixo;VENTURE;OWN
34;47000;7,0;5000;12,73;0,11;6;0,1063829787234042;1;3;0;0;0;0;1;0;1;0;0;0;0;0;0;0,2504322086777603;Baixo;EDUCATION;RENT
29;89000;3,0;12000;7,29;0,13;5;0,1348314606741573;0;1;0;0;0;0;1;0;0;0;0;1;0;0;0;0,0229930545376593;Muito Baixo;PERSONAL;RENT
22;55000;4,0;2000;7,4;0,04;3;0,0363636363636363;0;1;0;0;0;1;0;0;0;0;0;1;0;0;0;0,0003483850542458;Muito Baixo;PERSONAL;OWN
34;150000;5,0;12000;10,59;0,08;9;0,08;0;2;0;0;0;0;1;0;0;1;0;0;0;0;0;0,0925591650453962;Muito Baixo;HOMEIMPROVEMENT;RENT
32;60000;2,0;7125;9,99;0,12;7;0,11875;0;2;0;1;0;0;0;0;0;0;0;0;1;0;0;0,0005631125221432;Muito Baixo;VENTURE;MORTGAGE
24;66000;2,0;7000;11,49;0,11;3;0,106060606060606;1;2;0;0;0;0;1;0;0;0;0;0;1;0;0;0,0032011288374122;Muito Baixo;VENTURE;RENT
25;100505;9,0;35000;11,99;0,35;3;0,3482413810258196;1;2;0;0;0;1;0;0;0;1;0;0;0;0;0;0,0002099274425482;Muito Baixo;HOMEIMPROVEMENT;OWN
21;20000;2,0;1000;14,26;0,05;2;0,05;1;3;1;0;0;0;1;1;0;0;0;0;0;0;0;0,4257243048232045;Moderado;DEBTCONSOLIDATION;RENT
27;29120;2,0;4000;10,75;0,14;5;0,1373626373626373;0;2;0;0;0;0;1;0;1;0;0;0;0;0;0;0,1716871306352445;Muito Baixo;EDUCATION;RENT
33;140000;6,0;13000;7,51;0,09;9;0,0928571428571428;0;1;0;1;0;0;0;0;0;1;0;0;0;0;0;0,0180098855594566;Muito Baixo;HOMEIMPROVEMENT;MORTGAGE
27;69936;11,0;8000;7,66;0,11;10;0,1143902997025852;0;1;0;1;0;0;0;1;0;0;0;0;0;0;0;0,0307210410899341;Muito Baixo;DEBTCONSOLIDATION;MORTGAGE
23;40000;5,0;18000;9,91;0,45;2;0,45;0;2;0;1;0;0;0;0;1;0;0;0;0;0;0;0,0585144468513255;Muito Baixo;EDUCATION;MORTGAGE
28;92000;8,0;7750;14,22;0,08;6;0,0842391304347826;1;3;0;1;0;0;0;0;0;0;0;1;0;1;0;0,0474687125850312;Muito Baixo;PERSONAL;MORTGAGE
21;25200;3,0;8500;13,61;0,34;2;0,3373015873015873;1;3;1;0;0;0;1;0;0;0;1;0;0;1;1;0,9843258518959216;Muito Alto;MEDICAL;RENT
25;120000;9,0;30000;7,9;0,25;4;0,25;0;1;0;0;0;0;1;0;1;0;0;0;0;0;0;0,0213917765130275;Muito Baixo;EDUCATION;RENT
22;48000;0,0;5000;6,03;0,1;4;0,1041666666666666;0;1;0;1;0;0;0;0;0;0;1;0;0;0;0;0,0651284152268065;Muito Baixo;MEDICAL;MORTGAGE
27;37000;11,0;14700;5,99;0,4;9;0,3972972972972973;0;1;0;0;0;0;1;0;0;0;1;0;0;1;1;0,9948990243616288;Muito Alto;MEDICAL;RENT
22;96000;4,0;3150;6,0;0,03;2;0,0328125;0;2;0;0;0;0;1;0;1;0;0;0;0;0;0;0,0013573442849424;Muito Baixo;EDUCATION;RENT
40;37440;3,0;10000;11,14;0,27;11;0,2670940170940171;1;2;0;1;0;0;0;0;0;0;0;1;0;0;0;0,0662762272436094;Muito Baixo;PERSONAL;MORTGAGE
25;125000;0,0;15000;7,49;0,12;3;0,12;0;1;0;0;0;0;1;0;0;0;0;0;1;0;0;0,0004669690216391;Muito Baixo;VENTURE;RENT
36;110000;9,0;15000;9,63;0,14;15;0,1363636363636363;0;1;0;1;0;0;0;0;0;1;0;0;0;0;0;0,0198662959169975;Muito Baixo;HOMEIMPROVEMENT;MORTGAGE
26;74000;10,0;1200;12,69;0,02;2;0,0162162162162162;1;2;0;1;0;0;0;1;0;0;0;0;0;0;0;0,0759793131761815;Muito Baixo;DEBTCONSOLIDATION;MORTGAGE
33;76248;17,0;10400;7,66;0,14;5;0,1363970202497114;0;1;0;1;0;0;0;0;0;0;1;0;0;0;0;0,0181075711693734;Muito Baixo;MEDICAL;MORTGAGE
23;36000;4,0;6500;17,49;0,18;4;0,1805555555555555;1;4;1;0;0;0;1;0;0;0;1;0;0;1;1;0,9333989090680508;Muito Alto;MEDICAL;RENT
28;55000;5,0;16000;13,98;0,29;9;0,2909090909090909;1;3;1;0;0;0;1;0;0;0;0;1;0;0;0;0,1140030302540676;Muito Baixo;PERSONAL;RENT
31;35000;3,0;11200;11,12;0,32;6;0,32;1;2;0;0;0;0;1;0;0;0;1;0;0;1;1;0,9790858425080256;Muito Alto;MEDICAL;RENT
22;66300;4,0;30000;12,69;0,38;3;0,4524886877828054;1;2;0;0;0;0;1;0;0;0;1;0;0;1;1;0,9970201020931408;Muito Alto;MEDICAL;RENT
35;42000;4,0;5000;14,17;0,12;8;0,119047619047619;1;3;0;1;0;0;0;0;1;0;0;0;0;1;0;0,2823827120786391;Baixo;EDUCATION;MORTGAGE
25;115731;3,0;7200;7,14;0,06;4;0,0622132358659304;0;1;0;1;0;0;0;0;0;1;0;0;0;0;0;0,0105059501746;Muito Baixo;HOMEIMPROVEMENT;MORTGAGE
24;52800;3,0;6000;9,91;0,11;4;0,1136363636363636;0;2;0;0;0;0;1;0;0;1;0;0;0;0;0;0,1253651514288253;Muito Baixo;HOMEIMPROVEMENT;RENT
23;33448;2,0;2500;11,66;0,07;2;0,0747428844773977;1;3;1;0;0;0;1;0;1;0;0;0;0;0;0;0,1947093600091441;Muito Baixo;EDUCATION;RENT
23;65000;4,0;13600;15,62;0,21;3;0,2092307692307692;1;4;0;1;0;0;0;0;1;0;0;0;0;0;0;0,0718138171205067;Muito Baixo;EDUCATION;MORTGAGE
25;39996;9,0;1500;15,31;0,04;3;0,0375037503750375;1;4;1;1;0;0;0;1;0;0;0;0;0;1;1;0,9892765428406112;Muito Alto;DEBTCONSOLIDATION;MORTGAGE
33;87895;4,0;2800;7,14;0,03;9;0,0318561920473292;0;1;0;1;0;0;0;1;0;0;0;0;0;0;0;0,0245683394535041;Muito Baixo;DEBTCONSOLIDATION;MORTGAGE
23;58000;7,0;7200;11,97;0,12;3;0,1241379310344827;1;3;0;1;0;0;0;0;0;0;1;0;0;1;0;0,3673271866805807;Baixo;MEDICAL;MORTGAGE
23;95000;2,0;10900;7,74;0,11;4;0,1147368421052631;0;1;0;0;0;1;0;0;1;0;0;0;0;0;0;8,586128250486455e-05;Muito Baixo;EDUCATION;OWN
30;125000;14,0;5750;7,43;0,05;5;0,046;0;1;0;1;0;0;0;0;0;1;0;0;0;0;0;0,0120421076747257;Muito Baixo;HOMEIMPROVEMENT;MORTGAGE
22;25920;1,0;9000;10,59;0,35;2;0,3472222222222222;0;3;0;0;0;0;1;0;0;0;1;0;0;1;1;0,9899353082661432;Muito Alto;MEDICAL;RENT
23;87000;7,0;8000;5,99;0,09;4;0,0919540229885057;0;1;0;1;0;0;0;0;1;0;0;0;0;0;0;0,0072091625886724;Muito Baixo;EDUCATION;MORTGAGE
22;34000;2,0;2500;13,57;0,07;3;0,0735294117647058;1;3;1;0;0;0;1;0;0;1;0;0;0;1;1;0,996998275504958;Muito Alto;HOMEIMPROVEMENT;RENT
27;34000;10,0;4000;17,19;0,12;9;0,1176470588235294;1;4;1;0;0;0;1;0;0;0;1;0;0;1;1;0,8866332581919274;Muito Alto;MEDICAL;RENT
35;153660;3,0;24000;7,9;0,16;10;0,1561889886762983;0;1;0;1;0;0;0;0;0;1;0;0;0;0;0;0,0125546340580126;Muito Baixo;HOMEIMPROVEMENT;MORTGAGE
32;30000;5,0;14300;13,49;0,48;8;0,4766666666666667;1;3;0;0;0;0;1;0;1;0;0;0;0;1;1;0,9955884012463428;Muito Alto;EDUCATION;RENT
36;72000;4,0;13000;10,99;0,18;13;0,1805555555555555;0;2;0;1;0;0;0;0;0;1;0;0;0;0;0;0,0501905386319698;Muito Baixo;HOMEIMPROVEMENT;MORTGAGE
49;41869;8,0;8000;7,14;0,19;15;0,1910721536220115;0;1;0;1;0;0;0;0;1;0;0;0;0;0;0;0,0410189841657989;Muito Baixo;EDUCATION;MORTGAGE
23;78000;7,0;12400;7,29;0,16;3;0,1589743589743589;0;1;0;1;0;0;0;0;1;0;0;0;0;0;0;0,0371511971562304;Muito Baixo;EDUCATION;MORTGAGE
27;75600;4,0;25000;13,61;0,33;6;0,3306878306878307;1;3;0;1;0;0;0;0;0;0;0;1;0;0;0;0,184453278366808;Muito Baixo;PERSONAL;MORTGAGE
25;27024;7,0;2500;16,69;0,09;2;0,0925103611604499;1;5;0;0;0;0;1;0;1;0;0;0;0;0;0;0,1481700698919101;Muito Baixo;EDUCATION;RENT
29;28000;2,0;5000;16,07;0,18;8;0,1785714285714285;1;4;0;0;0;0;1;0;0;0;0;1;0;1;1;0,9370248375088872;Muito Alto;PERSONAL;RENT
28;72467;2,0;5000;8,88;0,07;7;0,0689969227372459;0;2;0;0;0;0;1;0;0;0;1;0;0;0;0;0,0218029546751814;Muito Baixo;MEDICAL;RENT
23;53724;7,0;8600;6,03;0,16;3;0,1600774328047055;0;1;0;1;0;0;0;0;1;0;0;0;0;0;0;0,0421934734204797;Muito Baixo;EDUCATION;MORTGAGE
42;32000;0,0;10000;10,59;0,31;12;0,3125;0;2;0;1;0;0;0;0;0;0;0;1;0;1;0;0,2158381950478451;Baixo;PERSONAL;MORTGAGE
22;37200;2,0;10000;6,92;0,27;3;0,2688172043010752;0;1;0;0;0;0;1;0;1;0;0;0;0;0;0;0,0915903735131077;Muito Baixo;EDUCATION;RENT
23;32000;5,0;14125;7,9;0,44;2;0,44140625;0;1;0;0;0;0;1;0;0;0;1;0;0;1;1;0,9954484355283711;Muito Alto;MEDICAL;RENT
33;178650;5,0;20000;6,99;0,11;6;0,1119507416736635;0;1;0;1;0;0;0;0;0;1;0;0;0;0;0;0,0108213091940006;Muito Baixo;HOMEIMPROVEMENT;MORTGAGE
26;78000;0,0;24250;17,56;0,31;3;0,3108974358974359;1;5;1;0;0;0;1;0;0;1;0;0;0;1;1;0,9971996643880554;Muito Alto;HOMEIMPROVEMENT;RENT
37;30000;0,0;10800;12,21;0,36;14;0,36;1;2;0;0;0;0;1;0;1;0;0;0;0;1;1;0,995704464548829;Muito Alto;EDUCATION;RENT
22;50000;4,0;10000;12,69;0,2;4;0,2;1;2;0;1;0;0;0;0;0;0;0;0;1;0;0;0,0025601857048784;Muito Baixo;VENTURE;MORTGAGE
22;40000;0,0;6000;8,32;0,15;3;0,15;0;1;0;0;0;0;1;0;0;0;0;0;1;0;0;0,0016998294696466;Muito Baixo;VENTURE;RENT
23;57744;7,0;2500;10,37;0,04;4;0,0432945414242172;0;2;0;1;0;0;0;0;0;0;0;0;1;0;0;0,0016052209604789;Muito Baixo;VENTURE;MORTGAGE
23;99670;2,0;5500;14,74;0,06;4;0,0551821009330791;1;4;0;1;0;0;0;0;0;0;0;1;0;0;0;0,0478490100308683;Muito Baixo;PERSONAL;MORTGAGE
39;48000;0,0;10000;13,22;0,21;16;0,2083333333333333;1;3;0;0;0;0;1;0;0;0;0;0;1;0;0;0,0520043030269495;Muito Baixo;VENTURE;RENT
24;102000;6,0;9800;10,36;0,1;2;0,096078431372549;0;2;0;1;0;0;0;0;0;0;0;0;1;0;0;0,0010978739603914;Muito Baixo;VENTURE;MORTGAGE
27;95000;6,0;15000;12,68;0,16;9;0,1578947368421052;1;3;0;1;0;0;0;0;0;0;0;1;0;0;0;0,0479714190499851;Muito Baixo;PERSONAL;MORTGAGE
30;100000;7,0;1000;6,76;0,01;6;0,01;0;1;0;1;0;0;0;0;0;0;0;1;0;0;0;0,0069222692565341;Muito Baixo;PERSONAL;MORTGAGE
22;50000;5,0;15000;10,25;0,3;3;0,3;0;2;0;1;0;0;0;0;1;0;0;0;0;0;0;0,0272093066494202;Muito Baixo;EDUCATION;MORTGAGE
26;89000;4,0;4800;5,99;0,05;2;0,0539325842696629;0;1;0;0;0;0;1;0;1;0;0;0;0;0;0;0,0085858029326819;Muito Baixo;EDUCATION;RENT
24;70000;3,0;7750;6,62;0,11;3;0,1107142857142857;0;1;0;1;0;0;0;0;1;0;0;0;0;0;0;0,0185815615300871;Muito Baixo;EDUCATION;MORTGAGE
29;72396;9,0;9000;10,59;0,12;9;0,1243162605668821;0;2;0;1;0;0;0;0;0;0;0;1;0;0;0;0,1106175570597612;Muito Baixo;PERSONAL;MORTGAGE
24;102000;7,0;7200;10,99;0,07;3;0,0705882352941176;0;2;0;1;0;0;0;0;0;0;1;0;0;0;0;0,0266616397569096;Muito Baixo;MEDICAL;MORTGAGE
28;25200;5,0;11500;14,46;0,46;6;0,4563492063492063;1;4;1;0;0;0;1;0;0;0;0;1;0;1;1;0,9969548047854384;Muito Alto;PERSONAL;RENT
28;40000;12,0;12000;11,11;0,3;7;0,3;1;2;0;0;0;0;1;1;0;0;0;0;0;0;0;0,0561978195067212;Muito Baixo;DEBTCONSOLIDATION;RENT
26;51600;1,0;5000;8,94;0,1;2;0,0968992248062015;0;1;0;0;0;0;1;0;1;0;0;0;0;1;0;0,1431901906937765;Muito Baixo;EDUCATION;RENT
23;74250;3,0;3000;11,99;0,04;4;0,0404040404040404;1;2;0;0;0;0;1;1;0;0;0;0;0;0;0;0,1048880721915912;Muito Baixo;DEBTCONSOLIDATION;RENT
39;78840;18,0;15000;11,71;0,19;13;0,1902587519025875;1;2;0;1;0;0;0;1;0;0;0;0;0;0;0;0,257925307705478;Baixo;DEBTCONSOLIDATION;MORTGAGE
32;58000;4,0;12000;11,26;0,21;10;0,2068965517241379;1;2;0;0;0;0;1;0;0;0;0;1;0;0;0;0,0523335086366629;Muito Baixo;PERSONAL;RENT
25;50450;3,0;2000;9,88;0,04;3;0,0396432111000991;0;2;0;0;0;0;1;0;1;0;0;0;0;0;0;0,0690976890466773;Muito Baixo;EDUCATION;RENT
24;83000;2,0;28000;16,49;0,34;3;0,3373493975903614;1;4;1;1;0;0;0;1;0;0;0;0;0;1;1;0,9940484333776444;Muito Alto;DEBTCONSOLIDATION;MORTGAGE
28;115000;8,0;28000;7,49;0,24;5;0,2434782608695652;0;1;0;1;0;0;0;0;0;0;1;0;0;0;0;0,0215620193646259;Muito Baixo;MEDICAL;MORTGAGE
27;36000;3,0;10000;7,88;0,28;6;0,2777777777777778;0;1;0;1;0;0;0;0;0;1;0;0;0;0;0;0,0884900333715913;Muito Baixo;HOMEIMPROVEMENT;MORTGAGE
25;53000;4,0;6000;6,62;0,11;2;0,1132075471698113;0;1;0;1;0;0;0;0;1;0;0;0;0;0;0;0,0478085970157525;Muito Baixo;EDUCATION;MORTGAGE
36;85000;2,0;8000;14,96;0,09;14;0,0941176470588235;1;4;0;0;0;1;0;0;1;0;0;0;0;0;0;0,0004082967005056;Muito Baixo;EDUCATION;OWN
34;36000;2,0;9500;8,59;0,26;8;0,2638888888888889;0;1;0;0;0;0;1;1;0;0;0;0;0;0;0;0,0736818839537127;Muito Baixo;DEBTCONSOLIDATION;RENT
27;38004;0,0;12000;16,77;0,32;6;0,3157562361856647;1;4;0;1;0;0;0;1;0;0;0;0;0;1;1;0,9943155318197612;Muito Alto;DEBTCONSOLIDATION;MORTGAGE
25;36000;1,0;15000;15,05;0,42;2;0,4166666666666667;1;4;1;0;0;0;1;0;0;0;1;0;0;1;1;0,9995720152007714;Muito Alto;MEDICAL;RENT
33;30000;6,0;7200;12,69;0,24;10;0,24;1;2;0;0;0;0;1;0;0;0;0;1;0;1;0;0,2753561003685344;Baixo;PERSONAL;RENT
22;36000;6,0;1400;14,84;0,04;4;0,0388888888888888;1;4;1;1;0;0;0;0;0;0;0;1;0;0;0;0,1646104315265005;Muito Baixo;PERSONAL;MORTGAGE
22;27048;0,0;10000;12,61;0,37;4;0,3697131026323573;1;3;1;0;0;0;1;0;1;0;0;0;0;1;1;0,9937340219113722;Muito Alto;EDUCATION;RENT
33;82404;8,0;14400;16,0;0,17;7;0,1747487986020096;1;4;1;0;0;1;0;0;1;0;0;0;0;0;0;0,0006150992432298;Muito Baixo;EDUCATION;OWN
25;59000;2,0;7800;12,21;0,13;2;0,1322033898305084;1;2;0;0;0;0;1;0;0;0;0;0;1;0;0;0,0106841156260789;Muito Baixo;VENTURE;RENT
25;129600;0,0;3000;11,12;0,02;3;0,0231481481481481;1;2;0;1;0;0;0;0;0;0;0;1;0;0;0;0,068476039078283;Muito Baixo;PERSONAL;MORTGAGE
25;52000;0,0;3625;6,54;0,07;3;0,0697115384615384;0;1;0;0;0;0;1;0;0;1;0;0;0;0;0;0,0572967550522605;Muito Baixo;HOMEIMPROVEMENT;RENT
34;100000;4,0;18000;13,49;0,18;10;0,18;1;3;1;0;0;0;1;0;0;0;0;0;1;0;0;0,0254918123485004;Muito Baixo;VENTURE;RENT
36;60000;12,0;15000;7,88;0,25;17;0,25;0;1;0;1;0;0;0;0;1;0;0;0;0;0;0;0,0150317445325793;Muito Baixo;EDUCATION;MORTGAGE
29;41000;3,0;5000;11,49;0,12;9;0,1219512195121951;1;2;0;0;0;0;1;0;0;0;0;1;0;0;0;0,1304952913033577;Muito Baixo;PERSONAL;RENT
24;30852;4,0;11200;5,79;0,36;4;0,3630234668741086;0;1;0;0;0;0;1;0;0;0;1;0;0;1;1;0,9809417776791456;Muito Alto;MEDICAL;RENT
23;55000;1,0;10000;10,75;0,18;4;0,1818181818181818;0;2;0;1;0;0;0;0;1;0;0;0;0;0;0;0,039122761283792;Muito Baixo;EDUCATION;MORTGAGE
25;120000;2,0;13000;9,99;0,11;4;0,1083333333333333;0;2;0;1;0;0;0;0;1;0;0;0;0;0;0;0,0171058108969705;Muito Baixo;EDUCATION;MORTGAGE
32;61572;0,0;15000;13,57;0,24;7;0,2436172286104073;1;3;0;1;0;0;0;0;0;0;0;0;1;0;0;0,0886537359172598;Muito Baixo;VENTURE;MORTGAGE
30;52000;7,0;5500;14,96;0,11;10;0,1057692307692307;1;4;1;1;0;0;0;0;0;0;0;1;0;0;0;0,2069352159915077;Baixo;PERSONAL;MORTGAGE
21;160000;5,0;6000;8,0;0,04;4;0,0375;0;1;0;0;1;0;0;0;1;0;0;0;0;0;0;0,0037620803524926;Muito Baixo;EDUCATION;OTHER
39;73000;3,0;10000;7,51;0,14;14;0,136986301369863;0;1;0;1;0;0;0;0;0;0;0;0;1;0;0;0,0009706579424813;Muito Baixo;VENTURE;MORTGAGE
27;31200;0,0;14000;18,09;0,45;6;0,4487179487179487;1;6;1;0;0;1;0;0;0;0;1;0;0;1;1;0,7932052339017971;Alto;MEDICAL;OWN
25;72000;2,0;5000;6,03;0,07;3;0,0694444444444444;0;1;0;1;0;0;0;0;0;0;1;0;0;0;0;0,002871251926063;Muito Baixo;MEDICAL;MORTGAGE
29;50004;3,0;20000;11,58;0,4;7;0,3999680025597952;1;2;0;1;0;0;0;1;0;0;0;0;0;0;0;0,1034573388058055;Muito Baixo;DEBTCONSOLIDATION;MORTGAGE
36;81996;4,0;15000;14,09;0,18;16;0,1829357529635592;1;4;0;0;0;0;1;0;0;0;0;1;0;0;0;0,2092699794086241;Baixo;PERSONAL;RENT
24;105000;8,0;11000;5,42;0,1;3;0,1047619047619047;0;1;0;1;0;0;0;0;0;0;0;1;0;0;0;0,0050175828640483;Muito Baixo;PERSONAL;MORTGAGE
21;55530;5,0;3200;6,62;0,06;4;0,0576265081937691;0;1;0;1;0;0;0;0;1;0;0;0;0;0;0;0,0205198893577794;Muito Baixo;EDUCATION;MORTGAGE
26;80000;2,0;4900;6,76;0,06;3;0,06125;0;1;0;1;0;0;0;0;0;0;0;0;1;0;0;0,00032760726575;Muito Baixo;VENTURE;MORTGAGE
42;30132;4,0;1500;12,98;0,05;14;0,0497809637594583;1;3;1;0;0;0;1;0;0;0;0;0;1;0;0;0,1707926614512858;Muito Baixo;VENTURE;RENT
25;65000;3,0;4000;6,62;0,06;2;0,0615384615384615;0;1;0;0;0;0;1;0;0;0;0;1;0;0;0;0,0151633223198601;Muito Baixo;PERSONAL;RENT
24;60000;0,0;15000;11,89;0,25;2;0,25;1;2;0;1;0;0;0;0;0;0;0;1;0;0;0;0,0601522436507909;Muito Baixo;PERSONAL;MORTGAGE
32;75000;10,0;22000;13,92;0,29;10;0,2933333333333333;1;3;0;1;0;0;0;0;0;0;0;1;0;0;0;0,0800749091281967;Muito Baixo;PERSONAL;MORTGAGE
22;54000;4,0;5000;16,35;0,09;3;0,0925925925925925;1;5;1;0;0;0;1;0;1;0;0;0;0;1;0;0,407055041077064;Moderado;EDUCATION;RENT
29;60000;1,0;5600;12,42;0,09;10;0,0933333333333333;1;2;0;1;0;0;0;0;0;0;0;0;1;0;0;0,0042052038122847;Muito Baixo;VENTURE;MORTGAGE
24;44000;1,0;3200;8,0;0,07;2;0,0727272727272727;0;1;0;0;0;0;1;0;0;0;1;0;0;0;0;0,0943426055176603;Muito Baixo;MEDICAL;RENT
25;31200;0,0;4750;16,82;0,15;2;0,1522435897435897;1;5;0;1;0;0;0;0;1;0;0;0;0;1;0;0,2969779232467777;Baixo;EDUCATION;MORTGAGE
29;105000;6,0;30000;5,99;0,29;8;0,2857142857142857;0;1;0;0;0;0;1;0;0;1;0;0;0;0;0;0,0257198526621371;Muito Baixo;HOMEIMPROVEMENT;RENT
29;40000;2,0;9000;14,27;0,23;5;0,225;1;3;1;0;0;0;1;0;0;0;0;0;1;0;0;0,1998622074063421;Muito Baixo;VENTURE;RENT
24;29000;0,0;11000;15,05;0,38;4;0,3793103448275862;1;4;1;0;0;0;1;0;1;0;0;0;0;1;1;0,9992858994387948;Muito Alto;EDUCATION;RENT
24;40000;4,0;1000;7,37;0,03;2;0,025;0;1;0;0;0;1;0;0;0;0;1;0;0;0;0;0,0002077380810541;Muito Baixo;MEDICAL;OWN
23;60000;5,0;7200;7,49;0,12;4;0,12;0;1;0;1;0;0;0;1;0;0;0;0;0;0;0;0,018544555176776;Muito Baixo;DEBTCONSOLIDATION;MORTGAGE
28;30000;4,0;8000;7,49;0,27;8;0,2666666666666666;0;1;0;0;0;0;1;0;0;0;1;0;0;0;0;0,0896363420058926;Muito Baixo;MEDICAL;RENT
32;52000;1,0;1000;6,99;0,02;7;0,0192307692307692;0;1;0;1;0;0;0;0;0;0;0;0;1;0;0;0,000453753829755;Muito Baixo;VENTURE;MORTGAGE
22;45600;3,0;1600;7,88;0,04;2;0,0350877192982456;0;1;0;1;0;0;0;0;0;0;0;0;1;0;0;0,0005165177502473;Muito Baixo;VENTURE;MORTGAGE
29;30000;4,0;10200;17,99;0,34;10;0,34;1;5;1;0;0;0;1;0;0;0;0;0;1;1;1;0,99397310586355;Muito Alto;VENTURE;RENT
24;72000;8,0;3200;13,92;0,04;3;0,0444444444444444;1;3;0;0;0;0;1;0;0;0;0;1;0;0;0;0,1136421149875519;Muito Baixo;PERSONAL;RENT
29;67992;0,0;2000;7,43;0,03;7;0,0294152253206259;0;1;0;1;0;0;0;0;0;0;0;0;1;0;0;0,0005099625574171;Muito Baixo;VENTURE;MORTGAGE
59;55000;15,0;1000;10,59;0,02;29;0,0181818181818181;0;2;0;1;0;0;0;0;0;0;0;1;0;0;0;0,0297643626911397;Muito Baixo;PERSONAL;MORTGAGE
29;28800;2,0;7225;6,92;0,25;7;0,2508680555555556;0;1;0;0;0;0;1;0;1;0;0;0;0;0;0;0,110738189990944;Muito Baixo;EDUCATION;RENT
30;51372;4,0;4500;6,39;0,09;10;0,0875963559915907;0;1;0;0;0;0;1;0;0;0;1;0;0;0;0;0,0181420363291808;Muito Baixo;MEDICAL;RENT
23;54000;1,0;13650;13,48;0,25;2;0,2527777777777777;1;3;1;1;0;0;0;0;1;0;0;0;0;0;0;0,1751609674647621;Muito Baixo;EDUCATION;MORTGAGE
22;25200;1,0;4000;10,99;0,16;3;0,1587301587301587;0;2;0;0;0;0;1;0;1;0;0;0;0;0;0;0,0984328721834003;Muito Baixo;EDUCATION;RENT
27;61000;11,0;1200;10,37;0,02;9;0,0196721311475409;0;2;0;1;0;0;0;0;1;0;0;0;0;0;0;0,0364351508776934;Muito Baixo;EDUCATION;MORTGAGE
24;33600;3,0;2500;8,9;0,07;2;0,0744047619047619;0;1;0;1;0;0;0;0;0;0;0;1;0;0;0;0,2427127014922636;Baixo;PERSONAL;MORTGAGE
29;27911;1,0;5000;17,51;0,18;7;0,1791408405288237;1;5;0;0;0;0;1;0;0;0;1;0;0;1;1;0,9799557090825792;Muito Alto;MEDICAL;RENT
24;44000;3,0;3500;12,69;0,08;2;0,0795454545454545;1;2;0;0;0;0;1;0;1;0;0;0;0;0;0;0,3330033344597771;Baixo;EDUCATION;RENT
25;221850;9,0;25000;15,7;0,1;2;0,1126887536623845;1;4;0;1;0;0;0;0;0;0;1;0;0;1;1;0,988645308018814;Muito Alto;MEDICAL;MORTGAGE
24;45000;0,0;10000;13,11;0,22;4;0,2222222222222222;1;3;1;0;0;0;1;0;0;0;0;0;1;0;0;0,0701370929080833;Muito Baixo;VENTURE;RENT
28;58200;8,0;4500;11,12;0,08;7;0,0773195876288659;1;2;0;1;0;0;0;0;0;0;0;1;0;0;0;0,2829523343864248;Baixo;PERSONAL;MORTGAGE
28;47840;0,0;12000;10,99;0,25;7;0,2508361204013378;0;2;0;0;0;0;1;0;0;0;1;0;0;0;0;0,0385827699875855;Muito Baixo;MEDICAL;RENT
22;32000;5,0;4500;9,63;0,14;2;0,140625;0;1;0;0;0;0;1;0;0;0;1;0;0;1;0;0,0873405909758612;Muito Baixo;MEDICAL;RENT
33;72000;6,0;1925;14,35;0,03;10;0,0267361111111111;1;3;1;0;0;0;1;0;0;0;0;0;1;1;0;0,0240117949135749;Muito Baixo;VENTURE;RENT
24;72000;5,0;7400;15,65;0,1;3;0,1027777777777777;1;4;1;0;0;0;1;0;1;0;0;0;0;0;0;0,1184208232776711;Muito Baixo;EDUCATION;RENT
27;116000;4,0;25000;13,36;0,22;6;0,2155172413793103;1;4;0;1;0;0;0;0;0;0;0;1;0;1;0;0,3172683467023542;Baixo;PERSONAL;MORTGAGE
27;72000;6,0;6000;5,42;0,08;10;0,0833333333333333;0;1;0;1;0;0;0;0;1;0;0;0;0;0;0;0,0247993899728464;Muito Baixo;EDUCATION;MORTGAGE
31;50000;13,0;8000;14,09;0,16;8;0,16;1;4;1;0;0;0;1;1;0;0;0;0;0;1;1;0,9745206247373132;Muito Alto;DEBTCONSOLIDATION;RENT
22;60000;6,0;9975;11,48;0,17;4;0,16625;1;2;0;0;0;0;1;0;0;0;0;0;1;0;0;0,002390460625003;Muito Baixo;VENTURE;RENT
27;42072;3,0;5000;11,49;0,12;10;0,1188438866704696;1;2;0;0;0;0;1;0;0;0;0;0;1;0;0;0,0039908755724708;Muito Baixo;VENTURE;RENT
29;38004;2,0;1500;12,53;0,04;8;0,039469529523208;1;3;0;0;0;0;1;0;1;0;0;0;0;1;0;0,2012783482190626;Baixo;EDUCATION;RENT
22;42000;3,0;8500;12,53;0,2;4;0,2023809523809523;1;2;0;0;0;0;1;0;1;0;0;0;0;0;0;0,1020568338260228;Muito Baixo;EDUCATION;RENT
30;24000;4,0;1000;15,96;0,04;7;0,0416666666666666;1;3;1;0;0;0;1;0;0;0;1;0;0;0;0;0,1291355381581293;Muito Baixo;MEDICAL;RENT
25;28800;0,0;5500;9,76;0,19;4;0,1909722222222222;0;2;0;0;0;0;1;1;0;0;0;0;0;0;0;0,0703341300575051;Muito Baixo;DEBTCONSOLIDATION;RENT
22;21300;0,0;6000;15,96;0,28;3;0,2816901408450704;1;3;1;0;0;0;1;1;0;0;0;0;0;0;1;0,5646214488898442;Moderado;DEBTCONSOLIDATION;RENT
25;36000;6,0;15000;10,99;0,42;4;0,4166666666666667;0;2;0;0;0;0;1;0;0;0;0;1;0;1;1;0,9969275426852732;Muito Alto;PERSONAL;RENT
25;75000;8,0;12000;11,49;0,16;3;0,16;1;2;0;1;0;0;0;1;0;0;0;0;0;0;0;0,0957552287716009;Muito Baixo;DEBTCONSOLIDATION;MORTGAGE
28;68900;1,0;18000;17,39;0,26;7;0,2612481857764877;1;5;0;1;0;0;0;0;0;0;0;1;0;1;0;0,3597002080544001;Baixo;PERSONAL;MORTGAGE
23;59000;7,0;9000;8,49;0,15;4;0,1525423728813559;0;1;0;1;0;0;0;0;1;0;0;0;0;0;0;0,1202637284864447;Muito Baixo;EDUCATION;MORTGAGE
22;55000;7,0;6000;9,25;0,11;3;0,109090909090909;0;2;0;0;0;0;1;0;1;0;0;0;0;0;0;0,0610567653649423;Muito Baixo;EDUCATION;RENT
33;83000;0,0;21000;11,71;0,25;7;0,253012048192771;1;2;0;0;0;0;1;1;0;0;0;0;0;1;0;0,0970329663238725;Muito Baixo;DEBTCONSOLIDATION;RENT
22;35004;1,0;9000;10,0;0,26;2;0,2571134727459719;0;2;0;0;0;1;0;0;0;0;0;0;1;0;0;1,0881559607928223e-05;Muito Baixo;VENTURE;OWN
22;84996;6,0;5000;12,23;0,06;3;0,0588262977081274;1;3;1;0;0;0;1;0;0;0;0;0;1;0;0;0,0492988076939687;Muito Baixo;VENTURE;RENT
29;30000;3,0;10000;16,82;0,33;7;0,3333333333333333;1;5;0;0;0;0;1;0;1;0;0;0;0;1;1;0,995226277691846;Muito Alto;EDUCATION;RENT
22;77000;5,0;21000;11,48;0,27;3;0,2727272727272727;1;2;0;1;0;0;0;0;1;0;0;0;0;0;0;0,0615988658732859;Muito Baixo;EDUCATION;MORTGAGE
24;60000;8,0;13000;7,29;0,22;2;0,2166666666666666;0;1;0;1;0;0;0;0;0;0;1;0;0;0;0;0,0441817853426905;Muito Baixo;MEDICAL;MORTGAGE
26;64000;10,0;15000;10,38;0,23;3;0,234375;0;2;0;1;0;0;0;0;0;1;0;0;0;0;0;0,1481249561080979;Muito Baixo;HOMEIMPROVEMENT;MORTGAGE
22;22000;0,0;2400;11,71;0,11;3;0,109090909090909;1;2;0;1;0;0;0;0;0;0;1;0;0;0;0;0,266771082202619;Baixo;MEDICAL;MORTGAGE
40;62540;5,0;7500;19,04;0,1;12;0,1199232491205628;1;6;1;1;0;0;0;0;0;0;1;0;0;1;1;0,9935299606227522;Muito Alto;MEDICAL;MORTGAGE
28;29000;1,0;6250;12,87;0,22;9;0,2155172413793103;1;3;1;0;0;1;0;0;0;0;0;0;1;0;0;0,0033125053640675;Muito Baixo;VENTURE;OWN
23;43949;7,0;3000;11,49;0,07;2;0,0682609388154451;1;2;0;0;0;0;1;0;0;0;1;0;0;0;0;0,2148933108907388;Baixo;MEDICAL;RENT
22;78000;4,0;3000;16,32;0,04;2;0,0384615384615384;1;5;0;0;0;0;1;0;0;0;0;0;1;0;0;0,2943299844408372;Baixo;VENTURE;RENT
36;48686;21,0;12000;13,99;0,25;11;0,2464774267756644;1;4;0;0;0;0;1;0;0;0;0;0;1;0;0;0,084796612916413;Muito Baixo;VENTURE;RENT
26;47000;1,0;6000;10,33;0,13;4;0,1276595744680851;0;2;0;0;0;0;1;1;0;0;0;0;0;0;0;0,0415648651951275;Muito Baixo;DEBTCONSOLIDATION;RENT
22;57996;4,0;21250;6,91;0,37;4;0,3664045796261811;0;1;0;1;0;0;0;0;0;0;0;0;1;0;0;0,0031127141343788;Muito Baixo;VENTURE;MORTGAGE
26;82000;10,0;3200;5,99;0,04;3;0,0390243902439024;0;1;0;1;0;0;0;0;0;0;0;1;0;0;0;0,0097998146756081;Muito Baixo;PERSONAL;MORTGAGE
22;60000;0,0;15000;11,71;0,25;3;0,25;1;2;0;0;0;0;1;0;1;0;0;0;0;0;0;0,0408383831711337;Muito Baixo;EDUCATION;RENT
33;60000;8,0;8350;11,34;0,14;7;0,1391666666666666;1;3;1;0;0;1;0;0;1;0;0;0;0;0;0;0,0007215197162631;Muito Baixo;EDUCATION;OWN
21;24000;4,0;10000;13,48;0,42;2;0,4166666666666667;1;3;0;0;0;0;1;1;0;0;0;0;0;1;1;0,994968956490963;Muito Alto;DEBTCONSOLIDATION;RENT
28;52000;5,0;2800;10,99;0,05;8;0,0538461538461538;0;2;0;1;0;0;0;0;0;1;0;0;0;0;0;0,1502413077446851;Muito Baixo;HOMEIMPROVEMENT;MORTGAGE
21;9600;0,0;1200;10,99;0,13;4;0,125;0;2;0;0;0;1;0;0;0;0;0;0;1;0;0;9,404720421813798e-05;Muito Baixo;VENTURE;OWN
22;31404;0,0;5000;7,51;0,16;3;0,1592153865749586;0;1;0;0;0;0;1;0;0;0;0;1;0;0;0;0,1369004807209193;Muito Baixo;PERSONAL;RENT
27;22000;11,0;2500;7,49;0,11;6;0,1136363636363636;0;1;0;1;0;0;0;0;1;0;0;0;0;0;0;0,1762812663051708;Muito Baixo;EDUCATION;MORTGAGE
26;32450;5,0;3250;6,99;0,1;4;0,1001540832049306;0;1;0;1;0;0;0;0;0;0;1;0;0;0;0;0,0850707667565932;Muito Baixo;MEDICAL;MORTGAGE
23;61000;2,0;8400;14,84;0,14;2;0,1377049180327869;1;4;0;0;0;0;1;0;0;0;0;1;0;1;1;0,8953946912724274;Muito Alto;PERSONAL;RENT
25;84000;9,0;3000;5,79;0,04;3;0,0357142857142857;0;1;0;0;0;0;1;1;0;0;0;0;0;0;0;0,0112135356422426;Muito Baixo;DEBTCONSOLIDATION;RENT
24;42500;8,0;10000;13,8;0,24;2;0,2352941176470588;1;3;0;1;0;0;0;1;0;0;0;0;0;0;0;0,313449255062999;Baixo;DEBTCONSOLIDATION;MORTGAGE
25;15000;9,0;2000;6,91;0,13;3;0,1333333333333333;0;1;0;0;0;1;0;0;0;0;0;0;1;0;0;9,989622749902154e-05;Muito Baixo;VENTURE;OWN
25;138000;9,0;8000;6,99;0,06;4;0,0579710144927536;0;1;0;1;0;0;0;0;0;0;0;1;0;0;0;0,0327410277328882;Muito Baixo;PERSONAL;MORTGAGE
24;50000;1,0;18000;12,42;0,36;4;0,36;1;2;0;0;0;0;1;0;0;0;1;0;0;1;1;0,9903939325171356;Muito Alto;MEDICAL;RENT
29;54000;2,0;6000;7,9;0,11;7;0,1111111111111111;0;1;0;0;0;0;1;1;0;0;0;0;0;0;0;0,0552640743326327;Muito Baixo;DEBTCONSOLIDATION;RENT
25;122000;8,0;10000;13,57;0,08;4;0,081967213114754;1;3;1;1;0;0;0;1;0;0;0;0;0;0;0;0,0682476904939482;Muito Baixo;DEBTCONSOLIDATION;MORTGAGE
25;125000;3,0;7500;12,69;0,06;4;0,06;1;2;0;0;0;0;1;0;0;1;0;0;0;0;0;0,0619137698363683;Muito Baixo;HOMEIMPROVEMENT;RENT
29;109900;9,0;15000;13,47;0,14;10;0,1364877161055505;1;3;1;1;0;0;0;0;1;0;0;0;0;1;0;0,0389732893974164;Muito Baixo;EDUCATION;MORTGAGE
27;75000;0,0;23200;15,31;0,31;9;0,3093333333333333;1;4;0;1;0;0;0;0;0;1;0;0;0;0;1;0,5559342736228452;Moderado;HOMEIMPROVEMENT;MORTGAGE
21;45000;5,0;18000;7,88;0,4;4;0,4;0;1;0;1;0;0;0;0;1;0;0;0;0;0;0;0,0594744977557641;Muito Baixo;EDUCATION;MORTGAGE
31;30000;1,0;2050;8,88;0,07;7;0,0683333333333333;0;2;0;0;0;0;1;0;0;1;0;0;0;1;1;0,922142751778804;Muito Alto;HOMEIMPROVEMENT;RENT
32;112000;4,0;14000;9,63;0,13;9;0,125;0;2;0;1;0;0;0;0;1;0;0;0;0;0;0;0,0239711237331385;Muito Baixo;EDUCATION;MORTGAGE
25;76000;2,0;5000;17,19;0,07;3;0,0657894736842105;1;5;1;0;0;0;1;1;0;0;0;0;0;1;1;0,9993287980293716;Muito Alto;DEBTCONSOLIDATION;RENT
24;25000;3,0;1600;12,53;0,06;3;0,064;1;3;0;0;0;0;1;0;0;0;0;1;0;0;0;0,2737067112496648;Baixo;PERSONAL;RENT
28;10800;0,0;4200;11,83;0,39;5;0,3888888888888889;1;2;0;0;0;0;1;1;0;0;0;0;0;1;1;0,999758123547914;Muito Alto;DEBTCONSOLIDATION;RENT
40;100300;2,0;25000;14,83;0,21;16;0,2492522432701894;1;4;0;1;0;0;0;0;0;0;1;0;0;1;1;0,9843615794697312;Muito Alto;MEDICAL;MORTGAGE
24;33996;2,0;5000;14,96;0,15;2;0,1470761266031297;1;4;0;0;0;0;1;0;0;1;0;0;0;1;1;0,9972251705379624;Muito Alto;HOMEIMPROVEMENT;RENT
23;90000;5,0;8000;6,92;0,09;3;0,0888888888888888;0;1;0;0;0;0;1;0;0;0;1;0;0;0;0;0,0065294099914165;Muito Baixo;MEDICAL;RENT
29;38004;3,0;1500;14,35;0,04;10;0,039469529523208;1;3;1;0;0;0;1;0;0;0;1;0;0;0;0;0,0967977626840294;Muito Baixo;MEDICAL;RENT
23;98400;0,0;10000;11,14;0,1;4;0,1016260162601626;1;2;0;1;0;0;0;0;1;0;0;0;0;0;0;0,0255880828963139;Muito Baixo;EDUCATION;MORTGAGE
31;45000;0,0;4000;13,43;0,09;6;0,0888888888888888;1;3;0;0;0;0;1;0;1;0;0;0;0;0;0;0,1383444280262288;Muito Baixo;EDUCATION;RENT
27;66000;3,0;20000;10,62;0,3;9;0,303030303030303;0;2;0;0;0;0;1;1;0;0;0;0;0;0;0;0,0763789562618893;Muito Baixo;DEBTCONSOLIDATION;RENT
21;62316;5,0;10000;7,66;0,16;4;0,1604724308363823;0;1;0;1;0;0;0;0;0;0;1;0;0;0;0;0,0484740821648991;Muito Baixo;MEDICAL;MORTGAGE
36;160000;20,0;24000;14,96;0,15;15;0,15;1;4;1;0;0;1;0;0;0;0;0;0;1;0;0;0,0004234621753299;Muito Baixo;VENTURE;OWN
26;45000;1,0;4800;5,42;0,11;2;0,1066666666666666;0;1;0;0;0;0;1;0;0;0;1;0;0;0;0;0,0103959813907763;Muito Baixo;MEDICAL;RENT
34;70000;16,0;4000;7,74;0,06;5;0,0571428571428571;0;1;0;1;0;0;0;0;0;0;0;1;0;0;0;0,0219489873828072;Muito Baixo;PERSONAL;MORTGAGE
24;42000;4,0;19000;6,99;0,45;3;0,4523809523809524;0;1;0;1;0;0;0;0;0;0;1;0;0;1;0;0,1830850170903948;Muito Baixo;MEDICAL;MORTGAGE
22;78000;6,0;7750;7,51;0,1;4;0,0993589743589743;0;1;0;1;0;0;0;0;0;0;1;0;0;0;0;0,0227203214586554;Muito Baixo;MEDICAL;MORTGAGE
39;27040;0,0;4800;8,59;0,18;13;0,1775147928994082;0;1;0;1;0;0;0;1;0;0;0;0;0;0;0;0,0256014093337647;Muito Baixo;DEBTCONSOLIDATION;MORTGAGE
25;46116;9,0;10000;11,03;0,22;3;0,2168444791395611;1;3;0;1;0;0;0;1;0;0;0;0;0;0;0;0,1423939385371354;Muito Baixo;DEBTCONSOLIDATION;MORTGAGE
38;175000;10,0;21000;9,99;0,12;14;0,12;0;2;0;1;0;0;0;0;1;0;0;0;0;0;0;0,0314869031882538;Muito Baixo;EDUCATION;MORTGAGE
37;55900;1,0;17000;8,7;0,3;11;0,3041144901610018;0;2;0;1;0;0;0;0;1;0;0;0;0;0;0;0,0485596102912504;Muito Baixo;EDUCATION;MORTGAGE
23;55000;1,0;6800;11,49;0,12;2;0,1236363636363636;1;2;0;0;0;0;1;0;0;0;0;0;1;0;0;0,0020855662831271;Muito Baixo;VENTURE;RENT
26;84000;6,0;2150;13,47;0,03;2;0,025595238095238;1;3;0;1;0;0;0;0;0;1;0;0;0;0;0;0,1289622671531506;Muito Baixo;HOMEIMPROVEMENT;MORTGAGE
28;105000;0,0;19000;12,21;0,18;6;0,1809523809523809;1;2;0;1;0;0;0;0;0;0;0;0;1;0;0;0,0024279440710235;Muito Baixo;VENTURE;MORTGAGE
25;31000;4,0;10000;10,38;0,32;4;0,3225806451612903;0;2;0;1;0;0;0;0;0;0;0;0;1;0;0;0,0139876040935178;Muito Baixo;VENTURE;MORTGAGE
29;40320;6,0;7800;8,88;0,19;10;0,1934523809523809;0;2;0;0;0;0;1;0;0;0;1;0;0;0;0;0,0380133607633841;Muito Baixo;MEDICAL;RENT
30;97192;3,0;6500;7,29;0,07;10;0,0668779323401103;0;1;0;1;0;0;0;0;0;0;0;1;0;0;0;0,0149585238547568;Muito Baixo;PERSONAL;MORTGAGE
30;89000;3,0;10800;11,99;0,12;8;0,1213483146067415;1;2;0;1;0;0;0;0;0;0;0;1;0;0;0;0,0801272169101282;Muito Baixo;PERSONAL;MORTGAGE
24;50000;8,0;3000;13,47;0,06;3;0,06;1;3;0;1;0;0;0;1;0;0;0;0;0;0;0;0,0919700902071883;Muito Baixo;DEBTCONSOLIDATION;MORTGAGE
30;19200;2,0;4750;13,61;0,25;8;0,2473958333333333;1;3;1;1;0;0;0;0;0;1;0;0;0;1;1;0,93340335115857;Muito Alto;HOMEIMPROVEMENT;MORTGAGE
23;69996;8,0;13000;11,58;0,19;3;0,1857248985656323;1;2;0;0;0;0;1;0;1;0;0;0;0;0;0;0,0533066208575831;Muito Baixo;EDUCATION;RENT
23;30000;0,0;5000;11,86;0,17;2;0,1666666666666666;1;2;0;0;0;0;1;0;0;0;0;1;0;0;0;0,2555220369489365;Baixo;PERSONAL;RENT
34;74256;1,0;11000;9,25;0,15;9;0,1481361775479422;0;2;0;1;0;0;0;0;0;1;0;0;0;0;0;0,0598349105196035;Muito Baixo;HOMEIMPROVEMENT;MORTGAGE
24;85000;1,0;4400;7,4;0,05;2;0,0517647058823529;0;1;0;1;0;0;0;1;0;0;0;0;0;0;0;0,009475877260013;Muito Baixo;DEBTCONSOLIDATION;MORTGAGE
23;39996;6,0;12000;9,63;0,3;3;0,3000300030003;0;2;0;0;0;0;1;0;0;0;1;0;0;0;0;0,0465715838813929;Muito Baixo;MEDICAL;RENT
24;78600;0,0;12800;14,11;0,16;4;0,1628498727735369;1;4;1;0;0;0;1;0;0;1;0;0;0;1;1;0,8670366454493735;Muito Alto;HOMEIMPROVEMENT;RENT
25;38400;0,0;7000;9,99;0,18;2;0,1822916666666666;0;2;0;0;0;0;1;1;0;0;0;0;0;0;0;0,0602289951201294;Muito Baixo;DEBTCONSOLIDATION;RENT
22;63000;6,0;6000;11,49;0,1;2;0,0952380952380952;1;2;0;0;0;0;1;0;0;0;0;1;0;0;0;0,0838533499467375;Muito Baixo;PERSONAL;RENT
30;105000;8,0;26000;7,51;0,25;10;0,2476190476190476;0;1;0;1;0;0;0;1;0;0;0;0;0;0;0;0,0088379678472294;Muito Baixo;DEBTCONSOLIDATION;MORTGAGE
37;69000;12,0;12000;9,32;0,17;13;0,1739130434782608;0;1;0;0;0;1;0;0;0;1;0;0;0;0;0;0,0004688192311912;Muito Baixo;HOMEIMPROVEMENT;OWN
27;35000;2,0;6000;11,99;0,17;10;0,1714285714285714;1;2;0;0;0;1;0;0;0;1;0;0;0;0;0;0,0009904085050864;Muito Baixo;HOMEIMPROVEMENT;OWN
35;105000;18,0;3000;10,37;0,03;7;0,0285714285714285;0;2;0;1;0;0;0;0;0;0;0;1;0;0;0;0,0511701996570526;Muito Baixo;PERSONAL;MORTGAGE
25;75000;8,0;20000;10,99;0,27;4;0,2666666666666666;0;2;0;0;0;0;1;1;0;0;0;0;0;0;0;0,0628536426375356;Muito Baixo;DEBTCONSOLIDATION;RENT
24;66000;0,0;8400;7,49;0,13;2;0,1272727272727272;0;1;0;0;0;0;1;0;0;1;0;0;0;0;0;0,0349426268055608;Muito Baixo;HOMEIMPROVEMENT;RENT
32;68000;1,0;6100;10,25;0,09;7;0,0897058823529411;0;2;0;1;0;0;0;0;0;0;1;0;0;0;0;0,0337305974443798;Muito Baixo;MEDICAL;MORTGAGE
25;150000;9,0;10000;5,42;0,07;4;0,0666666666666666;0;1;0;1;0;0;0;1;0;0;0;0;0;0;0;0,0040005840389378;Muito Baixo;DEBTCONSOLIDATION;MORTGAGE
23;90000;5,0;6000;11,89;0,07;4;0,0666666666666666;1;2;0;1;0;0;0;0;0;0;0;1;0;0;0;0,0216010134029825;Muito Baixo;PERSONAL;MORTGAGE
25;33600;0,0;15000;11,11;0,45;4;0,4464285714285714;1;2;0;0;0;0;1;0;0;0;0;1;0;1;1;0,9956843519461694;Muito Alto;PERSONAL;RENT
21;54036;3,0;8000;11,36;0,15;2;0,1480494485158043;1;2;0;1;0;0;0;0;0;0;1;0;0;0;0;0,162217320334569;Muito Baixo;MEDICAL;MORTGAGE
39;32280;22,0;2400;8,88;0,07;17;0,0743494423791821;0;2;0;0;0;0;1;0;0;0;0;1;0;0;0;0,4477628704491448;Moderado;PERSONAL;RENT
21;24996;3,0;7000;15,58;0,28;2;0,280044807169147;1;4;0;0;0;1;0;0;1;0;0;0;0;0;0;0,0018320274077658;Muito Baixo;EDUCATION;OWN
27;36000;2,0;9300;15,31;0,26;9;0,2583333333333333;1;4;1;0;0;0;1;0;1;0;0;0;0;1;1;0,9469033203843268;Muito Alto;EDUCATION;RENT
37;50000;0,0;20000;6,17;0,4;12;0,4;0;1;0;1;0;0;0;0;1;0;0;0;0;0;0;0,054117117018716;Muito Baixo;EDUCATION;MORTGAGE
26;21000;0,0;4000;11,36;0,19;2;0,1904761904761904;1;2;0;0;0;0;1;0;0;0;1;0;0;0;0;0,0424475029196874;Muito Baixo;MEDICAL;RENT
23;60000;6,0;25600;13,48;0,43;4;0,4266666666666667;1;3;0;1;0;0;0;0;1;0;0;0;0;0;0;0,0863627463908299;Muito Baixo;EDUCATION;MORTGAGE
24;44000;8,0;10750;6,17;0,24;3;0,2443181818181818;0;1;0;1;0;0;0;1;0;0;0;0;0;0;0;0,0870724583267499;Muito Baixo;DEBTCONSOLIDATION;MORTGAGE
25;64000;0,0;20000;16,82;0,31;4;0,3125;1;5;0;0;0;0;1;0;0;1;0;0;0;1;1;0,9978254061047164;Muito Alto;HOMEIMPROVEMENT;RENT
25;157000;8,0;28000;7,49;0,18;4;0,1783439490445859;0;1;0;1;0;0;0;0;0;0;0;1;0;0;0;0,0131938934111614;Muito Baixo;PERSONAL;MORTGAGE
22;57500;1,0;9100;11,49;0,16;3;0,1582608695652174;1;2;0;0;0;0;1;0;0;0;0;0;1;0;0;0,0032319651283251;Muito Baixo;VENTURE;RENT
27;24000;2,0;5000;14,72;0,21;10;0,2083333333333333;1;3;0;0;0;0;1;0;0;0;0;0;1;0;0;0,3843163354418002;Baixo;VENTURE;RENT
22;60000;4,0;8000;7,14;0,13;2;0,1333333333333333;0;1;0;1;0;0;0;0;1;0;0;0;0;0;0;0,0116527744736829;Muito Baixo;EDUCATION;MORTGAGE
29;46140;2,0;4800;14,72;0,1;6;0,1040312093628088;1;3;1;1;0;0;0;0;0;1;0;0;0;0;0;0,2570527702891133;Baixo;HOMEIMPROVEMENT;MORTGAGE
21;69000;3,0;15000;8,49;0,22;2;0,217391304347826;0;1;0;0;0;0;1;0;0;0;1;0;0;0;0;0,0795200486179806;Muito Baixo;MEDICAL;RENT
28;70000;12,0;9000;5,42;0,13;7;0,1285714285714285;0;1;0;1;0;0;0;1;0;0;0;0;0;1;0;0,0157976749553873;Muito Baixo;DEBTCONSOLIDATION;MORTGAGE
22;40800;6,0;1000;6,91;0,02;2;0,0245098039215686;0;1;0;0;0;0;1;0;0;0;0;0;1;0;0;0,0017912586462764;Muito Baixo;VENTURE;RENT
22;35004;3,0;3000;7,9;0,09;4;0,0857044909153239;0;1;0;0;0;1;0;0;0;0;0;0;1;0;0;8,577341619893897e-06;Muito Baixo;VENTURE;OWN
23;86500;7,0;14000;7,29;0,16;3;0,1618497109826589;0;1;0;1;0;0;0;0;0;0;0;1;0;0;0;0,0334320671878979;Muito Baixo;PERSONAL;MORTGAGE
23;28800;5,0;2800;10,38;0,1;2;0,0972222222222222;0;2;0;0;0;0;1;0;1;0;0;0;0;0;0;0,095794677361814;Muito Baixo;EDUCATION;RENT
23;30000;6,0;2400;13,48;0,08;4;0,08;1;3;0;1;0;0;0;0;0;0;0;1;0;0;0;0,2608426849952413;Baixo;PERSONAL;MORTGAGE
27;34000;7,0;7000;15,96;0,21;10;0,2058823529411764;1;3;1;0;0;0;1;0;0;0;1;0;0;0;0;0,3290001563208448;Baixo;MEDICAL;RENT
32;130000;3,0;5000;10,99;0,04;9;0,0384615384615384;0;2;0;1;0;0;0;1;0;0;0;0;0;1;0;0,0287676690997766;Muito Baixo;DEBTCONSOLIDATION;MORTGAGE
26;92000;0,0;5600;11,46;0,06;3;0,0608695652173913;1;2;0;1;0;0;0;1;0;0;0;0;0;0;0;0,0179904052799156;Muito Baixo;DEBTCONSOLIDATION;MORTGAGE
26;79500;1,0;6000;11,36;0,08;2;0,0754716981132075;1;2;0;1;0;0;0;0;1;0;0;0;0;0;0;0,2777324081553498;Baixo;EDUCATION;MORTGAGE
29;74100;3,0;4500;13,61;0,06;8;0,0607287449392712;1;3;1;0;0;0;1;0;0;0;0;0;1;0;0;0,0997725217979784;Muito Baixo;VENTURE;RENT
30;62400;2,0;6000;6,03;0,1;10;0,0961538461538461;0;1;0;1;0;0;0;0;0;1;0;0;0;0;0;0,0121957507683539;Muito Baixo;HOMEIMPROVEMENT;MORTGAGE
28;38196;5,0;10750;10,75;0,28;8;0,281443083045345;0;2;0;1;0;0;0;0;0;0;0;1;0;0;0;0,088533775512506;Muito Baixo;PERSONAL;MORTGAGE
24;183000;2,0;20000;11,49;0,11;3;0,1092896174863388;1;2;0;1;0;0;0;0;0;0;1;0;0;0;0;0,0339374019491214;Muito Baixo;MEDICAL;MORTGAGE
22;65000;6,0;3000;13,92;0,05;4;0,0461538461538461;1;3;1;0;0;1;0;0;0;0;1;0;0;0;0;0,0004495584001548;Muito Baixo;MEDICAL;OWN
25;50606;3,0;6200;7,49;0,12;4;0,122515116784571;0;1;0;0;0;0;1;0;0;0;1;0;0;0;0;0,0204806175834171;Muito Baixo;MEDICAL;RENT
21;26784;4,0;2000;6,99;0,07;3;0,0746714456391875;0;1;0;1;0;0;0;0;1;0;0;0;0;1;0;0,0659053689039026;Muito Baixo;EDUCATION;MORTGAGE
24;30000;0,0;12000;6,91;0,4;3;0,4;0;1;0;0;0;0;1;0;1;0;0;0;0;1;1;0,9954727362363442;Muito Alto;EDUCATION;RENT
28;64049;7,0;20000;12,69;0,31;8;0,3122609252291214;1;2;0;1;0;0;0;0;0;0;0;1;0;0;0;0,1312619777026855;Muito Baixo;PERSONAL;MORTGAGE
29;42000;0,0;7500;12,87;0,18;8;0,1785714285714285;1;3;1;0;0;0;1;0;1;0;0;0;0;0;0;0,1157667669763508;Muito Baixo;EDUCATION;RENT
29;82600;6,0;19450;9,91;0,24;10;0,2354721549636803;0;2;0;1;0;0;0;0;0;0;0;0;1;0;0;0,000905246774535;Muito Baixo;VENTURE;MORTGAGE
22;105000;6,0;12800;11,83;0,12;3;0,1219047619047619;1;2;0;1;0;0;0;1;0;0;0;0;0;0;0;0,0633290058271627;Muito Baixo;DEBTCONSOLIDATION;MORTGAGE
24;60000;8,0;12000;9,62;0,2;4;0,2;0;2;0;1;0;0;0;0;0;0;0;0;1;0;0;0,0008934248462199;Muito Baixo;VENTURE;MORTGAGE
25;33000;6,0;2500;10,59;0,08;2;0,0757575757575757;0;2;0;0;0;0;1;1;0;0;0;0;0;0;0;0,2681704516756701;Baixo;DEBTCONSOLIDATION;RENT
23;80796;7,0;5000;7,49;0,06;3;0,0618842516956284;0;1;0;1;0;0;0;0;0;0;1;0;0;0;0;0,0167214154855263;Muito Baixo;MEDICAL;MORTGAGE
28;22884;4,0;4800;10,38;0,21;7;0,2097535395909806;0;2;0;0;0;0;1;1;0;0;0;0;0;0;0;0,136240979632422;Muito Baixo;DEBTCONSOLIDATION;RENT
27;29120;2,0;4000;10,75;0,14;8;0,1373626373626373;0;2;0;0;0;0;1;0;0;0;1;0;0;0;0;0,0729317013920258;Muito Baixo;MEDICAL;RENT
38;53712;7,0;4000;13,43;0,07;12;0,0744712540959189;1;3;1;1;0;0;0;0;0;0;0;0;1;0;0;0,1297617613491162;Muito Baixo;VENTURE;MORTGAGE
24;47000;4,0;6000;7,66;0,13;3;0,1276595744680851;0;1;0;1;0;0;0;0;0;1;0;0;0;0;0;0,0698869255350686;Muito Baixo;HOMEIMPROVEMENT;MORTGAGE
36;55000;8,0;7500;8,9;0,14;13;0,1363636363636363;0;1;0;0;0;0;1;0;0;0;0;0;1;0;0;0,0014494455776686;Muito Baixo;VENTURE;RENT
24;112000;5,0;15000;15,31;0,13;4;0,1339285714285714;1;4;0;1;0;0;0;0;0;0;0;1;0;0;0;0,0847334593302036;Muito Baixo;PERSONAL;MORTGAGE
26;45000;3,0;6000;5,79;0,13;2;0,1333333333333333;0;1;0;0;0;0;1;0;1;0;0;0;0;0;0;0,0372064308085009;Muito Baixo;EDUCATION;RENT
30;96000;7,0;8000;6,99;0,08;10;0,0833333333333333;0;1;0;1;0;0;0;1;0;0;0;0;0;0;0;0,0061268109363378;Muito Baixo;DEBTCONSOLIDATION;MORTGAGE
33;39000;4,0;15000;17,56;0,38;5;0,3846153846153846;1;5;1;0;0;0;1;1;0;0;0;0;0;1;1;0,9998573379837866;Muito Alto;DEBTCONSOLIDATION;RENT
39;78200;18,0;24250;16,0;0,26;13;0,3101023017902813;1;4;1;0;0;0;1;0;0;0;1;0;0;1;1;0,998363370814946;Muito Alto;MEDICAL;RENT
26;71820;10,0;18000;11,83;0,25;2;0,2506265664160401;1;2;0;0;0;0;1;1;0;0;0;0;0;0;0;0,0893538108048013;Muito Baixo;DEBTCONSOLIDATION;RENT
34;65000;3,0;15000;15,31;0,23;6;0,2307692307692307;1;4;1;0;0;0;1;0;0;0;0;1;0;0;0;0,1023350206445944;Muito Baixo;PERSONAL;RENT
23;33195;5,0;1800;11,99;0,05;3;0,0542250338906461;1;2;0;0;0;0;1;0;0;0;1;0;0;0;0;0,1566739844585347;Muito Baixo;MEDICAL;RENT
31;101000;2,0;7500;13,22;0,07;9;0,0742574257425742;1;3;0;0;0;0;1;0;0;0;0;0;1;0;0;0,0489758756641521;Muito Baixo;VENTURE;RENT
27;51000;3,0;3500;7,88;0,07;5;0,0686274509803921;0;1;0;0;0;1;0;0;0;1;0;0;0;0;0;0,0016223833043443;Muito Baixo;HOMEIMPROVEMENT;OWN
25;60000;7,0;15000;10,99;0,25;3;0,25;0;2;0;0;0;0;1;1;0;0;0;0;0;0;0;0,0623965814920606;Muito Baixo;DEBTCONSOLIDATION;RENT
29;79200;4,0;8000;5,42;0,1;5;0,101010101010101;0;1;0;1;0;0;0;1;0;0;0;0;0;0;0;0,0789203754787235;Muito Baixo;DEBTCONSOLIDATION;MORTGAGE
32;26400;0,0;8000;7,51;0,3;6;0,303030303030303;0;1;0;0;0;0;1;0;0;0;0;0;1;0;0;0,0037276428115754;Muito Baixo;VENTURE;RENT
29;39000;12,0;16000;5,99;0,41;8;0,4102564102564102;0;1;0;1;0;0;0;0;0;0;0;1;0;0;0;0,1979061535783507;Muito Baixo;PERSONAL;MORTGAGE
27;120000;4,0;20000;7,51;0,17;6;0,1666666666666666;0;1;0;1;0;0;0;1;0;0;0;0;0;0;0;0,0096363810228396;Muito Baixo;DEBTCONSOLIDATION;MORTGAGE
33;66000;2,0;20000;12,61;0,3;5;0,303030303030303;1;4;1;1;0;0;0;0;0;0;0;1;0;0;0;0,3053494399367543;Baixo;PERSONAL;MORTGAGE
23;83000;7,0;20000;13,48;0,24;2;0,2409638554216867;1;3;0;0;0;0;1;1;0;0;0;0;0;1;0;0,1365555582078524;Muito Baixo;DEBTCONSOLIDATION;RENT
37;45000;1,0;9000;11,71;0,2;12;0,2;1;2;0;0;0;0;1;0;0;0;0;1;0;1;0;0,0559065418710532;Muito Baixo;PERSONAL;RENT
26;45000;9,0;10000;16,89;0,22;4;0,2222222222222222;1;4;0;1;0;0;0;0;0;0;0;0;1;0;0;0,1868106477918218;Muito Baixo;VENTURE;MORTGAGE
28;44000;2,0;10000;13,48;0,23;8;0,2272727272727272;1;3;0;0;0;0;1;0;0;0;1;0;0;1;0;0,1646068375576566;Muito Baixo;MEDICAL;RENT
28;51000;2,0;20400;17,74;0,4;6;0,4;1;5;1;0;0;1;0;0;0;0;1;0;0;1;1;0,8149586458411797;Muito Alto;MEDICAL;OWN
22;44000;6,0;6400;15,99;0,15;2;0,1454545454545454;1;4;1;1;0;0;0;0;0;0;0;0;1;1;0;0,2564825604686249;Baixo;VENTURE;MORTGAGE
29;100000;7,0;15000;12,04;0,15;5;0,15;1;3;0;1;0;0;0;0;0;0;1;0;0;0;0;0,0646601442020113;Muito Baixo;MEDICAL;MORTGAGE
30;50000;5,0;5000;11,14;0,1;8;0,1;1;2;0;0;0;0;1;0;0;0;1;0;0;0;0;0,0415108630320572;Muito Baixo;MEDICAL;RENT
25;41000;3,0;8000;10,99;0,2;4;0,1951219512195122;0;2;0;0;0;0;1;0;0;0;0;0;1;0;0;0,0022420355929786;Muito Baixo;VENTURE;RENT
23;45286;5,0;8000;7,29;0,18;4;0,1766550368767389;0;1;0;0;0;0;1;0;0;0;0;1;0;0;0;0,0396263958121314;Muito Baixo;PERSONAL;RENT
31;120000;7,0;21600;19,03;0,18;5;0,18;1;5;1;0;0;0;1;0;0;1;0;0;0;0;0;0,2171435329270236;Baixo;HOMEIMPROVEMENT;RENT
28;50000;2,0;3000;10,37;0,06;9;0,06;0;2;0;0;0;0;1;1;0;0;0;0;0;0;0;0,0252165703326443;Muito Baixo;DEBTCONSOLIDATION;RENT
23;33000;5,0;3600;11,58;0,11;4;0,109090909090909;1;2;0;0;0;1;0;0;0;0;0;0;1;0;0;3,741451378287374e-05;Muito Baixo;VENTURE;OWN
22;50004;4,0;6250;7,49;0,12;4;0,124990000799936;0;1;0;1;0;0;0;1;0;0;0;0;0;0;0;0,0233469900947518;Muito Baixo;DEBTCONSOLIDATION;MORTGAGE
24;13000;0,0;5000;8,0;0,38;2;0,3846153846153846;0;1;0;0;0;0;1;1;0;0;0;0;0;1;1;0,9996516580772168;Muito Alto;DEBTCONSOLIDATION;RENT
41;28800;2,0;1000;13,48;0,03;13;0,0347222222222222;1;3;0;0;0;0;1;0;1;0;0;0;0;0;0;0,3256216366023713;Baixo;EDUCATION;RENT
23;91000;4,0;8000;17,19;0,09;4;0,0879120879120879;1;5;0;1;0;0;0;0;0;0;0;0;1;0;0;0,0455595477854852;Muito Baixo;VENTURE;MORTGAGE
22;65500;4,0;17600;10,74;0,27;2;0,2687022900763359;0;2;0;0;0;0;1;0;1;0;0;0;0;0;0;0,0524914450041941;Muito Baixo;EDUCATION;RENT
34;30636;4,0;10000;10,37;0,33;5;0,3264133698916308;0;2;0;0;0;0;1;0;0;0;0;1;0;1;1;0,9946308766589974;Muito Alto;PERSONAL;RENT
42;45000;0,0;5000;7,43;0,11;12;0,1111111111111111;0;1;0;0;0;1;0;0;0;0;0;0;1;0;0;1,3928084673485106e-05;Muito Baixo;VENTURE;OWN
33;29000;0,0;10000;13,06;0,34;9;0,3448275862068966;1;3;1;0;0;0;1;0;0;0;0;0;1;1;1;0,998617908440669;Muito Alto;VENTURE;RENT
32;80000;15,0;12000;5,99;0,15;8;0,15;0;1;0;1;0;0;0;0;0;0;0;0;1;0;0;0,0001464016982829;Muito Baixo;VENTURE;MORTGAGE
27;120000;4,0;8400;7,14;0,07;8;0,07;0;1;0;1;0;0;0;0;0;0;0;0;1;0;0;0,0006469060241735;Muito Baixo;VENTURE;MORTGAGE
26;100000;10,0;12000;5,99;0,12;2;0,12;0;1;0;1;0;0;0;1;0;0;0;0;0;0;0;0,0049160575947443;Muito Baixo;DEBTCONSOLIDATION;MORTGAGE
42;41000;17,0;10000;10,99;0,24;12;0,2439024390243902;0;2;0;1;0;0;0;0;1;0;0;0;0;0;0;0,0853641118118358;Muito Baixo;EDUCATION;MORTGAGE
32;25000;12,0;5500;11,11;0,22;10;0,22;1;2;0;0;0;0;1;0;0;0;0;0;1;0;0;0,0024051339905331;Muito Baixo;VENTURE;RENT
39;60520;6,0;6000;15,33;0,08;15;0,0991407799074686;1;4;1;0;0;0;1;0;0;0;1;0;0;1;1;0,986471077255768;Muito Alto;MEDICAL;RENT
27;39000;3,0;2100;10,99;0,05;6;0,0538461538461538;0;2;0;0;0;0;1;1;0;0;0;0;0;0;0;0,244914200842664;Baixo;DEBTCONSOLIDATION;RENT
24;60000;1,0;15000;16,89;0,25;2;0,25;1;4;1;0;0;1;0;0;0;0;0;0;1;0;0;0,0018697538531294;Muito Baixo;VENTURE;OWN
23;69600;7,0;1925;9,91;0,03;4;0,0276580459770114;0;2;0;0;0;1;0;0;0;0;0;0;1;0;0;2,980239097995473e-05;Muito Baixo;VENTURE;OWN
24;35000;4,0;2000;10,59;0,06;3;0,0571428571428571;0;2;0;0;0;0;1;0;1;0;0;0;0;0;0;0,1021127039126185;Muito Baixo;EDUCATION;RENT
25;125000;1,0;20000;11,71;0,16;4;0,16;1;2;0;1;0;0;0;0;1;0;0;0;0;0;0;0,0265821783170576;Muito Baixo;EDUCATION;MORTGAGE
23;200000;7,0;21000;12,69;0,1;2;0,105;1;2;0;1;0;0;0;0;0;0;0;0;1;0;0;0,002102758779168;Muito Baixo;VENTURE;MORTGAGE
22;70000;4,0;13750;10,75;0,2;3;0,1964285714285714;0;2;0;1;0;0;0;0;0;0;0;0;1;0;0;0,0009830408466562;Muito Baixo;VENTURE;MORTGAGE
34;58000;18,0;4000;5,42;0,07;8;0,0689655172413793;0;1;0;1;0;0;0;0;0;1;0;0;0;0;0;0,0342064016127657;Muito Baixo;HOMEIMPROVEMENT;MORTGAGE
24;54000;8,0;13000;7,49;0,24;2;0,2407407407407407;0;1;0;1;0;0;0;0;0;0;0;1;0;0;0;0,1192344863190129;Muito Baixo;PERSONAL;MORTGAGE
26;81380;9,0;14400;10,37;0,18;4;0,1769476529859916;0;2;0;0;0;0;1;0;0;0;1;0;0;0;0;0,0593935264017454;Muito Baixo;MEDICAL;RENT
26;105000;0,0;5000;7,68;0,05;2;0,0476190476190476;0;1;0;1;0;0;0;0;0;0;1;0;0;0;0;0,0076166949676761;Muito Baixo;MEDICAL;MORTGAGE
26;39516;0,0;5000;7,74;0,13;3;0,1265310254074299;0;1;0;0;0;0;1;0;0;0;1;0;0;0;0;0,0322490232228335;Muito Baixo;MEDICAL;RENT
27;63000;2,0;9500;8,07;0,15;8;0,1507936507936507;0;1;0;0;0;1;0;0;1;0;0;0;0;0;0;0,0005616024386238;Muito Baixo;EDUCATION;OWN
29;145000;0,0;25000;10,08;0,17;8;0,1724137931034483;0;2;0;1;0;0;0;0;0;0;0;0;1;0;0;0,000893366813441;Muito Baixo;VENTURE;MORTGAGE
23;46000;6,0;18250;10,75;0,4;2;0,3967391304347826;0;2;0;0;0;0;1;0;0;0;0;1;0;1;1;0,996124853938613;Muito Alto;PERSONAL;RENT
31;35000;1,0;4000;10,65;0,11;5;0,1142857142857142;0;2;0;0;0;0;1;0;0;0;0;0;1;0;0;0,0018200445732992;Muito Baixo;VENTURE;RENT
26;22000;3,0;3825;10,65;0,17;4;0,1738636363636363;0;2;0;1;0;0;0;1;0;0;0;0;0;0;0;0,0698986516189382;Muito Baixo;DEBTCONSOLIDATION;MORTGAGE
23;27600;6,0;6800;8,9;0,25;3;0,2463768115942029;0;1;0;0;0;0;1;0;1;0;0;0;0;0;0;0,103004624903952;Muito Baixo;EDUCATION;RENT
39;40000;4,0;15000;5,42;0,38;13;0,375;0;1;0;0;0;1;0;0;0;1;0;0;0;0;0;0,0005548819982634;Muito Baixo;HOMEIMPROVEMENT;OWN
22;38400;4,0;5000;11,49;0,13;2;0,1302083333333333;1;2;0;1;0;0;0;0;1;0;0;0;0;0;0;0,086980112844112;Muito Baixo;EDUCATION;MORTGAGE
22;8280;4,0;2400;9,91;0,29;2;0,2898550724637681;0;2;0;0;0;0;1;0;0;0;1;0;0;1;1;0,9923594976323008;Muito Alto;MEDICAL;RENT
27;45600;6,0;3000;6,99;0,07;5;0,0657894736842105;0;1;0;1;0;0;0;1;0;0;0;0;0;0;0;0,0339251465474372;Muito Baixo;DEBTCONSOLIDATION;MORTGAGE
38;39500;4,0;5000;13,22;0,13;14;0,1265822784810126;1;3;0;0;0;0;1;0;0;0;1;0;0;0;0;0,2518258111568677;Baixo;MEDICAL;RENT
24;55000;0,0;4000;11,26;0,07;4;0,0727272727272727;1;2;0;0;0;0;1;0;1;0;0;0;0;0;0;0,0761132856904007;Muito Baixo;EDUCATION;RENT
29;195000;5,0;3600;14,26;0,02;7;0,0184615384615384;1;3;0;1;0;0;0;0;0;0;0;0;1;1;0;0,0375958210041241;Muito Baixo;VENTURE;MORTGAGE
29;34000;4,0;7500;7,49;0,22;10;0,2205882352941176;0;1;0;0;0;0;1;0;0;0;1;0;0;0;0;0,146342944099519;Muito Baixo;MEDICAL;RENT
25;49200;6,0;5600;7,49;0,11;2;0,1138211382113821;0;1;0;1;0;0;0;0;0;0;1;0;0;0;0;0,1051723660216634;Muito Baixo;MEDICAL;MORTGAGE
22;100000;3,0;12000;11,11;0,12;3;0,12;1;2;0;1;0;0;0;0;0;0;0;0;1;0;0;0,0007658898927635;Muito Baixo;VENTURE;MORTGAGE
33;30000;0,0;6000;10,51;0,2;10;0,2;0;2;0;0;0;0;1;1;0;0;0;0;0;0;0;0,2013054286520701;Baixo;DEBTCONSOLIDATION;RENT
23;74800;1,0;20000;17,04;0,23;2;0,267379679144385;1;5;1;0;0;0;1;0;0;0;1;0;0;1;1;0,9991043714771276;Muito Alto;MEDICAL;RENT
47;33600;12,0;10000;5,42;0,3;12;0,2976190476190476;0;1;0;1;0;0;0;0;0;0;0;1;0;0;0;0,0580041434329101;Muito Baixo;PERSONAL;MORTGAGE
27;56000;3,0;12000;7,49;0,21;8;0,2142857142857142;0;1;0;0;0;0;1;0;0;0;1;0;0;0;0;0,0373770757334097;Muito Baixo;MEDICAL;RENT
24;40000;1,0;3600;13,49;0,09;3;0,09;1;3;0;0;0;0;1;0;0;0;1;0;0;0;0;0,0505169200885058;Muito Baixo;MEDICAL;RENT
39;55000;0,0;3000;10,2;0,05;15;0,0545454545454545;0;2;0;0;0;0;1;0;0;0;1;0;0;0;0;0,0345408819598725;Muito Baixo;MEDICAL;RENT
25;110000;9,0;8000;13,48;0,07;3;0,0727272727272727;1;3;0;1;0;0;0;0;1;0;0;0;0;0;0;0,0458453841467618;Muito Baixo;EDUCATION;MORTGAGE
23;40000;7,0;4000;10,99;0,1;4;0,1;0;2;0;1;0;0;0;0;0;0;0;1;0;0;0;0,0935710941465691;Muito Baixo;PERSONAL;MORTGAGE
28;75000;4,0;9000;12,21;0,12;8;0,12;1;2;0;0;0;0;1;1;0;0;0;0;0;0;0;0,0802662357120046;Muito Baixo;DEBTCONSOLIDATION;RENT
24;32000;1,0;12000;7,29;0,38;2;0,375;0;1;0;0;0;0;1;0;0;0;1;0;0;1;1;0,99690247532968;Muito Alto;MEDICAL;RENT
23;44000;1,0;13000;18,39;0,3;3;0,2954545454545454;1;5;1;0;0;0;1;0;1;0;0;0;0;1;1;0,9844050197500828;Muito Alto;EDUCATION;RENT
37;40080;7,0;2350;7,88;0,06;12;0,0586327345309381;0;1;0;0;0;0;1;0;0;0;1;0;0;0;0;0,0215947742460114;Muito Baixo;MEDICAL;RENT
22;27500;1,0;4250;10,99;0,15;2;0,1545454545454545;0;2;0;0;0;0;1;0;0;0;0;0;1;0;0;0,0040804133470096;Muito Baixo;VENTURE;RENT
24;22800;3,0;4750;11,36;0,21;4;0,2083333333333333;1;2;0;0;0;1;0;0;0;0;1;0;0;0;0;0,00202946429805;Muito Baixo;MEDICAL;OWN
25;45600;7,0;13000;12,99;0,29;4;0,2850877192982456;1;3;0;1;0;0;0;0;0;0;1;0;0;0;0;0,1410914513105762;Muito Baixo;MEDICAL;MORTGAGE
23;65000;0,0;12500;11,48;0,19;4;0,1923076923076923;1;2;0;0;0;0;1;0;1;0;0;0;0;0;0;0,0252998315839443;Muito Baixo;EDUCATION;RENT
23;76000;7,0;20000;7,49;0,26;4;0,2631578947368421;0;1;0;1;0;0;0;1;0;0;0;0;0;0;0;0,0492968393121638;Muito Baixo;DEBTCONSOLIDATION;MORTGAGE
26;69600;3,0;5000;11,66;0,07;4;0,0718390804597701;1;3;0;1;0;0;0;0;0;0;0;0;1;0;0;0,1576278576998599;Muito Baixo;VENTURE;MORTGAGE
26;75000;5,0;12500;5,99;0,17;4;0,1666666666666666;0;1;0;1;0;0;0;0;1;0;0;0;0;0;0;0,0115208999470731;Muito Baixo;EDUCATION;MORTGAGE
21;26000;4,0;7750;13,16;0,3;3;0,2980769230769231;1;3;1;0;0;0;1;0;1;0;0;0;0;0;0;0,1472454674596149;Muito Baixo;EDUCATION;RENT
25;78000;4,0;2400;11,86;0,03;4;0,0307692307692307;1;2;0;1;0;0;0;1;0;0;0;0;0;0;0;0,25942525804175;Baixo;DEBTCONSOLIDATION;MORTGAGE
23;38000;0,0;7200;7,9;0,19;4;0,1894736842105263;0;1;0;0;0;0;1;1;0;0;0;0;0;0;0;0,0500508065353458;Muito Baixo;DEBTCONSOLIDATION;RENT
25;40000;6,0;10400;9,91;0,26;4;0,26;0;2;0;0;0;0;1;0;1;0;0;0;0;0;0;0,0955713631987611;Muito Baixo;EDUCATION;RENT
43;11340;4,0;1950;13,48;0,17;11;0,1719576719576719;1;3;0;0;0;0;1;0;1;0;0;0;0;1;1;0,9912623910228052;Muito Alto;EDUCATION;RENT
30;59000;4,0;4000;8,94;0,07;7;0,0677966101694915;0;1;0;0;0;0;1;0;0;0;0;1;0;1;0;0,2282146416308423;Baixo;PERSONAL;RENT
25;30000;4,0;5000;7,9;0,17;3;0,1666666666666666;0;1;0;0;0;0;1;0;1;0;0;0;0;0;0;0,1920367271775791;Muito Baixo;EDUCATION;RENT
28;40000;1,0;1700;13,48;0,04;9;0,0425;1;3;0;0;0;0;1;0;0;0;1;0;0;0;0;0,046528834657487;Muito Baixo;MEDICAL;RENT
24;28800;5,0;5500;13,48;0,19;3;0,1909722222222222;1;3;1;1;0;0;0;1;0;0;0;0;0;0;0;0,1008007163005899;Muito Baixo;DEBTCONSOLIDATION;MORTGAGE
25;56950;9,0;5000;13,92;0,07;4;0,0877963125548726;1;3;0;0;0;0;1;0;0;0;1;0;0;1;1;0,8348068956566906;Muito Alto;MEDICAL;RENT
24;20352;3,0;7750;6,91;0,38;3;0,3807979559748428;0;1;0;0;0;1;0;0;0;0;0;0;1;0;0;0,0002583467399832;Muito Baixo;VENTURE;OWN
23;60000;0,0;15600;12,69;0,26;4;0,26;1;2;0;0;0;0;1;0;0;0;0;1;0;0;0;0,0632080304933372;Muito Baixo;PERSONAL;RENT
28;49000;4,0;7000;7,51;0,14;8;0,1428571428571428;0;1;0;1;0;0;0;0;0;0;1;0;0;0;0;0,1936936880266862;Muito Baixo;MEDICAL;MORTGAGE
22;85000;0,0;10000;7,66;0,12;3;0,1176470588235294;0;1;0;0;0;0;1;1;0;0;0;0;0;0;0;0,0098204124500062;Muito Baixo;DEBTCONSOLIDATION;RENT
26;89000;10,0;8000;10,99;0,09;2;0,0898876404494382;0;2;0;1;0;0;0;0;0;1;0;0;0;0;0;0,0839800325307561;Muito Baixo;HOMEIMPROVEMENT;MORTGAGE
23;36000;3,0;15000;14,59;0,42;4;0,4166666666666667;1;4;0;0;0;0;1;0;0;0;0;0;1;1;1;0,9944029632237594;Muito Alto;VENTURE;RENT
29;48000;4,0;5000;5,99;0,1;8;0,1041666666666666;0;1;0;1;0;0;0;0;0;1;0;0;0;0;0;0,1203566314119068;Muito Baixo;HOMEIMPROVEMENT;MORTGAGE
21;18000;5,0;1800;6,62;0,1;3;0,1;0;1;0;0;0;0;1;0;0;0;0;1;0;0;0;0,3082813462627368;Baixo;PERSONAL;RENT
31;29000;5,0;1500;12,29;0,05;6;0,0517241379310344;1;3;0;1;0;0;0;0;0;0;0;1;0;0;0;0,3668060497105428;Baixo;PERSONAL;MORTGAGE
23;54000;7,0;16000;16,32;0,3;3;0,2962962962962963;1;5;0;0;1;0;0;0;0;1;0;0;0;1;1;0,9921184084877218;Muito Alto;HOMEIMPROVEMENT;OTHER
22;96000;3,0;5000;10,99;0,05;4;0,0520833333333333;0;2;0;1;0;0;0;0;0;0;0;0;1;0;0;0,0006477796934496;Muito Baixo;VENTURE;MORTGAGE
36;48000;8,0;12150;5,79;0,25;14;0,253125;0;1;0;0;0;0;1;0;0;0;0;1;0;0;0;0,0122968986666148;Muito Baixo;PERSONAL;RENT
34;60000;5,0;7000;12,53;0,12;10;0,1166666666666666;1;3;1;1;0;0;0;0;1;0;0;0;0;0;0;0,0976771717432952;Muito Baixo;EDUCATION;MORTGAGE
28;54989;1,0;9000;10,99;0,16;8;0,1636690974558548;0;2;0;0;0;0;1;0;0;1;0;0;0;1;0;0,0907358983817952;Muito Baixo;HOMEIMPROVEMENT;RENT
24;100000;8,0;5625;6,99;0,06;4;0,05625;0;1;0;1;0;0;0;0;0;0;1;0;0;0;0;0,0070546572948269;Muito Baixo;MEDICAL;MORTGAGE
30;75000;2,0;21000;14,35;0,28;5;0,28;1;3;1;1;0;0;0;0;0;1;0;0;0;0;0;0,1655771096561602;Muito Baixo;HOMEIMPROVEMENT;MORTGAGE
34;48000;2,0;10000;7,14;0,21;10;0,2083333333333333;0;1;0;1;0;0;0;0;0;0;0;1;0;0;0;0,0249640127020421;Muito Baixo;PERSONAL;MORTGAGE
25;57000;5,0;13000;8,9;0,23;2;0,2280701754385964;0;1;0;1;0;0;0;0;0;0;0;1;0;0;0;0,0536517477544047;Muito Baixo;PERSONAL;MORTGAGE
27;34000;0,0;5600;15,96;0,16;10;0,1647058823529411;1;3;1;0;0;0;1;1;0;0;0;0;0;1;0;0,4538940788670204;Moderado;DEBTCONSOLIDATION;RENT
21;30000;0,0;4200;6,92;0,14;4;0,14;0;1;0;0;0;0;1;0;1;0;0;0;0;0;0;0,0501711956451562;Muito Baixo;EDUCATION;RENT
21;36000;2,0;6000;11,86;0,17;3;0,1666666666666666;1;2;0;0;0;0;1;0;1;0;0;0;0;0;0;0,0905766480337486;Muito Baixo;EDUCATION;RENT
31;59534;5,0;15000;15,21;0,25;10;0,2519568649847146;1;4;1;0;0;0;1;0;0;0;0;1;0;0;0;0,185584070589716;Muito Baixo;PERSONAL;RENT
38;31200;6,0;5850;13,49;0,19;11;0,1875;1;3;1;1;0;0;0;0;0;0;0;0;1;0;0;0,1439214622749374;Muito Baixo;VENTURE;MORTGAGE
28;35004;7,0;4000;11,49;0,11;10;0,1142726545537652;1;2;0;0;0;1;0;0;1;0;0;0;0;0;0;0,0006446787456708;Muito Baixo;EDUCATION;OWN
25;39500;2,0;10000;5,99;0,25;2;0,2531645569620253;0;1;0;0;0;0;1;0;0;0;1;0;0;0;0;0,0390835542130012;Muito Baixo;MEDICAL;RENT
23;100000;2,0;14000;6,17;0,14;4;0,14;0;1;0;1;0;0;0;1;0;0;0;0;0;0;0;0,0082769632284887;Muito Baixo;DEBTCONSOLIDATION;MORTGAGE
24;32000;1,0;6000;13,49;0,19;3;0,1875;1;3;0;0;0;0;1;0;0;1;0;0;0;1;1;0,957188619668787;Muito Alto;HOMEIMPROVEMENT;RENT
24;108000;5,0;9950;14,96;0,09;4;0,0921296296296296;1;4;1;1;0;0;0;0;1;0;0;0;0;0;0;0,0767237395826243;Muito Baixo;EDUCATION;MORTGAGE
33;41000;2,0;6500;7,51;0,16;7;0,1585365853658536;0;1;0;0;0;0;1;0;0;0;0;0;1;0;0;0,0011262132252227;Muito Baixo;VENTURE;RENT
29;39432;6,0;8000;11,86;0,2;6;0,2028809089064719;1;2;0;1;0;0;0;0;1;0;0;0;0;0;0;0,2407034504688244;Baixo;EDUCATION;MORTGAGE
42;82000;10,0;12000;13,24;0,15;13;0,1463414634146341;1;4;1;0;0;0;1;0;0;0;0;0;1;0;0;0,1422712070078328;Muito Baixo;VENTURE;RENT
29;34999;8,0;6250;15,95;0,18;9;0,1785765307580216;1;4;1;1;0;0;0;1;0;0;0;0;0;1;1;0,992064067083441;Muito Alto;DEBTCONSOLIDATION;MORTGAGE
32;24000;2,0;12000;7,49;0,5;8;0,5;0;1;0;0;0;0;1;0;0;0;1;0;0;1;1;0,9955988039151934;Muito Alto;MEDICAL;RENT
25;125000;9,0;12000;9,91;0,1;3;0,096;0;2;0;1;0;0;0;0;0;0;0;1;0;0;0;0,0411267563808402;Muito Baixo;PERSONAL;MORTGAGE
26;30000;5,0;8000;12,99;0,27;2;0,2666666666666666;1;3;0;0;0;0;1;0;0;0;0;1;0;0;0;0,363292432435323;Baixo;PERSONAL;RENT
22;78400;2,0;5000;17,49;0,06;3;0,0637755102040816;1;4;1;1;0;0;0;0;0;0;0;0;1;0;0;0,2879415859356417;Baixo;VENTURE;MORTGAGE
27;130000;1,0;21000;10,62;0,16;7;0,1615384615384615;0;2;0;1;0;0;0;0;0;1;0;0;0;0;0;0,0500557405844109;Muito Baixo;HOMEIMPROVEMENT;MORTGAGE
33;24000;2,0;3000;6,62;0,13;9;0,125;0;1;0;0;0;0;1;0;0;0;1;0;0;0;0;0,0308988172448268;Muito Baixo;MEDICAL;RENT
26;98000;5,0;12000;8,49;0,12;3;0,1224489795918367;0;1;0;1;0;0;0;0;0;0;1;0;0;0;0;0,031794356667217;Muito Baixo;MEDICAL;MORTGAGE
32;71000;2,0;15000;15,95;0,21;9;0,2112676056338028;1;4;0;0;0;0;1;0;1;0;0;0;0;1;1;0,901036887726444;Muito Alto;EDUCATION;RENT
26;32000;2,0;6500;14,22;0,2;2;0,203125;1;3;1;0;0;0;1;0;0;0;1;0;0;0;0;0,15379364674936;Muito Baixo;MEDICAL;RENT
35;38000;3,0;8000;10,99;0,21;9;0,2105263157894736;0;2;0;0;0;0;1;0;0;0;0;0;1;0;0;0,0024128352803332;Muito Baixo;VENTURE;RENT
33;63600;4,0;8500;13,23;0,13;8;0,1336477987421383;1;3;0;1;0;0;0;1;0;0;0;0;0;0;0;0,2833583151158484;Baixo;DEBTCONSOLIDATION;MORTGAGE
26;99100;2,0;7000;7,49;0,07;3;0,0706357214934409;0;1;0;0;0;0;1;0;0;0;0;1;0;0;0;0,0167800630658994;Muito Baixo;PERSONAL;RENT
26;260000;10,0;28000;10,99;0,11;3;0,1076923076923077;0;2;0;0;0;1;0;0;0;1;0;0;0;0;0;0,0015624855148362;Muito Baixo;HOMEIMPROVEMENT;OWN
26;72600;3,0;4500;7,74;0,06;3;0,0619834710743801;0;1;0;1;0;0;0;0;0;0;0;0;1;0;0;0,0008747505330113;Muito Baixo;VENTURE;MORTGAGE
24;102996;3,0;20000;6,91;0,19;4;0,1941822983416831;0;1;0;1;0;0;0;0;0;0;0;0;1;0;0;0,0003066361946266;Muito Baixo;VENTURE;MORTGAGE
28;70000;1,0;12000;14,27;0,17;6;0,1714285714285714;1;3;1;0;0;0;1;0;0;1;0;0;0;0;0;0,1183407588009377;Muito Baixo;HOMEIMPROVEMENT;RENT
38;83000;3,0;22250;23,22;0,27;12;0,2680722891566265;1;7;1;0;0;0;1;0;0;1;0;0;0;1;1;0,9666541644569177;Muito Alto;HOMEIMPROVEMENT;RENT
38;40000;5,0;10000;5,99;0,25;17;0,25;0;1;0;1;0;0;0;0;0;0;0;1;0;0;0;0,0105176918618568;Muito Baixo;PERSONAL;MORTGAGE
21;35000;5,0;1500;9,63;0,04;2;0,0428571428571428;0;2;0;1;0;0;0;0;1;0;0;0;0;0;0;0,0464136480034587;Muito Baixo;EDUCATION;MORTGAGE
22;71760;6,0;15500;7,88;0,22;2;0,2159977703455964;0;1;0;0;0;0;1;0;1;0;0;0;0;0;0;0,0306098457494579;Muito Baixo;EDUCATION;RENT
25;84000;3,0;10000;13,48;0,12;4;0,119047619047619;1;3;1;0;0;0;1;1;0;0;0;0;0;0;0;0,053992277966403;Muito Baixo;DEBTCONSOLIDATION;RENT
22;72000;6,0;15000;11,58;0,21;2;0,2083333333333333;1;2;0;0;1;0;0;0;0;0;0;0;1;0;0;0,001494089685166;Muito Baixo;VENTURE;OTHER
34;69000;0,0;12800;15,7;0,19;5;0,1855072463768116;1;4;0;0;0;0;1;0;0;0;0;0;1;1;1;0,9477040381323806;Muito Alto;VENTURE;RENT
21;40000;0,0;2500;14,27;0,06;2;0,0625;1;3;0;0;0;1;0;0;1;0;0;0;0;0;0;0,0004079208854687;Muito Baixo;EDUCATION;OWN
23;18720;2,0;4000;15,62;0,21;4;0,2136752136752136;1;4;0;0;0;0;1;0;1;0;0;0;0;1;1;0,9977676031482156;Muito Alto;EDUCATION;RENT
31;106000;15,0;2400;9,63;0,02;6;0,0226415094339622;0;2;0;1;0;0;0;0;0;1;0;0;0;0;0;0,1637627404041665;Muito Baixo;HOMEIMPROVEMENT;MORTGAGE
22;32968;2,0;5000;14,61;0,15;3;0,1516622179082747;1;4;0;0;0;0;1;1;0;0;0;0;0;1;1;0,9972764054372464;Muito Alto;DEBTCONSOLIDATION;RENT
27;55000;6,0;10000;7,9;0,18;6;0,1818181818181818;0;1;0;1;0;0;0;0;0;0;0;1;0;0;0;0,053308705544274;Muito Baixo;PERSONAL;MORTGAGE
26;42000;1,0;1500;14,61;0,04;3;0,0357142857142857;1;4;1;0;0;0;1;0;0;0;0;0;1;1;1;0,9314465206419966;Muito Alto;VENTURE;RENT
21;37260;1,0;7500;14,84;0,2;2;0,2012882447665056;1;4;1;0;0;0;1;0;0;1;0;0;0;1;1;0,9996587049598028;Muito Alto;HOMEIMPROVEMENT;RENT
24;55000;5,0;10000;5,42;0,18;2;0,1818181818181818;0;1;0;0;0;0;1;0;0;1;0;0;0;0;0;0,0290329646729647;Muito Baixo;HOMEIMPROVEMENT;RENT
22;120000;3,0;5000;14,79;0,04;3;0,0416666666666666;1;3;1;1;0;0;0;0;0;0;0;0;1;0;0;0,031290974741641;Muito Baixo;VENTURE;MORTGAGE
43;72000;9,0;10000;10,99;0,14;11;0,1388888888888889;0;2;0;1;0;0;0;0;0;0;1;0;0;0;0;0,0372348554346349;Muito Baixo;MEDICAL;MORTGAGE
34;36000;3,0;3600;13,49;0,1;7;0,1;1;3;1;0;0;0;1;0;0;0;0;0;1;0;0;0,0936200141372468;Muito Baixo;VENTURE;RENT
25;105000;3,0;12000;12,84;0,11;2;0,1142857142857142;1;3;1;1;0;0;0;0;0;0;0;0;1;0;0;0,0378877277508398;Muito Baixo;VENTURE;MORTGAGE
23;47000;7,0;12000;16,29;0,26;3;0,2553191489361702;1;4;1;0;0;0;1;1;0;0;0;0;0;1;1;0,9910745282408764;Muito Alto;DEBTCONSOLIDATION;RENT
22;66000;6,0;2400;10,99;0,04;2;0,0363636363636363;0;2;0;1;0;0;0;0;0;0;0;0;1;0;0;0,0019612189113778;Muito Baixo;VENTURE;MORTGAGE
26;119000;6,0;15000;14,42;0,13;2;0,1260504201680672;1;4;0;1;0;0;0;0;0;0;0;0;1;0;0;0,0854355514705883;Muito Baixo;VENTURE;MORTGAGE
23;105600;7,0;15000;7,51;0,14;3;0,1420454545454545;0;1;0;1;0;0;0;1;0;0;0;0;0;0;0;0,0183900490247209;Muito Baixo;DEBTCONSOLIDATION;MORTGAGE
23;39000;3,0;10000;11,99;0,26;3;0,2564102564102564;1;2;0;0;0;0;1;0;0;0;0;1;0;1;0;0,2551745979925078;Baixo;PERSONAL;RENT
24;13000;4,0;4000;9,88;0,31;2;0,3076923076923077;0;2;0;0;0;0;1;0;0;0;0;1;0;1;1;0,999699670538854;Muito Alto;PERSONAL;RENT
30;48000;0,0;6000;7,88;0,13;10;0,125;0;1;0;0;0;0;1;0;1;0;0;0;0;0;0;0,047364997548535;Muito Baixo;EDUCATION;RENT
31;35004;2,0;2700;13,49;0,08;5;0,0771340418237915;1;3;0;0;0;0;1;0;1;0;0;0;0;0;0;0,1279539726220559;Muito Baixo;EDUCATION;RENT
23;60000;4,0;7000;5,79;0,12;4;0,1166666666666666;0;1;0;0;0;0;1;0;1;0;0;0;0;0;0;0,0095064308537661;Muito Baixo;EDUCATION;RENT
23;30996;2,0;5000;11,86;0,16;2;0,161311136920893;1;2;0;0;0;1;0;0;0;0;0;0;1;0;0;6,918013661620088e-05;Muito Baixo;VENTURE;OWN
23;50000;7,0;13750;18,43;0,28;3;0,275;1;6;0;1;0;0;0;1;0;0;0;0;0;1;1;0,9930265653677308;Muito Alto;DEBTCONSOLIDATION;MORTGAGE
29;70000;6,0;4200;10,99;0,06;9;0,06;0;2;0;1;0;0;0;1;0;0;0;0;0;0;0;0,0630900231736693;Muito Baixo;DEBTCONSOLIDATION;MORTGAGE
22;60000;3,0;8700;15,58;0,14;4;0,145;1;4;1;0;0;1;0;0;0;0;0;1;0;0;0;0,0003241685226448;Muito Baixo;PERSONAL;OWN
22;18000;1,0;5400;15,31;0,3;2;0,3;1;4;1;0;0;1;0;0;0;0;1;0;0;1;1;0,9976090086012974;Muito Alto;MEDICAL;OWN
22;33600;6,0;5000;7,14;0,15;3;0,1488095238095238;0;1;0;1;0;0;0;0;0;0;0;0;1;0;0;0,0015262341593748;Muito Baixo;VENTURE;MORTGAGE
27;93000;11,0;12000;8,9;0,13;8;0,1290322580645161;0;1;0;0;0;0;1;0;0;1;0;0;0;0;0;0,0389328086202915;Muito Baixo;HOMEIMPROVEMENT;RENT
45;54981;2,0;6000;7,49;0,11;17;0,1091286080646041;0;1;0;0;0;0;1;0;0;0;1;0;0;0;0;0,0261490897750502;Muito Baixo;MEDICAL;RENT
22;27996;4,0;3250;15,21;0,12;2;0,1160880125732247;1;4;0;1;0;0;0;0;0;0;1;0;0;1;1;0,969311068914407;Muito Alto;MEDICAL;MORTGAGE
23;35000;5,0;7000;6,03;0,2;2;0,2;0;1;0;0;0;0;1;1;0;0;0;0;0;0;0;0,0220944172018111;Muito Baixo;DEBTCONSOLIDATION;RENT
42;42000;4,0;12000;6,03;0,29;15;0,2857142857142857;0;1;0;0;0;1;0;0;0;0;0;0;1;0;0;1,1815026992499532e-05;Muito Baixo;VENTURE;OWN
29;36000;0,0;8000;7,49;0,22;7;0,2222222222222222;0;1;0;0;0;0;1;0;0;0;0;0;1;0;0;0,001605017892947;Muito Baixo;VENTURE;RENT
25;62280;3,0;15000;8,94;0,24;4;0,2408477842003853;0;1;0;0;0;0;1;0;1;0;0;0;0;0;0;0,0748220668406565;Muito Baixo;EDUCATION;RENT
26;90000;8,0;8400;13,48;0,09;2;0,0933333333333333;1;3;0;0;0;0;1;0;0;0;0;1;0;0;0;0,0629246200845933;Muito Baixo;PERSONAL;RENT
28;30000;4,0;3900;11,99;0,13;9;0,13;1;2;0;0;0;0;1;0;1;0;0;0;0;0;0;0,2211202862250247;Baixo;EDUCATION;RENT
33;28800;5,0;4000;9,88;0,14;5;0,1388888888888889;0;2;0;0;0;0;1;0;0;0;1;0;0;0;0;0,0376995963627702;Muito Baixo;MEDICAL;RENT
27;55000;0,0;11000;5,42;0,2;9;0,2;0;1;0;1;0;0;0;1;0;0;0;0;0;0;0;0,0285289491587376;Muito Baixo;DEBTCONSOLIDATION;MORTGAGE
41;35400;11,0;1500;12,87;0,04;14;0,0423728813559322;1;3;1;0;0;0;1;0;0;0;0;0;1;0;0;0,0823365369944116;Muito Baixo;VENTURE;RENT
26;110000;9,0;20000;13,72;0,18;3;0,1818181818181818;1;3;0;1;0;0;0;0;0;0;0;1;0;0;0;0,0693879545001071;Muito Baixo;PERSONAL;MORTGAGE
23;124800;4,0;28000;10,99;0,22;2;0,2243589743589743;0;2;0;1;0;0;0;0;0;0;1;0;0;0;0;0,0341792620649933;Muito Baixo;MEDICAL;MORTGAGE
41;444000;4,0;2500;15,31;0,01;11;0,0056306306306306;1;4;0;1;0;0;0;0;1;0;0;0;0;0;0;0,0460248507162767;Muito Baixo;EDUCATION;MORTGAGE
24;70092;0,0;13950;11,14;0,2;2;0,1990241397021058;1;2;0;1;0;0;0;1;0;0;0;0;0;0;0;0,0521760118928585;Muito Baixo;DEBTCONSOLIDATION;MORTGAGE
23;40000;6,0;3000;7,66;0,07;3;0,075;0;1;0;0;0;1;0;0;1;0;0;0;0;0;0;0,0004173517977469;Muito Baixo;EDUCATION;OWN
28;73000;3,0;1000;13,48;0,01;7;0,0136986301369863;1;3;0;0;0;0;1;1;0;0;0;0;0;0;0;0,0484990462064729;Muito Baixo;DEBTCONSOLIDATION;RENT
23;51996;0,0;3400;17,58;0,07;4;0,0653896453573351;1;6;0;0;0;0;1;0;0;1;0;0;0;1;1;0,9987272140575236;Muito Alto;HOMEIMPROVEMENT;RENT
30;65000;11,0;12800;15,2;0,2;6;0,1969230769230769;1;4;0;0;0;0;1;0;0;0;0;1;0;0;0;0,0941581735686713;Muito Baixo;PERSONAL;RENT
28;55000;6,0;12000;14,27;0,22;10;0,2181818181818181;1;3;1;0;0;0;1;0;0;0;1;0;0;0;0;0,0590982741465451;Muito Baixo;MEDICAL;RENT
23;33000;5,0;4800;14,54;0,15;4;0,1454545454545454;1;4;0;0;0;0;1;0;0;0;0;0;1;0;0;0,3304657135348851;Baixo;VENTURE;RENT
27;72900;3,0;10000;15,7;0,14;9;0,1371742112482853;1;4;1;1;0;0;0;0;0;0;0;1;0;0;0;0,1524492071688893;Muito Baixo;PERSONAL;MORTGAGE
24;53000;3,0;2000;10,36;0,04;2;0,0377358490566037;0;2;0;0;0;0;1;0;0;1;0;0;0;0;0;0,2077490579178591;Baixo;HOMEIMPROVEMENT;RENT
27;42000;4,0;2850;13,48;0,07;7;0,0678571428571428;1;3;0;1;0;0;0;0;0;0;0;1;0;1;0;0,1410337317865364;Muito Baixo;PERSONAL;MORTGAGE
27;46000;3,0;18000;7,9;0,39;8;0,391304347826087;0;1;0;1;0;0;0;0;0;0;1;0;0;0;0;0,2155438617743826;Baixo;MEDICAL;MORTGAGE
29;175000;2,0;10000;7,49;0,06;9;0,0571428571428571;0;1;0;1;0;0;0;0;0;1;0;0;0;0;0;0,017713124735342;Muito Baixo;HOMEIMPROVEMENT;MORTGAGE
23;60000;5,0;22000;13,06;0,37;3;0,3666666666666666;1;3;1;1;0;0;0;0;0;0;1;0;0;0;0;0,3051961904504425;Baixo;MEDICAL;MORTGAGE
26;38400;2,0;5550;9,99;0,14;2;0,14453125;0;2;0;0;0;1;0;0;1;0;0;0;0;0;0;0,0004363309990295;Muito Baixo;EDUCATION;OWN
21;30000;3,0;2500;7,14;0,08;4;0,0833333333333333;0;1;0;0;0;0;1;1;0;0;0;0;0;1;0;0,2120275050259115;Baixo;DEBTCONSOLIDATION;RENT
23;88000;7,0;12475;6,03;0,14;4;0,1417613636363636;0;1;0;1;0;0;0;0;0;0;0;0;1;0;0;0,0002047900922794;Muito Baixo;VENTURE;MORTGAGE
22;37000;4,0;10000;10,99;0,27;2;0,2702702702702703;0;2;0;0;0;0;1;1;0;0;0;0;0;0;0;0,1202097789574582;Muito Baixo;DEBTCONSOLIDATION;RENT
24;23500;2,0;7000;10,38;0,3;3;0,2978723404255319;0;2;0;1;0;0;0;1;0;0;0;0;0;0;0;0,0598686580991774;Muito Baixo;DEBTCONSOLIDATION;MORTGAGE
35;175000;0,0;16000;11,49;0,09;10;0,0914285714285714;1;2;0;0;0;0;1;1;0;0;0;0;0;0;0;0,0304011014755293;Muito Baixo;DEBTCONSOLIDATION;RENT
28;58000;5,0;19000;14,09;0,33;8;0,3275862068965517;1;4;0;0;0;0;1;0;0;1;0;0;0;1;1;0,9891302596207046;Muito Alto;HOMEIMPROVEMENT;RENT
21;43000;5,0;6500;12,73;0,15;3;0,1511627906976744;1;3;0;0;0;0;1;0;1;0;0;0;0;0;0;0,0886185371874834;Muito Baixo;EDUCATION;RENT
25;162000;9,0;25000;11,03;0,15;2;0,1543209876543209;1;3;0;0;0;0;1;0;0;0;0;1;0;0;0;0,0677910853012561;Muito Baixo;PERSONAL;RENT
29;140000;12,0;24250;11,12;0,17;8;0,1732142857142857;1;2;0;1;0;0;0;0;0;0;1;0;0;0;0;0,0644049844995376;Muito Baixo;MEDICAL;MORTGAGE
29;42000;1,0;11300;9,99;0,27;5;0,269047619047619;0;2;0;0;0;0;1;0;0;0;1;0;0;0;0;0,0474953330570465;Muito Baixo;MEDICAL;RENT
21;32400;1,0;10000;11,48;0,31;2;0,3086419753086419;1;2;0;0;0;0;1;0;1;0;0;0;0;1;1;0,987083968436717;Muito Alto;EDUCATION;RENT
31;85000;5,0;16000;11,34;0,19;8;0,188235294117647;1;3;1;0;0;0;1;0;1;0;0;0;0;0;0;0,055278360143537;Muito Baixo;EDUCATION;RENT
32;108000;13,0;8400;15,99;0,08;7;0,0777777777777777;1;4;0;1;0;0;0;1;0;0;0;0;0;1;1;0,99605441453374;Muito Alto;DEBTCONSOLIDATION;MORTGAGE
21;21600;4,0;6700;6,92;0,31;4;0,3101851851851852;0;1;0;0;0;0;1;1;0;0;0;0;0;1;1;0,9783052477311156;Muito Alto;DEBTCONSOLIDATION;RENT
29;36000;4,0;5300;7,14;0,15;6;0,1472222222222222;0;1;0;0;0;1;0;0;0;1;0;0;0;0;0;0,0008787477470854;Muito Baixo;HOMEIMPROVEMENT;OWN
26;80690;8,0;30000;7,49;0,37;3;0,3717932829346883;0;1;0;0;0;0;1;0;0;0;0;1;0;1;1;0,9936824645629672;Muito Alto;PERSONAL;RENT
27;42000;6,0;3000;13,48;0,07;7;0,0714285714285714;1;3;1;0;0;0;1;1;0;0;0;0;0;0;0;0,1339032678870482;Muito Baixo;DEBTCONSOLIDATION;RENT
27;45150;1,0;18000;13,16;0,4;7;0,3986710963455149;1;3;0;0;0;0;1;0;0;0;0;1;0;1;1;0,9949265922815772;Muito Alto;PERSONAL;RENT
24;39500;0,0;6400;10,36;0,16;2;0,1620253164556962;0;2;0;0;0;0;1;0;0;0;0;1;0;0;0;0,1313427413112378;Muito Baixo;PERSONAL;RENT
22;150000;6,0;18000;15,2;0,12;4;0,12;1;4;0;1;0;0;0;0;0;0;0;1;0;0;0;0,0913002219659819;Muito Baixo;PERSONAL;MORTGAGE
34;72000;2,0;20000;11,89;0,28;10;0,2777777777777778;1;2;0;0;0;0;1;0;0;0;0;0;1;0;0;0,0035538654417351;Muito Baixo;VENTURE;RENT
22;100000;3,0;10000;10,65;0,1;2;0,1;0;2;0;0;0;0;1;0;0;0;0;0;1;0;0;0,001369618766248;Muito Baixo;VENTURE;RENT
33;130000;9,0;25000;15,33;0,19;10;0,1923076923076923;1;4;1;1;0;0;0;0;0;0;0;1;0;0;0;0,0634100371332741;Muito Baixo;PERSONAL;MORTGAGE
22;47000;5,0;20000;16,77;0,43;3;0,425531914893617;1;4;0;0;0;0;1;0;0;0;1;0;0;1;1;0,998783996581988;Muito Alto;MEDICAL;RENT
26;118000;1,0;15000;17,58;0,13;4;0,1271186440677966;1;4;0;0;0;0;1;0;1;0;0;0;0;1;1;0,92062391977946;Muito Alto;EDUCATION;RENT
41;35100;3,0;4650;7,88;0,13;17;0,1324786324786324;0;1;0;1;0;0;0;0;1;0;0;0;0;0;0;0,0267676736866083;Muito Baixo;EDUCATION;MORTGAGE
30;253000;3,0;24000;14,96;0,09;7;0,0948616600790513;1;4;0;1;0;0;0;1;0;0;0;0;0;1;1;0,9924395118143652;Muito Alto;DEBTCONSOLIDATION;MORTGAGE
21;23000;6,0;3000;13,35;0,13;3;0,1304347826086956;1;3;0;1;0;0;0;1;0;0;0;0;0;0;0;0,2190721760461549;Baixo;DEBTCONSOLIDATION;MORTGAGE
24;60000;8,0;2800;9,32;0,05;4;0,0466666666666666;0;1;0;1;0;0;0;0;0;0;0;0;1;0;0;0,0014105112992761;Muito Baixo;VENTURE;MORTGAGE
22;29376;1,0;2800;7,43;0,1;4;0,0953159041394335;0;1;0;0;0;0;1;0;1;0;0;0;0;0;0;0,0921985345035394;Muito Baixo;EDUCATION;RENT
27;37000;7,0;8400;9,91;0,23;7;0,227027027027027;0;2;0;0;0;0;1;0;0;0;1;0;0;0;0;0,0840317998568955;Muito Baixo;MEDICAL;RENT
51;52250;4,0;9200;13,61;0,18;24;0,1760765550239234;1;3;0;0;0;0;1;0;0;0;0;0;1;0;0;0,0452729142405937;Muito Baixo;VENTURE;RENT
29;200000;4,0;5000;7,43;0,03;10;0,025;0;1;0;0;0;0;1;0;0;0;0;1;0;0;0;0,0074016434539121;Muito Baixo;PERSONAL;RENT
25;51000;0,0;4200;7,29;0,08;2;0,0823529411764705;0;1;0;1;0;0;0;0;0;0;0;1;0;0;0;0,0371565645739349;Muito Baixo;PERSONAL;MORTGAGE
28;34000;4,0;5000;7,9;0,15;5;0,1470588235294117;0;1;0;0;0;0;1;0;0;0;0;1;0;1;0;0,4219741985966823;Moderado;PERSONAL;RENT
25;63000;0,0;25000;13,87;0,4;2;0,3968253968253968;1;4;0;1;0;0;0;0;1;0;0;0;0;0;0;0,308061748867337;Baixo;EDUCATION;MORTGAGE
30;78000;1,0;26000;15,96;0,33;5;0,3333333333333333;1;3;1;1;0;0;0;0;0;0;1;0;0;0;0;0,3182227894128814;Baixo;MEDICAL;MORTGAGE
23;75000;1,0;6000;6,99;0,08;4;0,08;0;1;0;0;0;0;1;0;0;0;0;0;1;0;0;0,0007045024290306;Muito Baixo;VENTURE;RENT
35;44000;5,0;6500;7,51;0,15;7;0,1477272727272727;0;1;0;1;0;0;0;1;0;0;0;0;0;0;0;0,0524731206048899;Muito Baixo;DEBTCONSOLIDATION;MORTGAGE
25;28176;3,0;1000;9,63;0,04;4;0,0354911981828506;0;2;0;0;0;1;0;0;0;0;1;0;0;0;0;0,0006260828323753;Muito Baixo;MEDICAL;OWN
34;70000;7,0;17000;11,14;0,24;8;0,2428571428571428;1;2;0;1;0;0;0;1;0;0;0;0;0;1;0;0,0936797007655907;Muito Baixo;DEBTCONSOLIDATION;MORTGAGE
22;90000;5,0;15000;11,49;0,17;4;0,1666666666666666;1;2;0;0;0;0;1;0;0;0;1;0;0;0;0;0,0346097377427244;Muito Baixo;MEDICAL;RENT
26;95000;0,0;2400;7,49;0,03;3;0,0252631578947368;0;1;0;0;0;0;1;0;0;0;0;0;1;0;0;0,0006376292209263;Muito Baixo;VENTURE;RENT
22;65000;1,0;12500;6,91;0,19;2;0,1923076923076923;0;1;0;0;0;0;1;0;1;0;0;0;0;0;0;0,0133746885859211;Muito Baixo;EDUCATION;RENT
32;95200;15,0;15000;5,99;0,16;8;0,157563025210084;0;1;0;1;0;0;0;0;0;0;1;0;0;0;0;0,002346234039306;Muito Baixo;MEDICAL;MORTGAGE
28;42000;4,0;4000;9,25;0,1;10;0,0952380952380952;0;2;0;1;0;0;0;0;0;0;1;0;0;1;0;0,1083363635871751;Muito Baixo;MEDICAL;MORTGAGE
32;140000;3,0;5000;10,38;0,04;10;0,0357142857142857;0;2;0;1;0;0;0;0;0;1;0;0;0;0;0;0,022577806982202;Muito Baixo;HOMEIMPROVEMENT;MORTGAGE
33;53000;1,0;12000;12,84;0,23;5;0,2264150943396226;1;3;1;0;0;0;1;0;0;0;1;0;0;0;0;0,0583672378140778;Muito Baixo;MEDICAL;RENT
49;120000;12,0;12000;10,99;0,1;12;0,1;0;2;0;1;0;0;0;0;0;0;1;0;0;0;0;0,0525767532995256;Muito Baixo;MEDICAL;MORTGAGE
22;28080;5,0;15250;16,7;0,54;4;0,5430911680911681;1;5;0;0;0;0;1;0;0;0;0;0;1;1;1;0,9971012488556436;Muito Alto;VENTURE;RENT
31;72000;6,0;21000;11,99;0,29;6;0,2916666666666667;1;2;0;0;0;0;1;1;0;0;0;0;0;1;0;0,1623157311005733;Muito Baixo;DEBTCONSOLIDATION;RENT
23;35000;7,0;12000;12,42;0,34;2;0,3428571428571428;1;2;0;1;0;0;0;1;0;0;0;0;0;0;0;0,106143234165253;Muito Baixo;DEBTCONSOLIDATION;MORTGAGE
32;63000;9,0;8000;10,74;0,13;5;0,1269841269841269;0;2;0;0;0;0;1;1;0;0;0;0;0;1;0;0,0652825250361991;Muito Baixo;DEBTCONSOLIDATION;RENT
26;44400;4,0;6500;14,35;0,15;2;0,1463963963963964;1;3;0;1;0;0;0;0;0;0;0;0;1;0;0;0,132857845400154;Muito Baixo;VENTURE;MORTGAGE
25;96000;0,0;6000;6,99;0,06;4;0,0625;0;1;0;0;0;0;1;0;0;1;0;0;0;0;0;0,0097530268047533;Muito Baixo;HOMEIMPROVEMENT;RENT
36;27600;0,0;1000;11,49;0,04;12;0,036231884057971;1;2;0;0;0;0;1;0;1;0;0;0;0;0;0;0,1048530757753531;Muito Baixo;EDUCATION;RENT
35;170000;6,0;6500;7,49;0,04;10;0,038235294117647;0;1;0;1;0;0;0;0;1;0;0;0;0;0;0;0,0067241771732292;Muito Baixo;EDUCATION;MORTGAGE
32;122400;16,0;10000;7,88;0,08;6;0,0816993464052287;0;1;0;1;0;0;0;0;0;0;1;0;0;0;0;0,0216072781440933;Muito Baixo;MEDICAL;MORTGAGE
29;79894;7,0;20000;14,96;0,25;10;0,2503316894885724;1;4;1;1;0;0;0;0;0;0;0;0;1;0;0;0,1106840021335617;Muito Baixo;VENTURE;MORTGAGE
23;55000;0,0;12300;13,48;0,22;4;0,2236363636363636;1;3;0;0;0;0;1;0;0;0;0;0;1;0;0;0,0625503902036407;Muito Baixo;VENTURE;RENT
26;65450;3,0;10800;12,21;0,14;3;0,1650114591291062;1;2;0;1;0;0;0;0;0;0;1;0;0;1;0;0,184916630721579;Muito Baixo;MEDICAL;MORTGAGE
28;94773;3,0;6000;11,83;0,06;10;0,0633091703333227;1;2;0;0;0;0;1;0;0;1;0;0;0;0;0;0,0252525022401143;Muito Baixo;HOMEIMPROVEMENT;RENT
39;60000;1,0;11025;10,59;0,18;12;0,18375;0;2;0;0;0;0;1;0;0;0;1;0;0;0;0;0,0203665085883903;Muito Baixo;MEDICAL;RENT
23;27350;5,0;1925;10,99;0,07;3;0,0703839122486288;0;2;0;1;0;0;0;0;0;0;0;0;1;0;0;0,0021377906594624;Muito Baixo;VENTURE;MORTGAGE
22;29004;4,0;9975;10,99;0,34;2;0,343918080264791;0;2;0;0;0;0;1;0;1;0;0;0;0;1;1;0,9962575111734402;Muito Alto;EDUCATION;RENT
27;100000;9,0;20000;12,69;0,2;5;0,2;1;2;0;0;0;0;1;0;0;0;1;0;0;0;0;0,0491265841677987;Muito Baixo;MEDICAL;RENT
33;160000;3,0;22000;10,75;0,14;8;0,1375;0;2;0;1;0;0;0;0;0;0;0;1;0;0;0;0,0328975313593314;Muito Baixo;PERSONAL;MORTGAGE
22;30000;6,0;5000;13,23;0,17;4;0,1666666666666666;1;3;0;1;0;0;0;1;0;0;0;0;0;0;0;0,3602634427352074;Baixo;DEBTCONSOLIDATION;MORTGAGE
26;72000;8,0;7000;9,32;0,1;2;0,0972222222222222;0;1;0;0;0;0;1;0;0;0;0;1;0;0;0;0,0720093622519026;Muito Baixo;PERSONAL;RENT
28;51200;12,0;12000;10,99;0,23;7;0,234375;0;2;0;0;0;0;1;1;0;0;0;0;0;1;0;0,112122170474281;Muito Baixo;DEBTCONSOLIDATION;RENT
24;80000;8,0;18000;10,62;0,23;2;0,225;0;2;0;1;0;0;0;0;1;0;0;0;0;0;0;0,0368129930605004;Muito Baixo;EDUCATION;MORTGAGE
25;48000;6,0;3200;6,99;0,07;2;0,0666666666666666;0;1;0;1;0;0;0;0;0;0;0;0;1;0;0;0,0006764330929246;Muito Baixo;VENTURE;MORTGAGE
22;34800;7,0;9600;19,16;0,28;2;0,2758620689655172;1;7;1;0;0;0;1;0;0;0;0;1;0;1;1;0,6163508011941086;Alto;PERSONAL;RENT
40;68000;1,0;9200;8,94;0,14;11;0,1352941176470588;0;1;0;1;0;0;0;0;0;0;0;1;0;0;0;0,0533691657760912;Muito Baixo;PERSONAL;MORTGAGE
25;62400;4,0;15000;17,58;0,24;4;0,2403846153846154;1;4;0;0;0;1;0;0;0;0;1;0;0;0;0;0,0265897182208785;Muito Baixo;MEDICAL;OWN
30;70000;6,0;12800;10,99;0,18;7;0,1828571428571428;0;2;0;1;0;0;0;0;0;1;0;0;0;0;0;0,0574612283310666;Muito Baixo;HOMEIMPROVEMENT;MORTGAGE
26;51000;10,0;15825;6,99;0,31;3;0,3102941176470588;0;1;0;1;0;0;0;0;0;0;1;0;0;0;0;0,1472056428582227;Muito Baixo;MEDICAL;MORTGAGE
23;18460;0,0;2775;7,68;0,15;2;0,1503250270855904;0;1;0;0;0;0;1;0;0;0;0;1;0;0;0;0,052540386627014;Muito Baixo;PERSONAL;RENT
42;32400;1,0;8875;16,29;0,27;16;0,2739197530864197;1;4;0;0;0;0;1;1;0;0;0;0;0;1;1;0,9987279654171916;Muito Alto;DEBTCONSOLIDATION;RENT
32;110888;0,0;10400;9,91;0,09;7;0,0937883269605367;0;2;0;1;0;0;0;0;0;1;0;0;0;0;0;0,0509354743731885;Muito Baixo;HOMEIMPROVEMENT;MORTGAGE
26;173000;0,0;10000;8,07;0,06;4;0,0578034682080924;0;1;0;1;0;0;0;0;0;0;0;1;0;0;0;0,0559023617194273;Muito Baixo;PERSONAL;MORTGAGE
29;68000;13,0;10000;7,74;0,15;7;0,1470588235294117;0;1;0;1;0;0;0;0;1;0;0;0;0;0;0;0,0512901397777908;Muito Baixo;EDUCATION;MORTGAGE
23;55200;2,0;2000;11,86;0,04;3;0,036231884057971;1;2;0;1;0;0;0;1;0;0;0;0;0;0;0;0,1040712410722228;Muito Baixo;DEBTCONSOLIDATION;MORTGAGE
28;56000;0,0;20000;18,62;0,36;7;0,3571428571428571;1;6;0;0;0;0;1;0;0;0;1;0;0;1;1;0,9998017536514422;Muito Alto;MEDICAL;RENT
26;48000;7,0;16750;14,26;0,35;3;0,3489583333333333;1;3;1;1;0;0;0;0;0;1;0;0;0;0;0;0,1522338213791932;Muito Baixo;HOMEIMPROVEMENT;MORTGAGE
28;102000;12,0;15000;11,46;0,15;7;0,1470588235294117;1;2;0;0;0;0;1;1;0;0;0;0;0;0;0;0,0677710526553017;Muito Baixo;DEBTCONSOLIDATION;RENT
24;21000;2,0;1800;10,65;0,09;2;0,0857142857142857;0;2;0;0;0;0;1;0;0;0;1;0;0;0;0;0,0894057547390809;Muito Baixo;MEDICAL;RENT
23;52000;3,0;17000;11,58;0,33;4;0,3269230769230769;1;2;0;0;0;0;1;1;0;0;0;0;0;1;1;0,9851286077492086;Muito Alto;DEBTCONSOLIDATION;RENT
22;48000;2,0;11000;10,75;0,23;4;0,2291666666666666;0;2;0;0;0;0;1;0;1;0;0;0;0;0;0;0,0549167367693599;Muito Baixo;EDUCATION;RENT
25;174000;2,0;8800;14,27;0,05;3;0,0505747126436781;1;3;0;1;0;0;0;1;0;0;0;0;0;0;0;0,1542761420253597;Muito Baixo;DEBTCONSOLIDATION;MORTGAGE
23;32388;0,0;6000;10,71;0,19;4;0,1852537977028529;0;2;0;1;0;0;0;0;0;0;0;0;1;0;0;0,0017690620796084;Muito Baixo;VENTURE;MORTGAGE
23;95000;0,0;14000;12,69;0,15;2;0,1473684210526315;1;2;0;0;0;0;1;0;1;0;0;0;0;0;0;0,0280957083236254;Muito Baixo;EDUCATION;RENT
61;78000;1,0;8525;14,54;0,11;27;0,1092948717948718;1;4;1;1;0;0;0;0;0;0;0;1;0;1;0;0,261110081261485;Baixo;PERSONAL;MORTGAGE
25;83004;9,0;5000;6,76;0,06;3;0,0602380608163462;0;1;0;1;0;0;0;1;0;0;0;0;0;0;0;0,0294353506888415;Muito Baixo;DEBTCONSOLIDATION;MORTGAGE
37;31200;1,0;6600;5,42;0,21;12;0,2115384615384615;0;1;0;0;0;1;0;0;0;0;0;0;1;0;0;3,606676571051406e-05;Muito Baixo;VENTURE;OWN
28;20000;0,0;2150;10,37;0,11;6;0,1075;0;2;0;0;0;0;1;0;0;0;1;0;0;0;0;0,1155790284441565;Muito Baixo;MEDICAL;RENT
38;34000;4,0;5750;10,99;0,17;16;0,1691176470588235;0;2;0;0;0;0;1;0;0;0;1;0;0;0;0;0,1668296760340321;Muito Baixo;MEDICAL;RENT
27;70000;6,0;12000;10,99;0,17;8;0,1714285714285714;0;2;0;0;0;0;1;0;0;0;0;0;1;0;0;0,0017763062945351;Muito Baixo;VENTURE;RENT
37;24000;5,0;10000;9,76;0,42;13;0,4166666666666667;0;2;0;0;0;0;1;1;0;0;0;0;0;1;1;0,9844555621627968;Muito Alto;DEBTCONSOLIDATION;RENT
26;150500;10,0;10000;15,99;0,07;3;0,0664451827242525;1;4;0;1;0;0;0;1;0;0;0;0;0;1;1;0,991494383884252;Muito Alto;DEBTCONSOLIDATION;MORTGAGE
28;57408;2,0;4800;11,99;0,08;6;0,0836120401337792;1;2;0;0;0;0;1;0;0;1;0;0;0;0;0;0,2254756585030801;Baixo;HOMEIMPROVEMENT;RENT
25;42996;6,0;5000;10,38;0,12;2;0,1162898874313889;0;2;0;0;0;0;1;1;0;0;0;0;0;0;0;0,1116407215091803;Muito Baixo;DEBTCONSOLIDATION;RENT
21;42000;0,0;12000;13,23;0,29;2;0,2857142857142857;1;3;0;0;0;0;1;0;1;0;0;0;0;0;0;0,0884508372088213;Muito Baixo;EDUCATION;RENT
31;48605;0,0;12000;10,99;0,25;10;0,2468881802283715;0;2;0;0;0;0;1;0;0;0;0;0;1;0;0;0,0010952634118394;Muito Baixo;VENTURE;RENT
27;97000;4,0;8275;10,59;0,09;5;0,0853092783505154;0;3;1;1;0;0;0;0;0;0;0;1;0;1;0;0,1618542032960072;Muito Baixo;PERSONAL;MORTGAGE
24;74004;8,0;8000;15,21;0,11;3;0,1081022647424463;1;4;0;1;0;0;0;1;0;0;0;0;0;1;1;0,997395704377616;Muito Alto;DEBTCONSOLIDATION;MORTGAGE
26;16800;4,0;10625;10,99;0,63;3;0,6324404761904762;0;2;0;0;0;0;1;0;0;0;0;1;0;1;1;0,999660718251652;Muito Alto;PERSONAL;RENT
23;36000;7,0;11300;12,69;0,31;2;0,3138888888888889;1;2;0;1;0;0;0;0;1;0;0;0;0;0;0;0,1264265148780078;Muito Baixo;EDUCATION;MORTGAGE
22;30000;3,0;5000;6,91;0,17;3;0,1666666666666666;0;1;0;1;0;0;0;0;1;0;0;0;0;0;0;0,1255978712348492;Muito Baixo;EDUCATION;MORTGAGE
35;80000;5,0;7000;7,29;0,09;8;0,0875;0;1;0;0;0;0;1;0;1;0;0;0;0;0;0;0,0094675348058613;Muito Baixo;EDUCATION;RENT
23;35000;2,0;22250;12,69;0,64;3;0,6357142857142857;1;2;0;0;0;0;1;1;0;0;0;0;0;1;1;0,9877947133908144;Muito Alto;DEBTCONSOLIDATION;RENT
33;116000;5,0;15000;12,84;0,13;7;0,1293103448275862;1;3;0;1;0;0;0;0;1;0;0;0;0;0;0;0,0719653151102426;Muito Baixo;EDUCATION;MORTGAGE
29;106800;0,0;15000;7,49;0,14;6;0,1404494382022472;0;1;0;0;0;0;1;1;0;0;0;0;0;0;0;0,0116451273258383;Muito Baixo;DEBTCONSOLIDATION;RENT
28;58800;11,0;5500;6,76;0,09;9;0,0935374149659864;0;1;0;1;0;0;0;0;0;0;0;0;1;0;0;0,0016776467769692;Muito Baixo;VENTURE;MORTGAGE
23;21360;0,0;7500;7,14;0,35;3;0,351123595505618;0;1;0;0;0;0;1;0;0;0;0;1;0;1;1;0,9923345804962612;Muito Alto;PERSONAL;RENT
22;60000;6,0;2000;9,63;0,03;2;0,0333333333333333;0;2;0;0;0;0;1;0;1;0;0;0;0;0;0;0,022410362891978;Muito Baixo;EDUCATION;RENT
21;35364;3,0;10000;10,99;0,28;4;0,282773441918335;0;2;0;0;0;0;1;0;0;0;0;0;1;0;0;0,0015098501133175;Muito Baixo;VENTURE;RENT
35;67500;5,0;3500;10,62;0,05;9;0,0518518518518518;0;2;0;0;0;0;1;0;0;1;0;0;0;0;0;0,0887031006048071;Muito Baixo;HOMEIMPROVEMENT;RENT
29;50000;0,0;3575;11,49;0,07;7;0,0715;1;2;0;1;0;0;0;0;0;0;0;1;0;0;0;0,0483083924007021;Muito Baixo;PERSONAL;MORTGAGE
39;44500;5,0;6000;7,88;0,13;17;0,1348314606741573;0;1;0;0;0;0;1;0;0;0;1;0;0;0;0;0,0752028341759366;Muito Baixo;MEDICAL;RENT
30;72000;12,0;12400;7,49;0,17;5;0,1722222222222222;0;1;0;0;0;0;1;0;1;0;0;0;0;0;0;0,0411233048133404;Muito Baixo;EDUCATION;RENT
28;39912;2,0;10000;8,49;0,25;8;0,2505512126678693;0;1;0;1;0;0;0;0;1;0;0;0;0;1;0;0,0597691818275438;Muito Baixo;EDUCATION;MORTGAGE
43;20000;15,0;5000;7,14;0,25;15;0,25;0;1;0;0;0;1;0;0;1;0;0;0;0;0;0;0,0007056270710214;Muito Baixo;EDUCATION;OWN
24;82000;8,0;25000;15,27;0,3;3;0,3048780487804878;1;3;1;0;0;1;0;0;1;0;0;0;0;0;0;0,0004172679990269;Muito Baixo;EDUCATION;OWN
37;77000;4,0;4500;6,99;0,06;12;0,0584415584415584;0;1;0;1;0;0;0;0;0;0;1;0;0;0;0;0,006966177365258;Muito Baixo;MEDICAL;MORTGAGE
25;115000;2,0;8000;11,71;0,07;4;0,0695652173913043;1;2;0;0;0;0;1;0;0;0;0;0;1;0;0;0,0031804892079726;Muito Baixo;VENTURE;RENT
28;110000;3,0;11000;5,79;0,1;7;0,1;0;1;0;1;0;0;0;0;0;0;0;0;1;0;0;0,0001890207900601;Muito Baixo;VENTURE;MORTGAGE
29;50000;0,0;3575;11,49;0,07;6;0,0715;1;2;0;1;0;0;0;0;0;1;0;0;0;0;0;0,0637062353951498;Muito Baixo;HOMEIMPROVEMENT;MORTGAGE
32;50000;3,0;2500;13,49;0,05;7;0,05;1;3;0;0;0;0;1;0;0;0;0;1;0;0;0;0,0434224450497885;Muito Baixo;PERSONAL;RENT
23;75000;5,0;8000;10,74;0,11;3;0,1066666666666666;0;2;0;0;0;0;1;1;0;0;0;0;0;0;0;0,0447815487925853;Muito Baixo;DEBTCONSOLIDATION;RENT
28;24000;0,0;10000;12,87;0,42;8;0,4166666666666667;1;3;0;0;0;0;1;1;0;0;0;0;0;1;1;0,9943684986571132;Muito Alto;DEBTCONSOLIDATION;RENT
45;73000;0,0;5600;15,27;0,08;11;0,0767123287671232;1;3;0;0;0;0;1;0;1;0;0;0;0;1;1;0,5590156283468699;Moderado;EDUCATION;RENT
25;46000;3,0;7000;9,07;0,15;3;0,1521739130434782;0;1;0;0;0;0;1;1;0;0;0;0;0;0;0;0,0689823037894577;Muito Baixo;DEBTCONSOLIDATION;RENT
37;28800;0,0;5500;6,03;0,19;15;0,1909722222222222;0;1;0;0;0;0;1;0;1;0;0;0;0;0;0;0,0346663401548153;Muito Baixo;EDUCATION;RENT
27;40800;6,0;8000;12,69;0,2;6;0,196078431372549;1;2;0;1;0;0;0;0;0;1;0;0;0;0;0;0,2170022870289468;Baixo;HOMEIMPROVEMENT;MORTGAGE
40;133000;2,0;35000;14,54;0,26;17;0,2631578947368421;1;4;1;0;0;0;1;0;1;0;0;0;0;1;1;0,8774413980621114;Muito Alto;EDUCATION;RENT
21;48000;5,0;18000;15,62;0,38;3;0,375;1;4;1;1;0;0;0;1;0;0;0;0;0;1;1;0,990327942215868;Muito Alto;DEBTCONSOLIDATION;MORTGAGE
24;85000;1,0;9000;13,92;0,11;4;0,1058823529411764;1;3;0;0;0;0;1;0;0;0;1;0;0;0;0;0,0849149503240604;Muito Baixo;MEDICAL;RENT
24;64000;9,0;10000;10,99;0,16;4;0,15625;0;2;0;1;0;0;0;1;0;0;0;0;0;0;0;0,1552227970527824;Muito Baixo;DEBTCONSOLIDATION;MORTGAGE
29;37500;0,0;11000;8,49;0,29;5;0,2933333333333333;0;1;0;0;0;0;1;0;0;0;0;0;1;0;0;0,002811381675859;Muito Baixo;VENTURE;RENT
24;70000;5,0;14400;12,23;0,21;4;0,2057142857142857;1;3;0;0;0;0;1;0;0;1;0;0;0;0;0;0,1209657326483562;Muito Baixo;HOMEIMPROVEMENT;RENT
21;34000;0,0;10000;13,61;0,29;4;0,2941176470588235;1;3;1;0;0;0;1;0;1;0;0;0;0;0;0;0,3959980878565537;Baixo;EDUCATION;RENT
22;76654;2,0;20000;13,79;0,26;4;0,2609126725285047;1;3;1;0;0;0;1;0;1;0;0;0;0;1;0;0,077438373318346;Muito Baixo;EDUCATION;RENT
25;43200;10,0;8000;10,99;0,19;3;0,1851851851851851;0;2;0;0;0;0;1;0;0;0;0;0;1;0;0;0,0028400328540803;Muito Baixo;VENTURE;RENT
24;48000;8,0;12000;16,77;0,25;3;0,25;1;4;1;0;0;0;1;0;0;0;0;1;0;0;0;0,1240468111290861;Muito Baixo;PERSONAL;RENT
31;35142;4,0;8000;11,11;0,23;6;0,2276478288088327;1;2;0;0;0;0;1;0;0;0;0;0;1;0;0;0,0020513703194471;Muito Baixo;VENTURE;RENT
27;120000;11,0;20000;10,65;0,17;8;0,1666666666666666;0;2;0;1;0;0;0;0;1;0;0;0;0;0;0;0,0295646315930424;Muito Baixo;EDUCATION;MORTGAGE
28;90000;12,0;21000;14,54;0,23;9;0,2333333333333333;1;4;0;0;0;0;1;0;0;0;0;1;0;0;0;0,1140286075977811;Muito Baixo;PERSONAL;RENT
22;72000;1,0;15000;10,25;0,21;3;0,2083333333333333;0;2;0;0;0;1;0;0;0;0;0;1;0;0;0;0,0006804780867449;Muito Baixo;PERSONAL;OWN
25;80000;0,0;10000;5,79;0,13;4;0,125;0;1;0;1;0;0;0;0;0;0;1;0;0;0;0;0,0030847575415148;Muito Baixo;MEDICAL;MORTGAGE
30;25000;4,0;3500;11,11;0,14;6;0,14;1;2;0;0;0;0;1;0;0;0;0;1;0;0;0;0,2095927613004895;Baixo;PERSONAL;RENT
65;93000;27,0;25000;9,99;0,27;27;0,2688172043010752;0;2;0;1;0;0;0;0;0;0;0;1;0;0;0;0,0262248428427019;Muito Baixo;PERSONAL;MORTGAGE
22;62400;6,0;2400;14,46;0,04;2;0,0384615384615384;1;4;1;1;0;0;0;0;1;0;0;0;0;0;0;0,0910273597368733;Muito Baixo;EDUCATION;MORTGAGE
27;90000;8,0;8000;7,66;0,09;5;0,0888888888888888;0;1;0;1;0;0;0;0;1;0;0;0;0;0;0;0,0134684310773732;Muito Baixo;EDUCATION;MORTGAGE
26;40000;0,0;8200;6,62;0,2;4;0,205;0;1;0;0;0;0;1;0;0;0;0;0;1;0;0;0,0007731763838253;Muito Baixo;VENTURE;RENT
40;201400;2,0;12450;12,23;0,06;15;0,0618172790466732;1;3;0;0;0;0;1;0;1;0;0;0;0;0;0;0,0496590583810623;Muito Baixo;EDUCATION;RENT
30;49110;2,0;19775;12,42;0,4;10;0,4026674811647322;1;2;0;0;0;0;1;0;1;0;0;0;0;1;1;0,9964035890989028;Muito Alto;EDUCATION;RENT
25;39000;4,0;14000;16,49;0,36;3;0,358974358974359;1;4;0;0;0;0;1;0;0;0;0;1;0;1;1;0,9977234225577938;Muito Alto;PERSONAL;RENT
28;39600;2,0;5000;12,53;0,13;6;0,1262626262626262;1;2;0;1;0;0;0;1;0;0;0;0;0;0;0;0,2187898835629566;Baixo;DEBTCONSOLIDATION;MORTGAGE
26;45900;10,0;11500;13,79;0,25;4;0,2505446623093681;1;3;0;1;0;0;0;0;0;0;0;1;0;0;0;0,2057062314791511;Baixo;PERSONAL;MORTGAGE
23;97000;7,0;30000;10,65;0,31;2;0,3092783505154639;0;2;0;0;0;0;1;0;0;0;0;0;1;1;1;0,9983062723772108;Muito Alto;VENTURE;RENT
25;220000;5,0;25000;10,75;0,11;2;0,1136363636363636;0;2;0;1;0;0;0;0;0;0;0;0;1;0;0;0,000821556666811;Muito Baixo;VENTURE;MORTGAGE
22;31200;3,0;7500;9,91;0,24;4;0,2403846153846154;0;2;0;0;0;0;1;0;0;0;0;1;0;0;0;0,2652427675426929;Baixo;PERSONAL;RENT
22;36600;2,0;9950;7,29;0,27;3;0,2718579234972678;0;1;0;1;0;0;0;1;0;0;0;0;0;0;0;0,0529177784253896;Muito Baixo;DEBTCONSOLIDATION;MORTGAGE
33;10080;11,0;7200;6,03;0,71;8;0,7142857142857143;0;1;0;0;0;1;0;0;0;0;0;0;1;1;1;0,9996765647573284;Muito Alto;VENTURE;OWN
23;12000;0,0;5825;6,62;0,49;4;0,4854166666666666;0;1;0;0;0;0;1;0;0;0;0;1;0;1;1;0,9997738617624248;Muito Alto;PERSONAL;RENT
25;120000;7,0;14500;7,49;0,12;4;0,1208333333333333;0;1;0;1;0;0;0;0;0;0;1;0;0;0;0;0,0160720918437014;Muito Baixo;MEDICAL;MORTGAGE
32;25591;4,0;5000;10,65;0,2;9;0,195381188699152;0;2;0;0;0;0;1;0;0;0;0;0;1;0;0;0,0033987525626479;Muito Baixo;VENTURE;RENT
23;43200;2,0;9100;13,24;0,21;2;0,2106481481481481;1;4;0;0;0;0;1;0;0;0;0;0;1;1;1;0,8134182760349936;Muito Alto;VENTURE;RENT
20;77052;4,0;24250;11,36;0,31;2;0,3147225250480195;1;2;0;1;0;0;0;0;1;0;0;0;0;0;0;0,0852073696813006;Muito Baixo;EDUCATION;MORTGAGE
33;144000;1,0;5000;8,9;0,03;10;0,0347222222222222;0;1;0;1;0;0;0;0;0;0;1;0;0;0;0;0,0120177467812319;Muito Baixo;MEDICAL;MORTGAGE
24;36000;1,0;7000;6,03;0,19;3;0,1944444444444444;0;1;0;0;0;0;1;0;0;0;1;0;0;0;0;0,0267206715051497;Muito Baixo;MEDICAL;RENT
25;30720;2,0;11000;13,72;0,36;2;0,3580729166666667;1;3;0;0;0;0;1;0;0;1;0;0;0;1;1;0,9992141103665084;Muito Alto;HOMEIMPROVEMENT;RENT
24;102000;6,0;9800;10,36;0,1;4;0,096078431372549;0;2;0;1;0;0;0;0;0;0;0;0;1;0;0;0,0011973418496479;Muito Baixo;VENTURE;MORTGAGE
26;88596;3,0;24000;11,58;0,27;3;0,2708925910876337;1;2;0;0;0;0;1;0;0;0;0;1;0;0;0;0,1820275735455165;Muito Baixo;PERSONAL;RENT
34;32758;0,0;8400;14,96;0,26;5;0,2564259112277917;1;4;0;0;0;0;1;1;0;0;0;0;0;1;1;0,9985416673437596;Muito Alto;DEBTCONSOLIDATION;RENT
28;56000;7,0;20000;18,25;0,36;10;0,3571428571428571;1;6;1;0;0;0;1;1;0;0;0;0;0;1;1;0,9998432007220892;Muito Alto;DEBTCONSOLIDATION;RENT
29;150000;4,0;14000;5,79;0,09;9;0,0933333333333333;0;1;0;1;0;0;0;1;0;0;0;0;0;0;0;0,023600364848274;Muito Baixo;DEBTCONSOLIDATION;MORTGAGE
25;28000;9,0;4000;7,68;0,14;2;0,1428571428571428;0;1;0;1;0;0;0;0;0;0;1;0;0;0;0;0,0785396668343293;Muito Baixo;MEDICAL;MORTGAGE
31;85000;5,0;12000;15,27;0,14;8;0,1411764705882353;1;3;0;0;0;0;1;0;0;0;0;1;0;0;0;0,0619222910231256;Muito Baixo;PERSONAL;RENT
22;38500;1,0;9000;10,83;0,23;2;0,2337662337662337;0;2;0;0;0;0;1;0;0;0;1;0;0;0;0;0,0931557636387509;Muito Baixo;MEDICAL;RENT
28;59000;2,0;14000;10,36;0,24;7;0,2372881355932203;0;2;0;1;0;0;0;0;0;0;0;0;1;0;0;0,0022341012843976;Muito Baixo;VENTURE;MORTGAGE
25;37500;1,0;10000;15,96;0,27;4;0,2666666666666666;1;3;1;0;0;0;1;0;0;0;1;0;0;0;0;0,1544337762467647;Muito Baixo;MEDICAL;RENT
24;73000;4,0;6500;5,42;0,09;2;0,0890410958904109;0;1;0;1;0;0;0;0;1;0;0;0;0;0;0;0,0449185841288934;Muito Baixo;EDUCATION;MORTGAGE
29;91560;8,0;22000;6,91;0,24;8;0,2402795980777632;0;1;0;1;0;0;0;1;0;0;0;0;0;0;0;0,0113123976514732;Muito Baixo;DEBTCONSOLIDATION;MORTGAGE
22;69000;6,0;7800;12,41;0,11;3;0,1130434782608695;1;3;1;1;0;0;0;0;0;0;0;1;0;0;0;0,2124806480437933;Baixo;PERSONAL;MORTGAGE
24;55800;0,0;3200;7,68;0,06;3;0,057347670250896;0;1;0;1;0;0;0;0;0;0;0;0;1;0;0;0,0006013921910482;Muito Baixo;VENTURE;MORTGAGE
23;19200;7,0;3000;7,49;0,16;3;0,15625;0;1;0;1;0;0;0;1;0;0;0;0;0;1;1;0,9805096725701452;Muito Alto;DEBTCONSOLIDATION;MORTGAGE
23;55000;7,0;15000;9,2;0,27;4;0,2727272727272727;0;2;0;1;0;0;0;1;0;0;0;0;0;0;0;0,0907574495653645;Muito Baixo;DEBTCONSOLIDATION;MORTGAGE
22;56650;2,0;6500;10,65;0,11;2;0,1147396293027361;0;2;0;1;0;0;0;0;0;0;1;0;0;0;0;0,2006210404787361;Baixo;MEDICAL;MORTGAGE
32;105000;3,0;3000;13,48;0,03;10;0,0285714285714285;1;3;0;0;0;0;1;0;0;1;0;0;0;0;0;0,0571898676429712;Muito Baixo;HOMEIMPROVEMENT;RENT
27;80000;11,0;5000;8,0;0,06;6;0,0625;0;1;0;1;0;0;0;0;1;0;0;0;0;0;0;0,0446831002573759;Muito Baixo;EDUCATION;MORTGAGE
22;63211;7,0;6500;11,86;0,1;2;0,1028302036038031;1;2;0;0;0;0;1;1;0;0;0;0;0;0;0;0,1935057363386188;Muito Baixo;DEBTCONSOLIDATION;RENT
24;48000;7,0;5600;10,62;0,12;2;0,1166666666666666;0;2;0;0;0;0;1;0;0;0;0;1;0;0;0;0,09306571887255;Muito Baixo;PERSONAL;RENT
29;44400;4,0;5000;7,49;0,11;7;0,1126126126126126;0;1;0;1;0;0;0;0;0;0;0;1;0;0;0;0,1289078587543703;Muito Baixo;PERSONAL;MORTGAGE
28;176000;12,0;25000;10,25;0,14;6;0,1420454545454545;0;2;0;1;0;0;0;0;0;1;0;0;0;0;0;0,0989458630503264;Muito Baixo;HOMEIMPROVEMENT;MORTGAGE
31;124992;15,0;24000;8,49;0,19;5;0,1920122887864823;0;1;0;1;0;0;0;1;0;0;0;0;0;0;0;0,0734555454851159;Muito Baixo;DEBTCONSOLIDATION;MORTGAGE
23;65000;5,0;16500;7,49;0,25;3;0,2538461538461538;0;1;0;1;0;0;0;0;0;0;0;0;1;0;0;0,0004375952367219;Muito Baixo;VENTURE;MORTGAGE
23;60000;7,0;15000;14,22;0,25;2;0,25;1;3;1;0;0;0;1;0;0;0;0;1;0;0;0;0,0805959152576229;Muito Baixo;PERSONAL;RENT
24;45000;2,0;13000;10,62;0,29;2;0,2888888888888888;0;2;0;1;0;0;0;0;0;1;0;0;0;0;0;0,0968902903958558;Muito Baixo;HOMEIMPROVEMENT;MORTGAGE
32;25000;4,0;11700;12,68;0,47;10;0,468;1;3;1;0;0;0;1;0;0;0;1;0;0;1;1;0,9975631653149674;Muito Alto;MEDICAL;RENT
23;50000;4,0;6000;5,79;0,12;2;0,12;0;1;0;0;0;0;1;1;0;0;0;0;0;0;0;0,0136936185669736;Muito Baixo;DEBTCONSOLIDATION;RENT
23;55000;8,0;12375;9,91;0,23;3;0,225;0;2;0;1;0;0;0;0;1;0;0;0;0;0;0;0,0420894113498689;Muito Baixo;EDUCATION;MORTGAGE
26;69846;2,0;22500;18,99;0,32;4;0,3221372734301176;1;6;0;0;0;0;1;0;1;0;0;0;0;1;1;0,9978904406941026;Muito Alto;EDUCATION;RENT
23;65000;7,0;3600;10,59;0,06;3;0,0553846153846153;0;2;0;0;0;0;1;0;0;0;1;0;0;0;0;0,0321612275865601;Muito Baixo;MEDICAL;RENT
27;40000;1,0;6000;11,99;0,15;6;0,15;1;2;0;0;0;0;1;1;0;0;0;0;0;0;0;0,0656792084087944;Muito Baixo;DEBTCONSOLIDATION;RENT
31;23000;13,0;4500;5,79;0,2;9;0,1956521739130435;0;1;0;0;0;1;0;0;0;0;0;1;0;0;0;0,0009863783818364;Muito Baixo;PERSONAL;OWN
27;47000;1,0;13000;10,99;0,28;5;0,2765957446808511;0;2;0;0;0;0;1;0;0;0;1;0;0;0;0;0,0453041972739141;Muito Baixo;MEDICAL;RENT
22;126500;1,0;19200;13,79;0,15;3;0,1517786561264822;1;3;1;0;0;0;1;1;0;0;0;0;0;0;0;0,0696472481062537;Muito Baixo;DEBTCONSOLIDATION;RENT
26;92400;8,0;14500;7,88;0,16;4;0,1569264069264069;0;1;0;1;0;0;0;0;0;0;1;0;0;0;0;0,0182974310697417;Muito Baixo;MEDICAL;MORTGAGE
33;80000;1,0;6000;7,88;0,07;10;0,075;0;1;0;1;0;0;0;0;0;1;0;0;0;0;0;0,007380178292907;Muito Baixo;HOMEIMPROVEMENT;MORTGAGE
29;65000;13,0;16000;12,87;0,25;10;0,2461538461538461;1;3;1;1;0;0;0;0;0;0;0;1;0;0;0;0,0514314547630183;Muito Baixo;PERSONAL;MORTGAGE
24;55000;5,0;9500;9,63;0,17;4;0,1727272727272727;0;1;0;0;0;0;1;0;0;0;0;0;1;0;0;0,0013538294554973;Muito Baixo;VENTURE;RENT
24;45000;0,0;6000;17,19;0,13;3;0,1333333333333333;1;5;0;0;0;0;1;0;0;0;1;0;0;1;1;0,9822481065355028;Muito Alto;MEDICAL;RENT
33;140004;7,0;25000;15,58;0,18;10;0,1785663266763806;1;4;0;0;0;0;1;0;1;0;0;0;0;0;0;0,1771344145546719;Muito Baixo;EDUCATION;RENT
25;32004;0,0;7200;12,84;0,22;4;0,2249718785151856;1;3;0;0;0;0;1;0;0;0;1;0;0;0;0;0,1312346774578251;Muito Baixo;MEDICAL;RENT
23;110000;8,0;7500;13,72;0,07;4;0,0681818181818181;1;3;0;1;0;0;0;0;0;0;0;0;1;0;0;0,0445927418678402;Muito Baixo;VENTURE;MORTGAGE
23;34800;1,0;5000;10,99;0,14;2;0,1436781609195402;0;2;0;0;0;0;1;0;0;1;0;0;0;1;1;0,9908937995426674;Muito Alto;HOMEIMPROVEMENT;RENT
35;100843;6,0;2800;12,87;0,03;5;0,027765933183265;1;3;0;1;0;0;0;0;0;0;1;0;0;0;0;0,0368990856396153;Muito Baixo;MEDICAL;MORTGAGE
33;51000;12,0;7200;6,76;0,14;5;0,1411764705882353;0;1;0;1;0;0;0;0;0;0;1;0;0;0;0;0,0569697438452505;Muito Baixo;MEDICAL;MORTGAGE
22;34800;6,0;2000;16,89;0,06;4;0,057471264367816;1;4;1;0;0;0;1;1;0;0;0;0;0;1;1;0,9952009046639536;Muito Alto;DEBTCONSOLIDATION;RENT
27;75000;11,0;6000;13,47;0,08;7;0,08;1;3;0;0;0;1;0;0;0;1;0;0;0;0;0;0,0008728354144668;Muito Baixo;HOMEIMPROVEMENT;OWN
23;24996;1,0;4575;15,31;0,18;2;0,1830292846855497;1;4;1;0;0;1;0;0;0;0;0;1;0;0;0;0,0013329002187381;Muito Baixo;PERSONAL;OWN
24;55000;8,0;20000;6,91;0,36;2;0,3636363636363636;0;1;0;0;0;0;1;0;0;1;0;0;0;1;1;0,98098366231949;Muito Alto;HOMEIMPROVEMENT;RENT
32;29500;4,0;7000;10,0;0,24;7;0,2372881355932203;0;2;0;1;0;0;0;0;1;0;0;0;0;1;0;0,3013329677648726;Baixo;EDUCATION;MORTGAGE
21;30000;0,0;2000;14,46;0,07;4;0,0666666666666666;1;4;1;1;0;0;0;0;1;0;0;0;0;0;0;0,2366269241573287;Baixo;EDUCATION;MORTGAGE
24;55000;6,0;10000;8,94;0,18;3;0,1818181818181818;0;1;0;0;0;0;1;1;0;0;0;0;0;0;0;0,0539005195060436;Muito Baixo;DEBTCONSOLIDATION;RENT
28;48000;4,0;3000;11,99;0,06;6;0,0625;1;2;0;1;0;0;0;0;0;0;0;0;1;0;0;0,0028973597898565;Muito Baixo;VENTURE;MORTGAGE
26;24000;0,0;1500;14,54;0,06;4;0,0625;1;4;1;0;0;0;1;0;1;0;0;0;0;1;1;0,9210325151516048;Muito Alto;EDUCATION;RENT
31;155000;5,0;7000;5,42;0,05;5;0,0451612903225806;0;1;0;1;0;0;0;0;0;1;0;0;0;0;0;0,0055999487121648;Muito Baixo;HOMEIMPROVEMENT;MORTGAGE
26;66000;3,0;12000;11,83;0,18;2;0,1818181818181818;1;2;0;0;0;0;1;0;0;0;1;0;0;0;0;0,0557688948580149;Muito Baixo;MEDICAL;RENT
22;82570;6,0;18000;15,27;0,22;2;0,2179968511565944;1;3;0;0;0;0;1;0;0;0;0;0;1;0;0;0,1340835263300564;Muito Baixo;VENTURE;RENT
23;43000;3,0;8000;10,37;0,19;4;0,1860465116279069;0;2;0;0;0;0;1;1;0;0;0;0;0;0;0;0,063120818862893;Muito Baixo;DEBTCONSOLIDATION;RENT
26;85000;8,0;15000;7,88;0,18;4;0,1764705882352941;0;1;0;1;0;0;0;0;0;0;1;0;0;0;0;0,0208213515561642;Muito Baixo;MEDICAL;MORTGAGE
23;60000;6,0;7000;12,99;0,12;2;0,1166666666666666;1;3;1;1;0;0;0;0;1;0;0;0;0;0;0;0,0337590046241477;Muito Baixo;EDUCATION;MORTGAGE
25;90000;5,0;10000;12,61;0,11;3;0,1111111111111111;1;3;1;1;0;0;0;0;0;0;0;0;1;0;0;0,0366107110588115;Muito Baixo;VENTURE;MORTGAGE
25;36000;3,0;5300;7,49;0,15;3;0,1472222222222222;0;1;0;1;0;0;0;0;0;0;0;1;0;0;0;0,0500275789002832;Muito Baixo;PERSONAL;MORTGAGE
27;30000;6,0;1800;14,84;0,06;5;0,06;1;4;1;0;0;1;0;0;1;0;0;0;0;0;0;0,0012121024952019;Muito Baixo;EDUCATION;OWN
32;107000;4,0;4000;13,98;0,04;7;0,0373831775700934;1;3;0;0;0;0;1;0;0;0;1;0;0;0;0;0,0804159621308775;Muito Baixo;MEDICAL;RENT
26;39996;10,0;15000;13,06;0,38;3;0,375037503750375;1;3;1;0;0;0;1;0;0;0;1;0;0;1;1;0,995947935013522;Muito Alto;MEDICAL;RENT
26;52800;4,0;4000;9,99;0,08;3;0,0757575757575757;0;2;0;0;0;0;1;0;0;0;0;1;0;1;0;0,1049001027992569;Muito Baixo;PERSONAL;RENT
29;65004;7,0;5000;6,17;0,08;7;0,0769183434865546;0;1;0;1;0;0;0;0;1;0;0;0;0;0;0;0,0325455482559397;Muito Baixo;EDUCATION;MORTGAGE
29;48000;6,0;6025;10,65;0,13;6;0,1255208333333333;0;2;0;0;0;0;1;0;1;0;0;0;0;0;0;0,119390083826478;Muito Baixo;EDUCATION;RENT
36;120000;2,0;10000;11,49;0,08;14;0,0833333333333333;1;2;0;0;0;0;1;0;0;1;0;0;0;0;0;0,056937982090116;Muito Baixo;HOMEIMPROVEMENT;RENT
24;10000;8,0;3000;7,9;0,3;3;0,3;0;1;0;0;0;0;1;0;0;0;0;1;0;1;1;0,9977694212131126;Muito Alto;PERSONAL;RENT
27;80000;2,0;9000;12,21;0,11;8;0,1125;1;2;0;0;0;1;0;0;0;0;0;1;0;0;0;0,0003115858042357;Muito Baixo;PERSONAL;OWN
28;51000;12,0;8000;7,51;0,16;5;0,1568627450980392;0;1;0;1;0;0;0;0;0;0;0;0;1;0;0;0,0016610324174887;Muito Baixo;VENTURE;MORTGAGE
21;34000;5,0;6000;6,76;0,18;2;0,1764705882352941;0;1;0;1;0;0;0;0;1;0;0;0;0;0;0;0,3747486771480203;Baixo;EDUCATION;MORTGAGE
41;40000;3,0;9200;7,49;0,23;13;0,23;0;1;0;0;0;0;1;0;0;0;0;1;0;0;0;0,022403742489903;Muito Baixo;PERSONAL;RENT
28;53000;6,0;3500;11,49;0,07;6;0,0660377358490566;1;2;0;0;0;0;1;1;0;0;0;0;0;0;0;0,086432998039842;Muito Baixo;DEBTCONSOLIDATION;RENT
55;34000;0,0;12000;6,92;0,35;30;0,3529411764705882;0;1;0;0;0;0;1;1;0;0;0;0;0;1;1;0,994346039078422;Muito Alto;DEBTCONSOLIDATION;RENT
33;77000;9,0;12000;7,29;0,16;10;0,1558441558441558;0;1;0;1;0;0;0;0;0;0;0;1;0;0;0;0,0149799671028419;Muito Baixo;PERSONAL;MORTGAGE
21;30000;1,0;10000;11,14;0,33;2;0,3333333333333333;1;2;0;0;0;0;1;0;0;0;1;0;0;1;1;0,9933266144803008;Muito Alto;MEDICAL;RENT
26;33600;0,0;5400;7,49;0,16;4;0,1607142857142857;0;1;0;0;0;0;1;0;0;0;0;1;0;0;0;0,0867112477968202;Muito Baixo;PERSONAL;RENT
26;74004;10,0;25000;15,31;0,34;4;0,3378195773201448;1;4;1;0;0;0;1;1;0;0;0;0;0;1;1;0,9997277897532728;Muito Alto;DEBTCONSOLIDATION;RENT
25;85000;5,0;12000;12,42;0,14;4;0,1411764705882353;1;2;0;0;0;0;1;1;0;0;0;0;0;0;0;0,0607297721524102;Muito Baixo;DEBTCONSOLIDATION;RENT
27;47000;11,0;7750;20,16;0,16;7;0,1648936170212765;1;7;0;1;0;0;0;1;0;0;0;0;0;1;1;0,9998718578935896;Muito Alto;DEBTCONSOLIDATION;MORTGAGE
28;24000;5,0;16750;14,96;0,7;10;0,6979166666666666;1;4;1;0;0;0;1;0;0;0;1;0;0;1;1;0,9965105082162836;Muito Alto;MEDICAL;RENT
25;40000;0,0;8000;10,38;0,2;4;0,2;0;2;0;0;0;1;0;0;1;0;0;0;0;0;0;0,0005613612181888;Muito Baixo;EDUCATION;OWN
22;51360;4,0;10000;15,31;0,19;2;0,1947040498442367;1;4;0;0;0;0;1;0;1;0;0;0;0;0;0;0,1471041059323538;Muito Baixo;EDUCATION;RENT
24;60000;3,0;3200;7,14;0,05;3;0,0533333333333333;0;1;0;0;0;0;1;1;0;0;0;0;0;0;0;0,0192939876256173;Muito Baixo;DEBTCONSOLIDATION;RENT
22;42000;4,0;3500;9,91;0,08;2;0,0833333333333333;0;2;0;1;0;0;0;0;0;0;0;0;1;0;0;0,0017070497872869;Muito Baixo;VENTURE;MORTGAGE
25;55344;2,0;18000;10,99;0,33;4;0,3252385082393755;0;2;0;0;0;0;1;0;0;1;0;0;0;1;1;0,9861237382522604;Muito Alto;HOMEIMPROVEMENT;RENT
21;40000;5,0;2000;12,99;0,05;4;0,05;1;3;1;1;0;0;0;0;1;0;0;0;0;0;0;0,0473972891578396;Muito Baixo;EDUCATION;MORTGAGE
23;40800;4,0;21000;6,17;0,51;3;0,5147058823529411;0;1;0;0;0;1;0;0;0;0;1;0;0;0;0;0,0038007150543365;Muito Baixo;MEDICAL;OWN
36;94185;3,0;10000;9,32;0,11;15;0,1061740192174974;0;1;0;1;0;0;0;0;0;0;0;1;0;0;0;0,0200226588288297;Muito Baixo;PERSONAL;MORTGAGE
23;57996;5,0;8800;7,51;0,15;2;0,1517346023863715;0;1;0;1;0;0;0;0;1;0;0;0;0;0;0;0,0305882401925673;Muito Baixo;EDUCATION;MORTGAGE
23;42000;7,0;15000;11,83;0,36;4;0,3571428571428571;1;2;0;0;0;0;1;0;0;0;0;0;1;1;1;0,998888369558602;Muito Alto;VENTURE;RENT
23;47004;1,0;24000;11,58;0,51;4;0,5105948429920858;1;2;0;0;0;0;1;0;0;0;0;0;1;1;1;0,9989488830543964;Muito Alto;VENTURE;RENT
28;81972;4,0;18000;10,99;0,22;6;0,2195871761089152;0;2;0;0;0;0;1;1;0;0;0;0;0;0;0;0,0816222793078389;Muito Baixo;DEBTCONSOLIDATION;RENT
22;18000;0,0;3000;13,99;0,17;4;0,1666666666666666;1;3;1;0;0;0;1;0;0;0;1;0;0;1;1;0,916501088972392;Muito Alto;MEDICAL;RENT
29;85200;5,0;8900;13,48;0,1;6;0,1044600938967136;1;3;1;1;0;0;0;0;0;0;1;0;0;0;0;0,0620080787623042;Muito Baixo;MEDICAL;MORTGAGE
33;63996;15,0;3200;5,42;0,05;6;0,0500031251953247;0;1;0;1;0;0;0;1;0;0;0;0;0;0;0;0,0259860678715955;Muito Baixo;DEBTCONSOLIDATION;MORTGAGE
33;78000;7,0;10000;13,06;0,13;9;0,1282051282051282;1;3;1;0;0;0;1;0;0;1;0;0;0;1;0;0,1586516437630066;Muito Baixo;HOMEIMPROVEMENT;RENT
30;72000;5,0;20000;10,38;0,28;5;0,2777777777777778;0;2;0;1;0;0;0;0;0;0;1;0;0;0;0;0,0393237937395868;Muito Baixo;MEDICAL;MORTGAGE
25;99600;1,0;12800;12,42;0,13;4;0,1285140562248996;1;2;0;1;0;0;0;0;0;1;0;0;0;0;0;0,0480399773280732;Muito Baixo;HOMEIMPROVEMENT;MORTGAGE
25;67147;9,0;3000;16,02;0,04;4;0,0446780943303498;1;4;1;0;0;0;1;0;0;0;1;0;0;1;1;0,9691594889739868;Muito Alto;MEDICAL;RENT
34;37000;17,0;5000;7,9;0,14;10;0,1351351351351351;0;1;0;0;0;1;0;0;1;0;0;0;0;0;0;0,0006031948876227;Muito Baixo;EDUCATION;OWN
24;135000;4,0;25000;7,49;0,19;2;0,1851851851851851;0;1;0;1;0;0;0;0;0;0;1;0;0;0;0;0,0102704683430669;Muito Baixo;MEDICAL;MORTGAGE
29;218000;12,0;14400;8,9;0,07;7;0,0660550458715596;0;1;0;1;0;0;0;0;1;0;0;0;0;0;0;0,1232291222679398;Muito Baixo;EDUCATION;MORTGAGE
26;97000;1,0;21000;7,9;0,22;3;0,2164948453608247;0;1;0;0;0;0;1;0;1;0;0;0;0;0;0;0,0468304778665284;Muito Baixo;EDUCATION;RENT
32;81204;6,0;3600;7,88;0,04;9;0,044332791488104;0;1;0;1;0;0;0;0;1;0;0;0;0;0;0;0,0174733952751378;Muito Baixo;EDUCATION;MORTGAGE
34;90000;15,0;15000;6,99;0,17;6;0,1666666666666666;0;1;0;1;0;0;0;0;0;0;0;0;1;0;0;0,0003044922071294;Muito Baixo;VENTURE;MORTGAGE
27;150792;11,0;6000;11,71;0,04;9;0,0397899092790068;1;2;0;1;0;0;0;0;0;0;0;1;0;0;0;0,0859600378916857;Muito Baixo;PERSONAL;MORTGAGE
29;95000;4,0;2400;13,72;0,03;8;0,0252631578947368;1;3;0;1;0;0;0;0;0;1;0;0;0;0;0;0,052761646826723;Muito Baixo;HOMEIMPROVEMENT;MORTGAGE
24;49639;8,0;10000;13,48;0,2;3;0,201454501500836;1;3;0;0;0;0;1;0;0;0;1;0;0;0;0;0,1225614138891649;Muito Baixo;MEDICAL;RENT
27;74000;3,0;25000;11,46;0,34;5;0,3378378378378378;1;2;0;1;0;0;0;0;0;0;0;1;0;1;0;0,2286190191912222;Baixo;PERSONAL;MORTGAGE
38;55000;4,0;25000;15,31;0,45;14;0,4545454545454545;1;4;1;1;0;0;0;1;0;0;0;0;0;1;1;0,9918820339651152;Muito Alto;DEBTCONSOLIDATION;MORTGAGE
24;200000;0,0;18000;9,99;0,09;3;0,09;0;2;0;1;0;0;0;0;0;0;0;0;1;0;0;0,0005085144703631;Muito Baixo;VENTURE;MORTGAGE
24;40000;6,0;5000;6,17;0,13;2;0,125;0;1;0;0;0;0;1;0;1;0;0;0;0;0;0;0,0374975113808082;Muito Baixo;EDUCATION;RENT
26;75000;4,0;7000;6,99;0,09;2;0,0933333333333333;0;1;0;1;0;0;0;0;0;1;0;0;0;0;0;0,0245381380358925;Muito Baixo;HOMEIMPROVEMENT;MORTGAGE
36;44004;1,0;1800;10,0;0,04;13;0,0409053722388873;0;2;0;1;0;0;0;0;0;0;1;0;0;1;0;0,2269674474134704;Baixo;MEDICAL;MORTGAGE
29;47000;8,0;6000;17,49;0,13;7;0,1276595744680851;1;4;0;0;0;0;1;0;1;0;0;0;0;1;0;0,2675381595432929;Baixo;EDUCATION;RENT
29;36100;2,0;14000;14,27;0,39;5;0,3878116343490305;1;3;0;1;0;0;0;0;0;0;0;1;0;0;0;0,240700175568307;Baixo;PERSONAL;MORTGAGE
40;125000;3,0;10200;7,49;0,08;14;0,0816;0;1;0;1;0;0;0;0;0;1;0;0;0;0;0;0,0109483020730389;Muito Baixo;HOMEIMPROVEMENT;MORTGAGE
67;200000;2,0;3000;10,28;0,01;26;0,015;0;3;0;1;0;0;0;0;0;0;0;1;0;0;0;0,0020979608463594;Muito Baixo;PERSONAL;MORTGAGE
25;60000;9,0;12000;7,9;0,2;2;0,2;0;1;0;0;0;0;1;0;1;0;0;0;0;0;0;0,0380130524636047;Muito Baixo;EDUCATION;RENT
25;181408;2,0;14500;8,88;0,08;2;0,0799303228082554;0;2;0;1;0;0;0;0;0;0;1;0;0;0;0;0,0270738199840077;Muito Baixo;MEDICAL;MORTGAGE
23;78885;2,0;20000;12,42;0,25;3;0,253533624897002;1;2;0;0;0;1;0;0;0;0;0;0;1;0;0;6,447242569931117e-05;Muito Baixo;VENTURE;OWN
22;100000;6,0;15000;7,49;0,15;2;0,15;0;1;0;1;0;0;0;0;1;0;0;0;0;0;0;0,0137141443013164;Muito Baixo;EDUCATION;MORTGAGE
24;54000;1,0;20000;17,04;0,37;3;0,3703703703703703;1;5;1;0;0;0;1;0;0;0;0;1;0;1;1;0,9993216518234566;Muito Alto;PERSONAL;RENT
40;85000;5,0;18000;11,48;0,21;13;0,2117647058823529;1;2;0;0;0;0;1;0;0;1;0;0;0;0;0;0,025251182963978;Muito Baixo;HOMEIMPROVEMENT;RENT
27;56000;4,0;10050;9,63;0,18;8;0,1794642857142857;0;2;0;1;0;0;0;1;0;0;0;0;0;0;0;0,0842952596584501;Muito Baixo;DEBTCONSOLIDATION;MORTGAGE
27;66000;11,0;20000;12,21;0,3;5;0,303030303030303;1;2;0;0;0;0;1;0;0;0;0;1;0;1;0;0,2280294313715306;Baixo;PERSONAL;RENT
23;26400;4,0;4800;7,49;0,18;4;0,1818181818181818;0;1;0;0;0;0;1;0;0;0;0;1;0;0;0;0,1386017719535163;Muito Baixo;PERSONAL;RENT
25;59000;4,0;3000;16,29;0,05;3;0,0508474576271186;1;4;1;1;0;0;0;0;0;0;0;1;0;1;0;0,3438919030554293;Baixo;PERSONAL;MORTGAGE
23;50000;0,0;3000;6,91;0,06;2;0,06;0;1;0;0;0;0;1;0;1;0;0;0;0;0;0;0,0106903392181046;Muito Baixo;EDUCATION;RENT
22;45000;6,0;7000;8,94;0,16;3;0,1555555555555555;0;1;0;1;0;0;0;0;0;0;0;0;1;0;0;0,0011919198338195;Muito Baixo;VENTURE;MORTGAGE
26;35652;5,0;1400;11,49;0,04;4;0,0392684842365084;1;2;0;0;0;0;1;1;0;0;0;0;0;1;0;0,186070886233026;Muito Baixo;DEBTCONSOLIDATION;RENT
24;15000;0,0;2100;13,11;0,14;4;0,14;1;3;1;0;0;0;1;0;1;0;0;0;0;0;0;0,0710485069962203;Muito Baixo;EDUCATION;RENT
27;65000;8,0;3000;12,42;0,05;10;0,0461538461538461;1;2;0;1;0;0;0;0;0;0;1;0;0;0;0;0,0677332850658568;Muito Baixo;MEDICAL;MORTGAGE
25;40000;2,0;4750;10,99;0,12;3;0,11875;0;2;0;1;0;0;0;1;0;0;0;0;0;0;0;0,0484193426568299;Muito Baixo;DEBTCONSOLIDATION;MORTGAGE
23;33195;5,0;1800;11,99;0,05;4;0,0542250338906461;1;2;0;0;0;0;1;0;1;0;0;0;0;0;0;0,150242878831838;Muito Baixo;EDUCATION;RENT
28;206000;2,0;24000;13,48;0,12;5;0,116504854368932;1;3;1;0;0;0;1;0;1;0;0;0;0;0;0;0,053620999062592;Muito Baixo;EDUCATION;RENT
24;62400;3,0;9500;6,54;0,15;2;0,1522435897435897;0;1;0;1;0;0;0;0;1;0;0;0;0;0;0;0,02341776097956;Muito Baixo;EDUCATION;MORTGAGE
31;102000;5,0;4000;7,88;0,04;10;0,0392156862745098;0;1;0;1;0;0;0;0;1;0;0;0;0;0;0;0,0082211034064856;Muito Baixo;EDUCATION;MORTGAGE
24;33600;5,0;4450;11,49;0,13;4;0,1324404761904762;1;2;0;0;0;0;1;0;0;0;0;1;0;0;0;0,2510775995225238;Baixo;PERSONAL;RENT
31;48000;11,0;2000;10,65;0,04;6;0,0416666666666666;0;2;0;0;0;0;1;0;0;0;1;0;0;0;0;0,0694240835547895;Muito Baixo;MEDICAL;RENT
27;72000;2,0;12000;9,99;0,17;9;0,1666666666666666;0;2;0;0;0;1;0;0;1;0;0;0;0;0;0;0,0004103593371056;Muito Baixo;EDUCATION;OWN
31;50000;0,0;8000;13,48;0,16;9;0,16;1;3;0;0;0;0;1;0;0;0;0;1;0;0;0;0,0435192602155689;Muito Baixo;PERSONAL;RENT
27;39996;3,0;10000;15,37;0,25;8;0,25002500250025;1;4;1;0;0;0;1;0;0;0;0;1;0;0;0;0,1512757962624194;Muito Baixo;PERSONAL;RENT
37;40000;0,0;12000;9,91;0,3;16;0,3;0;2;0;0;0;0;1;0;0;0;1;0;0;0;0;0,0131321718219884;Muito Baixo;MEDICAL;RENT
27;47400;4,0;13500;6,17;0,28;9;0,2848101265822785;0;1;0;1;0;0;0;0;0;1;0;0;0;0;0;0,0812267537148791;Muito Baixo;HOMEIMPROVEMENT;MORTGAGE
21;15000;4,0;2200;15,31;0,15;4;0,1466666666666666;1;4;1;0;0;0;1;0;1;0;0;0;0;0;0;0,1953624717768595;Muito Baixo;EDUCATION;RENT
56;71884;11,0;7425;9,99;0,1;24;0,1032914139446886;0;2;0;0;0;1;0;0;0;0;0;1;0;0;0;0,0002580963929854;Muito Baixo;PERSONAL;OWN
24;69996;4,0;10000;7,49;0,14;2;0,1428653065889479;0;1;0;0;0;1;0;0;0;0;1;0;0;0;0;0,0001757007966856;Muito Baixo;MEDICAL;OWN
21;65000;5,0;10000;6,03;0,15;3;0,1538461538461538;0;1;0;1;0;0;0;0;0;0;0;0;1;0;0;0,0002336351134785;Muito Baixo;VENTURE;MORTGAGE
25;78200;9,0;12000;16,4;0,13;4;0,1534526854219949;1;5;0;0;0;0;1;0;0;0;1;0;0;1;1;0,9913015373533438;Muito Alto;MEDICAL;RENT
34;105000;2,0;10000;7,51;0,1;7;0,0952380952380952;0;1;0;1;0;0;0;0;0;0;1;0;0;0;0;0,0070215315019035;Muito Baixo;MEDICAL;MORTGAGE
27;20000;4,0;3250;13,48;0,16;5;0,1625;1;3;0;0;0;0;1;0;0;0;0;0;1;1;0;0,2247055566545484;Baixo;VENTURE;RENT
25;33280;1,0;5500;10,99;0,17;4;0,165264423076923;0;2;0;0;0;0;1;0;0;0;1;0;0;0;0;0,0717779709326392;Muito Baixo;MEDICAL;RENT
27;65000;2,0;4000;5,99;0,06;5;0,0615384615384615;0;1;0;0;0;0;1;0;0;1;0;0;0;0;0;0,0135542226011316;Muito Baixo;HOMEIMPROVEMENT;RENT
31;30372;2,0;20200;14,74;0,67;8;0,665086263663901;1;4;0;0;0;0;1;0;0;0;0;1;0;1;1;0,9958364348166302;Muito Alto;PERSONAL;RENT
28;78996;10,0;12000;13,16;0,15;5;0,1519064256418046;1;3;1;1;0;0;0;0;0;1;0;0;0;0;0;0,1230890228596545;Muito Baixo;HOMEIMPROVEMENT;MORTGAGE
23;47000;7,0;13850;12,68;0,29;4;0,2946808510638298;1;3;1;1;0;0;0;1;0;0;0;0;0;0;0;0,1362432569562142;Muito Baixo;DEBTCONSOLIDATION;MORTGAGE
25;28000;3,0;8000;14,65;0,29;4;0,2857142857142857;1;3;1;0;0;0;1;1;0;0;0;0;0;0;0;0,2499547672956493;Baixo;DEBTCONSOLIDATION;RENT
27;25740;3,0;5000;14,11;0,19;5;0,1942501942501942;1;4;1;0;0;1;0;1;0;0;0;0;0;0;0;0,0107642453311329;Muito Baixo;DEBTCONSOLIDATION;OWN
23;96260;4,0;25200;15,65;0,26;2;0,2617909827550384;1;4;0;1;0;0;0;0;1;0;0;0;0;0;0;0,1668428071708731;Muito Baixo;EDUCATION;MORTGAGE
25;75000;4,0;30000;16,89;0,4;4;0,4;1;4;1;0;0;0;1;0;0;1;0;0;0;1;1;0,978772338585527;Muito Alto;HOMEIMPROVEMENT;RENT
28;78465;9,0;14000;11,36;0,18;10;0,1784235009239788;1;2;0;0;0;1;0;0;0;0;0;0;1;0;0;2,1794540607062776e-05;Muito Baixo;VENTURE;OWN
24;62500;8,0;6500;13,22;0,1;3;0,104;1;3;0;0;0;1;0;0;0;1;0;0;0;0;0;0,0012057358409561;Muito Baixo;HOMEIMPROVEMENT;OWN
24;45000;4,0;11000;7,49;0,24;2;0,2444444444444444;0;1;0;0;0;1;0;0;0;0;0;0;1;0;0;1,848894602593888e-05;Muito Baixo;VENTURE;OWN
25;50000;6,0;10000;7,49;0,2;3;0,2;0;1;0;0;0;0;1;0;1;0;0;0;0;0;0;0,0413738496327072;Muito Baixo;EDUCATION;RENT
23;36000;1,0;5600;7,9;0,16;4;0,1555555555555555;0;1;0;0;0;0;1;0;0;0;1;0;0;0;0;0,0433717421209114;Muito Baixo;MEDICAL;RENT
36;73000;3,0;4000;11,12;0,05;16;0,0547945205479452;1;2;0;0;0;0;1;0;0;0;0;1;0;0;0;0,0904602725483499;Muito Baixo;PERSONAL;RENT
22;53000;4,0;8000;16,07;0,15;4;0,1509433962264151;1;4;1;1;0;0;0;0;0;0;0;1;0;0;0;0,1201134820169645;Muito Baixo;PERSONAL;MORTGAGE
24;112000;8,0;6400;6,62;0,06;2;0,0571428571428571;0;1;0;0;0;0;1;0;0;1;0;0;0;0;0;0,0235886415155956;Muito Baixo;HOMEIMPROVEMENT;RENT
32;24000;2,0;2500;7,74;0,1;9;0,1041666666666666;0;1;0;0;0;0;1;0;0;0;1;0;0;0;0;0,0685287767500943;Muito Baixo;MEDICAL;RENT
27;38000;0,0;10000;9,76;0,26;5;0,2631578947368421;0;2;0;0;0;0;1;0;0;0;0;0;1;0;0;0,0023606812791269;Muito Baixo;VENTURE;RENT
31;95000;2,0;2500;13,72;0,03;10;0,0263157894736842;1;3;1;0;0;0;1;0;1;0;0;0;0;0;0;0,0186859374165317;Muito Baixo;EDUCATION;RENT
23;60000;4,0;16000;7,49;0,27;3;0,2666666666666666;0;1;0;1;0;0;0;0;1;0;0;0;0;0;0;0,0193144204305434;Muito Baixo;EDUCATION;MORTGAGE
29;61200;2,0;15000;17,58;0,21;5;0,2450980392156862;1;6;0;1;0;0;0;0;0;0;1;0;0;1;1;0,9927335879228129;Muito Alto;MEDICAL;MORTGAGE
31;30000;5,0;1000;9,25;0,03;6;0,0333333333333333;0;2;0;0;0;0;1;0;0;0;1;0;0;0;0;0,0568725349453256;Muito Baixo;MEDICAL;RENT
32;56784;3,0;12000;14,96;0,21;10;0,2113271344040574;1;4;1;0;0;1;0;0;0;0;0;1;0;0;0;0,000367852574557;Muito Baixo;PERSONAL;OWN
39;48000;4,0;3000;5,42;0,06;11;0,0625;0;1;0;1;0;0;0;1;0;0;0;0;0;0;0;0,0562478619363538;Muito Baixo;DEBTCONSOLIDATION;MORTGAGE
26;76000;10,0;7200;16,35;0,09;2;0,0947368421052631;1;5;1;1;0;0;0;1;0;0;0;0;0;1;1;0,9962180405542312;Muito Alto;DEBTCONSOLIDATION;MORTGAGE
26;79560;10,0;8000;12,53;0,1;4;0,1005530417295123;1;2;0;1;0;0;0;1;0;0;0;0;0;0;0;0,3296435153206041;Baixo;DEBTCONSOLIDATION;MORTGAGE
27;160669;3,0;8000;11,36;0,05;9;0,0497918080027883;1;2;0;1;0;0;0;1;0;0;0;0;0;0;0;0,0300235177748121;Muito Baixo;DEBTCONSOLIDATION;MORTGAGE
23;48500;0,0;4500;12,21;0,09;4;0,0927835051546391;1;2;0;0;0;0;1;1;0;0;0;0;0;0;0;0,1023944217599791;Muito Baixo;DEBTCONSOLIDATION;RENT
23;69996;5,0;12000;11,11;0,17;2;0,1714383679067375;1;2;0;1;0;0;0;0;0;0;0;0;1;0;0;0,0008392785358078;Muito Baixo;VENTURE;MORTGAGE
33;400000;9,0;15000;6,03;0,04;6;0,0375;0;1;0;1;0;0;0;0;0;0;1;0;0;0;0;0,0179459593845558;Muito Baixo;MEDICAL;MORTGAGE
33;58000;2,0;15000;9,91;0,26;9;0,2586206896551724;0;2;0;1;0;0;0;0;0;0;0;0;1;0;0;0,0011473756006158;Muito Baixo;VENTURE;MORTGAGE
23;58200;2,0;13000;10,99;0,22;2;0,2233676975945017;0;2;0;1;0;0;0;1;0;0;0;0;0;0;0;0,0544797147532309;Muito Baixo;DEBTCONSOLIDATION;MORTGAGE
25;44004;9,0;12000;16,45;0,27;4;0,2727024815925825;1;5;1;0;0;0;1;0;0;0;1;0;0;0;1;0,8801519093008038;Muito Alto;MEDICAL;RENT
23;120000;4,0;20000;10,37;0,17;4;0,1666666666666666;0;2;0;0;0;0;1;0;0;0;1;0;0;0;0;0,0234182119046072;Muito Baixo;MEDICAL;RENT
33;41916;2,0;7000;10,36;0,17;8;0,167000668002672;0;2;0;1;0;0;0;0;0;0;0;0;1;0;0;0,0012370594150249;Muito Baixo;VENTURE;MORTGAGE
26;45928;5,0;6000;7,9;0,13;4;0,1306392614527086;0;1;0;0;0;0;1;0;0;1;0;0;0;1;0;0,2978048503642068;Baixo;HOMEIMPROVEMENT;RENT
45;52000;11,0;14000;7,49;0,27;16;0,2692307692307692;0;1;0;1;0;0;0;0;1;0;0;0;0;0;0;0,0183787835023093;Muito Baixo;EDUCATION;MORTGAGE
26;53000;3,0;2800;6,03;0,05;4;0,0528301886792452;0;1;0;1;0;0;0;0;0;1;0;0;0;0;0;0,0652479435254781;Muito Baixo;HOMEIMPROVEMENT;MORTGAGE
28;62000;4,0;7200;12,99;0,12;9;0,1161290322580645;1;3;1;0;0;0;1;0;0;0;0;1;0;0;0;0,0878815711283289;Muito Baixo;PERSONAL;RENT
24;69764;2,0;1500;14,42;0,02;4;0,0215010607189954;1;4;1;0;0;0;1;0;0;0;0;0;1;1;1;0,9684878528549196;Muito Alto;VENTURE;RENT
30;45000;1,0;6000;7,51;0,13;5;0,1333333333333333;0;1;0;0;0;0;1;0;1;0;0;0;0;0;0;0,0464164202556731;Muito Baixo;EDUCATION;RENT
23;112995;7,0;2500;7,37;0,02;3;0,0221248727819815;0;1;0;0;0;0;1;0;0;0;0;0;1;0;0;0,0021270764974351;Muito Baixo;VENTURE;RENT
22;60000;3,0;2000;7,4;0,03;2;0,0333333333333333;0;1;0;1;0;0;0;0;0;0;1;0;0;0;0;0,0221138116014016;Muito Baixo;MEDICAL;MORTGAGE
31;33000;2,0;7000;8,9;0,21;10;0,2121212121212121;0;1;0;0;0;0;1;0;0;0;0;0;1;0;0;0,0038869080964278;Muito Baixo;VENTURE;RENT
25;60000;10,0;3600;5,99;0,06;3;0,06;0;1;0;1;0;0;0;0;0;0;0;1;0;0;0;0,008671218067847;Muito Baixo;PERSONAL;MORTGAGE
29;74000;4,0;12000;10,99;0,16;9;0,1621621621621621;0;2;0;1;0;0;0;1;0;0;0;0;0;0;0;0,1392266474841219;Muito Baixo;DEBTCONSOLIDATION;MORTGAGE
23;108000;1,0;3800;14,26;0,04;4;0,0351851851851851;1;3;1;0;0;0;1;0;0;0;1;0;0;0;0;0,0703178119650453;Muito Baixo;MEDICAL;RENT
26;50000;8,0;3000;9,88;0,06;4;0,06;0;2;0;0;0;0;1;0;0;0;0;1;0;0;0;0,0572776827306162;Muito Baixo;PERSONAL;RENT
23;74000;7,0;6000;5,79;0,08;3;0,081081081081081;0;1;0;0;0;0;1;0;1;0;0;0;0;0;0;0,0331097183986905;Muito Baixo;EDUCATION;RENT
23;60000;5,0;15000;15,21;0,25;3;0,25;1;4;1;1;0;0;0;0;0;0;0;1;0;0;0;0,0849477572631553;Muito Baixo;PERSONAL;MORTGAGE
22;33000;1,0;5000;10,25;0,15;2;0,1515151515151515;0;2;0;0;0;0;1;0;1;0;0;0;0;0;0;0,1910048302533984;Muito Baixo;EDUCATION;RENT
21;24000;1,0;2000;18,39;0,08;3;0,0833333333333333;1;5;1;0;0;0;1;0;0;0;0;1;0;1;1;0,974722209344271;Muito Alto;PERSONAL;RENT
23;48672;6,0;12000;7,42;0,25;3;0,2465483234714004;0;1;0;0;0;0;1;0;1;0;0;0;0;0;0;0,059350928832192;Muito Baixo;EDUCATION;RENT
34;73000;0,0;10000;11,11;0,14;10;0,136986301369863;1;2;0;0;0;0;1;0;0;0;0;1;0;0;0;0,0827781478804117;Muito Baixo;PERSONAL;RENT
29;142000;14,0;24250;11,48;0,17;8;0,1707746478873239;1;2;0;0;0;1;0;0;0;0;0;1;0;0;0;0,0009472282375078;Muito Baixo;PERSONAL;OWN
24;48000;4,0;4200;11,99;0,09;4;0,0875;1;2;0;1;0;0;0;0;0;0;1;0;0;0;0;0,1675376858042062;Muito Baixo;MEDICAL;MORTGAGE
48;54000;1,0;2000;5,99;0,04;16;0,037037037037037;0;1;0;1;0;0;0;0;0;1;0;0;0;0;0;0,2039155197321661;Baixo;HOMEIMPROVEMENT;MORTGAGE
27;40000;2,0;6000;10,99;0,15;9;0,15;0;2;0;0;0;0;1;0;0;0;0;1;0;0;0;0,0623546164883965;Muito Baixo;PERSONAL;RENT
26;65000;3,0;10000;7,29;0,15;3;0,1538461538461538;0;1;0;1;0;0;0;0;0;0;0;0;1;0;0;0,0004264878547267;Muito Baixo;VENTURE;MORTGAGE
22;28800;2,0;4000;13,48;0,14;2;0,1388888888888889;1;3;0;0;0;0;1;1;0;0;0;0;0;0;0;0,1892166569478793;Muito Baixo;DEBTCONSOLIDATION;RENT
22;23964;4,0;2500;9,91;0,1;2;0,1043231513937573;0;2;0;0;0;1;0;0;0;0;0;0;1;0;0;2,644805389671476e-05;Muito Baixo;VENTURE;OWN
25;39996;9,0;6000;9,7;0,15;4;0,15001500150015;0;2;0;0;0;0;1;0;0;0;0;0;1;0;0;0,0020761488093869;Muito Baixo;VENTURE;RENT
25;39000;9,0;5000;7,49;0,13;4;0,1282051282051282;0;1;0;0;0;0;1;0;0;0;1;0;0;0;0;0,1034951664221418;Muito Baixo;MEDICAL;RENT
25;58650;4,0;20000;14,09;0,29;4;0,3410059676044331;1;4;1;1;0;0;0;0;0;0;1;0;0;1;1;0,9905723386682386;Muito Alto;MEDICAL;MORTGAGE
24;39996;4,0;5000;14,82;0,13;3;0,125012501250125;1;3;1;1;0;0;0;0;1;0;0;0;0;0;0;0,1525358649508794;Muito Baixo;EDUCATION;MORTGAGE
23;31000;1,0;1000;14,96;0,03;3;0,032258064516129;1;4;1;0;0;0;1;0;0;0;0;1;0;1;1;0,974376689439244;Muito Alto;PERSONAL;RENT
25;50000;2,0;10800;10,75;0,22;3;0,216;0;2;0;0;0;0;1;0;0;0;0;0;1;0;0;0,0009545792376439;Muito Baixo;VENTURE;RENT
36;29000;5,0;4000;8,49;0,14;13;0,1379310344827586;0;1;0;1;0;0;0;0;1;0;0;0;0;1;0;0,1021860597800908;Muito Baixo;EDUCATION;MORTGAGE
31;109440;9,0;5600;15,31;0,05;10;0,0511695906432748;1;4;0;0;0;0;1;1;0;0;0;0;0;1;1;0,981514480253399;Muito Alto;DEBTCONSOLIDATION;RENT
23;100000;1,0;15000;10,99;0,15;2;0,15;0;2;0;0;1;0;0;0;1;0;0;0;0;0;0;0,0206481737037023;Muito Baixo;EDUCATION;OTHER
26;55000;10,0;15000;11,12;0,27;2;0,2727272727272727;1;2;0;0;0;0;1;0;0;0;1;0;0;0;0;0,0792151045134833;Muito Baixo;MEDICAL;RENT
23;30000;5,0;5900;7,88;0,2;2;0,1966666666666666;0;1;0;0;0;0;1;0;1;0;0;0;0;0;0;0,1291897662353855;Muito Baixo;EDUCATION;RENT
25;25000;4,0;2000;9,91;0,08;4;0,08;0;2;0;0;0;0;1;0;0;0;0;0;1;0;0;0,006595162415832;Muito Baixo;VENTURE;RENT
22;33996;3,0;2000;8,0;0,06;2;0,0588304506412519;0;1;0;0;0;0;1;0;1;0;0;0;0;0;0;0,330588118684833;Baixo;EDUCATION;RENT
36;60000;2,0;2400;5,79;0,04;17;0,04;0;1;0;0;0;0;1;0;0;0;0;1;0;0;0;0,0167645999707989;Muito Baixo;PERSONAL;RENT
24;98000;2,0;5000;13,22;0,05;3;0,0510204081632653;1;3;1;1;0;0;0;0;0;0;0;1;0;1;0;0,0564208814322873;Muito Baixo;PERSONAL;MORTGAGE
22;56400;2,0;25000;14,96;0,44;3;0,4432624113475177;1;4;1;0;0;0;1;0;0;1;0;0;0;1;1;0,9999597797856188;Muito Alto;HOMEIMPROVEMENT;RENT
31;92000;3,0;17000;14,54;0,18;10;0,1847826086956521;1;4;1;0;0;0;1;0;0;0;0;1;0;0;0;0,0782751277133245;Muito Baixo;PERSONAL;RENT
29;45000;0,0;12000;12,99;0,27;7;0,2666666666666666;1;3;1;0;0;0;1;0;0;0;1;0;0;0;0;0,040652439603528;Muito Baixo;MEDICAL;RENT
27;61584;3,0;15000;15,21;0,24;6;0,2435697583787996;1;4;0;0;0;0;1;0;0;0;0;0;1;0;0;0,30629864200762;Baixo;VENTURE;RENT
40;35000;6,0;5600;10,65;0,16;13;0,16;0;2;0;1;0;0;0;0;0;0;0;0;1;0;0;0,0005078376600985;Muito Baixo;VENTURE;MORTGAGE
21;72100;6,0;12000;5,79;0,17;2;0,1664355062413315;0;1;0;0;0;0;1;0;0;0;0;1;0;0;0;0,0181162739372142;Muito Baixo;PERSONAL;RENT
40;86500;2,0;10000;10,25;0,12;14;0,1156069364161849;0;2;0;1;0;0;0;1;0;0;0;0;0;0;0;0,0438914509616338;Muito Baixo;DEBTCONSOLIDATION;MORTGAGE
26;300000;9,0;10000;10,38;0,03;4;0,0333333333333333;0;2;0;0;0;1;0;0;0;1;0;0;0;0;0;0,0007823869681342;Muito Baixo;HOMEIMPROVEMENT;OWN
36;78708;7,0;24000;11,12;0,3;12;0,3049245311785333;1;2;0;0;0;0;1;0;0;0;1;0;0;0;0;0,2553156559622199;Baixo;MEDICAL;RENT
38;140000;1,0;10000;14,09;0,07;16;0,0714285714285714;1;4;0;1;0;0;0;0;0;0;0;1;0;0;0;0,1565807169061284;Muito Baixo;PERSONAL;MORTGAGE
28;39000;2,0;10400;10,37;0,27;10;0,2666666666666666;0;2;0;0;0;0;1;0;1;0;0;0;0;0;0;0,1319759131143209;Muito Baixo;EDUCATION;RENT
22;50000;6,0;15000;6,03;0,3;2;0,3;0;1;0;0;0;0;1;0;1;0;0;0;0;0;0;0,0184537821219899;Muito Baixo;EDUCATION;RENT
23;80000;1,0;7000;7,14;0,09;2;0,0875;0;1;0;0;0;0;1;0;0;0;0;0;1;0;0;0,0006201781174879;Muito Baixo;VENTURE;RENT
26;68000;2,0;3600;6,54;0,05;3;0,0529411764705882;0;1;0;1;0;0;0;0;0;0;1;0;0;0;0;0,0111342235828531;Muito Baixo;MEDICAL;MORTGAGE
24;42000;8,0;15000;15,27;0,36;3;0,3571428571428571;1;3;0;0;0;0;1;0;1;0;0;0;0;1;1;0,9948305689406708;Muito Alto;EDUCATION;RENT
30;170000;14,0;25000;15,2;0,15;8;0,1470588235294117;1;4;0;0;0;0;1;0;1;0;0;0;0;0;0;0,1414511836339244;Muito Baixo;EDUCATION;RENT
34;52000;15,0;8000;11,14;0,15;7;0,1538461538461538;1;2;0;1;0;0;0;0;0;0;0;1;0;0;0;0,0661564957309525;Muito Baixo;PERSONAL;MORTGAGE
26;36000;0,0;6350;8,94;0,18;4;0,1763888888888889;0;1;0;1;0;0;0;1;0;0;0;0;0;0;0;0,050866594623558;Muito Baixo;DEBTCONSOLIDATION;MORTGAGE
33;56000;13,0;12000;6,62;0,21;6;0,2142857142857142;0;1;0;1;0;0;0;0;0;0;1;0;0;0;0;0,0649273275702495;Muito Baixo;MEDICAL;MORTGAGE
36;32000;4,0;3600;13,49;0,11;11;0,1125;1;3;1;0;0;1;0;0;1;0;0;0;0;0;0;0,0013081480761878;Muito Baixo;EDUCATION;OWN
26;108000;2,0;25000;15,05;0,23;2;0,2314814814814814;1;4;0;0;0;0;1;0;0;0;0;1;0;1;1;0,9386481741329716;Muito Alto;PERSONAL;RENT
41;78000;3,0;6000;9,63;0,08;11;0,0769230769230769;0;2;0;0;0;0;1;0;0;1;0;0;0;0;0;0,0863599485385111;Muito Baixo;HOMEIMPROVEMENT;RENT
26;54000;7,0;25000;14,83;0,46;2;0,4629629629629629;1;4;1;0;0;0;1;1;0;0;0;0;0;1;1;0,9998549453836963;Muito Alto;DEBTCONSOLIDATION;RENT
25;90000;6,0;8500;15,21;0,09;3;0,0944444444444444;1;4;1;1;0;0;0;0;0;0;0;1;0;0;0;0,0967476422444511;Muito Baixo;PERSONAL;MORTGAGE
30;70000;0,0;3000;13,98;0,04;9;0,0428571428571428;1;3;0;0;0;0;1;0;0;0;1;0;0;0;0;0,0427235990706679;Muito Baixo;MEDICAL;RENT
27;80000;11,0;5000;8,0;0,06;10;0,0625;0;1;0;1;0;0;0;0;0;0;0;0;1;0;0;0,0007890643960418;Muito Baixo;VENTURE;MORTGAGE
28;29950;4,0;3825;14,27;0,13;8;0,1277128547579298;1;3;0;0;0;0;1;0;1;0;0;0;0;0;0;0,2927530922734775;Baixo;EDUCATION;RENT
27;130000;12,0;21000;10,99;0,16;9;0,1615384615384615;0;2;0;0;0;1;0;0;0;0;0;0;1;0;0;1,881888533446419e-05;Muito Baixo;VENTURE;OWN
27;60000;4,0;10425;9,45;0,17;8;0,17375;0;2;0;0;0;1;0;0;0;0;1;0;0;0;0;0,0008517683566946;Muito Baixo;MEDICAL;OWN
23;30000;1,0;4000;15,65;0,13;4;0,1333333333333333;1;4;1;0;0;1;0;1;0;0;0;0;0;0;0;0,0091928531728903;Muito Baixo;DEBTCONSOLIDATION;OWN
31;238000;14,0;12000;14,09;0,05;10;0,0504201680672268;1;4;1;1;0;0;0;1;0;0;0;0;0;1;1;0,9743338534697208;Muito Alto;DEBTCONSOLIDATION;MORTGAGE
29;71500;3,0;6000;9,63;0,08;10;0,0839160839160839;0;2;0;1;0;0;0;1;0;0;0;0;0;0;0;0,0344719263717866;Muito Baixo;DEBTCONSOLIDATION;MORTGAGE
21;24000;2,0;7000;11,86;0,29;3;0,2916666666666667;1;2;0;0;0;1;0;0;0;0;0;1;0;0;0;0,0010459736073816;Muito Baixo;PERSONAL;OWN
32;67000;12,0;20000;11,83;0,3;7;0,2985074626865671;1;2;0;0;0;1;0;0;0;1;0;0;0;0;0;0,0021260105570162;Muito Baixo;HOMEIMPROVEMENT;OWN
28;95000;0,0;4500;10,99;0,05;7;0,0473684210526315;0;2;0;1;0;0;0;0;0;0;1;0;0;0;0;0,0277208133491356;Muito Baixo;MEDICAL;MORTGAGE
23;105000;7,0;7200;11,71;0,07;2;0,0685714285714285;1;2;0;0;0;0;1;0;0;0;1;0;0;0;0;0,0270909868489848;Muito Baixo;MEDICAL;RENT
27;75000;11,0;6000;15,21;0,08;9;0,08;1;4;1;0;0;0;1;0;0;0;0;0;1;0;0;0,1815640464258555;Muito Baixo;VENTURE;RENT
26;50400;0,0;6725;10,62;0,13;4;0,1334325396825396;0;2;0;0;0;1;0;0;0;0;0;0;1;0;0;1,5504873242103633e-05;Muito Baixo;VENTURE;OWN
32;80000;2,0;25000;10,99;0,31;8;0,3125;0;2;0;0;0;0;1;0;0;0;0;0;1;1;1;0,9965616002230736;Muito Alto;VENTURE;RENT
27;27180;4,0;4800;7,14;0,18;10;0,1766004415011037;0;1;0;0;0;0;1;0;0;0;1;0;0;0;0;0,0196297915465844;Muito Baixo;MEDICAL;RENT
28;65000;1,0;7500;10,96;0,12;5;0,1153846153846153;0;2;0;0;0;1;0;0;0;0;0;0;1;0;0;1,3635661373570844e-05;Muito Baixo;VENTURE;OWN
34;113000;6,0;9600;13,48;0,08;9;0,0849557522123893;1;3;1;0;0;0;1;0;1;0;0;0;0;0;0;0,1015357368598032;Muito Baixo;EDUCATION;RENT
23;50400;7,0;2500;10,99;0,05;2;0,0496031746031746;0;2;0;1;0;0;0;0;0;0;0;0;1;0;0;0,0012192583537435;Muito Baixo;VENTURE;MORTGAGE
24;97000;3,0;6400;15,96;0,07;2;0,0659793814432989;1;3;1;1;0;0;0;1;0;0;0;0;0;0;0;0,2309467456488816;Baixo;DEBTCONSOLIDATION;MORTGAGE
26;61754;7,0;10000;14,83;0,14;4;0,1619328302620073;1;4;0;1;0;0;0;0;0;0;1;0;0;1;1;0,9924333745928162;Muito Alto;MEDICAL;MORTGAGE
29;90000;13,0;21000;11,99;0,23;10;0,2333333333333333;1;2;0;1;0;0;0;1;0;0;0;0;0;0;0;0,0529010724179457;Muito Baixo;DEBTCONSOLIDATION;MORTGAGE
23;20000;0,0;3200;16,0;0,16;2;0,16;1;5;0;0;0;0;1;0;0;0;0;0;1;1;1;0,9589362283723588;Muito Alto;VENTURE;RENT
22;91800;0,0;16800;15,62;0,16;4;0,1830065359477124;1;4;1;1;0;0;0;0;0;0;1;0;0;1;1;0,9921204504488348;Muito Alto;MEDICAL;MORTGAGE
27;32000;2,0;8600;16,02;0,27;6;0,26875;1;4;1;0;0;0;1;0;0;0;1;0;0;1;1;0,9840117049153448;Muito Alto;MEDICAL;RENT
24;128000;4,0;12000;6,03;0,09;2;0,09375;0;1;0;1;0;0;0;0;1;0;0;0;0;0;0;0,0036079865647543;Muito Baixo;EDUCATION;MORTGAGE
32;53500;1,0;4200;13,98;0,08;10;0,0785046728971962;1;3;1;0;0;0;1;0;0;0;0;1;0;0;0;0,1212834109017742;Muito Baixo;PERSONAL;RENT
32;40000;2,0;4000;9,99;0,1;8;0,1;0;2;0;0;0;0;1;0;0;0;0;1;0;0;0;0,0720097596296634;Muito Baixo;PERSONAL;RENT
24;33048;6,0;10600;11,97;0,32;3;0,3207455821834907;1;3;1;0;0;0;1;0;1;0;0;0;0;1;1;0,9931689117704072;Muito Alto;EDUCATION;RENT
25;70000;4,0;6300;10,37;0,09;4;0,09;0;2;0;1;0;0;0;0;0;0;0;0;1;0;0;0,0009744390383535;Muito Baixo;VENTURE;MORTGAGE
39;60000;7,0;6800;17,49;0,11;14;0,1133333333333333;1;4;1;0;0;1;0;0;0;0;0;0;1;0;0;0,0006141714079733;Muito Baixo;VENTURE;OWN
31;61150;0,0;5100;11,49;0,08;8;0,0834014717906786;1;2;0;0;0;0;1;1;0;0;0;0;0;0;0;0,0627713027927094;Muito Baixo;DEBTCONSOLIDATION;RENT
25;78000;1,0;6000;9,63;0,08;4;0,0769230769230769;0;1;0;0;0;0;1;0;0;0;0;1;0;0;0;0,150733854637696;Muito Baixo;PERSONAL;RENT
24;100000;2,0;24000;10,99;0,24;4;0,24;0;2;0;0;0;1;0;0;0;1;0;0;0;0;0;0,0015884680094778;Muito Baixo;HOMEIMPROVEMENT;OWN
24;70000;2,0;8950;11,89;0,13;2;0,1278571428571428;1;2;0;1;0;0;0;0;0;0;1;0;0;0;0;0,0363787305837714;Muito Baixo;MEDICAL;MORTGAGE
33;36000;5,0;5600;11,99;0,16;7;0,1555555555555555;1;2;0;0;0;0;1;0;0;0;0;1;0;1;0;0,1306592115768154;Muito Baixo;PERSONAL;RENT
25;18000;3,0;8500;10,28;0,47;4;0,4722222222222222;0;3;1;0;0;0;1;0;1;0;0;0;0;1;1;0,9997523412277326;Muito Alto;EDUCATION;RENT
30;34000;0,0;12000;12,87;0,35;6;0,3529411764705882;1;3;0;0;0;0;1;1;0;0;0;0;0;1;1;0,9927407887085996;Muito Alto;DEBTCONSOLIDATION;RENT
22;76500;2,0;15000;13,48;0,2;4;0,196078431372549;1;3;1;1;0;0;0;1;0;0;0;0;0;0;0;0,0919203193901571;Muito Baixo;DEBTCONSOLIDATION;MORTGAGE
29;54000;8,0;7500;7,49;0,14;7;0,1388888888888889;0;1;0;1;0;0;0;0;0;0;1;0;0;1;0;0,1581869414168819;Muito Baixo;MEDICAL;MORTGAGE
24;32000;4,0;4500;7,29;0,14;4;0,140625;0;1;0;0;0;0;1;0;0;0;1;0;0;0;0;0,0540345380104678;Muito Baixo;MEDICAL;RENT
37;36000;7,0;9000;7,49;0,25;17;0,25;0;1;0;1;0;0;0;0;1;0;0;0;0;0;0;0,0480991126444874;Muito Baixo;EDUCATION;MORTGAGE
30;96300;1,0;18000;13,98;0,19;9;0,1869158878504672;1;3;0;1;0;0;0;0;1;0;0;0;0;0;0;0,132091254332283;Muito Baixo;EDUCATION;MORTGAGE
35;73000;9,0;14000;14,59;0,19;8;0,1917808219178082;1;4;1;0;0;0;1;0;0;0;0;0;1;0;0;0,2747265930316734;Baixo;VENTURE;RENT
27;56000;2,0;14000;10,65;0,25;10;0,25;0;2;0;0;0;0;1;0;0;0;0;1;0;0;0;0,0468556985452685;Muito Baixo;PERSONAL;RENT
26;85000;3,0;4000;9,25;0,05;2;0,0470588235294117;0;2;0;1;0;0;0;1;0;0;0;0;0;0;0;0,0219160528233509;Muito Baixo;DEBTCONSOLIDATION;MORTGAGE
23;51000;6,0;17500;14,09;0,34;2;0,3431372549019608;1;4;1;1;0;0;0;1;0;0;0;0;0;1;1;0,9834280288237052;Muito Alto;DEBTCONSOLIDATION;MORTGAGE
23;100000;8,0;16000;6,17;0,16;2;0,16;0;1;0;1;0;0;0;0;0;0;0;1;0;0;0;0,008709258147212;Muito Baixo;PERSONAL;MORTGAGE
25;70000;3,0;5600;7,9;0,08;3;0,08;0;1;0;0;0;0;1;0;0;0;1;0;0;0;0;0,0149815465489876;Muito Baixo;MEDICAL;RENT
24;74400;1,0;3500;7,29;0,05;3;0,0470430107526881;0;1;0;0;0;0;1;0;0;0;1;0;0;0;0;0,0183054558342161;Muito Baixo;MEDICAL;RENT
23;103000;4,0;16800;13,11;0,16;4;0,1631067961165048;1;3;0;0;0;0;1;1;0;0;0;0;0;0;0;0,0837695599441688;Muito Baixo;DEBTCONSOLIDATION;RENT
24;57000;5,0;8000;5,42;0,14;4;0,1403508771929824;0;1;0;1;0;0;0;0;0;1;0;0;0;0;0;0,0318854484215374;Muito Baixo;HOMEIMPROVEMENT;MORTGAGE
29;120000;1,0;17500;12,87;0,15;5;0,1458333333333333;1;3;0;0;0;0;1;0;0;0;1;0;0;0;0;0,0407345529721355;Muito Baixo;MEDICAL;RENT
27;62000;1,0;3275;9,33;0,05;8;0,0528225806451612;0;2;0;1;0;0;0;0;0;1;0;0;0;0;0;0,0595640579638432;Muito Baixo;HOMEIMPROVEMENT;MORTGAGE
23;24091;5,0;3500;12,99;0,15;2;0,1452824706321863;1;3;1;1;0;0;0;0;0;0;0;1;0;0;0;0,1248126396669255;Muito Baixo;PERSONAL;MORTGAGE
23;57996;7,0;7200;7,49;0,12;2;0,1241464928615766;0;1;0;1;0;0;0;1;0;0;0;0;0;0;0;0,0597798147434362;Muito Baixo;DEBTCONSOLIDATION;MORTGAGE
22;54000;4,0;5600;9,63;0,1;3;0,1037037037037037;0;2;0;0;0;0;1;0;0;0;0;0;1;0;0;0,0042759550625962;Muito Baixo;VENTURE;RENT
21;42000;5,0;1500;5,79;0,04;3;0,0357142857142857;0;1;0;0;0;0;1;0;1;0;0;0;0;0;0;0,0149115746404708;Muito Baixo;EDUCATION;RENT
23;30000;2,0;10000;15,31;0,33;4;0,3333333333333333;1;4;1;0;0;0;1;0;0;1;0;0;0;1;1;0,9999591400726692;Muito Alto;HOMEIMPROVEMENT;RENT
23;24000;2,0;4000;10,99;0,17;4;0,1666666666666666;0;2;0;0;0;0;1;1;0;0;0;0;0;0;0;0,0782222405022292;Muito Baixo;DEBTCONSOLIDATION;RENT
27;60000;12,0;2000;15,7;0,03;6;0,0333333333333333;1;4;1;1;0;0;0;0;0;0;1;0;0;1;1;0,9708305336524722;Muito Alto;MEDICAL;MORTGAGE
22;27360;5,0;5000;7,51;0,18;2;0,1827485380116959;0;1;0;0;0;0;1;0;1;0;0;0;0;0;0;0,0764266747137774;Muito Baixo;EDUCATION;RENT
25;44000;4,0;5550;14,11;0,13;4;0,1261363636363636;1;4;1;1;0;0;0;0;0;0;1;0;0;1;1;0,9697688750167064;Muito Alto;MEDICAL;MORTGAGE
22;59000;2,0;21000;10,71;0,36;3;0,3559322033898305;0;2;0;0;0;0;1;0;0;0;0;1;0;1;1;0,9955156730392164;Muito Alto;PERSONAL;RENT
22;63000;6,0;3700;5,42;0,06;4;0,0587301587301587;0;1;0;1;0;0;0;0;1;0;0;0;0;0;0;0,0106305955116225;Muito Baixo;EDUCATION;MORTGAGE
22;71004;6,0;1800;11,12;0,03;4;0,0253506844684806;1;2;0;0;0;0;1;0;0;0;0;1;0;0;0;0,0523122933401572;Muito Baixo;PERSONAL;RENT
26;71400;10,0;16000;15,31;0,19;4;0,2240896358543417;1;4;1;0;0;0;1;0;0;0;1;0;0;1;1;0,968543586891246;Muito Alto;MEDICAL;RENT
41;110004;7,0;25000;12,73;0,23;14;0,2272644631104323;1;3;1;1;0;0;0;0;1;0;0;0;0;0;0;0,0943413933028784;Muito Baixo;EDUCATION;MORTGAGE
26;120000;5,0;8000;7,29;0,07;2;0,0666666666666666;0;1;0;1;0;0;0;0;1;0;0;0;0;0;0;0,0116079638651649;Muito Baixo;EDUCATION;MORTGAGE
24;65004;4,0;8000;8,49;0,12;2;0,1230693495784874;0;1;0;0;0;0;1;0;0;0;0;1;0;0;0;0,0697835710129034;Muito Baixo;PERSONAL;RENT
25;116000;9,0;19950;9,96;0,17;4;0,1719827586206896;0;2;0;1;0;0;0;0;0;0;0;0;1;0;0;0,0008863253692432;Muito Baixo;VENTURE;MORTGAGE
25;28000;4,0;12200;12,53;0,44;4;0,4357142857142857;1;2;0;0;0;1;0;0;0;0;0;0;1;0;0;0,0020566224809693;Muito Baixo;VENTURE;OWN
25;90000;5,0;7500;6,76;0,08;4;0,0833333333333333;0;1;0;1;0;0;0;1;0;0;0;0;0;0;0;0,0088533622195784;Muito Baixo;DEBTCONSOLIDATION;MORTGAGE
27;150000;0,0;10000;8,59;0,07;9;0,0666666666666666;0;1;0;0;0;1;0;0;1;0;0;0;0;0;0;0,0005100485628374;Muito Baixo;EDUCATION;OWN
36;47500;8,0;2700;5,79;0,06;14;0,0568421052631578;0;1;0;1;0;0;0;1;0;0;0;0;0;0;0;0,0438912918486774;Muito Baixo;DEBTCONSOLIDATION;MORTGAGE
35;165000;3,0;8000;11,49;0,05;8;0,0484848484848484;1;2;0;1;0;0;0;1;0;0;0;0;0;0;0;0,026585773185338;Muito Baixo;DEBTCONSOLIDATION;MORTGAGE
30;44760;1,0;3300;11,71;0,07;8;0,0737265415549597;1;2;0;0;0;0;1;0;1;0;0;0;0;0;0;0,0827452978191149;Muito Baixo;EDUCATION;RENT
22;47472;6,0;20000;11,83;0,42;3;0,4213009774182676;1;2;0;1;0;0;0;0;0;0;0;0;1;0;0;0,010551625104283;Muito Baixo;VENTURE;MORTGAGE
25;25000;4,0;1600;12,98;0,06;3;0,064;1;3;0;0;0;0;1;0;0;0;1;0;0;0;0;0,221165122479839;Baixo;MEDICAL;RENT
24;87000;5,0;10000;10,36;0,11;3;0,1149425287356321;0;2;0;1;0;0;0;0;0;0;1;0;0;0;0;0,032976274631829;Muito Baixo;MEDICAL;MORTGAGE
23;28800;1,0;9250;14,35;0,32;3;0,3211805555555556;1;3;1;0;0;0;1;0;0;0;0;0;1;1;1;0,9924103094464358;Muito Alto;VENTURE;RENT
26;70000;10,0;4075;5,42;0,06;3;0,0582142857142857;0;1;0;0;0;0;1;0;0;0;0;1;0;0;0;0,0074240261368043;Muito Baixo;PERSONAL;RENT
21;38400;5,0;5000;10,59;0,13;3;0,1302083333333333;0;2;0;0;0;0;1;0;1;0;0;0;0;0;0;0,0798886335983684;Muito Baixo;EDUCATION;RENT
42;85000;3,0;5750;12,99;0,07;15;0,0676470588235294;1;3;1;0;0;0;1;0;0;0;0;0;1;0;0;0,0147817824892827;Muito Baixo;VENTURE;RENT
26;50500;0,0;4050;7,88;0,08;4;0,0801980198019802;0;1;0;0;0;0;1;0;0;1;0;0;0;0;0;0,0815870309208967;Muito Baixo;HOMEIMPROVEMENT;RENT
24;37200;8,0;7200;7,9;0,19;4;0,1935483870967742;0;1;0;0;0;0;1;1;0;0;0;0;0;0;0;0,1280600573495971;Muito Baixo;DEBTCONSOLIDATION;RENT
23;38004;2,0;4500;7,88;0,12;2;0,1184085885696242;0;1;0;0;0;0;1;0;1;0;0;0;0;0;0;0,0355500786348778;Muito Baixo;EDUCATION;RENT
41;70000;2,0;10000;7,88;0,14;13;0,1428571428571428;0;1;0;0;0;0;1;0;0;1;0;0;0;0;0;0,0215921820461479;Muito Baixo;HOMEIMPROVEMENT;RENT
22;50400;0,0;12000;7,9;0,24;3;0,238095238095238;0;1;0;1;0;0;0;0;0;0;0;0;1;0;0;0,0007884188657866;Muito Baixo;VENTURE;MORTGAGE
25;90000;3,0;25000;10,39;0,28;3;0,2777777777777778;0;2;0;1;0;0;0;0;0;0;0;0;1;0;0;0,0009850271353731;Muito Baixo;VENTURE;MORTGAGE
25;175000;2,0;25000;8,9;0,14;2;0,1428571428571428;0;1;0;0;0;0;1;0;0;0;0;1;0;0;0;0,0334529891990387;Muito Baixo;PERSONAL;RENT
25;16200;2,0;1500;6,91;0,09;4;0,0925925925925925;0;1;0;0;0;0;1;0;0;0;1;0;0;0;0;0,1188564985277257;Muito Baixo;MEDICAL;RENT
34;38000;3,0;10500;13,49;0,28;5;0,2763157894736842;1;3;0;0;0;0;1;0;0;0;1;0;0;0;0;0,075067577575179;Muito Baixo;MEDICAL;RENT
25;31416;5,0;8000;12,61;0,25;4;0,2546473134708429;1;3;1;0;0;0;1;0;0;0;0;1;0;0;0;0,399804796296611;Baixo;PERSONAL;RENT
22;38000;5,0;10000;13,49;0,26;2;0,2631578947368421;1;3;0;0;0;0;1;0;0;0;0;1;0;0;0;0,1689564551018325;Muito Baixo;PERSONAL;RENT
32;96000;7,0;20000;14,42;0,21;9;0,2083333333333333;1;4;0;0;0;0;1;0;0;0;0;1;0;0;0;0,1008616797396367;Muito Baixo;PERSONAL;RENT
34;158000;2,0;12000;13,48;0,08;8;0,0759493670886076;1;3;0;1;0;0;0;0;0;0;0;0;1;1;0;0,0410753586799685;Muito Baixo;VENTURE;MORTGAGE
24;26000;3,0;7850;9,96;0,3;2;0,3019230769230769;0;2;0;0;0;0;1;0;0;0;1;0;0;0;0;0,0576989638566167;Muito Baixo;MEDICAL;RENT
28;52000;10,0;13600;7,88;0,26;5;0,2615384615384615;0;1;0;1;0;0;0;1;0;0;0;0;0;0;0;0,0425637843713823;Muito Baixo;DEBTCONSOLIDATION;MORTGAGE
27;67200;2,0;10750;6,91;0,16;6;0,159970238095238;0;1;0;1;0;0;0;0;0;1;0;0;0;0;0;0,0254114933067979;Muito Baixo;HOMEIMPROVEMENT;MORTGAGE
21;35324;4,0;6000;10,99;0,17;4;0,1698561884271316;0;2;0;0;0;0;1;0;1;0;0;0;0;0;0;0,0602544352055137;Muito Baixo;EDUCATION;RENT
23;200000;0,0;5000;7,43;0,03;2;0,025;0;1;0;1;0;0;0;0;1;0;0;0;0;0;0;0,0038895634996057;Muito Baixo;EDUCATION;MORTGAGE
24;43000;6,0;6000;10,65;0,14;3;0,1395348837209302;0;2;0;1;0;0;0;0;0;0;1;0;0;0;0;0,1063293815021002;Muito Baixo;MEDICAL;MORTGAGE
23;119500;4,0;24000;7,51;0,2;2;0,200836820083682;0;1;0;1;0;0;0;0;0;0;0;1;0;0;0;0,0119775544197019;Muito Baixo;PERSONAL;MORTGAGE
27;54000;1,0;27575;10,99;0,51;5;0,5106481481481482;0;2;0;1;0;0;0;0;0;1;0;0;0;0;0;0,3677301262317201;Baixo;HOMEIMPROVEMENT;MORTGAGE
24;60000;8,0;3000;10,65;0,05;2;0,05;0;2;0;1;0;0;0;0;1;0;0;0;0;0;0;0,0720591242019156;Muito Baixo;EDUCATION;MORTGAGE
25;37200;4,0;10000;9,91;0,27;3;0,2688172043010752;0;2;0;1;0;0;0;0;1;0;0;0;0;0;0;0,1587123346609887;Muito Baixo;EDUCATION;MORTGAGE
25;32000;2,0;1000;19,03;0,03;4;0,03125;1;5;0;0;0;0;1;0;0;0;1;0;0;1;1;0,9665036370261432;Muito Alto;MEDICAL;RENT
35;49872;2,0;8400;7,29;0,17;9;0,1684311838306063;0;1;0;0;0;0;1;0;0;0;0;0;1;0;0;0,0006062597044942;Muito Baixo;VENTURE;RENT
24;90000;8,0;24000;17,56;0,27;3;0,2666666666666666;1;5;0;1;0;0;0;0;0;1;0;0;0;0;0;0,1847964128860048;Muito Baixo;HOMEIMPROVEMENT;MORTGAGE
26;70000;3,0;5000;17,39;0,07;2;0,0714285714285714;1;5;0;0;0;0;1;0;1;0;0;0;0;0;0;0,2902093035884346;Baixo;EDUCATION;RENT
36;9600;1,0;3250;11,49;0,34;15;0,3385416666666667;1;2;0;1;0;0;0;0;0;0;0;0;1;1;1;0,9641580216899248;Muito Alto;VENTURE;MORTGAGE
24;44000;4,0;4000;7,49;0,09;3;0,0909090909090909;0;1;0;1;0;0;0;0;0;0;1;0;0;0;0;0,1302920540386626;Muito Baixo;MEDICAL;MORTGAGE
22;52000;6,0;18000;13,48;0,35;4;0,3461538461538461;1;3;0;0;0;0;1;0;1;0;0;0;0;1;1;0,9870989538084493;Muito Alto;EDUCATION;RENT
23;78000;7,0;6150;7,88;0,08;2;0,0788461538461538;0;1;0;1;0;0;0;0;1;0;0;0;0;0;0;0,1073716177564999;Muito Baixo;EDUCATION;MORTGAGE
34;128000;0,0;25000;17,39;0,2;5;0,1953125;1;5;0;0;0;1;0;1;0;0;0;0;0;1;1;0,7506553277338803;Alto;DEBTCONSOLIDATION;OWN
36;25200;0,0;8700;12,23;0,35;14;0,3452380952380952;1;3;1;1;0;0;0;0;1;0;0;0;0;1;0;0,3998958060731086;Baixo;EDUCATION;MORTGAGE
41;90000;0,0;5000;14,26;0,06;13;0,0555555555555555;1;3;1;0;0;0;1;0;0;0;0;0;1;0;0;0,04015853282939;Muito Baixo;VENTURE;RENT
24;46809;4,0;5000;12,18;0,11;2;0,1068170650943194;1;2;0;0;0;0;1;0;0;0;1;0;0;0;0;0,2012444954452595;Baixo;MEDICAL;RENT
23;28800;6,0;5000;11,99;0,17;4;0,1736111111111111;1;2;0;1;0;0;0;0;0;0;1;0;0;0;0;0,2002146422736632;Baixo;MEDICAL;MORTGAGE
23;69000;3,0;15000;10,65;0,22;4;0,217391304347826;0;2;0;0;0;0;1;0;1;0;0;0;0;0;0;0,0816809027973222;Muito Baixo;EDUCATION;RENT
25;44000;2,0;10000;15,65;0,23;2;0,2272727272727272;1;4;0;0;0;0;1;0;0;0;0;1;0;1;1;0,9841697597197142;Muito Alto;PERSONAL;RENT
23;13000;3,0;2800;15,21;0,22;2;0,2153846153846154;1;4;1;0;0;0;1;0;0;0;0;1;0;1;1;0,965728188174362;Muito Alto;PERSONAL;RENT
25;87000;5,0;5500;14,61;0,06;2;0,0632183908045977;1;4;0;0;0;1;0;0;1;0;0;0;0;0;0;0,0002288466742239;Muito Baixo;EDUCATION;OWN
22;70600;6,0;7450;13,06;0,11;4;0,1055240793201133;1;3;1;1;0;0;0;0;0;0;1;0;0;0;0;0,0499268073218689;Muito Baixo;MEDICAL;MORTGAGE
28;100000;13,0;13000;8,59;0,13;9;0,13;0;1;0;1;0;0;0;0;0;0;0;1;0;0;0;0,0301403434981068;Muito Baixo;PERSONAL;MORTGAGE
23;36000;7,0;6000;8,88;0,17;2;0,1666666666666666;0;2;0;0;0;1;0;0;1;0;0;0;0;0;0;0,001234631737812;Muito Baixo;EDUCATION;OWN
25;45000;4,0;15000;13,48;0,33;3;0,3333333333333333;1;3;0;0;0;0;1;1;0;0;0;0;0;1;1;0,9895573096250652;Muito Alto;DEBTCONSOLIDATION;RENT
24;124080;4,0;24000;16,49;0,19;4;0,1934235976789168;1;4;1;0;0;0;1;0;0;0;0;1;0;0;0;0,1234805654846717;Muito Baixo;PERSONAL;RENT
32;80000;0,0;6400;7,88;0,08;8;0,08;0;1;0;0;0;0;1;0;0;0;1;0;0;0;0;0,0054193606725905;Muito Baixo;MEDICAL;RENT
23;100000;4,0;4150;10,65;0,04;4;0,0415;0;2;0;0;0;0;1;0;1;0;0;0;0;0;0;0,0376185901002434;Muito Baixo;EDUCATION;RENT
29;117000;6,0;21000;10,65;0,18;9;0,1794871794871795;0;2;0;0;0;0;1;0;0;0;0;1;0;0;0;0,0778590913417158;Muito Baixo;PERSONAL;RENT
26;102500;4,0;11800;6,03;0,12;2;0,1151219512195122;0;1;0;1;0;0;0;0;1;0;0;0;0;0;0;0,0047796280292;Muito Baixo;EDUCATION;MORTGAGE
23;67000;7,0;10000;7,49;0,15;3;0,1492537313432835;0;1;0;1;0;0;0;0;0;0;0;0;1;0;0;0,0009118901525401;Muito Baixo;VENTURE;MORTGAGE
25;35000;9,0;7200;8,9;0,21;3;0,2057142857142857;0;1;0;0;0;0;1;0;0;0;1;0;0;0;0;0,0549958806904299;Muito Baixo;MEDICAL;RENT
24;70000;2,0;13000;10,0;0,19;2;0,1857142857142857;0;2;0;0;0;0;1;0;1;0;0;0;0;0;0;0,0316523068700053;Muito Baixo;EDUCATION;RENT
24;33600;2,0;9450;7,66;0,28;2;0,28125;0;1;0;0;0;0;1;0;0;0;0;1;0;1;0;0,2081015055842288;Baixo;PERSONAL;RENT
24;14400;3,0;1800;6,92;0,13;3;0,125;0;1;0;0;0;0;1;1;0;0;0;0;0;0;0;0,1314675603930604;Muito Baixo;DEBTCONSOLIDATION;RENT
32;108000;5,0;12000;11,49;0,11;10;0,1111111111111111;1;2;0;1;0;0;0;0;0;0;0;0;1;0;0;0,0023516273501325;Muito Baixo;VENTURE;MORTGAGE
25;42996;4,0;12000;6,17;0,28;4;0,2790957298353335;0;1;0;1;0;0;0;0;0;1;0;0;0;0;0;0,0296981833676468;Muito Baixo;HOMEIMPROVEMENT;MORTGAGE
24;52000;3,0;3500;6,76;0,07;3;0,0673076923076923;0;1;0;1;0;0;0;0;0;0;0;0;1;0;0;0,0004293035950087;Muito Baixo;VENTURE;MORTGAGE
22;48000;6,0;5000;10,99;0,1;2;0,1041666666666666;0;2;0;0;0;0;1;0;0;0;0;0;1;0;0;0,0022814483189616;Muito Baixo;VENTURE;RENT
32;66725;4,0;15000;10,99;0,19;5;0,2248032971150243;0;2;0;0;0;0;1;0;0;0;1;0;0;1;0;0,0750707244103791;Muito Baixo;MEDICAL;RENT
25;57000;1,0;5500;10,99;0,1;4;0,0964912280701754;0;2;0;0;0;0;1;0;0;1;0;0;0;0;0;0,1206102207346226;Muito Baixo;HOMEIMPROVEMENT;RENT
23;74000;4,0;25000;12,18;0,34;2;0,3378378378378378;1;2;0;1;0;0;0;0;0;1;0;0;0;1;1;0,9799634689674096;Muito Alto;HOMEIMPROVEMENT;MORTGAGE
23;30000;0,0;5000;11,59;0,17;4;0,1666666666666666;1;3;1;0;0;0;1;0;0;0;0;1;0;0;0;0,2772357871340093;Baixo;PERSONAL;RENT
28;56664;12,0;16300;14,91;0,29;10;0,2876605957927431;1;4;1;1;0;0;0;0;0;0;0;1;0;1;0;0,1154037977005277;Muito Baixo;PERSONAL;MORTGAGE
24;35000;8,0;19000;11,36;0,54;2;0,5428571428571428;1;2;0;0;0;0;1;1;0;0;0;0;0;1;1;0,9885472157107752;Muito Alto;DEBTCONSOLIDATION;RENT
24;57600;8,0;10500;6,62;0,18;3;0,1822916666666666;0;1;0;1;0;0;0;0;0;1;0;0;0;0;0;0,0642243974730687;Muito Baixo;HOMEIMPROVEMENT;MORTGAGE
26;32000;5,0;2000;11,49;0,06;3;0,0625;1;2;0;0;0;0;1;1;0;0;0;0;0;0;0;0,3453051963568961;Baixo;DEBTCONSOLIDATION;RENT
23;120000;3,0;30000;11,49;0,25;4;0,25;1;2;0;1;0;0;0;0;0;0;1;0;0;0;0;0,0238540314000386;Muito Baixo;MEDICAL;MORTGAGE
21;117000;3,0;4800;14,54;0,04;4;0,041025641025641;1;4;0;1;0;0;0;0;0;0;0;1;0;0;0;0,0979847250392329;Muito Baixo;PERSONAL;MORTGAGE
24;36000;7,0;12000;8,88;0,33;4;0,3333333333333333;0;2;0;0;0;0;1;0;0;0;1;0;0;1;1;0,9924599742366224;Muito Alto;MEDICAL;RENT
28;54400;0,0;10200;16,89;0,16;5;0,1875;1;4;0;0;0;0;1;0;0;0;1;0;0;1;1;0,996299841491856;Muito Alto;MEDICAL;RENT
25;77004;2,0;16000;13,92;0,21;2;0,2077814139525219;1;3;0;1;0;0;0;1;0;0;0;0;0;0;0;0,2656016071807387;Baixo;DEBTCONSOLIDATION;MORTGAGE
26;110000;4,0;12000;10,99;0,11;2;0,109090909090909;0;2;0;0;0;0;1;0;0;0;0;0;1;0;0;0,0016555475752232;Muito Baixo;VENTURE;RENT
22;50004;5,0;5300;14,42;0,11;2;0,1059915206783457;1;4;0;0;0;0;1;0;1;0;0;0;0;0;0;0,0290538608716759;Muito Baixo;EDUCATION;RENT
23;120000;7,0;16000;10,37;0,13;3;0,1333333333333333;0;2;0;1;0;0;0;1;0;0;0;0;0;0;0;0,0284386647620813;Muito Baixo;DEBTCONSOLIDATION;MORTGAGE
27;68700;0,0;10000;6,92;0,15;6;0,1455604075691411;0;1;0;0;0;1;0;0;0;0;0;1;0;0;0;0,000269750686912;Muito Baixo;PERSONAL;OWN
35;130000;2,0;12000;10,08;0,09;7;0,0923076923076923;0;2;0;1;0;0;0;0;0;0;0;1;0;0;0;0,0325875767769411;Muito Baixo;PERSONAL;MORTGAGE
25;53000;9,0;6000;7,9;0,11;4;0,1132075471698113;0;1;0;0;0;0;1;0;0;1;0;0;0;0;0;0,1100528926932204;Muito Baixo;HOMEIMPROVEMENT;RENT
25;44000;9,0;9800;7,49;0,22;4;0,2227272727272727;0;1;0;1;0;0;0;1;0;0;0;0;0;1;0;0,1315643741879478;Muito Baixo;DEBTCONSOLIDATION;MORTGAGE
31;54000;12,0;15000;8,49;0,28;5;0,2777777777777778;0;1;0;1;0;0;0;0;0;1;0;0;0;1;0;0,2929065661098086;Baixo;HOMEIMPROVEMENT;MORTGAGE
29;97000;13,0;10000;14,65;0,1;8;0,1030927835051546;1;3;0;1;0;0;0;0;0;0;0;0;1;0;0;0,144713612289705;Muito Baixo;VENTURE;MORTGAGE
28;34000;7,0;9600;10,99;0,28;7;0,2823529411764706;0;2;0;0;0;0;1;0;0;0;1;0;0;0;0;0,2284047215142169;Baixo;MEDICAL;RENT
33;43000;4,0;10000;13,35;0,23;10;0,2325581395348837;1;3;1;1;0;0;0;0;0;1;0;0;0;0;0;0,1015049592455107;Muito Baixo;HOMEIMPROVEMENT;MORTGAGE
32;125000;4,0;9000;6,62;0,07;10;0,072;0;1;0;1;0;0;0;0;1;0;0;0;0;0;0;0,0135285105991906;Muito Baixo;EDUCATION;MORTGAGE
22;50000;5,0;2000;12,18;0,04;3;0,04;1;2;0;1;0;0;0;0;0;0;0;1;0;0;0;0,0666385655604214;Muito Baixo;PERSONAL;MORTGAGE
25;28800;8,0;6800;9,63;0,24;3;0,2361111111111111;0;2;0;0;0;0;1;0;1;0;0;0;0;0;0;0,1699034863221516;Muito Baixo;EDUCATION;RENT
32;28600;3,0;6700;10,37;0,23;9;0,2342657342657342;0;2;0;0;0;0;1;0;0;0;0;0;1;0;0;0,0022926401621759;Muito Baixo;VENTURE;RENT
33;104000;9,0;8000;11,58;0,08;8;0,0769230769230769;1;2;0;0;0;0;1;1;0;0;0;0;0;0;0;0,0532343439881663;Muito Baixo;DEBTCONSOLIDATION;RENT
22;72000;1,0;8500;15,96;0,12;2;0,1180555555555555;1;3;0;1;0;0;0;0;0;0;0;1;0;1;0;0,1557065269616916;Muito Baixo;PERSONAL;MORTGAGE
29;93000;9,0;20000;16,82;0,22;8;0,2150537634408602;1;5;0;1;0;0;0;0;0;0;0;1;0;0;0;0,1402324119309416;Muito Baixo;PERSONAL;MORTGAGE
21;34368;0,0;2500;12,87;0,07;2;0,07274208566108;1;3;1;0;0;0;1;1;0;0;0;0;0;0;0;0,1484371401349966;Muito Baixo;DEBTCONSOLIDATION;RENT
24;99750;8,0;12000;9,62;0,12;3;0,1203007518796992;0;2;0;1;0;0;0;0;0;1;0;0;0;0;0;0,0326623563563353;Muito Baixo;HOMEIMPROVEMENT;MORTGAGE
21;68100;5,0;17500;17,19;0,26;4;0,2569750367107195;1;5;0;1;0;0;0;1;0;0;0;0;0;1;1;0,997118271595238;Muito Alto;DEBTCONSOLIDATION;MORTGAGE
31;15000;4,0;5000;7,49;0,33;10;0,3333333333333333;0;1;0;0;0;0;1;0;1;0;0;0;0;1;1;0,9995215513935656;Muito Alto;EDUCATION;RENT
22;42996;3,0;4800;11,03;0,11;4;0,1116382919341334;1;3;0;0;0;0;1;0;0;0;0;1;0;0;0;0,1086635332971724;Muito Baixo;PERSONAL;RENT
30;180000;2,0;12500;6,03;0,07;6;0,0694444444444444;0;1;0;1;0;0;0;1;0;0;0;0;0;0;0;0,0057326803626678;Muito Baixo;DEBTCONSOLIDATION;MORTGAGE
31;42000;12,0;12000;10,99;0,29;9;0,2857142857142857;0;2;0;0;0;0;1;0;0;0;0;1;0;0;0;0,1110308555283987;Muito Baixo;PERSONAL;RENT
26;175000;0,0;7500;15,21;0,04;3;0,0428571428571428;1;4;0;1;0;0;0;0;1;0;0;0;0;0;0;0,1450464603846455;Muito Baixo;EDUCATION;MORTGAGE
37;25000;0,0;2775;15,65;0,11;12;0,111;1;4;0;0;0;0;1;0;0;1;0;0;0;1;1;0,9937041019856188;Muito Alto;HOMEIMPROVEMENT;RENT
24;80000;5,0;2200;13,49;0,03;4;0,0275;1;3;0;0;0;1;0;0;1;0;0;0;0;0;0;0,0001920003936076;Muito Baixo;EDUCATION;OWN
22;80000;3,0;33950;14,54;0,42;4;0,424375;1;4;1;0;0;0;1;0;0;0;0;1;0;1;1;0,9818531694862552;Muito Alto;PERSONAL;RENT
23;52000;4,0;6000;14,22;0,12;4;0,1153846153846153;1;3;0;0;0;0;1;1;0;0;0;0;0;0;0;0,2362986936696435;Baixo;DEBTCONSOLIDATION;RENT
25;18840;5,0;3000;9,91;0,16;2;0,1592356687898089;0;2;0;1;0;0;0;0;1;0;0;0;0;1;1;0,9792876856406532;Muito Alto;EDUCATION;MORTGAGE
29;24000;11,0;10000;5,79;0,42;7;0,4166666666666667;0;1;0;0;0;1;0;0;0;0;0;0;1;0;0;0,0003135799514416;Muito Baixo;VENTURE;OWN
22;57175;6,0;16000;17,15;0,28;2;0,279842588543944;1;6;1;0;0;0;1;0;1;0;0;0;0;1;0;0,1773878630630881;Muito Baixo;EDUCATION;RENT
23;85000;3,0;15000;15,33;0,18;2;0,1764705882352941;1;4;1;0;0;1;0;0;0;0;1;0;0;0;0;0,0097323935173729;Muito Baixo;MEDICAL;OWN
23;44248;4,0;13200;7,49;0,3;2;0,2983185680708732;0;1;0;0;0;0;1;0;1;0;0;0;0;0;0;0,1076346452761941;Muito Baixo;EDUCATION;RENT
27;75000;1,0;14400;11,36;0,19;7;0,192;1;2;0;0;0;0;1;0;1;0;0;0;0;0;0;0,0703298692449343;Muito Baixo;EDUCATION;RENT
50;30000;8,0;5000;12,84;0,17;15;0,1666666666666666;1;3;1;0;0;0;1;0;0;0;0;0;1;0;0;0,0976808973849883;Muito Baixo;VENTURE;RENT
41;137004;0,0;5600;8,59;0,04;11;0,0408747189863069;0;1;0;0;0;0;1;0;0;0;0;0;1;0;0;0,0019128009819115;Muito Baixo;VENTURE;RENT
24;60000;0,0;8500;10,59;0,14;4;0,1416666666666666;0;2;0;1;0;0;0;1;0;0;0;0;0;0;0;0,0311924925580741;Muito Baixo;DEBTCONSOLIDATION;MORTGAGE
26;116004;6,0;18000;11,83;0,16;4;0,155167063204717;1;2;0;0;0;0;1;0;0;0;0;0;1;0;0;0,0061427804617448;Muito Baixo;VENTURE;RENT
23;40000;3,0;8000;11,49;0,2;3;0,2;1;2;0;0;0;0;1;0;1;0;0;0;0;0;0;0,0625606135843622;Muito Baixo;EDUCATION;RENT
32;68000;9,0;3800;16,89;0,06;8;0,0558823529411764;1;4;1;0;0;0;1;0;0;0;0;0;1;0;0;0,1763242190720909;Muito Baixo;VENTURE;RENT
21;20004;2,0;3000;10,37;0,15;3;0,1499700059988002;0;2;0;0;0;0;1;0;1;0;0;0;0;0;0;0,0909356710982844;Muito Baixo;EDUCATION;RENT
22;150000;2,0;8200;6,99;0,05;3;0,0546666666666666;0;1;0;0;0;0;1;0;0;0;1;0;0;0;0;0,0074932048494213;Muito Baixo;MEDICAL;RENT
33;36000;1,0;6000;13,22;0,17;8;0,1666666666666666;1;3;1;0;0;0;1;0;0;0;1;0;0;0;0;0,0831879142285065;Muito Baixo;MEDICAL;RENT
25;126996;8,0;5000;12,73;0,04;2;0,0393713187816939;1;3;1;1;0;0;0;1;0;0;0;0;0;1;0;0,0556673314165006;Muito Baixo;DEBTCONSOLIDATION;MORTGAGE
25;65600;1,0;10000;11,78;0,15;2;0,1524390243902439;1;3;1;1;0;0;0;0;0;0;1;0;0;0;0;0,1059629448547217;Muito Baixo;MEDICAL;MORTGAGE
30;131004;14,0;5000;8,49;0,04;8;0,0381667735336325;0;1;0;1;0;0;0;0;0;0;0;0;1;0;0;0,0010078459768047;Muito Baixo;VENTURE;MORTGAGE
28;83135;3,0;8000;13,99;0,1;10;0,0962290250796896;1;3;1;1;0;0;0;0;1;0;0;0;0;0;0;0,0552838468675868;Muito Baixo;EDUCATION;MORTGAGE
28;57600;1,0;3300;10,99;0,06;8;0,0572916666666666;0;2;0;0;0;0;1;0;0;0;0;1;0;0;0;0,052581165768572;Muito Baixo;PERSONAL;RENT
26;115000;3,0;12000;10,99;0,1;3;0,1043478260869565;0;2;0;0;0;0;1;0;0;0;0;0;1;0;0;0,0021526697111113;Muito Baixo;VENTURE;RENT
21;44000;5,0;7500;12,92;0,17;4;0,1704545454545454;1;4;0;1;0;0;0;0;0;0;0;0;1;1;0;0,3982225692756889;Baixo;VENTURE;MORTGAGE
21;45000;5,0;3000;10,99;0,07;4;0,0666666666666666;0;2;0;1;0;0;0;0;0;0;1;0;0;0;0;0,0457285356434089;Muito Baixo;MEDICAL;MORTGAGE
47;44000;3,0;4000;11,14;0,09;16;0,0909090909090909;1;2;0;0;0;1;0;0;0;1;0;0;0;0;0;0,0024874943525913;Muito Baixo;HOMEIMPROVEMENT;OWN
39;60000;1,0;3600;5,99;0,06;11;0,06;0;1;0;0;0;0;1;0;0;0;0;1;0;0;0;0,0045771481210546;Muito Baixo;PERSONAL;RENT
28;99000;12,0;18000;9,76;0,18;7;0,1818181818181818;0;2;0;1;0;0;0;0;0;0;0;0;1;0;0;0,0012152069880751;Muito Baixo;VENTURE;MORTGAGE
26;45000;6,0;3575;7,49;0,08;2;0,0794444444444444;0;1;0;0;0;0;1;0;0;0;1;0;0;0;0;0,0264916881140511;Muito Baixo;MEDICAL;RENT
25;49000;9,0;10000;6,62;0,2;2;0,2040816326530612;0;1;0;0;0;0;1;1;0;0;0;0;0;1;0;0,1082846616985423;Muito Baixo;DEBTCONSOLIDATION;RENT
35;32000;19,0;8000;5,99;0,25;9;0,25;0;1;0;0;0;0;1;0;0;1;0;0;0;1;1;0,8497617931445545;Muito Alto;HOMEIMPROVEMENT;RENT
39;116000;1,0;8000;15,27;0,07;11;0,0689655172413793;1;3;0;0;0;0;1;0;0;0;0;0;1;1;0;0,2627603213207706;Baixo;VENTURE;RENT
31;24000;14,0;2000;16,29;0,08;9;0,0833333333333333;1;4;0;0;0;1;0;0;0;0;0;1;0;0;0;0,0007330724298401;Muito Baixo;PERSONAL;OWN
24;96000;6,0;7000;9,91;0,07;3;0,0729166666666666;0;2;0;0;0;0;1;0;0;0;0;0;1;0;0;0,0012527957735198;Muito Baixo;VENTURE;RENT
35;80004;2,0;3200;11,11;0,04;7;0,039998000099995;1;2;0;1;0;0;0;0;0;0;0;1;0;0;0;0,0672802924997688;Muito Baixo;PERSONAL;MORTGAGE
28;13500;0,0;6700;9,63;0,5;5;0,4962962962962963;0;1;0;0;0;1;0;0;0;0;0;1;0;1;1;0,998662307917548;Muito Alto;PERSONAL;OWN
21;55260;0,0;14000;6,54;0,25;2;0,2533478103510677;0;1;0;0;0;0;1;0;1;0;0;0;0;0;0;0,0379493424019895;Muito Baixo;EDUCATION;RENT
26;54000;10,0;8500;5,42;0,16;3;0,1574074074074074;0;1;0;1;0;0;0;0;0;0;1;0;0;1;0;0,0680208776575866;Muito Baixo;MEDICAL;MORTGAGE
33;55259;15,0;11200;17,49;0,2;5;0,2026819160679708;1;4;0;0;0;0;1;0;1;0;0;0;0;0;0;0,2189157648504646;Baixo;EDUCATION;RENT
23;73500;7,0;10000;6,92;0,14;4;0,1360544217687075;0;1;0;1;0;0;0;0;0;0;0;0;1;0;0;0,0011207497470148;Muito Baixo;VENTURE;MORTGAGE
47;244000;10,0;9000;13,61;0,04;11;0,0368852459016393;1;3;0;0;0;0;1;0;0;1;0;0;0;0;0;0,0864031346520664;Muito Baixo;HOMEIMPROVEMENT;RENT
24;160000;9,0;12000;16,77;0,07;4;0,075;1;5;0;1;0;0;0;0;0;0;0;0;1;0;0;0,1017987243662597;Muito Baixo;VENTURE;MORTGAGE
31;45500;5,0;7500;11,49;0,16;5;0,1648351648351648;1;2;0;1;0;0;0;0;0;0;0;0;1;0;0;0,0019698846871158;Muito Baixo;VENTURE;MORTGAGE
44;57000;1,0;4200;10,99;0,07;13;0,0736842105263157;0;2;0;0;0;0;1;0;0;0;1;0;0;0;0;0,058807210705766;Muito Baixo;MEDICAL;RENT
28;44500;4,0;6000;8,0;0,13;9;0,1348314606741573;0;1;0;1;0;0;0;0;0;0;0;0;1;0;0;0,0020370883889329;Muito Baixo;VENTURE;MORTGAGE
22;53000;6,0;8000;16,82;0,15;4;0,1509433962264151;1;5;0;1;0;0;0;0;0;0;0;0;1;0;0;0,2045261033495397;Baixo;VENTURE;MORTGAGE
35;75573;9,0;22000;9,88;0,29;8;0,2911092585976473;0;2;0;1;0;0;0;0;0;1;0;0;0;0;0;0,0687055826668122;Muito Baixo;HOMEIMPROVEMENT;MORTGAGE
23;90000;0,0;10000;7,49;0,11;3;0,1111111111111111;0;1;0;0;0;0;1;1;0;0;0;0;0;0;0;0,0063562412443939;Muito Baixo;DEBTCONSOLIDATION;RENT
22;43000;5,0;2400;10,99;0,06;3;0,055813953488372;0;2;0;0;0;0;1;0;0;0;0;0;1;0;0;0,0023590769264525;Muito Baixo;VENTURE;RENT
22;90000;6,0;12000;10,99;0,13;4;0,1333333333333333;0;2;0;0;0;0;1;0;0;0;0;0;1;0;0;0,0011712297949467;Muito Baixo;VENTURE;RENT
28;21000;0,0;4200;15,21;0,2;10;0,2;1;4;1;0;0;0;1;0;0;0;0;1;0;1;1;0,9105405294262912;Muito Alto;PERSONAL;RENT
41;50000;0,0;6000;8,88;0,12;17;0,12;0;2;0;0;0;0;1;0;0;0;0;1;0;0;0;0,0149769617459898;Muito Baixo;PERSONAL;RENT
37;39600;17,0;6000;7,49;0,15;17;0,1515151515151515;0;1;0;1;0;0;0;0;0;1;0;0;0;0;0;0,0820343780115119;Muito Baixo;HOMEIMPROVEMENT;MORTGAGE
34;160000;1,0;23000;6,91;0,14;10;0,14375;0;1;0;1;0;0;0;0;0;1;0;0;0;0;0;0,0199558346237905;Muito Baixo;HOMEIMPROVEMENT;MORTGAGE
29;53200;7,0;1000;13,49;0,02;6;0,018796992481203;1;3;1;1;0;0;0;0;0;1;0;0;0;0;0;0,1963987492618987;Muito Baixo;HOMEIMPROVEMENT;MORTGAGE
25;130000;3,0;2000;6,99;0,02;4;0,0153846153846153;0;1;0;0;0;0;1;0;0;1;0;0;0;0;0;0,0135410375784254;Muito Baixo;HOMEIMPROVEMENT;RENT
28;50000;12,0;3000;10,36;0,06;7;0,06;0;2;0;1;0;0;0;0;0;0;0;0;1;0;0;0,00092358139323;Muito Baixo;VENTURE;MORTGAGE
25;46500;9,0;9000;13,48;0,19;3;0,1935483870967742;1;3;0;0;0;0;1;0;0;0;1;0;0;0;0;0,0985230798723374;Muito Baixo;MEDICAL;RENT
24;65000;4,0;10000;10,25;0,15;3;0,1538461538461538;0;2;0;0;0;0;1;0;0;0;1;0;0;0;0;0,0361289930179912;Muito Baixo;MEDICAL;RENT
22;40000;2,0;6200;12,69;0,15;3;0,155;1;2;0;0;0;0;1;0;1;0;0;0;0;0;0;0,0630177140879853;Muito Baixo;EDUCATION;RENT
23;52800;6,0;3000;10,99;0,06;4;0,0568181818181818;0;2;0;0;0;0;1;0;0;0;1;0;0;0;0;0,0666115056496671;Muito Baixo;MEDICAL;RENT
25;65000;0,0;12000;7,9;0,18;4;0,1846153846153846;0;1;0;1;0;0;0;0;0;0;0;0;1;0;0;0,0005023312430293;Muito Baixo;VENTURE;MORTGAGE
31;82000;4,0;10000;7,29;0,12;5;0,1219512195121951;0;1;0;1;0;0;0;0;1;0;0;0;0;0;0;0,0212236751491954;Muito Baixo;EDUCATION;MORTGAGE
21;30000;2,0;4150;6,76;0,14;3;0,1383333333333333;0;1;0;0;0;0;1;0;0;0;1;0;0;0;0;0,0536236420635728;Muito Baixo;MEDICAL;RENT
36;180000;11,0;20000;11,48;0,11;15;0,1111111111111111;1;2;0;0;1;0;0;0;0;0;0;1;0;1;0;0,0339624341776338;Muito Baixo;PERSONAL;OTHER
24;71151;6,0;12000;6,62;0,17;4;0,1686553948644432;0;1;0;0;0;0;1;0;0;0;0;0;1;0;0;0,0010677322299227;Muito Baixo;VENTURE;RENT
27;30000;11,0;4900;11,71;0,16;5;0,1633333333333333;1;2;0;0;0;0;1;0;0;0;1;0;0;0;0;0,1389604535582499;Muito Baixo;MEDICAL;RENT
25;24996;8,0;2500;12,98;0,1;4;0,1000160025604096;1;3;0;0;0;0;1;1;0;0;0;0;0;0;0;0,3501201096026591;Baixo;DEBTCONSOLIDATION;RENT
28;73000;9,0;15600;6,03;0,21;9;0,2136986301369863;0;1;0;1;0;0;0;1;0;0;0;0;0;0;0;0,038404258088468;Muito Baixo;DEBTCONSOLIDATION;MORTGAGE
24;51500;8,0;15000;8,49;0,29;2;0,2912621359223301;0;1;0;0;0;0;1;0;1;0;0;0;0;0;0;0,2437169692927981;Baixo;EDUCATION;RENT
24;56000;8,0;2000;11,49;0,04;2;0,0357142857142857;1;2;0;0;0;1;0;0;1;0;0;0;0;0;0;0,0010320517785753;Muito Baixo;EDUCATION;OWN
22;50985;4,0;11000;13,11;0,22;2;0,2157497303128371;1;3;0;0;0;0;1;0;1;0;0;0;0;0;0;0,0984694199075571;Muito Baixo;EDUCATION;RENT
29;120000;2,0;20000;13,92;0,17;6;0,1666666666666666;1;3;0;1;0;0;0;0;0;0;0;1;0;0;0;0,0570323972441709;Muito Baixo;PERSONAL;MORTGAGE
23;90000;7,0;35000;8,9;0,39;4;0,3888888888888889;0;1;0;0;0;1;0;0;0;0;1;0;0;0;0;0,0006660379239331;Muito Baixo;MEDICAL;OWN
27;78200;4,0;35000;17,99;0,38;7;0,4475703324808184;1;5;1;0;0;1;0;0;0;0;1;0;0;1;1;0,9502179895045602;Muito Alto;MEDICAL;OWN
29;85000;0,0;10000;16,63;0,12;8;0,1176470588235294;1;5;0;1;0;0;0;0;0;0;0;0;1;0;0;0,145674494491235;Muito Baixo;VENTURE;MORTGAGE
29;35000;1,0;17475;7,66;0,5;5;0,4992857142857143;0;1;0;0;0;0;1;0;0;0;1;0;0;1;1;0,9929597362250546;Muito Alto;MEDICAL;RENT
24;70000;4,0;10000;12,41;0,14;2;0,1428571428571428;1;3;1;0;0;0;1;0;0;0;0;0;1;0;0;0,0436797895959878;Muito Baixo;VENTURE;RENT
38;43000;3,0;8250;7,51;0,19;12;0,191860465116279;0;1;0;1;0;0;0;1;0;0;0;0;0;0;0;0,0207015240562474;Muito Baixo;DEBTCONSOLIDATION;MORTGAGE
23;46800;4,0;5000;6,99;0,11;2;0,1068376068376068;0;1;0;1;0;0;0;0;0;0;0;1;0;0;0;0,0637288855484414;Muito Baixo;PERSONAL;MORTGAGE
33;240000;15,0;15000;13,16;0,06;10;0,0625;1;3;1;0;0;1;0;0;0;0;0;1;0;0;0;0,0003266276137542;Muito Baixo;PERSONAL;OWN
24;48000;2,0;5500;11,36;0,11;3;0,1145833333333333;1;2;0;1;0;0;0;0;0;0;0;0;1;0;0;0,0021770993141775;Muito Baixo;VENTURE;MORTGAGE
24;56000;2,0;8000;7,51;0,14;3;0,1428571428571428;0;1;0;0;0;0;1;0;0;0;1;0;0;0;0;0,0415903767501015;Muito Baixo;MEDICAL;RENT
36;24000;3,0;6500;7,29;0,27;13;0,2708333333333333;0;1;0;0;0;0;1;0;0;0;1;0;0;0;0;0,0244502467075184;Muito Baixo;MEDICAL;RENT
23;33000;4,0;8000;13,48;0,24;3;0,2424242424242424;1;3;0;0;0;0;1;0;1;0;0;0;0;0;0;0,2469113123749533;Baixo;EDUCATION;RENT
30;170000;4,0;35000;13,06;0,21;9;0,2058823529411764;1;3;1;0;0;0;1;0;1;0;0;0;0;0;0;0,1059840939378741;Muito Baixo;EDUCATION;RENT
23;66300;7,0;9800;15,7;0,13;2;0,1478129713423831;1;4;1;0;0;0;1;0;0;0;1;0;0;1;1;0,975877995912258;Muito Alto;MEDICAL;RENT
28;65000;3,0;7000;12,69;0,11;10;0,1076923076923077;1;2;0;0;0;0;1;0;0;1;0;0;0;0;0;0,0719964418298856;Muito Baixo;HOMEIMPROVEMENT;RENT
23;69360;5,0;4000;7,74;0,06;3;0,0576701268742791;0;1;0;0;0;0;1;1;0;0;0;0;0;0;0;0,0251737125307527;Muito Baixo;DEBTCONSOLIDATION;RENT
22;24702;4,0;2000;13,23;0,08;4;0,0809651040401586;1;3;1;0;0;0;1;0;1;0;0;0;0;0;0;0,1124215459050066;Muito Baixo;EDUCATION;RENT
32;68800;13,0;4800;7,49;0,07;6;0,0697674418604651;0;1;0;1;0;0;0;0;1;0;0;0;0;0;0;0,037715937219944;Muito Baixo;EDUCATION;MORTGAGE
35;42000;6,0;5000;6,99;0,12;10;0,119047619047619;0;1;0;0;0;0;1;0;0;0;1;0;0;0;0;0,0267066818876621;Muito Baixo;MEDICAL;RENT
37;59000;3,0;9000;10,25;0,15;13;0,1525423728813559;0;2;0;1;0;0;0;0;0;1;0;0;0;0;0;0,1745407289235062;Muito Baixo;HOMEIMPROVEMENT;MORTGAGE
25;45996;3,0;11500;12,53;0,25;4;0,2500217410209583;1;3;0;0;0;0;1;0;0;0;0;0;1;0;0;0,1543444132987616;Muito Baixo;VENTURE;RENT
36;84000;0,0;20000;9,64;0,24;16;0,238095238095238;0;2;0;0;0;0;1;0;1;0;0;0;0;1;0;0,0331120482738553;Muito Baixo;EDUCATION;RENT
24;73000;2,0;6500;7,49;0,09;4;0,0890410958904109;0;1;0;0;0;0;1;1;0;0;0;0;0;0;0;0,0266752075081148;Muito Baixo;DEBTCONSOLIDATION;RENT
29;46000;3,0;7500;14,35;0,16;5;0,1630434782608695;1;3;1;1;0;0;0;0;0;1;0;0;0;0;0;0,2300840606184993;Baixo;HOMEIMPROVEMENT;MORTGAGE
31;29000;0,0;10000;13,75;0,34;8;0,3448275862068966;1;5;0;0;0;0;1;1;0;0;0;0;0;1;1;0,9999527380170592;Muito Alto;DEBTCONSOLIDATION;RENT
21;60996;2,0;8500;10,99;0,14;2;0,1393534002229654;0;2;0;0;0;0;1;0;0;0;0;0;1;0;0;0,001394112866287;Muito Baixo;VENTURE;RENT
40;28800;3,0;4200;14,72;0,15;16;0,1458333333333333;1;3;1;0;0;0;1;0;0;0;0;1;0;1;0;0,1123949438903894;Muito Baixo;PERSONAL;RENT
32;95000;9,0;8500;5,79;0,09;6;0,0894736842105263;0;1;0;1;0;0;0;0;0;0;0;1;0;0;0;0,0034484019653965;Muito Baixo;PERSONAL;MORTGAGE
20;135000;1,0;15000;15,96;0,11;2;0,1111111111111111;1;3;1;1;0;0;0;0;0;0;0;0;1;0;0;0,0940203886826371;Muito Baixo;VENTURE;MORTGAGE
26;65935;1,0;24250;14,96;0,37;4;0,3677864563585349;1;4;0;0;0;0;1;0;1;0;0;0;0;1;1;0,997311322157121;Muito Alto;EDUCATION;RENT
27;46713;3,0;12375;10,91;0,26;6;0,2649155481343523;0;3;0;1;0;0;0;0;0;0;0;0;1;0;0;0,0905454775639751;Muito Baixo;VENTURE;MORTGAGE
25;306000;2,0;24250;13,85;0,08;3;0,0792483660130718;1;3;0;0;0;0;1;1;0;0;0;0;0;0;0;0,1015833660059772;Muito Baixo;DEBTCONSOLIDATION;RENT
23;44000;4,0;3000;9,62;0,07;4;0,0681818181818181;0;2;0;0;0;0;1;0;0;0;0;1;0;1;0;0,3450050308739239;Baixo;PERSONAL;RENT
21;31700;0,0;7200;11,71;0,23;4;0,2271293375394321;1;2;0;0;0;0;1;1;0;0;0;0;0;1;0;0,2669096943404093;Baixo;DEBTCONSOLIDATION;RENT
32;44000;9,0;15600;6,17;0,35;5;0,3545454545454545;0;1;0;1;0;0;0;1;0;0;0;0;0;0;0;0,1217443274467886;Muito Baixo;DEBTCONSOLIDATION;MORTGAGE
22;37000;6,0;7500;10,95;0,2;3;0,2027027027027027;0;2;0;1;0;0;0;0;0;0;0;0;1;0;0;0,0014775407317744;Muito Baixo;VENTURE;MORTGAGE
25;58000;5,0;3150;6,17;0,05;4;0,0543103448275862;0;1;0;1;0;0;0;0;1;0;0;0;0;0;0;0,0253140258190163;Muito Baixo;EDUCATION;MORTGAGE
32;40000;2,0;7500;8,0;0,19;6;0,1875;0;1;0;0;0;0;1;0;1;0;0;0;0;0;0;0,0558755659994432;Muito Baixo;EDUCATION;RENT
33;120000;1,0;6000;7,14;0,05;10;0,05;0;1;0;0;0;1;0;0;1;0;0;0;0;0;0;7,02565036890686e-05;Muito Baixo;EDUCATION;OWN
31;59712;0,0;24000;17,43;0,4;9;0,4019292604501607;1;5;0;0;0;0;1;1;0;0;0;0;0;1;1;0,9999739683805172;Muito Alto;DEBTCONSOLIDATION;RENT
33;55000;4,0;12000;7,51;0,22;9;0,2181818181818181;0;1;0;0;0;1;0;0;0;1;0;0;0;0;0;0,0013012298298514;Muito Baixo;HOMEIMPROVEMENT;OWN
26;48000;9,0;8000;10,59;0,17;4;0,1666666666666666;0;2;0;1;0;0;0;0;0;0;0;1;0;0;0;0,1192888238152679;Muito Baixo;PERSONAL;MORTGAGE
31;125000;4,0;12500;11,48;0,1;10;0,1;1;2;0;1;0;0;0;0;0;0;0;0;1;0;0;0,001223195842299;Muito Baixo;VENTURE;MORTGAGE
23;57500;5,0;9000;6,91;0,16;2;0,1565217391304348;0;1;0;0;0;0;1;0;1;0;0;0;0;0;0;0,0318681371206871;Muito Baixo;EDUCATION;RENT
21;35000;3,0;3500;12,53;0,1;4;0,1;1;3;1;0;0;0;1;1;0;0;0;0;0;0;0;0,0671625793993055;Muito Baixo;DEBTCONSOLIDATION;RENT
23;101138;2,0;20500;13,48;0,2;4;0,2026933496806343;1;3;0;1;0;0;0;0;1;0;0;0;0;0;0;0,0276572619779358;Muito Baixo;EDUCATION;MORTGAGE
27;88000;11,0;5000;8,9;0,06;9;0,0568181818181818;0;1;0;1;0;0;0;0;0;1;0;0;0;1;0;0,050660873623151;Muito Baixo;HOMEIMPROVEMENT;MORTGAGE
22;12240;1,0;1000;14,96;0,08;3;0,0816993464052287;1;4;1;0;0;0;1;0;0;0;0;1;0;1;1;0,9826504790131888;Muito Alto;PERSONAL;RENT
40;53000;2,0;3000;10,62;0,06;17;0,0566037735849056;0;2;0;1;0;0;0;0;0;0;1;0;0;0;0;0,1462198119597402;Muito Baixo;MEDICAL;MORTGAGE
62;66000;2,0;6000;10,99;0,09;23;0,0909090909090909;0;2;0;0;0;0;1;0;1;0;0;0;0;0;0;0,084827586662772;Muito Baixo;EDUCATION;RENT
32;34000;5,0;4000;7,49;0,12;9;0,1176470588235294;0;1;0;1;0;0;0;1;0;0;0;0;0;0;0;0,0922862095491498;Muito Baixo;DEBTCONSOLIDATION;MORTGAGE
38;24000;3,0;3000;13,48;0,13;16;0,125;1;3;1;0;0;0;1;0;0;0;1;0;0;0;0;0,0255145843573326;Muito Baixo;MEDICAL;RENT
25;125000;2,0;14000;10,99;0,11;4;0,112;0;2;0;1;0;0;0;0;0;0;0;1;0;0;0;0,0349349342925322;Muito Baixo;PERSONAL;MORTGAGE
23;80796;7,0;5000;7,49;0,06;2;0,0618842516956284;0;1;0;1;0;0;0;1;0;0;0;0;0;0;0;0,0422494161624544;Muito Baixo;DEBTCONSOLIDATION;MORTGAGE
28;89602;4,0;4800;5,42;0,05;8;0,0535702328073034;0;1;0;1;0;0;0;0;0;0;0;0;1;0;0;0,0001344416714165;Muito Baixo;VENTURE;MORTGAGE
25;31200;2,0;7000;7,88;0,22;2;0,2243589743589743;0;1;0;0;0;0;1;0;1;0;0;0;0;0;0;0,1715945029398335;Muito Baixo;EDUCATION;RENT
33;44000;3,0;2725;12,18;0,06;7;0,0619318181818181;1;2;0;0;0;0;1;0;0;1;0;0;0;1;1;0,8166382194864138;Muito Alto;HOMEIMPROVEMENT;RENT
31;113000;1,0;9600;14,91;0,08;7;0,0849557522123893;1;4;1;0;0;0;1;0;0;1;0;0;0;1;1;0,8471447512177875;Muito Alto;HOMEIMPROVEMENT;RENT
34;68000;1,0;15000;11,78;0,22;7;0,2205882352941176;1;3;1;1;0;0;0;0;1;0;0;0;0;0;0;0,1268256764895583;Muito Baixo;EDUCATION;MORTGAGE
29;39000;6,0;7100;8,32;0,18;5;0,182051282051282;0;1;0;1;0;0;0;0;0;0;1;0;0;0;0;0,2503371118347567;Baixo;MEDICAL;MORTGAGE
24;72000;1,0;12000;5,42;0,17;2;0,1666666666666666;0;1;0;1;0;0;0;0;0;0;0;1;0;0;0;0,0097756093885971;Muito Baixo;PERSONAL;MORTGAGE
28;37000;12,0;1000;10,99;0,03;6;0,027027027027027;0;2;0;1;0;0;0;0;0;0;0;1;0;0;0;0,1155940941438554;Muito Baixo;PERSONAL;MORTGAGE
28;40000;10,0;10000;11,26;0,25;6;0,25;1;2;0;1;0;0;0;1;0;0;0;0;0;0;0;0,0970615680931099;Muito Baixo;DEBTCONSOLIDATION;MORTGAGE
23;105000;5,0;15000;16,82;0,14;4;0,1428571428571428;1;5;1;1;0;0;0;0;1;0;0;0;0;0;0;0,0491059486311635;Muito Baixo;EDUCATION;MORTGAGE
22;60000;3,0;5000;14,22;0,08;4;0,0833333333333333;1;3;0;0;0;0;1;0;0;0;0;1;0;0;0;0,074746048201912;Muito Baixo;PERSONAL;RENT
26;95400;8,0;5000;12,68;0,05;3;0,0524109014675052;1;3;0;1;0;0;0;0;0;0;0;1;0;0;0;0,0452508005300048;Muito Baixo;PERSONAL;MORTGAGE
24;114000;2,0;15000;9,76;0,13;3;0,131578947368421;0;2;0;1;0;0;0;1;0;0;0;0;0;0;0;0,028128993379102;Muito Baixo;DEBTCONSOLIDATION;MORTGAGE
27;41500;11,0;4500;7,49;0,11;5;0,108433734939759;0;1;0;0;0;1;0;0;0;0;0;0;1;0;0;2,2036137191138723e-05;Muito Baixo;VENTURE;OWN
25;112000;0,0;16000;6,99;0,14;4;0,1428571428571428;0;1;0;1;0;0;0;0;0;1;0;0;0;0;0;0,0087616513033207;Muito Baixo;HOMEIMPROVEMENT;MORTGAGE
22;32000;3,0;8400;11,49;0,26;4;0,2625;1;2;0;0;0;0;1;0;1;0;0;0;0;0;0;0,2011146061873954;Baixo;EDUCATION;RENT
38;106000;4,0;5000;12,99;0,05;12;0,0471698113207547;1;3;1;1;0;0;0;0;0;1;0;0;0;0;0;0,0298746217823363;Muito Baixo;HOMEIMPROVEMENT;MORTGAGE
29;35000;11,0;4200;12,99;0,12;7;0,12;1;3;1;0;0;1;0;0;0;0;1;0;0;0;0;0,0010109118059029;Muito Baixo;MEDICAL;OWN
25;52000;9,0;16000;13,98;0,31;3;0,3076923076923077;1;3;0;0;0;0;1;0;1;0;0;0;0;1;1;0,988782508245142;Muito Alto;EDUCATION;RENT
22;69600;6,0;1350;12,68;0,02;3;0,0193965517241379;1;3;0;0;0;0;1;1;0;0;0;0;0;0;0;0,0608961880728137;Muito Baixo;DEBTCONSOLIDATION;RENT
24;40000;5,0;10000;11,99;0,25;4;0,25;1;2;0;0;0;0;1;0;0;0;0;1;0;0;0;0,0984035280879221;Muito Baixo;PERSONAL;RENT
26;30000;1,0;4200;16,49;0,14;3;0,14;1;4;0;0;0;0;1;0;1;0;0;0;0;1;1;0,9430406097062308;Muito Alto;EDUCATION;RENT
23;77000;2,0;16000;11,14;0,21;3;0,2077922077922078;1;2;0;0;0;0;1;1;0;0;0;0;0;0;0;0,0593279160433363;Muito Baixo;DEBTCONSOLIDATION;RENT
40;95000;0,0;17000;10,0;0,18;15;0,1789473684210526;0;2;0;0;0;0;1;0;0;0;0;1;0;0;0;0,0137699436190217;Muito Baixo;PERSONAL;RENT
28;101000;8,0;15000;8,94;0,15;9;0,1485148514851485;0;1;0;1;0;0;0;0;0;0;1;0;0;0;0;0,0286136531520659;Muito Baixo;MEDICAL;MORTGAGE
25;65000;4,0;6000;8,9;0,09;2;0,0923076923076923;0;1;0;1;0;0;0;0;0;0;0;1;0;1;0;0,0623738665292998;Muito Baixo;PERSONAL;MORTGAGE
30;56000;7,0;4800;13,92;0,09;9;0,0857142857142857;1;3;1;0;0;0;1;0;0;1;0;0;0;0;0;0,2733431607227093;Baixo;HOMEIMPROVEMENT;RENT
30;62496;14,0;3200;10,99;0,05;8;0,0512032770097286;0;2;0;1;0;0;0;0;0;0;0;1;0;0;0;0,1276923903843929;Muito Baixo;PERSONAL;MORTGAGE
24;45792;3,0;17000;10,38;0,37;2;0,3712438853948288;0;2;0;0;0;0;1;1;0;0;0;0;0;1;1;0,9838517674842592;Muito Alto;DEBTCONSOLIDATION;RENT
22;61000;3,0;5000;9,99;0,08;2;0,081967213114754;0;2;0;0;0;0;1;0;0;0;1;0;0;0;0;0,0929249875313276;Muito Baixo;MEDICAL;RENT
32;45000;3,0;3000;12,61;0,07;7;0,0666666666666666;1;3;0;0;0;0;1;0;0;0;0;1;0;0;0;0,060032035100114;Muito Baixo;PERSONAL;RENT
35;50000;1,0;3000;7,88;0,06;8;0,06;0;1;0;0;0;0;1;0;1;0;0;0;0;0;0;0,0215055454165633;Muito Baixo;EDUCATION;RENT
23;40992;7,0;5000;10,99;0,12;2;0,1219750195160031;0;2;0;0;0;0;1;0;1;0;0;0;0;0;0;0,1336208065320356;Muito Baixo;EDUCATION;RENT
29;83000;5,0;7500;7,49;0,09;10;0,0903614457831325;0;1;0;1;0;0;0;0;0;0;0;0;1;0;0;0,0004685855942731;Muito Baixo;VENTURE;MORTGAGE
27;60000;1,0;10000;13,22;0,17;7;0,1666666666666666;1;3;0;0;0;0;1;0;0;0;0;0;1;0;0;0,057205322444227;Muito Baixo;VENTURE;RENT
26;35000;10,0;6000;7,51;0,17;3;0,1714285714285714;0;1;0;1;0;0;0;0;0;0;1;0;0;0;0;0,041809222453572;Muito Baixo;MEDICAL;MORTGAGE
28;28320;4,0;8700;14,61;0,31;8;0,3072033898305085;1;4;0;0;0;0;1;0;0;0;0;0;1;1;1;0,9886341544734356;Muito Alto;VENTURE;RENT
29;70008;8,0;5000;5,99;0,07;5;0,0714204090961033;0;1;0;1;0;0;0;0;0;0;1;0;0;0;0;0,0038260310470832;Muito Baixo;MEDICAL;MORTGAGE
28;79701;11,0;20000;13,92;0,25;7;0,2509378803277248;1;3;0;0;0;0;1;0;0;0;0;1;0;0;0;0,1704344302490638;Muito Baixo;PERSONAL;RENT
22;28800;4,0;14500;9,88;0,5;2;0,5034722222222222;0;2;0;1;0;0;0;0;0;0;0;1;0;0;0;0,4833116620395726;Moderado;PERSONAL;MORTGAGE
24;38000;0,0;12000;11,34;0,32;3;0,3157894736842105;1;3;0;0;0;0;1;0;1;0;0;0;0;1;1;0,9918569878894902;Muito Alto;EDUCATION;RENT
23;54000;5,0;8500;12,42;0,16;2;0,1574074074074074;1;2;0;1;0;0;0;0;0;0;0;0;1;0;0;0,0088816522134948;Muito Baixo;VENTURE;MORTGAGE
37;80000;18,0;20000;11,83;0,25;13;0,25;1;2;0;1;0;0;0;0;0;0;1;0;0;0;0;0,0364741554853655;Muito Baixo;MEDICAL;MORTGAGE
23;144000;0,0;24250;11,83;0,17;3;0,1684027777777778;1;2;0;0;0;0;1;0;1;0;0;0;0;0;0;0,0496645066337394;Muito Baixo;EDUCATION;RENT
22;35000;0,0;2000;12,99;0,06;2;0,0571428571428571;1;3;1;0;0;0;1;0;0;0;0;0;1;0;0;0,0668378921805449;Muito Baixo;VENTURE;RENT
38;37200;1,0;5000;9,99;0,13;11;0,1344086021505376;0;2;0;0;0;0;1;1;0;0;0;0;0;0;0;0,1108851096281112;Muito Baixo;DEBTCONSOLIDATION;RENT
23;32000;3,0;20000;12,61;0,63;4;0,625;1;4;0;0;0;0;1;1;0;0;0;0;0;1;1;0,9996947104253784;Muito Alto;DEBTCONSOLIDATION;RENT
22;55200;6,0;7200;7,49;0,13;4;0,1304347826086956;0;1;0;1;0;0;0;0;0;1;0;0;0;1;1;0,917153448327751;Muito Alto;HOMEIMPROVEMENT;MORTGAGE
32;37000;0,0;15000;10,62;0,41;8;0,4054054054054054;0;2;0;0;0;0;1;0;0;0;0;0;1;1;1;0,9984595103330052;Muito Alto;VENTURE;RENT
30;42000;0,0;2250;8,88;0,05;7;0,0535714285714285;0;2;0;0;0;0;1;0;1;0;0;0;0;0;0;0,1188613291235051;Muito Baixo;EDUCATION;RENT
48;66000;6,0;6000;11,89;0,09;11;0,0909090909090909;1;2;0;0;0;0;1;0;0;0;0;0;1;0;0;0,0080273789183682;Muito Baixo;VENTURE;RENT
22;67145;2,0;10000;10,62;0,15;4;0,1489314170824335;0;2;0;1;0;0;0;0;1;0;0;0;0;0;0;0,0378737049883871;Muito Baixo;EDUCATION;MORTGAGE
32;36000;4,0;6000;16,07;0,17;10;0,1666666666666666;1;4;1;0;0;0;1;0;0;0;1;0;0;1;1;0,5511050873683585;Moderado;MEDICAL;RENT
26;51000;10,0;12500;14,18;0,25;4;0,2450980392156862;1;5;0;0;0;0;1;1;0;0;0;0;0;1;1;0,9893482558794672;Muito Alto;DEBTCONSOLIDATION;RENT
22;71004;6,0;1800;11,12;0,03;4;0,0253506844684806;1;2;0;0;0;0;1;0;1;0;0;0;0;0;0;0,0271263529331347;Muito Baixo;EDUCATION;RENT
29;54000;1,0;25000;20,16;0,46;8;0,4629629629629629;1;7;1;1;0;0;0;0;0;0;0;1;0;1;1;0,9670630444864634;Muito Alto;PERSONAL;MORTGAGE
23;108000;7,0;5000;7,66;0,05;4;0,0462962962962962;0;1;0;0;0;0;1;0;1;0;0;0;0;0;0;0,0200671456441587;Muito Baixo;EDUCATION;RENT
28;140000;0,0;7400;6,03;0,05;9;0,0528571428571428;0;1;0;0;0;0;1;1;0;0;0;0;0;0;0;0,0026099324810438;Muito Baixo;DEBTCONSOLIDATION;RENT
23;42000;3,0;6000;14,42;0,14;4;0,1428571428571428;1;4;0;0;0;0;1;1;0;0;0;0;0;1;1;0,9883588520306624;Muito Alto;DEBTCONSOLIDATION;RENT
23;56525;1,0;15000;11,48;0,23;4;0,2653693056169836;1;2;0;0;0;0;1;0;0;0;1;0;0;1;0;0,1730538423318959;Muito Baixo;MEDICAL;RENT
21;12960;2,0;2525;10,99;0,19;2;0,1948302469135802;0;2;0;0;0;0;1;0;0;0;0;0;1;1;1;0,987288418122595;Muito Alto;VENTURE;RENT
24;56000;8,0;12000;7,49;0,21;3;0,2142857142857142;0;1;0;1;0;0;0;1;0;0;0;0;0;0;0;0,0516470140296687;Muito Baixo;DEBTCONSOLIDATION;MORTGAGE
24;45996;1,0;13000;13,47;0,28;2;0,2826332724584746;1;3;1;0;0;0;1;0;0;0;1;0;0;1;0;0,0934021771781831;Muito Baixo;MEDICAL;RENT
23;92111;7,0;35000;20,25;0,32;4;0,3799763329026935;1;6;0;0;0;0;1;0;0;0;1;0;0;1;1;0,999664514538838;Muito Alto;MEDICAL;RENT
28;43680;3,0;4475;15,27;0,1;8;0,1024496336996337;1;3;0;0;0;0;1;0;1;0;0;0;0;0;0;0,4517829865105092;Moderado;EDUCATION;RENT
26;51000;10,0;5000;12,42;0,1;4;0,0980392156862745;1;2;0;0;0;0;1;0;0;0;1;0;0;1;0;0,1855194752298967;Muito Baixo;MEDICAL;RENT
28;65000;12,0;10000;14,96;0,15;6;0,1538461538461538;1;4;1;0;0;0;1;0;0;0;0;0;1;0;0;0,1884856303618442;Muito Baixo;VENTURE;RENT
26;100000;4,0;25000;11,99;0,25;3;0,25;1;2;0;1;0;0;0;1;0;0;0;0;0;0;0;0,0638113396754346;Muito Baixo;DEBTCONSOLIDATION;MORTGAGE
24;68000;8,0;8000;7,49;0,12;4;0,1176470588235294;0;1;0;1;0;0;0;0;0;0;1;0;0;0;0;0,020843123175154;Muito Baixo;MEDICAL;MORTGAGE
27;20000;2,0;4000;10,65;0,2;8;0,2;0;2;0;0;0;0;1;0;0;0;1;0;0;0;0;0,0480960077322548;Muito Baixo;MEDICAL;RENT
33;45000;2,0;8500;10,62;0,19;6;0,1888888888888888;0;2;0;0;0;0;1;0;0;0;1;0;0;0;0;0,0396692707784654;Muito Baixo;MEDICAL;RENT
26;55080;10,0;2500;7,66;0,04;3;0,0453885257806826;0;1;0;1;0;0;0;0;0;0;1;0;0;1;0;0,1004572731195612;Muito Baixo;MEDICAL;MORTGAGE
34;42000;3,0;2400;13,8;0,06;10;0,0571428571428571;1;4;1;0;0;0;1;1;0;0;0;0;0;1;1;0,9681442843091156;Muito Alto;DEBTCONSOLIDATION;RENT
28;48000;12,0;12500;15,95;0,26;7;0,2604166666666667;1;4;0;0;0;0;1;0;0;0;0;1;0;0;0;0,1591793530540546;Muito Baixo;PERSONAL;RENT
32;110000;2,0;5600;10,74;0,05;7;0,0509090909090909;0;2;0;1;0;0;0;0;0;0;0;0;1;0;0;0,000638498597734;Muito Baixo;VENTURE;MORTGAGE
30;44000;4,0;15000;6,54;0,34;5;0,3409090909090909;0;1;0;0;0;0;1;1;0;0;0;0;0;1;1;0,9944028271798312;Muito Alto;DEBTCONSOLIDATION;RENT
26;40000;10,0;5300;5,42;0,13;2;0,1325;0;1;0;1;0;0;0;0;0;1;0;0;0;0;0;0,0558748331877532;Muito Baixo;HOMEIMPROVEMENT;MORTGAGE
22;63400;6,0;10500;9,99;0,17;2;0,1656151419558359;0;2;0;1;0;0;0;0;0;0;0;1;0;0;0;0,1250285187358078;Muito Baixo;PERSONAL;MORTGAGE
27;48000;7,0;4000;9,62;0,08;10;0,0833333333333333;0;2;0;0;0;0;1;0;0;0;0;1;0;0;0;0,11060885155989;Muito Baixo;PERSONAL;RENT
32;78096;4,0;10000;10,99;0,13;5;0,1280475312435976;0;2;0;1;0;0;0;0;1;0;0;0;0;0;0;0,17722613706772;Muito Baixo;EDUCATION;MORTGAGE
32;25200;9,0;4900;6,17;0,19;6;0,1944444444444444;0;1;0;0;0;0;1;0;0;0;1;0;0;0;0;0,0578218371422584;Muito Baixo;MEDICAL;RENT
29;70553;8,0;15000;13,47;0,18;10;0,212606125891174;1;3;1;0;0;0;1;0;0;0;1;0;0;1;0;0,0552785871958059;Muito Baixo;MEDICAL;RENT
22;21600;6,0;1600;15,31;0,07;4;0,074074074074074;1;4;1;0;0;0;1;0;0;0;0;1;0;0;0;0,3269511308484562;Baixo;PERSONAL;RENT
32;104400;17,0;24000;8,9;0,23;5;0,2298850574712643;0;1;0;1;0;0;0;1;0;0;0;0;0;1;0;0,079911307145762;Muito Baixo;DEBTCONSOLIDATION;MORTGAGE
23;72000;7,0;9000;6,76;0,13;2;0,125;0;1;0;1;0;0;0;0;0;0;0;0;1;0;0;0,0006468090791964;Muito Baixo;VENTURE;MORTGAGE
28;80000;12,0;12000;12,18;0,15;5;0,15;1;2;0;1;0;0;0;1;0;0;0;0;0;0;0;0,0833612563693386;Muito Baixo;DEBTCONSOLIDATION;MORTGAGE
24;14400;4,0;2000;10,65;0,14;4;0,1388888888888889;0;2;0;0;0;0;1;0;0;0;0;0;1;0;0;0,0082812769557816;Muito Baixo;VENTURE;RENT
37;90000;15,0;12000;7,51;0,13;13;0,1333333333333333;0;1;0;0;0;0;1;0;0;0;0;1;0;0;0;0,0087489752320138;Muito Baixo;PERSONAL;RENT
24;24000;0,0;4000;12,21;0,17;2;0,1666666666666666;1;2;0;0;0;0;1;0;0;0;0;0;1;0;0;0,0082681225285431;Muito Baixo;VENTURE;RENT
27;90000;7,0;10000;14,27;0,11;8;0,1111111111111111;1;3;1;0;0;0;1;0;0;0;0;0;1;0;0;0,0498896967534498;Muito Baixo;VENTURE;RENT
22;44004;3,0;9000;14,11;0,2;3;0,2045268611944368;1;4;1;1;0;0;0;0;0;0;0;0;1;1;0;0,2515239156879066;Baixo;VENTURE;MORTGAGE
47;86500;13,0;24000;13,48;0,28;17;0,2774566473988439;1;3;0;1;0;0;0;0;0;0;1;0;0;0;0;0,3535918324596389;Baixo;MEDICAL;MORTGAGE
30;12000;4,0;1800;14,35;0,15;5;0,15;1;3;1;0;0;0;1;0;0;0;1;0;0;0;0;0,3049652665248513;Baixo;MEDICAL;RENT
26;22296;4,0;5400;5,42;0,24;3;0,2421959095801937;0;1;0;0;0;1;0;0;0;0;0;1;0;0;0;0,0008381462116841;Muito Baixo;PERSONAL;OWN
27;116000;0,0;3500;12,53;0,03;10;0,0301724137931034;1;3;0;1;0;0;0;0;1;0;0;0;0;1;0;0,0401056208822273;Muito Baixo;EDUCATION;MORTGAGE
26;135000;6,0;15000;15,33;0,11;2;0,1111111111111111;1;4;1;1;0;0;0;0;1;0;0;0;0;0;0;0,0586877038919541;Muito Baixo;EDUCATION;MORTGAGE
43;45000;2,0;7000;12,99;0,16;14;0,1555555555555555;1;3;0;0;0;0;1;0;1;0;0;0;0;0;0;0,1658623884299621;Muito Baixo;EDUCATION;RENT
21;34500;5,0;10500;8,49;0,3;3;0,3043478260869565;0;1;0;0;0;0;1;0;1;0;0;0;0;1;0;0,2637064214991172;Baixo;EDUCATION;RENT
25;54499;2,0;12000;9,63;0,22;4;0,2201875263766307;0;1;0;1;0;0;0;0;0;1;0;0;0;0;0;0,0630391875376108;Muito Baixo;HOMEIMPROVEMENT;MORTGAGE
28;82500;12,0;11000;7,49;0,13;7;0,1333333333333333;0;1;0;1;0;0;0;1;0;0;0;0;0;0;0;0,0302263152496341;Muito Baixo;DEBTCONSOLIDATION;MORTGAGE
29;100000;8,0;7000;9,88;0,07;10;0,07;0;2;0;1;0;0;0;0;0;1;0;0;0;0;0;0,0376600300362664;Muito Baixo;HOMEIMPROVEMENT;MORTGAGE
23;72000;3,0;14400;11,14;0,2;3;0,2;1;2;0;0;0;0;1;1;0;0;0;0;0;0;0;0,0595705565759921;Muito Baixo;DEBTCONSOLIDATION;RENT
29;46344;0,0;3500;11,36;0,08;8;0,0755221819437251;1;2;0;0;0;0;1;0;1;0;0;0;0;0;0;0,1055659016433498;Muito Baixo;EDUCATION;RENT
40;82531;1,0;6000;7,49;0,07;14;0,0726999551683609;0;1;0;1;0;0;0;0;0;0;1;0;0;0;0;0,0117162213186853;Muito Baixo;MEDICAL;MORTGAGE
26;60000;2,0;14000;12,69;0,23;4;0,2333333333333333;1;2;0;0;0;0;1;0;0;0;1;0;0;0;0;0,0516752629524335;Muito Baixo;MEDICAL;RENT
25;20400;3,0;4750;12,98;0,23;4;0,2328431372549019;1;3;1;0;0;0;1;0;0;0;0;0;1;0;0;0,1343549146775469;Muito Baixo;VENTURE;RENT
30;55000;6,0;21250;15,7;0,39;6;0,3863636363636363;1;4;1;0;0;1;0;0;1;0;0;0;0;0;0;0,0009902495222966;Muito Baixo;EDUCATION;OWN
27;42000;6,0;5950;5,99;0,14;5;0,1416666666666666;0;1;0;0;0;0;1;0;0;0;0;1;0;0;0;0,0496590498756275;Muito Baixo;PERSONAL;RENT
21;25000;6,0;1000;7,51;0,04;3;0,04;0;1;0;1;0;0;0;0;0;0;0;1;0;0;0;0,2147250525519855;Baixo;PERSONAL;MORTGAGE
23;27000;6,0;6000;11,66;0,22;3;0,2222222222222222;1;3;0;0;0;0;1;0;1;0;0;0;0;0;0;0,1164995600479293;Muito Baixo;EDUCATION;RENT
23;50000;7,0;2050;7,49;0,04;2;0,041;0;1;0;0;0;1;0;0;0;0;0;0;1;0;0;1,4076885905483551e-05;Muito Baixo;VENTURE;OWN
27;80000;3,0;14500;10,75;0,18;6;0,18125;0;2;0;1;0;0;0;0;0;1;0;0;0;0;0;0,0327515904847473;Muito Baixo;HOMEIMPROVEMENT;MORTGAGE
25;55000;3,0;24200;8,49;0,44;3;0,44;0;1;0;1;0;0;0;1;0;0;0;0;0;0;0;0,0666870588814734;Muito Baixo;DEBTCONSOLIDATION;MORTGAGE
34;130000;18,0;16000;6,03;0,12;6;0,123076923076923;0;1;0;0;0;0;1;0;0;0;0;0;1;0;0;0,0002494091430545;Muito Baixo;VENTURE;RENT
31;56000;4,0;7000;7,29;0,13;8;0,125;0;1;0;0;0;0;1;0;0;0;1;0;0;0;0;0,0404123889662364;Muito Baixo;MEDICAL;RENT
23;29000;1,0;13475;14,26;0,46;4;0,4646551724137931;1;3;1;0;0;0;1;0;0;0;0;0;1;1;1;0,9981956291456204;Muito Alto;VENTURE;RENT
25;96000;1,0;12000;9,99;0,13;4;0,125;0;2;0;0;0;0;1;0;0;1;0;0;0;0;0;0,0273565030084253;Muito Baixo;HOMEIMPROVEMENT;RENT
42;61000;2,0;14400;7,51;0,24;17;0,2360655737704918;0;1;0;0;0;1;0;0;0;0;0;1;0;0;0;0,0002776205639706;Muito Baixo;PERSONAL;OWN
23;70550;0,0;14000;17,51;0,17;2;0,1984408221119773;1;5;1;0;0;0;1;0;0;0;1;0;0;1;1;0,9983994554192884;Muito Alto;MEDICAL;RENT
23;62500;7,0;26000;11,71;0,42;2;0,416;1;2;0;0;0;0;1;0;0;0;1;0;0;1;1;0,9971522228084264;Muito Alto;MEDICAL;RENT
27;85000;2,0;7000;13,99;0,08;9;0,0823529411764705;1;3;1;0;0;0;1;0;0;0;0;0;1;0;0;0,0650645887726814;Muito Baixo;VENTURE;RENT
26;55000;10,0;5000;6,92;0,09;3;0,0909090909090909;0;1;0;1;0;0;0;0;0;0;0;0;1;0;0;0,0007181439997588;Muito Baixo;VENTURE;MORTGAGE
29;98850;6,0;12500;7,49;0,13;9;0,1264542235710672;0;1;0;0;0;0;1;0;0;1;0;0;0;0;0;0,0308725895665307;Muito Baixo;HOMEIMPROVEMENT;RENT
21;35000;3,0;5000;14,27;0,14;3;0,1428571428571428;1;3;1;0;0;1;0;0;1;0;0;0;0;0;0;0,0005552097954484;Muito Baixo;EDUCATION;OWN
28;44000;0,0;5000;12,99;0,11;5;0,1136363636363636;1;3;1;0;0;0;1;0;0;1;0;0;0;1;1;0,781537565839877;Alto;HOMEIMPROVEMENT;RENT
23;43000;3,0;9800;8,59;0,23;2;0,227906976744186;0;1;0;1;0;0;0;1;0;0;0;0;0;0;0;0,0612410866231479;Muito Baixo;DEBTCONSOLIDATION;MORTGAGE
37;65000;4,0;12000;16,49;0,18;17;0,1846153846153846;1;4;0;0;0;0;1;0;0;0;0;1;0;0;0;0,1016368236371702;Muito Baixo;PERSONAL;RENT
25;68515;2,0;5600;12,61;0,08;3;0,0817339268773261;1;3;0;0;0;0;1;0;0;0;1;0;0;0;0;0,0686923670674891;Muito Baixo;MEDICAL;RENT
30;69000;3,0;11200;12,42;0,16;6;0,1623188405797101;1;2;0;0;0;0;1;0;1;0;0;0;0;1;0;0,1610640444339956;Muito Baixo;EDUCATION;RENT
28;128000;11,0;14400;22,11;0,11;8;0,1125;1;7;1;1;0;0;0;1;0;0;0;0;0;1;1;0,9999191471964124;Muito Alto;DEBTCONSOLIDATION;MORTGAGE
22;31760;3,0;12875;12,53;0,41;4;0,4053841309823677;1;2;0;0;0;0;1;0;0;0;0;1;0;1;1;0,9953465717698634;Muito Alto;PERSONAL;RENT
26;45000;10,0;15000;7,29;0,33;4;0,3333333333333333;0;1;0;0;0;0;1;1;0;0;0;0;0;1;1;0,9876233620243496;Muito Alto;DEBTCONSOLIDATION;RENT
21;50000;4,0;11000;10,0;0,22;3;0,22;0;2;0;0;0;0;1;0;1;0;0;0;0;0;0;0,0444148612107824;Muito Baixo;EDUCATION;RENT
22;48000;6,0;6000;7,49;0,13;4;0,125;0;1;0;0;0;0;1;0;0;0;0;0;1;0;0;0,0013163233719438;Muito Baixo;VENTURE;RENT
35;762000;8,0;10000;8,94;0,01;10;0,0131233595800524;0;1;0;0;0;1;0;0;0;0;1;0;0;0;0;0,0003787324034667;Muito Baixo;MEDICAL;OWN
22;36000;0,0;6500;13,48;0,18;3;0,1805555555555555;1;3;0;0;0;0;1;0;0;0;0;1;0;0;0;0,1537158031691946;Muito Baixo;PERSONAL;RENT
27;100000;1,0;16000;13,43;0,16;5;0,16;1;3;0;1;0;0;0;1;0;0;0;0;0;0;0;0,0739927190024973;Muito Baixo;DEBTCONSOLIDATION;MORTGAGE
25;104000;4,0;11000;13,11;0,11;3;0,1057692307692307;1;3;0;1;0;0;0;0;0;0;0;0;1;0;0;0,0558987549807215;Muito Baixo;VENTURE;MORTGAGE
24;136000;9,0;25000;19,13;0,18;3;0,1838235294117647;1;6;0;1;0;0;0;1;0;0;0;0;0;1;1;0,998084345712485;Muito Alto;DEBTCONSOLIDATION;MORTGAGE
34;57000;9,0;7500;11,14;0,13;7;0,131578947368421;1;2;0;0;0;0;1;1;0;0;0;0;0;0;0;0,0869728732460296;Muito Baixo;DEBTCONSOLIDATION;RENT
34;25000;1,0;1000;9,63;0,04;6;0,04;0;2;0;1;0;0;0;1;0;0;0;0;0;0;0;0,073384367663025;Muito Baixo;DEBTCONSOLIDATION;MORTGAGE
36;120000;4,0;15000;12,99;0,13;15;0,125;1;3;1;0;0;0;1;0;0;1;0;0;0;0;0;0,0919514287954595;Muito Baixo;HOMEIMPROVEMENT;RENT
26;54000;10,0;3600;12,69;0,07;4;0,0666666666666666;1;2;0;1;0;0;0;0;0;1;0;0;0;1;0;0,3284886494517984;Baixo;HOMEIMPROVEMENT;MORTGAGE
46;47000;5,0;6000;7,14;0,13;15;0,1276595744680851;0;1;0;1;0;0;0;0;0;0;0;1;0;0;0;0,0317479644932857;Muito Baixo;PERSONAL;MORTGAGE
28;150000;12,0;15000;11,89;0,1;9;0,1;1;2;0;1;0;0;0;0;0;1;0;0;0;0;0;0,0465172460669519;Muito Baixo;HOMEIMPROVEMENT;MORTGAGE
28;139913;7,0;5375;8,94;0,04;6;0,0384167303967465;0;1;0;1;0;0;0;0;0;1;0;0;0;0;0;0,033545744785042;Muito Baixo;HOMEIMPROVEMENT;MORTGAGE
25;180488;9,0;24000;12,87;0,13;2;0,132972829218563;1;3;0;1;0;0;0;0;0;1;0;0;0;0;0;0,0952982162557417;Muito Baixo;HOMEIMPROVEMENT;MORTGAGE
23;60000;0,0;12000;7,88;0,2;2;0,2;0;1;0;0;0;0;1;0;0;0;0;1;0;0;0;0,0204783631184228;Muito Baixo;PERSONAL;RENT
23;26000;3,0;4500;8,49;0,17;2;0,173076923076923;0;1;0;0;0;0;1;0;0;0;1;0;0;1;0;0,0634189777088977;Muito Baixo;MEDICAL;RENT
23;52000;5,0;12800;10,65;0,25;2;0,2461538461538461;0;2;0;1;0;0;0;0;1;0;0;0;0;0;0;0,031935905517181;Muito Baixo;EDUCATION;MORTGAGE
26;15000;0,0;4375;12,69;0,29;4;0,2916666666666667;1;2;0;0;0;0;1;1;0;0;0;0;0;1;1;0,9814151615742942;Muito Alto;DEBTCONSOLIDATION;RENT
40;43000;18,0;2500;12,84;0,06;14;0,0581395348837209;1;3;0;1;0;0;0;0;0;0;1;0;0;0;0;0,1182778098450536;Muito Baixo;MEDICAL;MORTGAGE
23;83004;7,0;3500;12,61;0,04;2;0,0421666425714423;1;3;1;1;0;0;0;0;0;0;0;0;1;0;0;0,0582717637017416;Muito Baixo;VENTURE;MORTGAGE
23;75000;8,0;8000;6,17;0,11;2;0,1066666666666666;0;1;0;0;0;1;0;0;1;0;0;0;0;0;0;0,0001802075813701;Muito Baixo;EDUCATION;OWN
26;124500;10,0;6000;10,62;0,05;2;0,0481927710843373;0;2;0;1;0;0;0;0;0;0;0;1;0;0;0;0,0777355745835776;Muito Baixo;PERSONAL;MORTGAGE
26;32000;7,0;6375;10,74;0,2;2;0,19921875;0;2;0;0;0;0;1;1;0;0;0;0;0;0;0;0,2579350091671827;Baixo;DEBTCONSOLIDATION;RENT
26;57550;4,0;3500;5,42;0,06;4;0,0608166811468288;0;1;0;1;0;0;0;1;0;0;0;0;0;0;0;0,044955837092316;Muito Baixo;DEBTCONSOLIDATION;MORTGAGE
25;115000;4,0;4000;7,88;0,03;4;0,0347826086956521;0;1;0;1;0;0;0;0;0;0;1;0;0;0;0;0,0189233904274465;Muito Baixo;MEDICAL;MORTGAGE
25;155004;9,0;10500;7,49;0,07;2;0,0677401873500038;0;1;0;1;0;0;0;0;0;1;0;0;0;0;0;0,020282388459823;Muito Baixo;HOMEIMPROVEMENT;MORTGAGE
51;84000;7,0;12000;7,49;0,14;23;0,1428571428571428;0;1;0;0;0;0;1;0;0;1;0;0;0;0;0;0,0224696633238381;Muito Baixo;HOMEIMPROVEMENT;RENT
25;153000;9,0;14500;13,85;0,09;3;0,0947712418300653;1;3;0;1;0;0;0;0;1;0;0;0;0;0;0;0,0798089391298283;Muito Baixo;EDUCATION;MORTGAGE
33;62000;3,0;3700;6,39;0,06;6;0,0596774193548387;0;1;0;1;0;0;0;0;0;1;0;0;0;0;0;0,0113458567329585;Muito Baixo;HOMEIMPROVEMENT;MORTGAGE
30;60000;5,0;4000;6,99;0,07;7;0,0666666666666666;0;1;0;1;0;0;0;0;0;0;0;0;1;0;0;0,000254565696799;Muito Baixo;VENTURE;MORTGAGE
21;38000;5,0;3500;10,59;0,09;3;0,0921052631578947;0;2;0;0;0;0;1;0;0;0;0;0;1;0;0;0,0026259183613888;Muito Baixo;VENTURE;RENT
23;89204;5,0;18000;7,9;0,2;4;0,2017846733330344;0;1;0;1;0;0;0;0;1;0;0;0;0;0;0;0,0093159213442347;Muito Baixo;EDUCATION;MORTGAGE
33;53326;8,0;1200;16,29;0,02;7;0,0225030941754491;1;4;0;0;0;0;1;0;0;0;1;0;0;1;1;0,9294965887978256;Muito Alto;MEDICAL;RENT
25;44000;1,0;8000;12,92;0,18;4;0,1818181818181818;1;4;0;0;0;0;1;0;0;0;1;0;0;1;1;0,9898639062617908;Muito Alto;MEDICAL;RENT
40;65000;1,0;5000;9,63;0,08;16;0,0769230769230769;0;2;0;0;0;0;1;1;0;0;0;0;0;0;0;0,021444568374203;Muito Baixo;DEBTCONSOLIDATION;RENT
27;50000;5,0;7300;7,29;0,15;9;0,146;0;1;0;0;0;0;1;0;0;0;1;0;0;0;0;0,0119868651388641;Muito Baixo;MEDICAL;RENT
40;95000;0,0;17000;10,0;0,18;12;0,1789473684210526;0;2;0;0;0;0;1;0;0;1;0;0;0;0;0;0,0161895655918116;Muito Baixo;HOMEIMPROVEMENT;RENT
27;44196;2,0;5500;13,8;0,12;10;0,1244456511901529;1;3;0;0;0;0;1;1;0;0;0;0;0;0;1;0,5715116128103868;Moderado;DEBTCONSOLIDATION;RENT
36;430000;2,0;25000;13,8;0,06;11;0,0581395348837209;1;3;0;0;0;0;1;0;1;0;0;0;0;0;0;0,0839965761069615;Muito Baixo;EDUCATION;RENT
25;76800;5,0;20000;13,48;0,26;2;0,2604166666666667;1;3;1;1;0;0;0;0;0;0;0;1;0;0;0;0,1162251892303096;Muito Baixo;PERSONAL;MORTGAGE
22;45000;6,0;16000;10,59;0,36;4;0,3555555555555555;0;2;0;0;0;0;1;1;0;0;0;0;0;1;1;0,9878042296475414;Muito Alto;DEBTCONSOLIDATION;RENT
29;71500;2,0;10000;13,57;0,14;6;0,1398601398601398;1;3;0;0;0;0;1;0;0;0;1;0;0;0;0;0,0475085520718362;Muito Baixo;MEDICAL;RENT
26;53000;2,0;4800;15,62;0,09;3;0,090566037735849;1;4;1;0;0;0;1;0;0;0;0;1;0;1;1;0,935590422773897;Muito Alto;PERSONAL;RENT
22;45600;5,0;10000;14,61;0,22;4;0,219298245614035;1;4;0;0;0;0;1;0;0;0;0;0;1;0;0;0,1366783000345016;Muito Baixo;VENTURE;RENT
26;29000;1,0;1000;11,28;0,03;3;0,0344827586206896;1;3;0;0;0;0;1;0;1;0;0;0;0;1;1;0,566677786418108;Moderado;EDUCATION;RENT
28;30996;0,0;8000;7,29;0,26;10;0,2580978190734288;0;1;0;0;0;0;1;1;0;0;0;0;0;0;0;0,1121139158097838;Muito Baixo;DEBTCONSOLIDATION;RENT
26;95000;0,0;12000;8,49;0,13;4;0,1263157894736842;0;1;0;0;0;0;1;0;0;0;0;0;1;0;0;0,0007890161643544;Muito Baixo;VENTURE;RENT
22;53000;2,0;16000;7,9;0,3;4;0,3018867924528302;0;1;0;0;0;0;1;0;1;0;0;0;0;0;0;0,0271071860432885;Muito Baixo;EDUCATION;RENT
30;138000;0,0;11000;7,49;0,08;10;0,0797101449275362;0;1;0;0;0;0;1;0;0;0;0;0;1;0;0;0,0013885073111751;Muito Baixo;VENTURE;RENT
26;70000;0,0;8000;14,84;0,11;3;0,1142857142857142;1;4;0;1;0;0;0;0;0;1;0;0;0;0;0;0,1694397246429147;Muito Baixo;HOMEIMPROVEMENT;MORTGAGE
27;64000;11,0;3500;11,99;0,05;8;0,0546875;1;2;0;1;0;0;0;0;0;0;1;0;0;0;0;0,2456267600801924;Baixo;MEDICAL;MORTGAGE
38;30000;8,0;10000;7,51;0,33;14;0,3333333333333333;0;1;0;0;0;0;1;0;1;0;0;0;0;1;1;0,9848996930717494;Muito Alto;EDUCATION;RENT
30;63552;4,0;6000;11,49;0,09;7;0,0944108761329305;1;2;0;0;0;0;1;0;0;0;1;0;0;0;0;0,2192191342976241;Baixo;MEDICAL;RENT
36;69000;20,0;35000;13,48;0,51;15;0,5072463768115942;1;3;0;0;0;0;1;0;0;0;0;0;1;1;1;0,988076761991904;Muito Alto;VENTURE;RENT
31;70000;3,0;8000;7,88;0,11;5;0,1142857142857142;0;1;0;1;0;0;0;0;0;0;0;1;0;0;0;0,0235765759436291;Muito Baixo;PERSONAL;MORTGAGE
24;100000;6,0;11000;5,42;0,11;4;0,11;0;1;0;0;0;0;1;1;0;0;0;0;0;0;0;0,0083755366335505;Muito Baixo;DEBTCONSOLIDATION;RENT
27;25000;4,0;8000;14,84;0,32;5;0,32;1;4;0;0;0;0;1;1;0;0;0;0;0;1;1;0,9992150398998288;Muito Alto;DEBTCONSOLIDATION;RENT
24;40000;4,0;12000;6,03;0,3;4;0,3;0;1;0;0;0;1;0;0;0;0;0;0;1;0;0;1,310977324386059e-05;Muito Baixo;VENTURE;OWN
24;50000;6,0;5000;6,54;0,1;2;0,1;0;1;0;0;0;0;1;0;0;0;1;0;0;0;0;0,0230509592910108;Muito Baixo;MEDICAL;RENT
23;59000;7,0;10000;13,48;0,17;3;0,1694915254237288;1;3;1;0;0;0;1;0;1;0;0;0;0;0;0;0,1840223837715337;Muito Baixo;EDUCATION;RENT
35;55000;3,0;3200;5,79;0,06;10;0,0581818181818181;0;1;0;1;0;0;0;1;0;0;0;0;0;0;0;0,0225973314043774;Muito Baixo;DEBTCONSOLIDATION;MORTGAGE
23;121000;4,0;3600;5,79;0,03;4;0,0297520661157024;0;1;0;1;0;0;0;0;0;0;0;1;0;0;0;0,0021163612488262;Muito Baixo;PERSONAL;MORTGAGE
35;110000;3,0;10000;8,59;0,09;6;0,0909090909090909;0;1;0;1;0;0;0;0;0;1;0;0;0;0;0;0,0184067692956624;Muito Baixo;HOMEIMPROVEMENT;MORTGAGE
31;741600;3,0;12000;10,25;0,02;6;0,0161812297734627;0;2;0;1;0;0;0;0;0;0;1;0;0;0;0;0,0863765455715536;Muito Baixo;MEDICAL;MORTGAGE
23;70522;7,0;9325;10,91;0,13;3;0,1322282408326479;0;3;1;0;0;0;1;0;0;0;1;0;0;0;0;0,0447735856627516;Muito Baixo;MEDICAL;RENT
25;62004;10,0;15000;13,47;0,24;4;0,2419198761370234;1;3;0;1;0;0;0;0;0;1;0;0;0;0;0;0,090526112680605;Muito Baixo;HOMEIMPROVEMENT;MORTGAGE
32;84996;7,0;6000;12,99;0,07;7;0,0705915572497529;1;3;1;1;0;0;0;1;0;0;0;0;0;0;0;0,0522098597893866;Muito Baixo;DEBTCONSOLIDATION;MORTGAGE
24;90000;8,0;7000;10,99;0,08;3;0,0777777777777777;0;2;0;1;0;0;0;0;0;0;0;0;1;0;0;0,0008433480035329;Muito Baixo;VENTURE;MORTGAGE
25;21600;0,0;4900;13,72;0,23;2;0,2268518518518518;1;3;1;0;0;0;1;0;1;0;0;0;0;0;0;0,189349825577542;Muito Baixo;EDUCATION;RENT
22;13440;1,0;4800;12,53;0,36;4;0,3571428571428571;1;2;0;0;0;0;1;0;0;0;1;0;0;1;1;0,9995937185247646;Muito Alto;MEDICAL;RENT
24;50500;7,0;9600;7,49;0,19;2;0,1900990099009901;0;1;0;0;0;0;1;0;0;1;0;0;0;0;0;0,0839853012540426;Muito Baixo;HOMEIMPROVEMENT;RENT
32;180000;12,0;10000;7,9;0,06;10;0,0555555555555555;0;1;0;1;0;0;0;0;0;0;0;1;0;0;0;0,0149778133960631;Muito Baixo;PERSONAL;MORTGAGE
26;85000;2,0;28000;7,49;0,33;3;0,3294117647058823;0;1;0;0;0;0;1;0;0;0;0;0;1;1;1;0,9964201869761856;Muito Alto;VENTURE;RENT
22;62400;3,0;24000;14,84;0,38;2;0,3846153846153846;1;4;0;0;0;0;1;0;1;0;0;0;0;1;1;0,9874149979379054;Muito Alto;EDUCATION;RENT
27;40200;2,0;6600;11,14;0,16;7;0,1641791044776119;1;2;0;0;0;0;1;0;0;0;0;0;1;0;0;0,001722555503377;Muito Baixo;VENTURE;RENT
24;90000;8,0;35000;12,68;0,39;2;0,3888888888888889;1;3;1;1;0;0;0;0;1;0;0;0;0;0;0;0,0459520689721908;Muito Baixo;EDUCATION;MORTGAGE
22;31000;4,0;3600;12,69;0,12;3;0,1161290322580645;1;2;0;0;0;0;1;0;0;0;0;0;1;0;0;0,0215274624250453;Muito Baixo;VENTURE;RENT
26;91800;10,0;10000;16,32;0,09;4;0,1089324618736383;1;5;1;1;0;0;0;0;0;0;1;0;0;1;1;0,9953701295186396;Muito Alto;MEDICAL;MORTGAGE
46;70000;0,0;10000;8,59;0,14;14;0,1428571428571428;0;1;0;0;0;0;1;0;0;0;1;0;0;0;0;0,0105656338492691;Muito Baixo;MEDICAL;RENT
35;71000;3,0;8000;11,49;0,11;6;0,1126760563380281;1;2;0;0;0;0;1;0;1;0;0;0;0;0;0;0,0865696413852318;Muito Baixo;EDUCATION;RENT
30;108000;0,0;4925;10,99;0,05;9;0,0456018518518518;0;2;0;1;0;0;0;1;0;0;0;0;0;1;0;0,044834150761366;Muito Baixo;DEBTCONSOLIDATION;MORTGAGE
23;57664;4,0;10000;6,62;0,17;4;0,1734184239733629;0;1;0;1;0;0;0;0;1;0;0;0;0;0;0;0,0364533917524321;Muito Baixo;EDUCATION;MORTGAGE
23;25100;7,0;10800;14,59;0,43;3;0,4302788844621514;1;4;1;0;0;1;0;0;1;0;0;0;0;0;0;0,0021258226596671;Muito Baixo;EDUCATION;OWN
33;48000;2,0;7500;8,0;0,16;10;0,15625;0;1;0;1;0;0;0;0;0;1;0;0;0;0;0;0,0409028934373176;Muito Baixo;HOMEIMPROVEMENT;MORTGAGE
29;47500;14,0;3500;8,9;0,07;9;0,0736842105263157;0;1;0;1;0;0;0;0;0;0;0;0;1;0;0;0,0016693612042441;Muito Baixo;VENTURE;MORTGAGE
25;37818;5,0;15000;13,48;0,4;3;0,3966365222909725;1;3;0;0;0;0;1;1;0;0;0;0;0;1;1;0,9913609211096306;Muito Alto;DEBTCONSOLIDATION;RENT
33;117300;3,0;16000;15,99;0,12;5;0,1364023870417732;1;4;0;1;0;0;0;0;0;0;1;0;0;1;1;0,990980126787403;Muito Alto;MEDICAL;MORTGAGE
24;65000;0,0;8000;10,99;0,12;3;0,123076923076923;0;2;0;1;0;0;0;0;0;0;1;0;0;0;0;0,0467483685474694;Muito Baixo;MEDICAL;MORTGAGE
24;60000;5,0;7000;7,14;0,12;2;0,1166666666666666;0;1;0;1;0;0;0;1;0;0;0;0;0;0;0;0,0192838258719045;Muito Baixo;DEBTCONSOLIDATION;MORTGAGE
25;50400;4,0;6000;7,14;0,12;4;0,119047619047619;0;1;0;1;0;0;0;0;0;1;0;0;0;0;0;0,0413157254293842;Muito Baixo;HOMEIMPROVEMENT;MORTGAGE
25;56004;0,0;14000;6,92;0,25;2;0,2499821441325619;0;1;0;0;0;0;1;1;0;0;0;0;0;0;0;0,0287160815337695;Muito Baixo;DEBTCONSOLIDATION;RENT
24;61200;9,0;13500;10,83;0,19;2;0,2205882352941176;0;2;0;1;0;0;0;0;0;0;1;0;0;1;0;0,1918831410551441;Muito Baixo;MEDICAL;MORTGAGE
46;60000;10,0;15000;13,49;0,25;17;0,25;1;3;0;0;0;0;1;0;0;0;1;0;0;0;0;0,0669649322689558;Muito Baixo;MEDICAL;RENT
30;134000;14,0;5600;7,49;0,04;5;0,0417910447761194;0;1;0;1;0;0;0;1;0;0;0;0;0;0;0;0,006738705892923;Muito Baixo;DEBTCONSOLIDATION;MORTGAGE
30;92000;9,0;5000;7,49;0,05;10;0,0543478260869565;0;1;0;1;0;0;0;0;0;0;0;0;1;0;0;0,0002514433562598;Muito Baixo;VENTURE;MORTGAGE
29;100000;0,0;20000;13,98;0,2;6;0,2;1;3;1;0;0;0;1;0;0;0;0;1;0;0;0;0,0703789765400883;Muito Baixo;PERSONAL;RENT
23;49000;1,0;2500;18,535;0,05;2;0,0510204081632653;1;6;0;0;0;0;1;1;0;0;0;0;0;1;1;0,998702207449142;Muito Alto;DEBTCONSOLIDATION;RENT
26;15000;8,0;3200;12,21;0,21;2;0,2133333333333333;1;2;0;0;0;0;1;0;0;0;1;0;0;1;1;0,978412374885816;Muito Alto;MEDICAL;RENT
31;151000;1,0;21000;11,97;0,14;8;0,1390728476821192;1;3;0;1;0;0;0;0;0;1;0;0;0;0;0;0,1198777518818706;Muito Baixo;HOMEIMPROVEMENT;MORTGAGE
24;65000;8,0;15000;9,88;0,23;2;0,2307692307692307;0;2;0;0;0;0;1;0;0;0;1;0;0;0;0;0,046869727538366;Muito Baixo;MEDICAL;RENT
25;62000;9,0;8500;10,99;0,14;2;0,1370967741935483;0;2;0;1;0;0;0;0;0;0;0;0;1;0;0;0,0013188865158151;Muito Baixo;VENTURE;MORTGAGE
23;26000;7,0;5000;7,91;0,19;2;0,1923076923076923;0;1;0;1;0;0;0;0;0;0;1;0;0;0;0;0,1395082050249595;Muito Baixo;MEDICAL;MORTGAGE
27;300000;11,0;35000;7,49;0,12;8;0,1166666666666666;0;1;0;1;0;0;0;1;0;0;0;0;0;0;0;0,0255676821509754;Muito Baixo;DEBTCONSOLIDATION;MORTGAGE
24;64000;8,0;4800;12,21;0,07;4;0,075;1;2;0;1;0;0;0;0;0;0;0;0;1;0;0;0,0096649231507598;Muito Baixo;VENTURE;MORTGAGE
23;60000;7,0;1200;10,99;0,02;3;0,02;0;2;0;0;0;0;1;1;0;0;0;0;0;0;0;0,0180850318714259;Muito Baixo;DEBTCONSOLIDATION;RENT
27;50000;1,0;8000;13,98;0,16;9;0,16;1;3;0;0;0;0;1;0;1;0;0;0;0;0;0;0,096397426298716;Muito Baixo;EDUCATION;RENT
23;90000;7,0;21000;12,42;0,23;2;0,2333333333333333;1;2;0;1;0;0;0;0;0;0;1;0;0;0;0;0,0869983243218265;Muito Baixo;MEDICAL;MORTGAGE
23;40000;3,0;6000;5,79;0,15;4;0,15;0;1;0;0;0;0;1;0;1;0;0;0;0;0;0;0,016403796545343;Muito Baixo;EDUCATION;RENT
22;36000;6,0;18500;7,9;0,51;4;0,5138888888888888;0;1;0;1;0;0;0;0;0;0;0;1;0;0;0;0,1821541676272938;Muito Baixo;PERSONAL;MORTGAGE
42;32004;1,0;2500;7,49;0,08;17;0,0781152355955505;0;1;0;0;0;0;1;1;0;0;0;0;0;1;0;0,0873218740093397;Muito Baixo;DEBTCONSOLIDATION;RENT
31;75000;3,0;8000;18,21;0,11;7;0,1066666666666666;1;6;1;1;0;0;0;0;0;0;0;0;1;0;0;0,1217368246992216;Muito Baixo;VENTURE;MORTGAGE
29;63000;13,0;10000;7,49;0,16;5;0,1587301587301587;0;1;0;0;0;0;1;0;0;0;1;0;0;0;0;0,0468011513749213;Muito Baixo;MEDICAL;RENT
25;40000;9,0;3500;13,49;0,09;3;0,0875;1;3;0;1;0;0;0;1;0;0;0;0;0;0;0;0,1387944371283043;Muito Baixo;DEBTCONSOLIDATION;MORTGAGE
23;26496;1,0;2000;13,61;0,08;4;0,0754830917874396;1;3;0;0;0;0;1;1;0;0;0;0;0;0;0;0,3497254708752104;Baixo;DEBTCONSOLIDATION;RENT
27;62000;1,0;3275;9,33;0,05;8;0,0528225806451612;0;2;0;1;0;0;0;0;0;1;0;0;0;0;0;0,0595640579638432;Muito Baixo;HOMEIMPROVEMENT;MORTGAGE
25;84000;1,0;8000;16,45;0,1;2;0,0952380952380952;1;5;0;0;0;0;1;0;0;0;0;0;1;1;1;0,9217766552686688;Muito Alto;VENTURE;RENT
28;97000;6,0;6000;7,49;0,06;10;0,0618556701030927;0;1;0;1;0;0;0;1;0;0;0;0;0;0;0;0,0066833912813271;Muito Baixo;DEBTCONSOLIDATION;MORTGAGE
22;68000;6,0;3500;6,39;0,05;4;0,0514705882352941;0;1;0;1;0;0;0;0;1;0;0;0;0;0;0;0,0187661188046595;Muito Baixo;EDUCATION;MORTGAGE
27;68400;0,0;5000;12,99;0,07;8;0,0730994152046783;1;3;0;0;0;1;0;0;1;0;0;0;0;0;0;0,0011420912287632;Muito Baixo;EDUCATION;OWN
34;66996;4,0;13000;15,2;0,19;9;0,1940414353095707;1;4;1;0;0;0;1;1;0;0;0;0;0;1;1;0,9897250759016256;Muito Alto;DEBTCONSOLIDATION;RENT
29;110000;9,0;25600;10,99;0,23;5;0,2327272727272727;0;2;0;0;0;0;1;1;0;0;0;0;0;0;0;0,0403401888696059;Muito Baixo;DEBTCONSOLIDATION;RENT
37;22800;18,0;7000;6,03;0,31;15;0,3070175438596491;0;1;0;0;0;1;0;0;1;0;0;0;0;0;0;0,0004211812608415;Muito Baixo;EDUCATION;OWN
24;47000;7,0;15000;10,74;0,32;2;0,3191489361702128;0;2;0;1;0;0;0;0;0;0;1;0;0;0;0;0,2398853932212746;Baixo;MEDICAL;MORTGAGE
22;35900;6,0;6000;15,27;0,17;3;0,1671309192200557;1;3;0;1;0;0;0;0;0;0;0;1;0;0;0;0,1828846824202054;Muito Baixo;PERSONAL;MORTGAGE
25;78000;9,0;8000;16,0;0,1;4;0,1025641025641025;1;4;0;1;0;0;0;1;0;0;0;0;0;1;1;0,9984110763189;Muito Alto;DEBTCONSOLIDATION;MORTGAGE
37;79000;2,0;6000;10,0;0,08;16;0,0759493670886076;0;2;0;0;0;0;1;1;0;0;0;0;0;0;0;0,098018845408907;Muito Baixo;DEBTCONSOLIDATION;RENT
28;51000;5,0;8000;9,63;0,16;9;0,1568627450980392;0;1;0;0;0;0;1;0;0;1;0;0;0;0;0;0,1522526049871278;Muito Baixo;HOMEIMPROVEMENT;RENT
23;92004;6,0;30000;15,23;0,33;3;0,3260727794443719;1;3;1;0;0;0;1;0;0;0;0;1;0;1;1;0,9896379419666466;Muito Alto;PERSONAL;RENT
23;149385;7,0;7000;8,94;0,05;4;0,0468587876962211;0;1;0;0;0;1;0;0;0;0;0;0;1;0;0;1,3202735507869966e-05;Muito Baixo;VENTURE;OWN
31;300000;1,0;25000;14,83;0,08;9;0,0833333333333333;1;4;0;1;0;0;0;0;0;0;0;0;1;0;0;0,1636197699381912;Muito Baixo;VENTURE;MORTGAGE
22;21996;6,0;2400;12,53;0,11;4;0,1091107474086197;1;3;0;0;0;0;1;1;0;0;0;0;0;0;0;0,3246128551022084;Baixo;DEBTCONSOLIDATION;RENT
32;164000;15,0;2400;14,42;0,01;10;0,0146341463414634;1;4;0;1;0;0;0;1;0;0;0;0;0;1;1;0,9795294333596484;Muito Alto;DEBTCONSOLIDATION;MORTGAGE
22;14400;0,0;2100;11,14;0,15;4;0,1458333333333333;1;2;0;0;0;1;0;0;0;0;0;1;0;0;0;0,0007911739057058;Muito Baixo;PERSONAL;OWN
29;94000;13,0;30000;6,62;0,32;7;0,3191489361702128;0;1;0;1;0;0;0;0;0;0;0;1;0;0;0;0,043201737332411;Muito Baixo;PERSONAL;MORTGAGE
27;52000;2,0;7000;11,89;0,13;8;0,1346153846153846;1;2;0;1;0;0;0;0;0;1;0;0;0;0;0;0,149140363599804;Muito Baixo;HOMEIMPROVEMENT;MORTGAGE
24;200000;8,0;12000;13,49;0,06;2;0,06;1;3;0;1;0;0;0;0;0;1;0;0;0;0;0;0,0402147186452125;Muito Baixo;HOMEIMPROVEMENT;MORTGAGE
28;55200;12,0;3000;11,72;0,05;10;0,0543478260869565;1;3;0;1;0;0;0;0;0;0;0;0;1;0;0;0,1984572937300222;Muito Baixo;VENTURE;MORTGAGE
35;28000;3,0;7600;6,62;0,27;10;0,2714285714285714;0;1;0;0;0;1;0;0;0;0;0;0;1;0;0;3,0263549532434448e-05;Muito Baixo;VENTURE;OWN
25;26000;7,0;2000;12,99;0,08;4;0,0769230769230769;1;3;1;0;0;0;1;0;0;0;1;0;0;0;0;0,1701918957045058;Muito Baixo;MEDICAL;RENT
31;66000;8,0;4200;7,49;0,06;7;0,0636363636363636;0;1;0;1;0;0;0;0;0;0;0;0;1;0;0;0,0008776120106312;Muito Baixo;VENTURE;MORTGAGE
28;43150;3,0;6000;9,99;0,14;9;0,1390498261877172;0;2;0;0;0;0;1;0;0;0;0;0;1;0;0;0,0017895876389325;Muito Baixo;VENTURE;RENT
33;63000;7,0;18250;8,9;0,29;9;0,2896825396825397;0;1;0;1;0;0;0;1;0;0;0;0;0;0;0;0,0731176700505821;Muito Baixo;DEBTCONSOLIDATION;MORTGAGE
30;66996;0,0;14000;12,84;0,21;8;0,2089676995641531;1;3;0;0;0;0;1;0;1;0;0;0;0;0;0;0,1079651713434399;Muito Baixo;EDUCATION;RENT
23;62844;7,0;7500;11,97;0,12;4;0,1193431353828527;1;3;0;0;0;0;1;0;0;1;0;0;0;1;1;0,9522021939539398;Muito Alto;HOMEIMPROVEMENT;RENT
35;150000;16,0;10000;7,9;0,07;9;0,0666666666666666;0;1;0;1;0;0;0;0;0;1;0;0;0;0;0;0,0302194679374828;Muito Baixo;HOMEIMPROVEMENT;MORTGAGE
25;63000;3,0;2400;7,14;0,04;4;0,0380952380952381;0;1;0;0;0;0;1;1;0;0;0;0;0;0;0;0,0206965811021232;Muito Baixo;DEBTCONSOLIDATION;RENT
24;30000;8,0;8000;9,25;0,27;2;0,2666666666666666;0;2;0;0;0;0;1;0;0;0;0;1;0;0;0;0,3483346448414203;Baixo;PERSONAL;RENT
27;78000;4,0;6000;12,18;0,08;10;0,0769230769230769;1;2;0;0;0;1;0;0;0;0;0;0;1;0;0;6,42066754741539e-05;Muito Baixo;VENTURE;OWN
43;68000;9,0;5000;6,99;0,07;15;0,0735294117647058;0;1;0;0;0;1;0;0;1;0;0;0;0;0;0;0,0002698398373552;Muito Baixo;EDUCATION;OWN
31;125004;13,0;24000;9,25;0,19;8;0,1919938561966017;0;2;0;0;0;0;1;0;0;0;0;0;1;0;0;0,0028848543993925;Muito Baixo;VENTURE;RENT
25;60000;5,0;14000;10,99;0,23;2;0,2333333333333333;0;2;0;0;0;0;1;0;0;1;0;0;0;0;0;0,044594783961438;Muito Baixo;HOMEIMPROVEMENT;RENT
28;60000;12,0;15000;8,94;0,25;9;0,25;0;1;0;1;0;0;0;0;0;0;1;0;0;0;0;0,1348188187946629;Muito Baixo;MEDICAL;MORTGAGE
43;27036;1,0;13750;15,31;0,51;15;0,5085811510578488;1;4;1;0;0;0;1;0;0;0;0;1;0;1;1;0,9986185195874702;Muito Alto;PERSONAL;RENT
27;47000;3,0;25000;15,7;0,53;10;0,5319148936170213;1;4;1;0;0;0;1;0;0;0;0;0;1;1;1;0,9941102378357932;Muito Alto;VENTURE;RENT
37;49000;3,0;4000;15,65;0,08;17;0,0816326530612244;1;4;0;1;0;0;0;0;0;0;1;0;0;1;1;0,989669286980756;Muito Alto;MEDICAL;MORTGAGE
35;35000;10,0;8600;15,99;0,25;5;0,2457142857142857;1;4;0;0;0;0;1;0;0;0;0;1;0;0;0;0,1444502410864629;Muito Baixo;PERSONAL;RENT
34;21000;2,0;2100;7,88;0,1;8;0,1;0;1;0;0;0;0;1;0;0;0;1;0;0;0;0;0,0289349908082941;Muito Baixo;MEDICAL;RENT
22;36000;6,0;1000;9,99;0,03;3;0,0277777777777777;0;2;0;1;0;0;0;0;0;0;1;0;0;0;0;0,079831100268809;Muito Baixo;MEDICAL;MORTGAGE
24;36500;3,0;2500;10,37;0,07;3;0,0684931506849315;0;2;0;1;0;0;0;0;1;0;0;0;0;0;0;0,1188380290171844;Muito Baixo;EDUCATION;MORTGAGE
21;18456;2,0;3500;13,35;0,19;2;0,1896402254009536;1;3;1;0;0;0;1;0;0;0;1;0;0;1;1;0,980890947261128;Muito Alto;MEDICAL;RENT
24;40000;6,0;1000;6,76;0,03;3;0,025;0;1;0;0;0;1;0;0;0;0;0;0;1;0;0;1,122609748419723e-05;Muito Baixo;VENTURE;OWN
27;30000;8,0;11000;9,91;0,37;10;0,3666666666666666;0;2;0;0;0;0;1;1;0;0;0;0;0;1;1;0,9904516925163214;Muito Alto;DEBTCONSOLIDATION;RENT
30;49777;7,0;6000;14,54;0,12;6;0,1205375976856781;1;4;0;1;0;0;0;0;0;0;1;0;0;1;1;0,98754587113899;Muito Alto;MEDICAL;MORTGAGE
28;84000;0,0;1000;9,99;0,01;10;0,0119047619047619;0;2;0;1;0;0;0;0;1;0;0;0;0;0;0;0,0201090440278602;Muito Baixo;EDUCATION;MORTGAGE
44;108000;12,0;10000;11,11;0,09;11;0,0925925925925925;1;2;0;1;0;0;0;0;0;1;0;0;0;0;0;0,0797105215153479;Muito Baixo;HOMEIMPROVEMENT;MORTGAGE
22;55000;2,0;6800;11,99;0,12;2;0,1236363636363636;1;2;0;0;0;0;1;0;1;0;0;0;0;0;0;0,0407944883856572;Muito Baixo;EDUCATION;RENT
29;70000;2,0;6125;7,49;0,09;8;0,0875;0;1;0;0;0;0;1;0;0;0;0;0;1;0;0;0,0007432825385812;Muito Baixo;VENTURE;RENT
29;40000;1,0;3600;8,59;0,09;8;0,09;0;1;0;0;0;0;1;0;1;0;0;0;0;0;0;0,0739260449483464;Muito Baixo;EDUCATION;RENT
36;60000;3,0;13000;14,11;0,22;14;0,2166666666666666;1;4;1;1;0;0;0;1;0;0;0;0;0;1;1;0,9847558472500368;Muito Alto;DEBTCONSOLIDATION;MORTGAGE
27;80000;1,0;18000;10,39;0,23;8;0,225;0;2;0;0;0;0;1;0;0;0;0;0;1;0;0;0,0010353376245366;Muito Baixo;VENTURE;RENT
30;190000;3,0;15000;11,48;0,08;8;0,0789473684210526;1;2;0;0;0;0;1;1;0;0;0;0;0;0;0;0,0369369085373465;Muito Baixo;DEBTCONSOLIDATION;RENT
33;42000;3,0;12000;13,57;0,29;6;0,2857142857142857;1;3;1;0;0;0;1;0;0;0;1;0;0;0;0;0,056257679147792;Muito Baixo;MEDICAL;RENT
26;34000;2,0;13000;9,63;0,38;2;0,3823529411764705;0;2;0;0;0;0;1;0;0;0;1;0;0;1;1;0,9985986001593582;Muito Alto;MEDICAL;RENT
24;40000;5,0;10000;7,88;0,25;3;0,25;0;1;0;0;0;0;1;0;0;0;0;1;0;0;0;0,0584574946476819;Muito Baixo;PERSONAL;RENT
21;55000;5,0;12000;10,62;0,22;2;0,2181818181818181;0;2;0;0;0;0;1;0;0;0;1;0;0;0;0;0,0551755530353367;Muito Baixo;MEDICAL;RENT
25;30720;6,0;10000;10,37;0,33;2;0,3255208333333333;0;2;0;0;0;0;1;0;1;0;0;0;0;1;1;0,9931271254112028;Muito Alto;EDUCATION;RENT
27;65000;11,0;20000;10,99;0,31;5;0,3076923076923077;0;2;0;0;0;0;1;0;0;0;0;0;1;1;1;0,9974979699006344;Muito Alto;VENTURE;RENT
34;70000;14,0;14000;16,4;0,2;6;0,2;1;5;0;1;0;0;0;0;0;0;0;1;0;0;0;0,0810106461916255;Muito Baixo;PERSONAL;MORTGAGE
22;14400;3,0;8000;9,99;0,56;4;0,5555555555555556;0;2;0;0;0;0;1;0;0;1;0;0;0;1;1;0,9999881166372736;Muito Alto;HOMEIMPROVEMENT;RENT
28;50000;0,0;9000;7,49;0,18;7;0,18;0;1;0;1;0;0;0;0;0;0;0;1;0;0;0;0,022344368488076;Muito Baixo;PERSONAL;MORTGAGE
37;54000;15,0;5400;13,99;0,1;17;0,1;1;3;1;0;0;0;1;0;0;0;1;0;0;1;0;0,3724765483431299;Baixo;MEDICAL;RENT
25;100000;9,0;12000;8,94;0,12;4;0,12;0;1;0;1;0;0;0;0;0;0;1;0;0;0;0;0,0275317065585204;Muito Baixo;MEDICAL;MORTGAGE
26;110000;4,0;5000;9,63;0,05;2;0,0454545454545454;0;2;0;1;0;0;0;0;0;0;0;0;1;0;0;0,0008005799029858;Muito Baixo;VENTURE;MORTGAGE
27;127000;6,0;21000;10,99;0,17;8;0,1653543307086614;0;2;0;1;0;0;0;0;0;0;0;1;0;0;0;0,0460871865090838;Muito Baixo;PERSONAL;MORTGAGE
38;22000;2,0;4000;12,68;0,18;12;0,1818181818181818;1;3;1;0;0;0;1;0;0;0;0;0;1;0;0;0,0611746825786767;Muito Baixo;VENTURE;RENT
22;40000;2,0;11200;7,88;0,28;2;0,28;0;1;0;0;0;0;1;0;0;0;0;0;1;0;0;0,0011809700916154;Muito Baixo;VENTURE;RENT
23;30000;2,0;3000;7,49;0,1;2;0,1;0;1;0;0;0;0;1;0;0;0;0;0;1;0;0;0,0032856838511339;Muito Baixo;VENTURE;RENT
24;135000;8,0;12000;9,38;0,09;2;0,0888888888888888;0;1;0;1;0;0;0;0;1;0;0;0;0;0;0;0,0318669246437986;Muito Baixo;EDUCATION;MORTGAGE
27;49000;11,0;8500;10,59;0,17;10;0,173469387755102;0;2;0;1;0;0;0;0;0;0;1;0;0;0;0;0,1292162639318274;Muito Baixo;MEDICAL;MORTGAGE
26;29400;4,0;12000;9,32;0,41;4;0,4081632653061224;0;1;0;1;0;0;0;0;0;0;1;0;0;1;0;0,4238625797564319;Moderado;MEDICAL;MORTGAGE
21;78000;4,0;10000;5,99;0,13;2;0,1282051282051282;0;1;0;0;0;0;1;0;0;0;0;0;1;0;0;0,0012673324722014;Muito Baixo;VENTURE;RENT
25;78000;2,0;6000;10,99;0,08;4;0,0769230769230769;0;2;0;1;0;0;0;0;0;0;0;0;1;0;0;0,0028373666761;Muito Baixo;VENTURE;MORTGAGE
28;39500;4,0;3600;11,99;0,09;9;0,0911392405063291;1;2;0;0;0;0;1;0;0;0;1;0;0;0;0;0,1531201550385506;Muito Baixo;MEDICAL;RENT
24;42000;6,0;3125;8,9;0,07;3;0,0744047619047619;0;1;0;1;0;0;0;0;0;0;1;0;0;0;0;0,099568980581855;Muito Baixo;MEDICAL;MORTGAGE
21;65000;5,0;2200;12,42;0,03;3;0,0338461538461538;1;2;0;1;0;0;0;1;0;0;0;0;0;0;0;0,0557973310156961;Muito Baixo;DEBTCONSOLIDATION;MORTGAGE
35;46000;3,0;10000;17,14;0,22;5;0,217391304347826;1;5;0;0;0;0;1;0;0;0;1;0;0;0;1;0,7202858718682233;Alto;MEDICAL;RENT
27;165000;6,0;35000;12,42;0,21;10;0,2121212121212121;1;2;0;1;0;0;0;0;0;0;1;0;0;0;0;0,0593319184447123;Muito Baixo;MEDICAL;MORTGAGE
21;32000;2,0;8400;16,77;0,26;4;0,2625;1;4;1;0;0;0;1;1;0;0;0;0;0;1;1;0,9992951947875728;Muito Alto;DEBTCONSOLIDATION;RENT
39;45000;2,0;3000;7,9;0,07;15;0,0666666666666666;0;1;0;1;0;0;0;0;0;0;0;1;0;0;0;0,0334790412765413;Muito Baixo;PERSONAL;MORTGAGE
48;30000;0,0;10000;13,48;0,33;12;0,3333333333333333;1;3;1;0;0;1;0;0;1;0;0;0;0;0;0;0,0046496898614465;Muito Baixo;EDUCATION;OWN
24;32000;4,0;3000;12,29;0,09;2;0,09375;1;3;1;0;0;0;1;0;0;0;1;0;0;0;0;0,2386038561937985;Baixo;MEDICAL;RENT
25;54000;6,0;20000;8,88;0,37;3;0,3703703703703703;0;2;0;0;0;0;1;0;0;0;0;1;0;1;1;0,9964556210245088;Muito Alto;PERSONAL;RENT
24;42000;0,0;15000;11,58;0,36;4;0,3571428571428571;1;2;0;0;0;0;1;0;0;0;0;0;1;1;1;0,999068314865916;Muito Alto;VENTURE;RENT
32;106000;12,0;12000;5,79;0,11;8;0,1132075471698113;0;1;0;1;0;0;0;0;0;1;0;0;0;0;0;0,0040539425883717;Muito Baixo;HOMEIMPROVEMENT;MORTGAGE
33;38500;1,0;5000;7,14;0,13;10;0,1298701298701298;0;1;0;0;0;0;1;1;0;0;0;0;0;0;0;0,039970628036724;Muito Baixo;DEBTCONSOLIDATION;RENT
23;72000;7,0;11875;10,38;0,16;3;0,1649305555555555;0;2;0;1;0;0;0;0;1;0;0;0;0;0;0;0,046017687196531;Muito Baixo;EDUCATION;MORTGAGE
24;39996;2,0;1000;7,49;0,03;3;0,025002500250025;0;1;0;0;0;0;1;0;1;0;0;0;0;0;0;0,0223653231932509;Muito Baixo;EDUCATION;RENT
29;75000;11,0;4200;10,99;0,06;6;0,056;0;2;0;1;0;0;0;0;0;1;0;0;0;0;0;0,0721528438970817;Muito Baixo;HOMEIMPROVEMENT;MORTGAGE
46;51600;16,0;10000;7,51;0,19;17;0,1937984496124031;0;1;0;1;0;0;0;0;0;0;0;1;0;0;0;0,0241649520643689;Muito Baixo;PERSONAL;MORTGAGE
23;66000;3,0;6000;7,88;0,09;2;0,0909090909090909;0;1;0;1;0;0;0;0;0;0;0;0;1;0;0;0,000778486531838;Muito Baixo;VENTURE;MORTGAGE
29;24000;1,0;3000;11,14;0,13;6;0,125;1;2;0;0;0;0;1;0;0;0;0;1;0;0;0;0,2140888512082907;Baixo;PERSONAL;RENT
33;120999;7,0;15200;13,61;0,13;7;0,125620872899776;1;3;1;1;0;0;0;1;0;0;0;0;0;0;0;0,0779549214817023;Muito Baixo;DEBTCONSOLIDATION;MORTGAGE
31;76000;9,0;12000;15,96;0,16;5;0,1578947368421052;1;3;0;1;0;0;0;0;1;0;0;0;0;1;0;0,2698698449854013;Baixo;EDUCATION;MORTGAGE
30;56000;1,0;14000;12,18;0,25;7;0,25;1;2;0;1;0;0;0;0;0;0;1;0;0;0;0;0,2105561879638518;Baixo;MEDICAL;MORTGAGE
34;24000;5,0;2000;9,2;0,08;7;0,0833333333333333;0;2;0;1;0;0;0;0;0;0;1;0;0;0;0;0,0869258947265245;Muito Baixo;MEDICAL;MORTGAGE
24;65000;0,0;14000;10,99;0,22;4;0,2153846153846154;0;2;0;0;0;0;1;0;1;0;0;0;0;0;0;0,0377399472407713;Muito Baixo;EDUCATION;RENT
24;105000;2,0;19000;12,29;0,18;2;0,1809523809523809;1;3;1;0;0;0;1;0;0;1;0;0;0;0;0;0,1853791831365888;Muito Baixo;HOMEIMPROVEMENT;RENT
23;85000;3,0;15000;10,0;0,18;2;0,1764705882352941;0;2;0;1;0;0;0;0;1;0;0;0;0;0;0;0,0238734741412485;Muito Baixo;EDUCATION;MORTGAGE
28;60000;13,0;12000;5,79;0,2;8;0,2;0;1;0;1;0;0;0;1;0;0;0;0;0;0;0;0,0210892758835553;Muito Baixo;DEBTCONSOLIDATION;MORTGAGE
27;60000;3,0;5000;12,73;0,08;8;0,0833333333333333;1;3;1;1;0;0;0;0;1;0;0;0;0;0;0;0,0727584239877254;Muito Baixo;EDUCATION;MORTGAGE
25;48000;0,0;7500;7,05;0,16;3;0,15625;0;1;0;0;0;1;0;0;0;0;0;0;1;0;0;1,3609228306323218e-05;Muito Baixo;VENTURE;OWN
24;40000;5,0;3000;11,99;0,07;4;0,075;1;2;0;1;0;0;0;1;0;0;0;0;0;0;0;0,1218209860896469;Muito Baixo;DEBTCONSOLIDATION;MORTGAGE
25;55000;7,0;8500;14,22;0,15;2;0,1545454545454545;1;3;0;0;0;0;1;0;0;0;1;0;0;0;0;0,1644248393488452;Muito Baixo;MEDICAL;RENT
23;56000;6,0;6000;7,49;0,11;4;0,1071428571428571;0;1;0;0;0;0;1;0;1;0;0;0;0;0;0;0,0448784705106957;Muito Baixo;EDUCATION;RENT
57;53000;1,0;5800;13,16;0,11;30;0,1094339622641509;1;3;0;1;0;0;0;0;0;0;0;1;0;0;0;0,0855738579484962;Muito Baixo;PERSONAL;MORTGAGE
44;51850;7,0;10000;14,11;0,16;12;0,1928640308582449;1;4;0;0;0;0;1;0;0;0;1;0;0;1;1;0,9522364477958656;Muito Alto;MEDICAL;RENT
26;130000;9,0;7000;8,0;0,05;2;0,0538461538461538;0;1;0;1;0;0;0;0;1;0;0;0;0;0;0;0,0258064229721225;Muito Baixo;EDUCATION;MORTGAGE
24;16000;2,0;4200;15,31;0,26;4;0,2625;1;4;0;0;0;0;1;1;0;0;0;0;0;1;1;0,999870618147194;Muito Alto;DEBTCONSOLIDATION;RENT
31;105000;9,0;15000;10,59;0,14;8;0,1428571428571428;0;2;0;0;0;0;1;0;0;1;0;0;0;0;0;0,0577321480072232;Muito Baixo;HOMEIMPROVEMENT;RENT
27;48000;0,0;10000;10,62;0,21;7;0,2083333333333333;0;2;0;0;0;0;1;1;0;0;0;0;0;0;0;0,0386101557059406;Muito Baixo;DEBTCONSOLIDATION;RENT
22;14400;0,0;4400;19,91;0,31;4;0,3055555555555556;1;5;0;0;0;0;1;0;0;1;0;0;0;1;1;0,9999949574682812;Muito Alto;HOMEIMPROVEMENT;RENT
36;60000;2,0;8000;13,92;0,13;15;0,1333333333333333;1;3;0;1;0;0;0;0;1;0;0;0;0;0;0;0,1027216978552394;Muito Baixo;EDUCATION;MORTGAGE
23;85596;5,0;6000;10,0;0,07;2;0,0700967334922192;0;2;0;1;0;0;0;0;0;0;0;0;1;0;0;0,0012908285002554;Muito Baixo;VENTURE;MORTGAGE
27;32000;10,0;15000;13,48;0,47;7;0,46875;1;3;0;0;1;0;0;0;1;0;0;0;0;1;1;0,9616998856277416;Muito Alto;EDUCATION;OTHER
29;57995;8,0;5600;10,37;0,1;6;0,0965600482800241;0;2;0;0;0;0;1;0;0;0;1;0;0;0;0;0,1033187072308835;Muito Baixo;MEDICAL;RENT
32;115000;2,0;4000;12,69;0,03;10;0,0347826086956521;1;2;0;0;0;0;1;0;1;0;0;0;0;0;0;0,0753929657682098;Muito Baixo;EDUCATION;RENT
42;13200;4,0;2500;13,48;0,19;15;0,1893939393939394;1;3;1;0;0;0;1;0;0;0;0;0;1;1;1;0,9567631482530088;Muito Alto;VENTURE;RENT
27;96000;3,0;3000;14,17;0,03;9;0,03125;1;3;1;1;0;0;0;0;0;0;0;0;1;1;0;0,0290652224614165;Muito Baixo;VENTURE;MORTGAGE
32;29000;0,0;2000;8,49;0,07;8;0,0689655172413793;0;1;0;0;0;1;0;0;0;0;0;1;0;0;0;0,0029120076948478;Muito Baixo;PERSONAL;OWN
35;80000;7,0;2000;12,99;0,03;9;0,025;1;3;1;0;0;0;1;0;0;0;0;0;1;0;0;0,0172003093809251;Muito Baixo;VENTURE;RENT
43;138000;4,0;9900;6,99;0,07;14;0,0717391304347826;0;1;0;1;0;0;0;0;0;1;0;0;0;0;0;0,040525892737677;Muito Baixo;HOMEIMPROVEMENT;MORTGAGE
25;68000;4,0;20000;12,53;0,29;4;0,2941176470588235;1;3;1;0;0;0;1;0;0;0;0;1;0;0;0;0,1868834942266149;Muito Baixo;PERSONAL;RENT
48;82500;4,0;18000;7,51;0,22;16;0,2181818181818181;0;1;0;0;0;0;1;0;0;1;0;0;0;0;0;0,0336144028347598;Muito Baixo;HOMEIMPROVEMENT;RENT
33;100000;12,0;8000;11,86;0,08;7;0,08;1;2;0;1;0;0;0;0;0;0;0;0;1;0;0;0,0018101598114459;Muito Baixo;VENTURE;MORTGAGE
27;100000;1,0;12000;6,03;0,12;6;0,12;0;1;0;1;0;0;0;0;0;1;0;0;0;0;0;0,0036217744044222;Muito Baixo;HOMEIMPROVEMENT;MORTGAGE
26;24000;0,0;2500;11,83;0,1;4;0,1041666666666666;1;2;0;0;0;1;0;0;0;0;1;0;0;0;0;0,0013049246786609;Muito Baixo;MEDICAL;OWN
27;60132;11,0;10000;10,62;0,17;10;0,1663008048958957;0;2;0;0;0;0;1;0;0;0;0;0;1;0;0;0,0017636202191539;Muito Baixo;VENTURE;RENT
46;90000;5,0;20000;6,91;0,22;16;0,2222222222222222;0;1;0;1;0;0;0;1;0;0;0;0;0;0;0;0,0037004685500173;Muito Baixo;DEBTCONSOLIDATION;MORTGAGE
34;37000;7,0;4400;10,99;0,12;5;0,1189189189189189;0;2;0;1;0;0;0;1;0;0;0;0;0;0;0;0,1052120481564323;Muito Baixo;DEBTCONSOLIDATION;MORTGAGE
40;23004;2,0;7750;7,88;0,34;16;0,3368979307946444;0;1;0;0;0;1;0;0;0;0;1;0;0;0;0;0,0007000791545672;Muito Baixo;MEDICAL;OWN
24;54480;8,0;10000;11,89;0,18;3;0,1835535976505139;1;2;0;0;0;0;1;0;0;1;0;0;0;0;0;0,1736503811140859;Muito Baixo;HOMEIMPROVEMENT;RENT
27;40000;0,0;8000;15,65;0,2;6;0,2;1;4;1;0;0;0;1;0;0;0;0;0;1;1;1;0,940177136038814;Muito Alto;VENTURE;RENT
34;75000;9,0;25000;10,38;0,33;8;0,3333333333333333;0;2;0;0;0;0;1;1;0;0;0;0;0;1;1;0,9834873030983876;Muito Alto;DEBTCONSOLIDATION;RENT
24;31000;6,0;15075;15,27;0,49;2;0,4862903225806451;1;3;1;0;0;0;1;0;0;0;0;1;0;1;1;0,9936060726450546;Muito Alto;PERSONAL;RENT
34;80300;3,0;15000;12,73;0,19;9;0,186799501867995;1;3;1;1;0;0;0;0;0;0;0;1;0;0;0;0,0783461405437191;Muito Baixo;PERSONAL;MORTGAGE
22;50000;0,0;6250;7,88;0,13;2;0,125;0;1;0;1;0;0;0;0;0;0;0;1;0;0;0;0,0263262502872253;Muito Baixo;PERSONAL;MORTGAGE
23;100000;0,0;7000;8,59;0,07;3;0,07;0;1;0;1;0;0;0;0;0;0;0;1;0;0;0;0,0407307670619778;Muito Baixo;PERSONAL;MORTGAGE
44;52000;2,0;6000;8,59;0,12;11;0,1153846153846153;0;1;0;1;0;0;0;0;0;0;0;0;1;0;0;0,000980595950634;Muito Baixo;VENTURE;MORTGAGE
46;185000;22,0;20000;11,36;0,11;15;0,1081081081081081;1;2;0;1;0;0;0;0;0;0;0;0;1;0;0;0,0013778835908007;Muito Baixo;VENTURE;MORTGAGE
37;88000;4,0;25000;19,66;0,28;15;0,2840909090909091;1;7;1;0;0;0;1;0;1;0;0;0;0;1;1;0,9605544476891592;Muito Alto;EDUCATION;RENT
31;49000;5,0;6000;10,59;0,12;9;0,1224489795918367;0;2;0;0;0;0;1;0;0;1;0;0;0;1;0;0,4834489073121585;Moderado;HOMEIMPROVEMENT;RENT
25;64000;10,0;5000;7,29;0,08;2;0,078125;0;1;0;1;0;0;0;0;0;0;1;0;0;0;0;0,1085089910840394;Muito Baixo;MEDICAL;MORTGAGE
26;28000;7,0;6500;7,51;0,23;3;0,2321428571428571;0;1;0;0;0;0;1;0;0;0;1;0;0;0;0;0,0414969988581577;Muito Baixo;MEDICAL;RENT
22;42000;2,0;6500;5,99;0,15;2;0,1547619047619047;0;1;0;0;0;0;1;0;1;0;0;0;0;0;0;0,0263653360002181;Muito Baixo;EDUCATION;RENT
41;118075;5,0;28000;11,71;0,24;13;0,237137412661444;1;2;0;1;0;0;0;0;0;0;1;0;0;0;0;0,171114786504313;Muito Baixo;MEDICAL;MORTGAGE
26;33600;0,0;2000;13,48;0,06;2;0,0595238095238095;1;3;1;0;0;0;1;0;0;0;0;1;0;0;0;0,2084127698457036;Baixo;PERSONAL;RENT
29;71000;4,0;4000;7,14;0,06;9;0,056338028169014;0;1;0;1;0;0;0;1;0;0;0;0;0;0;0;0,0257339590801813;Muito Baixo;DEBTCONSOLIDATION;MORTGAGE
27;18576;4,0;1400;9,99;0,08;6;0,0753660637381567;0;2;0;0;0;0;1;0;0;0;1;0;0;0;1;0,5443846501601636;Moderado;MEDICAL;RENT
22;75000;6,0;25000;15,57;0,33;4;0,3333333333333333;1;4;1;1;0;0;0;0;0;0;0;0;1;1;0;0,2121753144913677;Baixo;VENTURE;MORTGAGE
22;30000;0,0;5000;11,48;0,17;4;0,1666666666666666;1;2;0;1;0;0;0;0;0;0;0;0;1;0;0;0,0043959120693194;Muito Baixo;VENTURE;MORTGAGE
22;56004;6,0;6000;7,88;0,11;4;0,1071352046282408;0;1;0;1;0;0;0;0;0;0;1;0;0;0;0;0,1854150517029944;Muito Baixo;MEDICAL;MORTGAGE
26;14000;2,0;4000;10,99;0,29;3;0,2857142857142857;0;2;0;0;0;0;1;0;0;0;0;0;1;1;1;0,9928813741400226;Muito Alto;VENTURE;RENT
26;51000;3,0;12000;7,29;0,24;4;0,2352941176470588;0;1;0;1;0;0;0;1;0;0;0;0;0;0;0;0,050772114393766;Muito Baixo;DEBTCONSOLIDATION;MORTGAGE
23;40000;1,0;15000;11,71;0,38;3;0,375;1;2;0;0;0;0;1;0;0;0;0;0;1;1;1;0,9986452217381374;Muito Alto;VENTURE;RENT
31;64900;2,0;10000;7,66;0,15;9;0,1540832049306625;0;1;0;0;0;0;1;0;0;0;0;0;1;0;0;0,0008442993145715;Muito Baixo;VENTURE;RENT
36;53000;1,0;3500;9,32;0,07;17;0,0660377358490566;0;1;0;0;0;0;1;0;1;0;0;0;0;0;0;0,0729654684251956;Muito Baixo;EDUCATION;RENT
24;83000;3,0;3200;6,99;0,04;3;0,0385542168674698;0;1;0;0;0;0;1;0;0;1;0;0;0;0;0;0,026836436032419;Muito Baixo;HOMEIMPROVEMENT;RENT
25;40000;9,0;13000;10,99;0,33;3;0,325;0;2;0;0;0;0;1;0;0;0;0;1;0;1;1;0,9945976893257714;Muito Alto;PERSONAL;RENT
24;50000;3,0;5000;14,74;0,1;4;0,1;1;4;1;0;0;0;1;0;0;0;0;1;0;0;0;0,0932525857108953;Muito Baixo;PERSONAL;RENT
22;42000;2,0;5000;12,87;0,12;4;0,119047619047619;1;3;0;0;0;0;1;0;0;0;1;0;0;0;0;0,18533706063974;Muito Baixo;MEDICAL;RENT
27;61200;11,0;5000;11,86;0,07;5;0,0816993464052287;1;2;0;1;0;0;0;0;0;0;1;0;0;1;1;0,5772466597066701;Moderado;MEDICAL;MORTGAGE
33;40800;4,0;15000;7,51;0,37;5;0,3676470588235294;0;1;0;1;0;0;0;1;0;0;0;0;0;0;0;0,1215841502070475;Muito Baixo;DEBTCONSOLIDATION;MORTGAGE
39;77256;16,0;10000;11,86;0,13;11;0,1294397846121984;1;2;0;1;0;0;0;0;0;1;0;0;0;0;0;0,1066717431362334;Muito Baixo;HOMEIMPROVEMENT;MORTGAGE
26;315000;10,0;12000;13,47;0,04;3;0,0380952380952381;1;3;0;1;0;0;0;1;0;0;0;0;0;0;0;0,0469019000262083;Muito Baixo;DEBTCONSOLIDATION;MORTGAGE
22;68000;6,0;9000;15,27;0,13;2;0,1323529411764706;1;3;0;1;0;0;0;0;1;0;0;0;0;0;0;0,1111743115125103;Muito Baixo;EDUCATION;MORTGAGE
25;35000;3,0;3600;13,43;0,1;3;0,1028571428571428;1;3;0;0;0;1;0;0;1;0;0;0;0;0;0;0,000607292123413;Muito Baixo;EDUCATION;OWN
23;62000;1,0;10000;8,94;0,16;2;0,1612903225806451;0;1;0;0;0;0;1;1;0;0;0;0;0;0;0;0,0300611794179381;Muito Baixo;DEBTCONSOLIDATION;RENT
28;138600;10,0;12000;12,99;0,09;7;0,0865800865800865;1;3;0;1;0;0;0;1;0;0;0;0;0;0;0;0,0556720496210973;Muito Baixo;DEBTCONSOLIDATION;MORTGAGE
24;60000;8,0;14000;13,48;0,23;2;0,2333333333333333;1;3;0;1;0;0;0;1;0;0;0;0;0;0;0;0,1022246323321061;Muito Baixo;DEBTCONSOLIDATION;MORTGAGE
24;50000;1,0;11400;12,53;0,23;2;0,228;1;3;0;1;0;0;0;0;0;0;0;1;0;0;0;0,0612812931200327;Muito Baixo;PERSONAL;MORTGAGE
26;80000;10,0;10800;11,99;0,14;3;0,135;1;2;0;1;0;0;0;1;0;0;0;0;0;0;0;0,064619529178856;Muito Baixo;DEBTCONSOLIDATION;MORTGAGE
26;54000;4,0;9600;6,62;0,18;3;0,1777777777777777;0;1;0;1;0;0;0;0;0;0;0;1;0;0;0;0,0981897964397757;Muito Baixo;PERSONAL;MORTGAGE
30;118000;0,0;5000;13,92;0,04;9;0,0423728813559322;1;3;1;1;0;0;0;0;0;0;0;1;0;0;0;0,049947842400992;Muito Baixo;PERSONAL;MORTGAGE
22;53000;7,0;2500;7,4;0,05;3;0,0471698113207547;0;1;0;1;0;0;0;0;1;0;0;0;0;0;0;0,0391011001282414;Muito Baixo;EDUCATION;MORTGAGE
41;92000;15,0;12000;7,66;0,13;15;0,1304347826086956;0;1;0;1;0;0;0;0;0;0;1;0;0;0;0;0,0099086514335858;Muito Baixo;MEDICAL;MORTGAGE
32;47900;2,0;11000;7,51;0,23;7;0,2296450939457202;0;1;0;0;0;0;1;0;1;0;0;0;0;0;0;0,0440080852930435;Muito Baixo;EDUCATION;RENT
40;75000;1,0;10000;6,62;0,13;17;0,1333333333333333;0;1;0;1;0;0;0;0;0;0;0;0;1;0;0;0,0006721824092277;Muito Baixo;VENTURE;MORTGAGE
24;63000;0,0;17600;8,94;0,28;4;0,2793650793650793;0;1;0;0;0;1;0;0;0;1;0;0;0;0;0;0,0007988560589436;Muito Baixo;HOMEIMPROVEMENT;OWN
29;92200;7,0;25000;14,96;0,27;5;0,2711496746203904;1;4;0;0;0;0;1;0;0;0;0;0;1;0;0;0,3382762666424224;Baixo;VENTURE;RENT
39;30000;3,0;2300;14,79;0,08;15;0,0766666666666666;1;3;1;0;0;0;1;1;0;0;0;0;0;0;0;0,2599624856617268;Baixo;DEBTCONSOLIDATION;RENT
24;50000;4,0;5000;10,0;0,1;4;0,1;0;2;0;1;0;0;0;1;0;0;0;0;0;0;0;0,0833524486384174;Muito Baixo;DEBTCONSOLIDATION;MORTGAGE
24;27600;8,0;7000;7,9;0,25;4;0,2536231884057971;0;1;0;0;0;1;0;0;0;0;1;0;0;0;0;0,0016457285408978;Muito Baixo;MEDICAL;OWN
47;53808;4,0;15000;11,71;0,28;16;0,2787689562890276;1;2;0;1;0;0;0;0;0;1;0;0;0;0;0;0,2877841895167944;Baixo;HOMEIMPROVEMENT;MORTGAGE
23;59880;0,0;15000;10,99;0,25;4;0,250501002004008;0;2;0;0;0;0;1;0;0;0;1;0;0;0;0;0,1940219823298962;Muito Baixo;MEDICAL;RENT
21;28000;1,0;9700;11,34;0,35;2;0,3464285714285714;1;3;0;0;0;0;1;0;0;1;0;0;0;1;1;0,9998620692995692;Muito Alto;HOMEIMPROVEMENT;RENT
28;30000;4,0;3000;6,76;0,1;9;0,1;0;1;0;1;0;0;0;0;0;1;0;0;0;0;0;0,242618138254975;Baixo;HOMEIMPROVEMENT;MORTGAGE
25;37000;1,0;4200;18,535;0,11;2;0,1135135135135135;1;6;1;0;0;0;1;1;0;0;0;0;0;1;1;0,999306333404206;Muito Alto;DEBTCONSOLIDATION;RENT
25;60000;9,0;9600;7,9;0,16;2;0,16;0;1;0;0;0;0;1;1;0;0;0;0;0;0;0;0,0261820685150935;Muito Baixo;DEBTCONSOLIDATION;RENT
22;54000;5,0;12000;12,23;0,22;3;0,2222222222222222;1;3;1;1;0;0;0;0;1;0;0;0;0;0;0;0,1926234335315511;Muito Baixo;EDUCATION;MORTGAGE
23;110000;4,0;2500;6,99;0,02;2;0,0227272727272727;0;1;0;1;0;0;0;0;0;0;0;0;1;0;0;0,0004143153063959;Muito Baixo;VENTURE;MORTGAGE
21;34500;3,0;6400;7,51;0,19;2;0,1855072463768116;0;1;0;1;0;0;0;0;1;0;0;0;0;0;0;0,0538616736327703;Muito Baixo;EDUCATION;MORTGAGE
22;44000;6,0;10000;10,65;0,23;4;0,2272727272727272;0;2;0;0;0;0;1;0;0;0;1;0;0;0;0;0,2287469256849531;Baixo;MEDICAL;RENT
24;42000;8,0;8000;6,62;0,19;2;0,1904761904761904;0;1;0;0;0;1;0;0;0;1;0;0;0;0;0;0,0012727608492294;Muito Baixo;HOMEIMPROVEMENT;OWN
30;30000;4,0;12000;15,21;0,4;6;0,4;1;4;1;0;0;0;1;1;0;0;0;0;0;1;1;0,9996332747207664;Muito Alto;DEBTCONSOLIDATION;RENT
25;118450;4,0;15000;10,37;0,13;4;0,1266357112705783;0;2;0;1;0;0;0;1;0;0;0;0;0;0;0;0,0462366358758207;Muito Baixo;DEBTCONSOLIDATION;MORTGAGE
29;48000;8,0;4500;5,42;0,09;6;0,09375;0;1;0;1;0;0;0;0;0;0;0;0;1;0;0;0,0010880298548894;Muito Baixo;VENTURE;MORTGAGE
24;75000;4,0;3000;13,48;0,04;4;0,04;1;3;0;0;0;0;1;0;0;1;0;0;0;0;0;0,1075765082761982;Muito Baixo;HOMEIMPROVEMENT;RENT
33;70000;18,0;18000;11,89;0,26;9;0,2571428571428571;1;2;0;0;0;0;1;0;1;0;0;0;0;0;0;0,1281608220106091;Muito Baixo;EDUCATION;RENT
23;40000;4,0;4000;6,39;0,1;3;0,1;0;1;0;1;0;0;0;0;1;0;0;0;0;0;0;0,0146373946014765;Muito Baixo;EDUCATION;MORTGAGE
27;58000;3,0;12000;7,51;0,21;8;0,2068965517241379;0;1;0;1;0;0;0;0;0;1;0;0;0;0;0;0,0493968530788518;Muito Baixo;HOMEIMPROVEMENT;MORTGAGE
24;85000;4,0;7750;11,12;0,09;4;0,0911764705882352;1;2;0;1;0;0;0;0;0;0;1;0;0;0;0;0,0308054494714114;Muito Baixo;MEDICAL;MORTGAGE
36;34000;0,0;8000;17,74;0,24;17;0,2352941176470588;1;5;0;0;0;0;1;0;0;1;0;0;0;1;1;0,997247196269872;Muito Alto;HOMEIMPROVEMENT;RENT
48;100000;3,0;15000;9,88;0,15;11;0,15;0;2;0;1;0;0;0;1;0;0;0;0;0;0;0;0,0209038003144176;Muito Baixo;DEBTCONSOLIDATION;MORTGAGE
26;50000;1,0;12000;10,99;0,24;4;0,24;0;2;0;0;0;0;1;0;0;0;0;0;1;0;0;0,0010059282888709;Muito Baixo;VENTURE;RENT
24;70000;2,0;10000;13,49;0,14;4;0,1428571428571428;1;3;0;1;0;0;0;0;0;0;1;0;0;0;0;0,0457017106655085;Muito Baixo;MEDICAL;MORTGAGE
21;45000;5,0;8000;15,31;0,18;2;0,1777777777777777;1;4;1;0;0;0;1;0;1;0;0;0;0;0;0;0,0890775664461886;Muito Baixo;EDUCATION;RENT
22;22560;3,0;4200;15,2;0,19;4;0,1861702127659574;1;4;1;0;0;0;1;0;0;0;0;1;0;1;0;0,188117679700977;Muito Baixo;PERSONAL;RENT
47;65000;1,0;3100;13,49;0,05;16;0,0476923076923076;1;3;0;0;0;0;1;0;0;0;1;0;0;0;0;0,0292741853380032;Muito Baixo;MEDICAL;RENT
25;62000;0,0;5000;7,49;0,08;3;0,0806451612903225;0;1;0;0;0;0;1;0;1;0;0;0;0;0;0;0,0249935854312721;Muito Baixo;EDUCATION;RENT
32;235000;1,0;25000;12,53;0,11;7;0,1063829787234042;1;3;1;0;0;0;1;0;0;0;0;1;0;0;0;0,0467888954149804;Muito Baixo;PERSONAL;RENT
29;28800;1,0;1400;7,9;0,05;8;0,0486111111111111;0;1;0;0;0;0;1;0;0;0;0;1;0;0;0;0,3345757369939183;Baixo;PERSONAL;RENT
25;67000;9,0;10000;13,92;0,15;3;0,1492537313432835;1;3;0;0;0;0;1;0;0;0;1;0;0;0;0;0,0956647186140112;Muito Baixo;MEDICAL;RENT
28;50000;1,0;8000;5,99;0,16;6;0,16;0;1;0;1;0;0;0;0;0;0;0;1;0;0;0;0,0144472759406489;Muito Baixo;PERSONAL;MORTGAGE
24;42000;2,0;1000;13,16;0,02;2;0,0238095238095238;1;3;0;0;0;0;1;0;0;0;0;0;1;0;0;0,2243983675769181;Baixo;VENTURE;RENT
26;48996;8,0;2500;14,59;0,05;2;0,051024573434566;1;4;0;0;0;0;1;1;0;0;0;0;0;1;1;0,9911494693129292;Muito Alto;DEBTCONSOLIDATION;RENT
33;56000;2,0;11500;7,14;0,21;10;0,2053571428571428;0;1;0;1;0;0;0;0;0;0;0;1;0;0;0;0,0201950101440251;Muito Baixo;PERSONAL;MORTGAGE
47;21000;9,0;5000;15,99;0,24;16;0,238095238095238;1;4;1;0;0;0;1;1;0;0;0;0;0;1;1;0,9917745798822852;Muito Alto;DEBTCONSOLIDATION;RENT
27;192000;11,0;15000;17,58;0,08;8;0,078125;1;4;0;1;0;0;0;1;0;0;0;0;0;1;1;0,997361904368818;Muito Alto;DEBTCONSOLIDATION;MORTGAGE
48;56000;7,0;15000;6,99;0,27;14;0,2678571428571428;0;1;0;1;0;0;0;1;0;0;0;0;0;0;0;0,0323740163661545;Muito Baixo;DEBTCONSOLIDATION;MORTGAGE
30;40000;1,0;5500;7,74;0,14;6;0,1375;0;1;0;0;0;0;1;0;0;0;0;1;0;0;0;0,0280291984231527;Muito Baixo;PERSONAL;RENT
25;23000;4,0;4300;11,86;0,19;3;0,1869565217391304;1;2;0;0;0;0;1;0;0;0;1;0;0;0;0;0,0965777119539276;Muito Baixo;MEDICAL;RENT
28;53000;3,0;7475;7,9;0,14;8;0,1410377358490566;0;1;0;0;0;1;0;0;1;0;0;0;0;0;0;0,0004101464448095;Muito Baixo;EDUCATION;OWN
32;52000;10,0;4200;7,51;0,08;6;0,0807692307692307;0;1;0;0;0;0;1;0;1;0;0;0;0;0;0;0,0425290331485543;Muito Baixo;EDUCATION;RENT
41;39000;0,0;5000;10,99;0,13;15;0,1282051282051282;0;2;0;0;0;0;1;0;0;0;0;0;1;0;0;0,0036882672565794;Muito Baixo;VENTURE;RENT
23;125000;4,0;7500;8,0;0,06;4;0,06;0;1;0;0;1;0;0;0;0;0;0;0;1;0;0;0,0002973510116428;Muito Baixo;VENTURE;OTHER
22;26400;0,0;10000;13,49;0,38;3;0,3787878787878788;1;3;0;0;0;0;1;0;0;0;0;0;1;1;1;0,9941788161677696;Muito Alto;VENTURE;RENT
23;39600;4,0;5000;14,84;0,13;2;0,1262626262626262;1;4;1;0;0;0;1;0;0;0;1;0;0;1;1;0,9553484291126384;Muito Alto;MEDICAL;RENT
43;85000;2,0;2000;6,62;0,02;14;0,0235294117647058;0;1;0;0;0;0;1;0;0;0;0;1;0;0;0;0,0835341591295966;Muito Baixo;PERSONAL;RENT
39;50000;5,0;5500;6,54;0,11;13;0,11;0;1;0;0;0;0;1;0;0;0;0;1;0;0;0;0,0141544612820922;Muito Baixo;PERSONAL;RENT
23;39000;1,0;16000;11,36;0,41;3;0,4102564102564102;1;2;0;0;0;0;1;0;0;0;0;1;0;1;1;0,9972816579752491;Muito Alto;PERSONAL;RENT
23;27972;6,0;5000;8,94;0,18;3;0,1787501787501787;0;1;0;0;0;0;1;0;0;0;0;0;1;0;0;0,003676857712625;Muito Baixo;VENTURE;RENT
32;80000;6,0;9600;11,14;0,12;5;0,12;1;2;0;0;0;0;1;1;0;0;0;0;0;0;0;0,036645340607819;Muito Baixo;DEBTCONSOLIDATION;RENT
29;26400;7,0;4800;7,66;0,18;9;0,1818181818181818;0;1;0;1;0;0;0;0;0;0;1;0;0;0;0;0,0999232488167118;Muito Baixo;MEDICAL;MORTGAGE
33;53000;6,0;2500;9,99;0,05;7;0,0471698113207547;0;2;0;0;0;0;1;1;0;0;0;0;0;0;0;0,0594261846453003;Muito Baixo;DEBTCONSOLIDATION;RENT
23;117696;2,0;15000;6,03;0,13;4;0,1274469820554649;0;1;0;1;0;0;0;0;0;0;1;0;0;0;0;0,0052083038424043;Muito Baixo;MEDICAL;MORTGAGE
30;60000;7,0;6000;14,84;0,1;5;0,1;1;4;1;0;0;1;0;1;0;0;0;0;0;0;0;0,0066900328108737;Muito Baixo;DEBTCONSOLIDATION;OWN
33;35000;15,0;12000;13,11;0,34;7;0,3428571428571428;1;3;1;1;0;0;0;0;0;0;1;0;0;0;0;0,1433057570716112;Muito Baixo;MEDICAL;MORTGAGE
23;60000;7,0;6000;8,9;0,1;4;0,1;0;1;0;1;0;0;0;0;0;0;0;1;0;0;0;0,0629288977846061;Muito Baixo;PERSONAL;MORTGAGE
28;48000;4,0;4500;11,71;0,09;7;0,09375;1;2;0;0;0;0;1;0;0;0;0;1;0;0;0;0,1242169670994421;Muito Baixo;PERSONAL;RENT
23;60000;7,0;12000;5,99;0,2;3;0,2;0;1;0;1;0;0;0;0;1;0;0;0;0;0;0;0,0131845958964501;Muito Baixo;EDUCATION;MORTGAGE
21;192000;0,0;20000;6,54;0,1;2;0,1041666666666666;0;1;0;1;0;0;0;0;1;0;0;0;0;0;0;0,0051439002204395;Muito Baixo;EDUCATION;MORTGAGE
30;32400;0,0;9000;11,22;0,28;10;0,2777777777777778;1;3;0;0;0;0;1;0;0;0;0;1;0;0;0;0,3016423666155426;Baixo;PERSONAL;RENT
21;111000;4,0;28000;7,49;0,25;2;0,2522522522522522;0;1;0;1;0;0;0;0;0;0;0;0;1;0;0;0,0003067731350113;Muito Baixo;VENTURE;MORTGAGE
32;48250;3,0;8400;10,74;0,17;6;0,1740932642487046;0;2;0;1;0;0;0;0;0;0;1;0;0;0;0;0,0978823029467038;Muito Baixo;MEDICAL;MORTGAGE
22;19200;6,0;4400;11,49;0,23;2;0,2291666666666666;1;2;0;0;0;0;1;0;0;0;0;1;0;1;1;0,9906445479452016;Muito Alto;PERSONAL;RENT
34;55000;3,0;12000;13,16;0,22;8;0,2181818181818181;1;3;0;0;0;0;1;1;0;0;0;0;0;0;0;0,0500716141063638;Muito Baixo;DEBTCONSOLIDATION;RENT
37;75000;4,0;6000;6,03;0,08;11;0,08;0;1;0;1;0;0;0;0;0;0;1;0;0;0;0;0,0025850849116247;Muito Baixo;MEDICAL;MORTGAGE
22;127500;2,0;15000;7,49;0,12;4;0,1176470588235294;0;1;0;1;0;0;0;0;0;0;1;0;0;0;0;0,0066967939738413;Muito Baixo;MEDICAL;MORTGAGE
29;71000;4,0;11000;13,43;0,15;6;0,1549295774647887;1;3;1;1;0;0;0;0;0;1;0;0;0;0;0;0,0740923487870229;Muito Baixo;HOMEIMPROVEMENT;MORTGAGE
37;69996;10,0;5000;10,99;0,07;16;0,0714326532944739;0;2;0;1;0;0;0;0;0;0;0;1;0;0;0;0,091055074995095;Muito Baixo;PERSONAL;MORTGAGE
32;28672;5,0;4650;13,22;0,16;5;0,1621791294642857;1;3;1;0;0;1;0;0;1;0;0;0;0;0;0;0,0014647721758083;Muito Baixo;EDUCATION;OWN
24;75000;4,0;7000;7,66;0,09;3;0,0933333333333333;0;1;0;1;0;0;0;0;0;0;0;1;0;0;0;0,0415484946850155;Muito Baixo;PERSONAL;MORTGAGE
25;83195;9,0;13000;11,71;0,16;3;0,1562593905883767;1;2;0;0;0;0;1;0;0;0;0;1;0;0;0;0,0899002248836645;Muito Baixo;PERSONAL;RENT
27;65000;8,0;5000;7,88;0,08;5;0,0769230769230769;0;1;0;0;0;1;0;0;0;0;1;0;0;0;0;0,0004924627618559;Muito Baixo;MEDICAL;OWN
24;22000;1,0;3000;16,0;0,14;2;0,1363636363636363;1;4;1;0;0;1;0;1;0;0;0;0;0;0;0;0,0139822081562057;Muito Baixo;DEBTCONSOLIDATION;OWN
22;37000;6,0;7500;10,95;0,2;2;0,2027027027027027;0;2;0;1;0;0;0;0;1;0;0;0;0;0;0;0,1083002675059485;Muito Baixo;EDUCATION;MORTGAGE
50;46000;8,0;8600;14,09;0,19;12;0,1869565217391304;1;4;0;1;0;0;0;0;1;0;0;0;0;0;0;0,442603277944067;Moderado;EDUCATION;MORTGAGE
26;24996;3,0;8500;6,91;0,34;4;0,3400544087053929;0;1;0;0;0;0;1;0;0;0;0;0;1;1;1;0,996782327788358;Muito Alto;VENTURE;RENT
26;30000;3,0;6000;7,9;0,2;2;0,2;0;1;0;0;0;1;0;0;0;0;0;1;0;0;0;0,0013260601867654;Muito Baixo;PERSONAL;OWN
25;55000;0,0;6400;10,71;0,12;3;0,1163636363636363;0;2;0;0;0;0;1;0;1;0;0;0;0;0;0;0,0392206475539148;Muito Baixo;EDUCATION;RENT
30;85332;3,0;14000;14,22;0,16;7;0,1640650635166174;1;3;0;0;0;0;1;0;0;0;0;0;1;0;0;0,0933575962260311;Muito Baixo;VENTURE;RENT
26;32352;0,0;5000;14,84;0,15;4;0,1545499505440158;1;4;0;0;0;0;1;0;0;0;0;0;1;1;1;0,9283818792305616;Muito Alto;VENTURE;RENT
23;64000;5,0;8000;10,0;0,13;2;0,125;0;2;0;0;0;0;1;0;0;0;0;0;1;0;0;0,0030281482728847;Muito Baixo;VENTURE;RENT
23;35500;8,0;9000;7,49;0,25;3;0,2535211267605634;0;1;0;1;0;0;0;0;1;0;0;0;0;0;0;0,1033933341277639;Muito Baixo;EDUCATION;MORTGAGE
32;66000;4,0;10000;11,71;0,15;9;0,1515151515151515;1;2;0;0;0;0;1;0;0;0;1;0;0;0;0;0,0565151422222948;Muito Baixo;MEDICAL;RENT
29;56000;0,0;3200;10,99;0,06;7;0,0571428571428571;0;2;0;0;0;0;1;0;0;0;0;1;0;0;0;0,0645172621218079;Muito Baixo;PERSONAL;RENT
26;51356;4,0;6000;5,79;0,12;4;0,1168315289352753;0;1;0;0;0;0;1;1;0;0;0;0;0;0;0;0,055734099466248;Muito Baixo;DEBTCONSOLIDATION;RENT
25;43000;3,0;16000;11,49;0,37;2;0,3720930232558139;1;2;0;0;0;0;1;0;0;0;0;0;1;1;1;0,9985811891396342;Muito Alto;VENTURE;RENT
23;65000;3,0;8000;7,14;0,12;4;0,123076923076923;0;1;0;1;0;0;0;0;1;0;0;0;0;0;0;0,0106727419780367;Muito Baixo;EDUCATION;MORTGAGE
32;52500;15,0;9500;6,92;0,18;7;0,1809523809523809;0;1;0;1;0;0;0;1;0;0;0;0;0;0;0;0,0219457567511524;Muito Baixo;DEBTCONSOLIDATION;MORTGAGE
24;87600;8,0;3000;5,99;0,03;2;0,0342465753424657;0;1;0;1;0;0;0;0;1;0;0;0;0;0;0;0,0040682409883179;Muito Baixo;EDUCATION;MORTGAGE
26;31131;0,0;3000;13,36;0,1;4;0,0963669654042594;1;4;1;0;0;0;1;0;0;0;1;0;0;1;1;0,9591841020025133;Muito Alto;MEDICAL;RENT
29;74000;0,0;9000;7,51;0,12;10;0,1216216216216216;0;1;0;1;0;0;0;0;0;1;0;0;0;0;0;0,0400155243138818;Muito Baixo;HOMEIMPROVEMENT;MORTGAGE
33;57492;1,0;20000;12,53;0,35;10;0,3478744868851318;1;2;0;0;0;0;1;0;0;0;1;0;0;1;1;0,9937819944067932;Muito Alto;MEDICAL;RENT
22;68000;6,0;13000;7,88;0,19;4;0,1911764705882352;0;1;0;1;0;0;0;0;0;0;0;0;1;0;0;0,0010416694912371;Muito Baixo;VENTURE;MORTGAGE
29;82438;14,0;3600;10,99;0,04;9;0,0436691816880564;0;2;0;0;0;0;1;0;0;0;0;1;0;1;0;0,0697643970600073;Muito Baixo;PERSONAL;RENT
22;78000;4,0;5600;10,99;0,07;2;0,0717948717948717;0;2;0;0;1;0;0;0;0;0;0;1;0;0;0;0,1944380328748532;Muito Baixo;PERSONAL;OTHER
28;78000;1,0;5000;12,99;0,06;7;0,0641025641025641;1;3;1;1;0;0;0;0;0;1;0;0;0;0;0;0,0973954738728317;Muito Baixo;HOMEIMPROVEMENT;MORTGAGE
29;57996;6,0;20475;12,72;0,35;10;0,3530415890751086;1;3;0;1;0;0;0;0;1;0;0;0;0;0;0;0,0982557166708669;Muito Baixo;EDUCATION;MORTGAGE
22;52650;1,0;19200;17,26;0,36;4;0,3646723646723647;1;6;0;1;0;0;0;1;0;0;0;0;0;1;1;0,9961577530377856;Muito Alto;DEBTCONSOLIDATION;MORTGAGE
23;19200;3,0;3000;12,99;0,16;2;0,15625;1;3;1;0;0;0;1;0;0;0;0;0;1;1;1;0,9467460945830756;Muito Alto;VENTURE;RENT
23;73000;1,0;14000;13,11;0,19;2;0,1917808219178082;1;3;0;0;0;0;1;0;0;0;0;1;0;0;0;0,1117139516967781;Muito Baixo;PERSONAL;RENT
25;53000;9,0;10800;7,51;0,2;2;0,2037735849056604;0;1;0;1;0;0;0;0;0;0;0;0;1;0;0;0,0008143703297725;Muito Baixo;VENTURE;MORTGAGE
24;7800;1,0;1000;11,36;0,13;4;0,1282051282051282;1;2;0;0;0;0;1;0;1;0;0;0;0;0;0;0,1524104481692262;Muito Baixo;EDUCATION;RENT
22;69383;6,0;8500;13,48;0,12;3;0,1225083954282749;1;3;1;1;0;0;0;0;0;0;0;1;0;0;0;0,1048981366815389;Muito Baixo;PERSONAL;MORTGAGE
25;95000;9,0;24000;6,54;0,25;4;0,2526315789473684;0;1;0;0;0;0;1;0;0;0;0;0;1;0;0;0,0013997319366722;Muito Baixo;VENTURE;RENT
23;36100;0,0;6000;9,88;0,17;2;0,1662049861495844;0;2;0;0;0;0;1;0;1;0;0;0;0;0;0;0,070193300327972;Muito Baixo;EDUCATION;RENT
21;59000;5,0;5600;11,49;0,09;4;0,0949152542372881;1;2;0;1;0;0;0;0;0;0;0;1;0;0;0;0,1773505511700908;Muito Baixo;PERSONAL;MORTGAGE
24;14400;0,0;1600;18,25;0,11;3;0,1111111111111111;1;4;0;0;0;0;1;0;0;0;0;1;0;1;1;0,989601125905864;Muito Alto;PERSONAL;RENT
25;46000;0,0;19750;16,7;0,43;4;0,4293478260869565;1;5;1;0;0;1;0;1;0;0;0;0;0;1;1;0,7794981780030932;Alto;DEBTCONSOLIDATION;OWN
21;55438;4,0;19400;13,49;0,35;2;0,3499404740430751;1;3;0;0;0;0;1;0;0;0;0;0;1;1;1;0,9939026849996804;Muito Alto;VENTURE;RENT
27;125000;5,0;10000;10,62;0,08;6;0,08;0;2;0;0;0;0;1;0;0;0;0;0;1;0;0;0,0021230898527837;Muito Baixo;VENTURE;RENT
23;60000;5,0;5000;16,49;0,08;2;0,0833333333333333;1;4;1;0;0;0;1;0;0;0;0;0;1;0;0;0,0767020207981108;Muito Baixo;VENTURE;RENT
25;40000;0,0;6000;7,66;0,15;3;0,15;0;1;0;0;0;0;1;0;1;0;0;0;0;0;0;0,0395779024046354;Muito Baixo;EDUCATION;RENT
22;42000;6,0;14750;12,99;0,35;3;0,3511904761904761;1;3;1;1;0;0;0;0;0;0;0;0;1;0;0;0,1406695795967678;Muito Baixo;VENTURE;MORTGAGE
40;28800;4,0;5400;10,37;0,19;15;0,1875;0;2;0;0;0;0;1;1;0;0;0;0;0;0;0;0,115806458523518;Muito Baixo;DEBTCONSOLIDATION;RENT
29;75000;3,0;4000;10,75;0,05;9;0,0533333333333333;0;2;0;1;0;0;0;0;0;0;1;0;0;0;0;0,0253804985491792;Muito Baixo;MEDICAL;MORTGAGE
24;62000;7,0;6200;7,49;0,1;3;0,1;0;1;0;1;0;0;0;0;0;0;0;1;0;0;0;0,0419801818295316;Muito Baixo;PERSONAL;MORTGAGE
22;12000;0,0;6700;7,66;0,56;4;0,5583333333333333;0;1;0;0;0;0;1;0;1;0;0;0;0;1;1;0,9997816243615096;Muito Alto;EDUCATION;RENT
26;31836;1,0;6400;14,35;0,2;4;0,201030280185953;1;3;0;0;0;0;1;0;0;0;0;0;1;0;1;0,5463953115247177;Moderado;VENTURE;RENT
27;112000;9,0;13000;13,57;0,12;10;0,1160714285714285;1;3;0;1;0;0;0;0;1;0;0;0;0;0;0;0,0502441969291125;Muito Baixo;EDUCATION;MORTGAGE
36;51000;2,0;1000;11,83;0,02;12;0,0196078431372549;1;2;0;1;0;0;0;0;0;0;0;0;1;0;0;0,0017520482677104;Muito Baixo;VENTURE;MORTGAGE
28;105000;1,0;25000;11,12;0,24;9;0,238095238095238;1;2;0;1;0;0;0;0;0;0;1;0;0;0;0;0,041226762683511;Muito Baixo;MEDICAL;MORTGAGE
30;300000;14,0;35000;10,59;0,12;10;0,1166666666666666;0;2;0;0;0;1;0;0;0;1;0;0;0;0;0;0,0006856742688492;Muito Baixo;HOMEIMPROVEMENT;OWN
24;63508;8,0;2500;11,14;0,04;4;0,0393651193550418;1;2;0;1;0;0;0;0;0;1;0;0;0;1;0;0,312037062332943;Baixo;HOMEIMPROVEMENT;MORTGAGE
35;72500;0,0;4000;10,25;0,06;6;0,0551724137931034;0;2;0;1;0;0;0;1;0;0;0;0;0;0;0;0,040538792199923;Muito Baixo;DEBTCONSOLIDATION;MORTGAGE
26;68004;10,0;3500;15,28;0,05;3;0,0514675607317216;1;4;1;0;0;0;1;1;0;0;0;0;0;1;1;0,9898849388090027;Muito Alto;DEBTCONSOLIDATION;RENT
35;25200;2,0;7050;12,23;0,28;7;0,2797619047619047;1;3;1;0;0;0;1;1;0;0;0;0;0;0;0;0,1852664627593384;Muito Baixo;DEBTCONSOLIDATION;RENT
25;43000;9,0;4000;12,99;0,09;4;0,0930232558139534;1;3;0;0;0;0;1;0;0;0;1;0;0;0;0;0,1596806573437409;Muito Baixo;MEDICAL;RENT
26;50000;10,0;18950;10,99;0,38;3;0,379;0;2;0;0;0;0;1;0;0;0;0;1;0;1;1;0,9920198153138808;Muito Alto;PERSONAL;RENT
23;36000;3,0;7000;9,99;0,19;3;0,1944444444444444;0;2;0;0;0;0;1;0;1;0;0;0;0;0;0;0,1025383654052264;Muito Baixo;EDUCATION;RENT
23;36000;2,0;5000;12,87;0,14;3;0,1388888888888889;1;3;1;0;0;1;0;0;0;0;0;0;1;0;0;0,0006976566832955;Muito Baixo;VENTURE;OWN
30;84000;13,0;12000;11,11;0,14;9;0,1428571428571428;1;2;0;1;0;0;0;0;0;1;0;0;0;0;0;0,0479590884042735;Muito Baixo;HOMEIMPROVEMENT;MORTGAGE
24;65000;8,0;9000;7,29;0,14;4;0,1384615384615384;0;1;0;0;0;1;0;0;1;0;0;0;0;0;0;0,0003295886333014;Muito Baixo;EDUCATION;OWN
30;29120;0,0;5400;7,14;0,19;10;0,1854395604395604;0;1;0;0;0;0;1;1;0;0;0;0;0;0;0;0,0663937593076639;Muito Baixo;DEBTCONSOLIDATION;RENT
33;92000;18,0;12000;5,79;0,13;5;0,1304347826086956;0;1;0;1;0;0;0;0;0;0;0;1;0;0;0;0,0036534799312495;Muito Baixo;PERSONAL;MORTGAGE
33;26400;13,0;7000;11,36;0,27;9;0,2651515151515151;1;2;0;0;0;1;0;0;0;0;0;0;1;0;0;5,148137950646225e-05;Muito Baixo;VENTURE;OWN
25;60000;9,0;23275;12,42;0,39;3;0,3879166666666667;1;2;0;1;0;0;0;1;0;0;0;0;0;0;0;0,1229510095929115;Muito Baixo;DEBTCONSOLIDATION;MORTGAGE
27;65000;11,0;4500;11,99;0,07;10;0,0692307692307692;1;2;0;1;0;0;0;0;0;0;0;0;1;0;0;0,0051058740462739;Muito Baixo;VENTURE;MORTGAGE
22;78000;3,0;12000;6,54;0,15;3;0,1538461538461538;0;1;0;1;0;0;0;0;1;0;0;0;0;0;0;0,0275988021986052;Muito Baixo;EDUCATION;MORTGAGE
40;21408;4,0;1500;11,12;0,07;17;0,070067264573991;1;2;0;1;0;0;0;0;0;0;1;0;0;0;0;0,0953071311245851;Muito Baixo;MEDICAL;MORTGAGE
22;46000;2,0;20000;16,0;0,43;4;0,4347826086956521;1;4;1;0;0;0;1;1;0;0;0;0;0;1;1;0,9999298108578044;Muito Alto;DEBTCONSOLIDATION;RENT
26;38904;1,0;10000;12,21;0,26;2;0,2570429775858524;1;2;0;1;0;0;0;0;0;1;0;0;0;0;0;0,4690800729713522;Moderado;HOMEIMPROVEMENT;MORTGAGE
32;96000;9,0;7000;6,62;0,07;6;0,0729166666666666;0;1;0;1;0;0;0;0;0;0;0;0;1;0;0;0,0002920406764193;Muito Baixo;VENTURE;MORTGAGE
24;52000;6,0;12000;14,83;0,23;3;0,2307692307692307;1;4;0;1;0;0;0;0;0;0;0;0;1;0;0;0,170279881695158;Muito Baixo;VENTURE;MORTGAGE
21;48000;1,0;10000;5,79;0,21;2;0,2083333333333333;0;1;0;0;0;0;1;1;0;0;0;0;0;0;0;0,0197946411214776;Muito Baixo;DEBTCONSOLIDATION;RENT
28;72000;4,0;22000;10,25;0,31;6;0,3055555555555556;0;2;0;1;0;0;0;0;0;0;1;0;0;0;0;0,064131819960563;Muito Baixo;MEDICAL;MORTGAGE
23;14400;1,0;4750;11,11;0,33;2;0,3298611111111111;1;2;0;0;0;0;1;0;1;0;0;0;0;1;1;0,9995249355038078;Muito Alto;EDUCATION;RENT
27;90000;6,0;5500;10,25;0,06;9;0,0611111111111111;0;2;0;1;0;0;0;0;0;0;1;0;0;0;0;0,0188494126971136;Muito Baixo;MEDICAL;MORTGAGE
29;30000;0,0;12000;10,36;0,4;7;0,4;0;2;0;0;0;0;1;0;0;0;0;1;0;1;1;0,9952129507968864;Muito Alto;PERSONAL;RENT
26;75000;2,0;10000;7,88;0,13;3;0,1333333333333333;0;1;0;1;0;0;0;0;1;0;0;0;0;0;0;0,0224615021730776;Muito Baixo;EDUCATION;MORTGAGE
24;141000;8,0;10000;7,49;0,07;2;0,0709219858156028;0;1;0;0;0;1;0;0;1;0;0;0;0;0;0;0,0003372499195126;Muito Baixo;EDUCATION;OWN
29;59000;6,0;10000;6,91;0,17;5;0,1694915254237288;0;1;0;1;0;0;0;0;0;1;0;0;0;0;0;0,1455444094611515;Muito Baixo;HOMEIMPROVEMENT;MORTGAGE
22;38000;5,0;7500;5,79;0,2;4;0,1973684210526315;0;1;0;0;0;0;1;0;0;0;0;1;0;0;0;0,0359696197186863;Muito Baixo;PERSONAL;RENT
48;30000;21,0;2100;12,42;0,07;16;0,07;1;2;0;1;0;0;0;0;0;0;0;0;1;0;0;0,0089229200242205;Muito Baixo;VENTURE;MORTGAGE
23;22004;8,0;2000;10,39;0,09;3;0,0908925649881839;0;2;0;0;0;0;1;0;1;0;0;0;0;0;0;0,1590171640442567;Muito Baixo;EDUCATION;RENT
25;120000;3,0;3000;10,14;0,03;3;0,025;0;2;0;0;0;1;0;0;1;0;0;0;0;0;0;0,0001329023975561;Muito Baixo;EDUCATION;OWN
24;180000;8,0;21000;11,48;0,12;3;0,1166666666666666;1;2;0;0;0;1;0;0;1;0;0;0;0;0;0;0,0004335883088196;Muito Baixo;EDUCATION;OWN
23;32000;0,0;2500;12,8;0,08;3;0,078125;1;4;1;1;0;0;0;0;0;1;0;0;0;1;1;0,994151542457254;Muito Alto;HOMEIMPROVEMENT;MORTGAGE
35;21340;0,0;8000;11,14;0,37;6;0,3748828491096532;1;2;0;0;0;0;1;0;0;0;1;0;0;1;1;0,9963765839452224;Muito Alto;MEDICAL;RENT
25;42000;3,0;5000;7,51;0,12;3;0,119047619047619;0;1;0;0;0;0;1;0;0;0;1;0;0;0;0;0,0568181952238533;Muito Baixo;MEDICAL;RENT
25;80000;0,0;11200;10,99;0,14;2;0,14;0;2;0;0;0;0;1;0;0;0;1;0;0;0;0;0,0125581048008969;Muito Baixo;MEDICAL;RENT
53;46000;9,0;4925;11,71;0,11;23;0,1070652173913043;1;2;0;0;0;1;0;0;0;0;0;1;0;0;0;0,0010263299041888;Muito Baixo;PERSONAL;OWN
33;115000;1,0;16800;5,42;0,15;6;0,1460869565217391;0;1;0;1;0;0;0;1;0;0;0;0;0;0;0;0,0036249173666769;Muito Baixo;DEBTCONSOLIDATION;MORTGAGE
26;53000;3,0;6000;9,99;0,11;2;0,1132075471698113;0;2;0;0;0;1;0;0;0;0;0;0;1;0;0;1,4648481666991048e-05;Muito Baixo;VENTURE;OWN
35;85000;0,0;5000;9,07;0,06;6;0,0588235294117647;0;1;0;0;0;0;1;0;0;1;0;0;0;0;0;0,027645841245584;Muito Baixo;HOMEIMPROVEMENT;RENT
34;38769;3,0;2400;8,9;0,06;6;0,0619051303876808;0;1;0;1;0;0;0;1;0;0;0;0;0;0;0;0,0612626508205691;Muito Baixo;DEBTCONSOLIDATION;MORTGAGE
24;43000;8,0;10000;16,89;0,23;2;0,2325581395348837;1;4;1;1;0;0;0;1;0;0;0;0;0;1;1;0,9934847844598508;Muito Alto;DEBTCONSOLIDATION;MORTGAGE
21;28776;4,0;8000;8,9;0,28;2;0,2780094523213789;0;1;0;1;0;0;0;0;0;0;0;0;1;0;0;0,0013737456314845;Muito Baixo;VENTURE;MORTGAGE
32;43000;16,0;5600;7,51;0,13;7;0,1302325581395348;0;1;0;0;0;0;1;1;0;0;0;0;0;0;0;0,0275025847749482;Muito Baixo;DEBTCONSOLIDATION;RENT
22;51900;5,0;14100;11,49;0,27;2;0,2716763005780346;1;2;0;1;0;0;0;0;0;0;0;0;1;0;0;0,0025513683541724;Muito Baixo;VENTURE;MORTGAGE
33;48000;17,0;3500;11,86;0,07;10;0,0729166666666666;1;2;0;0;0;0;1;1;0;0;0;0;0;0;0;0,1951322282543583;Muito Baixo;DEBTCONSOLIDATION;RENT
45;115000;8,0;8000;8,94;0,07;11;0,0695652173913043;0;1;0;1;0;0;0;0;0;0;0;0;1;0;0;0,00148763379115;Muito Baixo;VENTURE;MORTGAGE
27;48000;4,0;2800;7,49;0,06;5;0,0583333333333333;0;1;0;0;0;0;1;0;0;0;1;0;0;0;0;0,0239594469293173;Muito Baixo;MEDICAL;RENT
22;39868;2,0;2400;16,02;0,06;4;0,060198655563359;1;4;1;1;0;0;0;1;0;0;0;0;0;1;1;0,9949777206486208;Muito Alto;DEBTCONSOLIDATION;MORTGAGE
27;40000;4,0;10000;15,31;0,25;6;0,25;1;4;1;0;0;0;1;0;0;0;0;1;0;0;0;0,1495136798066415;Muito Baixo;PERSONAL;RENT
31;73000;2,0;7000;7,9;0,1;7;0,0958904109589041;0;1;0;0;0;0;1;0;0;0;0;0;1;0;0;0,0016385533779471;Muito Baixo;VENTURE;RENT
22;45000;5,0;2500;14,35;0,06;2;0,0555555555555555;1;3;1;0;0;0;1;0;0;0;1;0;0;0;0;0,0415631026051636;Muito Baixo;MEDICAL;RENT
27;71000;0,0;5000;17,39;0,07;9;0,0704225352112676;1;5;0;0;0;1;0;0;0;0;0;0;1;1;0;0,2651918646171222;Baixo;VENTURE;OWN
23;108600;3,0;8000;12,87;0,07;2;0,0736648250460405;1;3;1;1;0;0;0;0;0;0;1;0;0;0;0;0,0277180217552925;Muito Baixo;MEDICAL;MORTGAGE
25;72000;9,0;4800;10,65;0,07;3;0,0666666666666666;0;2;0;1;0;0;0;1;0;0;0;0;0;0;0;0,0707337386432976;Muito Baixo;DEBTCONSOLIDATION;MORTGAGE
22;130000;3,0;14500;13,48;0,11;4;0,1115384615384615;1;3;1;1;0;0;0;0;1;0;0;0;0;0;0;0,0151780194807125;Muito Baixo;EDUCATION;MORTGAGE
34;120000;7,0;20000;13,8;0,17;7;0,1666666666666666;1;3;0;0;0;0;1;0;0;0;0;0;1;0;0;0,0497758314311639;Muito Baixo;VENTURE;RENT
23;80000;3,0;7200;8,9;0,09;2;0,09;0;1;0;0;0;0;1;1;0;0;0;0;0;0;0;0,0283948252318982;Muito Baixo;DEBTCONSOLIDATION;RENT
22;50000;0,0;20000;11,48;0,4;2;0,4;1;2;0;1;0;0;0;0;1;0;0;0;0;0;0;0,0594730168489672;Muito Baixo;EDUCATION;MORTGAGE
28;55000;1,0;10000;9,32;0,18;8;0,1818181818181818;0;1;0;0;0;0;1;0;0;0;1;0;0;0;0;0,0413025404121921;Muito Baixo;MEDICAL;RENT
34;28800;0,0;2500;21,36;0,09;7;0,0868055555555555;1;6;0;0;0;0;1;1;0;0;0;0;0;1;1;0,999280718370376;Muito Alto;DEBTCONSOLIDATION;RENT
24;70000;8,0;1600;10,99;0,02;3;0,0228571428571428;0;2;0;1;0;0;0;0;0;0;1;0;0;0;0;0,1030096296078889;Muito Baixo;MEDICAL;MORTGAGE
26;17500;10,0;5500;7,49;0,31;2;0,3142857142857143;0;1;0;0;0;1;0;0;0;0;0;1;0;1;1;0,998781330070974;Muito Alto;PERSONAL;OWN
24;200000;8,0;10000;8,49;0,05;4;0,05;0;1;0;0;0;0;1;0;1;0;0;0;0;0;0;0,0495549205075374;Muito Baixo;EDUCATION;RENT
25;38400;9,0;12000;10,38;0,31;3;0,3125;0;2;0;1;0;0;0;0;0;0;0;0;1;0;0;0,0032038033058795;Muito Baixo;VENTURE;MORTGAGE
22;37000;0,0;7000;10,95;0,19;4;0,1891891891891892;0;2;0;0;0;0;1;0;0;0;0;1;0;0;0;0,1452215176264866;Muito Baixo;PERSONAL;RENT
27;117832;4,0;12500;6,17;0,11;7;0,1060832371511983;0;1;0;1;0;0;0;0;0;1;0;0;0;0;0;0,0279309991773734;Muito Baixo;HOMEIMPROVEMENT;MORTGAGE
24;40800;0,0;7000;11,86;0,17;2;0,1715686274509804;1;2;0;0;0;0;1;0;0;0;1;0;0;0;0;0,0600868592381309;Muito Baixo;MEDICAL;RENT
46;35000;1,0;1000;7,9;0,03;12;0,0285714285714285;0;1;0;0;0;0;1;0;0;0;0;0;1;0;0;0,0013793014273204;Muito Baixo;VENTURE;RENT
33;15600;1,0;5900;7,49;0,38;7;0,3782051282051282;0;1;0;0;0;1;0;0;0;0;0;0;1;1;1;0,9997771078158548;Muito Alto;VENTURE;OWN
32;120000;16,0;5600;10,75;0,05;8;0,0466666666666666;0;2;0;1;0;0;0;0;0;0;0;0;1;0;0;0,000759486261441;Muito Baixo;VENTURE;MORTGAGE
34;38400;1,0;6500;9,91;0,17;7;0,1692708333333333;0;2;0;0;0;0;1;0;0;0;1;0;0;0;0;0,0376527099491979;Muito Baixo;MEDICAL;RENT
28;34000;2,0;8000;12,69;0,24;9;0,2352941176470588;1;2;0;1;0;0;0;0;0;0;1;0;0;1;0;0,3183245452902403;Baixo;MEDICAL;MORTGAGE
22;14400;2,0;2500;16,82;0,17;2;0,1736111111111111;1;5;0;0;0;0;1;0;0;0;0;1;0;1;1;0,9985818075152813;Muito Alto;PERSONAL;RENT
24;150000;2,0;24250;10,38;0,16;3;0,1616666666666666;0;2;0;1;0;0;0;0;0;0;0;1;0;0;0;0,0292886007611782;Muito Baixo;PERSONAL;MORTGAGE
25;60000;9,0;3000;13,79;0,05;2;0,05;1;3;1;0;0;1;0;0;0;1;0;0;0;0;0;0,0005946009714338;Muito Baixo;HOMEIMPROVEMENT;OWN
22;130000;3,0;24250;12,18;0,19;4;0,1865384615384615;1;2;0;1;0;0;0;0;0;0;0;0;1;0;0;0,0022088375148876;Muito Baixo;VENTURE;MORTGAGE
22;88200;1,0;19000;14,61;0,22;3;0,2154195011337868;1;4;1;1;0;0;0;0;0;0;0;0;1;0;0;0,3981363743315246;Baixo;VENTURE;MORTGAGE
27;65000;5,0;13225;12,69;0,2;6;0,2034615384615384;1;2;0;1;0;0;0;0;0;0;0;0;1;0;0;0,0030240890401237;Muito Baixo;VENTURE;MORTGAGE
39;18300;0,0;1200;14,74;0,07;17;0,0655737704918032;1;4;0;0;0;0;1;0;1;0;0;0;0;1;1;0,9051772656238588;Muito Alto;EDUCATION;RENT
25;49600;9,0;12000;7,14;0,24;3;0,2419354838709677;0;1;0;0;0;0;1;0;0;0;1;0;0;0;0;0,0793698756545619;Muito Baixo;MEDICAL;RENT
24;28000;0,0;5600;14,12;0,2;2;0,2;1;4;1;0;0;0;1;0;0;0;0;1;0;1;1;0,9372928288154008;Muito Alto;PERSONAL;RENT
30;96000;11,0;12000;13,23;0,13;10;0,125;1;3;0;0;0;0;1;0;1;0;0;0;0;0;0;0,0403315983274677;Muito Baixo;EDUCATION;RENT
41;19200;2,0;2950;16,49;0,15;12;0,1536458333333333;1;4;1;0;0;0;1;0;0;0;1;0;0;1;1;0,9840455664421778;Muito Alto;MEDICAL;RENT
29;38000;3,0;6000;15,21;0,16;9;0,1578947368421052;1;4;1;1;0;0;0;0;1;0;0;0;0;0;0;0,1767505925149985;Muito Baixo;EDUCATION;MORTGAGE
25;78200;9,0;6000;6,54;0,08;3;0,0767263427109974;0;1;0;1;0;0;0;0;0;0;1;0;0;0;0;0,070531350271865;Muito Baixo;MEDICAL;MORTGAGE
35;91000;0,0;10000;8,59;0,11;9;0,1098901098901098;0;1;0;0;0;1;0;0;1;0;0;0;0;0;0;0,0001721664769837;Muito Baixo;EDUCATION;OWN
28;84500;13,0;9600;15,27;0,11;5;0,1136094674556213;1;3;0;1;0;0;0;0;0;1;0;0;0;0;0;0,1173062320214101;Muito Baixo;HOMEIMPROVEMENT;MORTGAGE
25;68500;4,0;12000;13,16;0,18;2;0,1751824817518248;1;3;1;0;0;0;1;0;1;0;0;0;0;1;0;0,11825864858569;Muito Baixo;EDUCATION;RENT
32;66300;5,0;6075;6,03;0,09;10;0,0916289592760181;0;1;0;1;0;0;0;1;0;0;0;0;0;0;0;0,0216318832697358;Muito Baixo;DEBTCONSOLIDATION;MORTGAGE
37;39996;2,0;1800;9,63;0,05;13;0,045004500450045;0;1;0;0;0;0;1;0;0;0;1;0;0;0;0;0,0372462697969302;Muito Baixo;MEDICAL;RENT
38;65000;4,0;4500;13,43;0,07;12;0,0692307692307692;1;3;0;0;0;0;1;0;0;1;0;0;0;0;0;0,1002473715821168;Muito Baixo;HOMEIMPROVEMENT;RENT
24;50400;8,0;1500;7,49;0,03;2;0,0297619047619047;0;1;0;0;0;0;1;1;0;0;0;0;0;0;0;0,0235022156451499;Muito Baixo;DEBTCONSOLIDATION;RENT
25;53000;4,0;6000;6,62;0,11;3;0,1132075471698113;0;1;0;1;0;0;0;0;0;1;0;0;0;0;0;0,0585976213857432;Muito Baixo;HOMEIMPROVEMENT;MORTGAGE
26;88200;9,0;3000;10,59;0,03;4;0,0340136054421768;0;2;0;1;0;0;0;0;0;1;0;0;0;0;0;0,0576029113822404;Muito Baixo;HOMEIMPROVEMENT;MORTGAGE
24;106000;8,0;4575;7,51;0,04;2;0,0431603773584905;0;1;0;1;0;0;0;1;0;0;0;0;0;0;0;0,0115571486762456;Muito Baixo;DEBTCONSOLIDATION;MORTGAGE
26;185000;0,0;13500;5,99;0,07;3;0,0729729729729729;0;1;0;0;0;0;1;0;0;0;0;0;1;0;0;0,0005745877717869;Muito Baixo;VENTURE;RENT
35;80004;5,0;10000;7,51;0,12;10;0,1249937503124843;0;1;0;0;0;0;1;0;1;0;0;0;0;0;0;0,0133418306087247;Muito Baixo;EDUCATION;RENT
26;43000;9,0;8800;5,42;0,2;3;0,2046511627906976;0;1;0;1;0;0;0;0;0;0;0;1;0;0;0;0,0512599193936372;Muito Baixo;PERSONAL;MORTGAGE
24;113217;2,0;6000;7,88;0,05;3;0,0529955748694983;0;1;0;1;0;0;0;0;1;0;0;0;0;0;0;0,0107993854632274;Muito Baixo;EDUCATION;MORTGAGE
35;75000;2,0;25000;10,99;0,33;7;0,3333333333333333;0;2;0;0;0;1;0;0;0;0;1;0;0;0;0;0,0006392412975141;Muito Baixo;MEDICAL;OWN
22;60000;6,0;15000;13,35;0,25;3;0,25;1;3;1;0;0;0;1;0;0;0;1;0;0;0;0;0,0926717363738029;Muito Baixo;MEDICAL;RENT
58;45000;3,0;3500;6,76;0,08;20;0,0777777777777777;0;1;0;1;0;0;0;0;0;0;0;1;0;0;0;0,0284375639506738;Muito Baixo;PERSONAL;MORTGAGE
33;66300;3,0;22000;14,59;0,28;8;0,3318250377073906;1;4;0;1;0;0;0;0;0;0;1;0;0;1;1;0,99342653722436;Muito Alto;MEDICAL;MORTGAGE
29;90000;8,0;14000;7,9;0,16;9;0,1555555555555555;0;1;0;1;0;0;0;1;0;0;0;0;0;0;0;0,0144241589864751;Muito Baixo;DEBTCONSOLIDATION;MORTGAGE
22;107004;2,0;10000;7,29;0,09;3;0,0934544503009233;0;1;0;1;0;0;0;0;1;0;0;0;0;0;0;0,0088111716255945;Muito Baixo;EDUCATION;MORTGAGE
25;75000;4,0;7000;7,49;0,09;2;0,0933333333333333;0;1;0;0;0;0;1;0;0;0;1;0;0;0;0;0,0111521487466951;Muito Baixo;MEDICAL;RENT
33;77000;7,0;13000;15,31;0,17;7;0,1688311688311688;1;4;0;0;0;0;1;0;0;1;0;0;0;0;0;0,3100765408370741;Baixo;HOMEIMPROVEMENT;RENT
22;49000;0,0;7600;15,62;0,16;4;0,1551020408163265;1;4;0;0;0;0;1;0;1;0;0;0;0;1;1;0,9767025041725588;Muito Alto;EDUCATION;RENT
24;25000;0,0;8500;12,21;0,34;2;0,34;1;2;0;0;0;0;1;0;0;1;0;0;0;1;1;0,99906451386826;Muito Alto;HOMEIMPROVEMENT;RENT
66;43000;17,0;22250;14,59;0,52;23;0,5174418604651163;1;4;1;0;0;0;1;1;0;0;0;0;0;1;1;0,9989996445731868;Muito Alto;DEBTCONSOLIDATION;RENT
29;74100;3,0;4500;13,61;0,06;6;0,0607287449392712;1;3;1;0;0;0;1;0;0;1;0;0;0;0;0;0,1543087933844107;Muito Baixo;HOMEIMPROVEMENT;RENT
32;100000;4,0;9500;5,79;0,1;8;0,095;0;1;0;1;0;0;0;0;0;0;0;0;1;0;0;0,0001640028811636;Muito Baixo;VENTURE;MORTGAGE
25;59000;4,0;15000;9,99;0,25;3;0,2542372881355932;0;2;0;0;0;0;1;0;0;0;1;0;0;1;0;0,2242322493097452;Baixo;MEDICAL;RENT
33;44500;6,0;20000;10,99;0,45;6;0,449438202247191;0;2;0;0;0;1;0;0;1;0;0;0;0;0;0;0,0019726220873117;Muito Baixo;EDUCATION;OWN
34;135000;7,0;15000;13,47;0,11;7;0,1111111111111111;1;3;1;1;0;0;0;0;1;0;0;0;0;0;0;0,0429634369361474;Muito Baixo;EDUCATION;MORTGAGE
23;124800;2,0;5000;6,62;0,04;3;0,0400641025641025;0;1;0;1;0;0;0;1;0;0;0;0;0;0;0;0,0062193141650197;Muito Baixo;DEBTCONSOLIDATION;MORTGAGE
22;50000;2,0;8000;12,18;0,16;4;0,16;1;2;0;0;0;0;1;0;0;0;0;1;0;0;0;0,0478626657334414;Muito Baixo;PERSONAL;RENT
23;13200;2,0;1400;9,25;0,11;4;0,106060606060606;0;2;0;1;0;0;0;0;1;0;0;0;0;0;0;0,1347155131373835;Muito Baixo;EDUCATION;MORTGAGE
41;381450;10,0;35000;13,49;0,09;14;0,09175514484205;1;3;1;1;0;0;0;0;0;0;1;0;0;0;0;0,0582136316385921;Muito Baixo;MEDICAL;MORTGAGE
24;39862;8,0;5000;14,22;0,13;4;0,1254327429632231;1;3;0;0;0;0;1;0;0;0;1;0;0;0;0;0,39352050745967;Baixo;MEDICAL;RENT
29;30000;2,0;6500;8,59;0,22;10;0,2166666666666666;0;1;0;1;0;0;0;0;0;0;1;0;0;0;0;0,0783884568437024;Muito Baixo;MEDICAL;MORTGAGE
36;55500;15,0;7875;11,99;0,14;12;0,1418918918918918;1;2;0;1;0;0;0;0;1;0;0;0;0;0;0;0,1948384406198157;Muito Baixo;EDUCATION;MORTGAGE
24;28800;1,0;3500;9,99;0,12;4;0,1215277777777777;0;2;0;1;0;0;0;0;0;0;0;1;0;0;0;0,1498745171964923;Muito Baixo;PERSONAL;MORTGAGE
31;93000;10,0;3000;8,49;0,03;8;0,032258064516129;0;1;0;1;0;0;0;0;0;0;1;0;0;0;0;0,0178627504232694;Muito Baixo;MEDICAL;MORTGAGE
34;30000;2,0;12000;8,9;0,4;7;0,4;0;1;0;0;0;0;1;1;0;0;0;0;0;1;1;0,9910823153240548;Muito Alto;DEBTCONSOLIDATION;RENT
22;54566;6,0;4000;12,53;0,07;2;0,0733057215115639;1;2;0;1;0;0;0;0;0;0;0;1;0;0;0;0,0845836882231919;Muito Baixo;PERSONAL;MORTGAGE
28;86000;12,0;15000;10,62;0,17;10;0,1744186046511628;0;2;0;1;0;0;0;0;1;0;0;0;0;0;0;0,0308765257226394;Muito Baixo;EDUCATION;MORTGAGE
27;23400;2,0;4000;7,49;0,17;6;0,1709401709401709;0;1;0;0;0;0;1;0;0;0;0;1;0;0;0;0,0751058570881712;Muito Baixo;PERSONAL;RENT
22;63996;4,0;3250;7,88;0,05;4;0,0507844240265016;0;1;0;1;0;0;0;0;1;0;0;0;0;0;0;0,0462524031556567;Muito Baixo;EDUCATION;MORTGAGE
31;250000;14,0;12000;14,09;0,05;6;0,048;1;4;1;1;0;0;0;0;0;0;0;1;0;0;0;0,0856770230831013;Muito Baixo;PERSONAL;MORTGAGE
28;75000;6,0;20000;13,49;0,27;5;0,2666666666666666;1;3;0;0;0;0;1;0;0;1;0;0;0;0;0;0,1947874624659271;Muito Baixo;HOMEIMPROVEMENT;RENT
27;49000;11,0;4000;10,59;0,08;5;0,0816326530612244;0;2;0;0;0;0;1;0;0;0;0;0;1;0;0;0,0038596691463259;Muito Baixo;VENTURE;RENT
22;45000;6,0;10000;9,91;0,22;2;0,2222222222222222;0;2;0;0;0;0;1;0;0;0;1;0;0;0;0;0,0649354198405734;Muito Baixo;MEDICAL;RENT
43;78000;0,0;15000;14,46;0,19;13;0,1923076923076923;1;4;1;1;0;0;0;1;0;0;0;0;0;1;1;0,996747277713436;Muito Alto;DEBTCONSOLIDATION;MORTGAGE
25;41520;9,0;4400;7,29;0,11;2;0,1059730250481695;0;1;0;0;0;1;0;0;0;0;1;0;0;0;0;0,0010359805243357;Muito Baixo;MEDICAL;OWN
27;50004;5,0;20000;10,99;0,4;9;0,3999680025597952;0;2;0;0;0;0;1;1;0;0;0;0;0;1;1;0,9823514078262666;Muito Alto;DEBTCONSOLIDATION;RENT
24;54000;5,0;11000;5,42;0,2;2;0,2037037037037037;0;1;0;1;0;0;0;0;0;0;0;0;1;0;0;0,0011795209801874;Muito Baixo;VENTURE;MORTGAGE
23;48000;6,0;10000;15,62;0,21;2;0,2083333333333333;1;4;1;0;0;0;1;0;0;0;0;0;1;0;0;0,1526181358604861;Muito Baixo;VENTURE;RENT
23;22000;2,0;3200;12,69;0,15;4;0,1454545454545454;1;2;0;0;0;0;1;0;0;0;1;0;0;0;0;0,1396510091804537;Muito Baixo;MEDICAL;RENT
22;42000;4,0;3200;7,9;0,08;3;0,0761904761904762;0;1;0;1;0;0;0;1;0;0;0;0;0;1;0;0,0877909300784533;Muito Baixo;DEBTCONSOLIDATION;MORTGAGE
43;91800;0,0;8400;14,84;0,08;14;0,0915032679738562;1;4;0;1;0;0;0;0;0;0;1;0;0;1;1;0,9973506181898268;Muito Alto;MEDICAL;MORTGAGE
32;37076;3,0;12000;12,42;0,32;7;0,3236595101952745;1;2;0;0;0;0;1;0;0;0;0;1;0;1;1;0,9963148927460604;Muito Alto;PERSONAL;RENT
28;95000;12,0;3500;6,03;0,04;7;0,0368421052631578;0;1;0;1;0;0;0;0;0;1;0;0;0;0;0;0,002674154675642;Muito Baixo;HOMEIMPROVEMENT;MORTGAGE
28;225000;2,0;30000;8,49;0,13;6;0,1333333333333333;0;1;0;1;0;0;0;0;0;0;0;0;1;0;0;0,0005058698765003;Muito Baixo;VENTURE;MORTGAGE
26;60000;10,0;20000;12,69;0,33;2;0,3333333333333333;1;2;0;1;0;0;0;0;0;0;0;0;1;0;0;0,008261980102509;Muito Baixo;VENTURE;MORTGAGE
21;26124;3,0;8875;15,62;0,34;3;0,3397259225233501;1;4;1;0;0;0;1;0;1;0;0;0;0;1;1;0,994862842921472;Muito Alto;EDUCATION;RENT
36;43680;0,0;15000;13,11;0,34;15;0,3434065934065934;1;3;0;1;0;0;0;0;0;0;0;1;0;0;0;0,4231677872807928;Moderado;PERSONAL;MORTGAGE
37;50000;0,0;5000;11,89;0,1;12;0,1;1;2;0;0;0;0;1;1;0;0;0;0;0;0;0;0,0287063032338708;Muito Baixo;DEBTCONSOLIDATION;RENT
27;90000;5,0;10000;7,14;0,11;5;0,1111111111111111;0;1;0;1;0;0;0;1;0;0;0;0;0;0;0;0,008942431215882;Muito Baixo;DEBTCONSOLIDATION;MORTGAGE
27;190000;5,0;22000;6,91;0,12;10;0,1157894736842105;0;1;0;0;0;0;1;0;0;0;0;0;1;0;0;0,0005280796914739;Muito Baixo;VENTURE;RENT
22;46000;6,0;4000;10,37;0,09;2;0,0869565217391304;0;2;0;1;0;0;0;0;0;0;0;1;0;0;0;0,1250991064303152;Muito Baixo;PERSONAL;MORTGAGE
29;74000;2,0;30750;15,31;0,42;6;0,4155405405405405;1;4;0;0;0;0;1;1;0;0;0;0;0;1;1;0,999893938836128;Muito Alto;DEBTCONSOLIDATION;RENT
43;68000;2,0;7000;12,61;0,1;11;0,1029411764705882;1;3;0;1;0;0;0;0;0;0;0;1;0;0;0;0,0940378383466514;Muito Baixo;PERSONAL;MORTGAGE
23;36707;3,0;9250;16,32;0,25;4;0,2519955321873212;1;4;1;0;0;0;1;0;0;0;0;1;0;0;0;0,2680993262757272;Baixo;PERSONAL;RENT
22;60350;6,0;35000;16,89;0,49;3;0,579950289975145;1;4;0;1;0;0;0;0;0;0;1;0;0;1;1;0,9924329006636688;Muito Alto;MEDICAL;MORTGAGE
46;180000;31,0;18000;9,91;0,1;12;0,1;0;2;0;1;0;0;0;0;0;0;1;0;0;0;0;0,0529921099216619;Muito Baixo;MEDICAL;MORTGAGE
23;92000;2,0;15000;9,91;0,16;2;0,1630434782608695;0;2;0;1;0;0;0;1;0;0;0;0;0;0;0;0,0263096354703512;Muito Baixo;DEBTCONSOLIDATION;MORTGAGE
28;175000;7,0;6000;7,9;0,03;10;0,0342857142857142;0;1;0;0;0;0;1;0;0;1;0;0;0;0;0;0,0165277908163963;Muito Baixo;HOMEIMPROVEMENT;RENT
23;10560;0,0;2800;9,99;0,27;4;0,2651515151515151;0;2;0;0;0;0;1;1;0;0;0;0;0;1;1;0,9876188446440592;Muito Alto;DEBTCONSOLIDATION;RENT
26;99996;7,0;8000;16,32;0,08;3;0,0800032001280051;1;4;1;0;0;0;1;0;0;0;0;1;0;0;0;0,069548296352266;Muito Baixo;PERSONAL;RENT
22;56000;0,0;7000;11,36;0,13;2;0,125;1;2;0;0;0;0;1;1;0;0;0;0;0;0;0;0,068471803298923;Muito Baixo;DEBTCONSOLIDATION;RENT
39;54996;6,0;5500;7,51;0,1;11;0,1000072732562368;0;1;0;0;0;1;0;0;0;0;0;0;1;0;0;2,045385696187325e-05;Muito Baixo;VENTURE;OWN
25;33000;9,0;3000;11,99;0,09;2;0,0909090909090909;1;2;0;1;0;0;0;0;0;0;1;0;0;0;0;0,2258506605345354;Baixo;MEDICAL;MORTGAGE
28;59160;2,0;23500;10,99;0,4;6;0,3972278566599053;0;2;0;1;0;0;0;0;0;0;0;1;0;0;0;0,1551774241698928;Muito Baixo;PERSONAL;MORTGAGE
26;80000;5,0;25000;13,61;0,31;4;0,3125;1;3;0;0;0;0;1;1;0;0;0;0;0;1;1;0,9818701392727346;Muito Alto;DEBTCONSOLIDATION;RENT
31;24996;0,0;10750;12,53;0,43;8;0,4300688110097616;1;3;0;0;0;0;1;0;1;0;0;0;0;1;1;0,9985217273658604;Muito Alto;EDUCATION;RENT
25;48000;0,0;12000;13,49;0,25;2;0,25;1;3;1;0;0;0;1;0;0;0;1;0;0;0;0;0,0418024239629431;Muito Baixo;MEDICAL;RENT
24;44600;5,0;20000;11,89;0,45;4;0,4484304932735426;1;2;0;1;0;0;0;0;0;0;1;0;0;0;0;0,2158628901144438;Baixo;MEDICAL;MORTGAGE
23;62400;0,0;10000;12,87;0,16;4;0,1602564102564102;1;3;1;0;0;0;1;1;0;0;0;0;0;0;0;0,0412796313505123;Muito Baixo;DEBTCONSOLIDATION;RENT
23;43000;1,0;3000;8,49;0,07;4;0,0697674418604651;0;1;0;0;0;0;1;0;1;0;0;0;0;0;0;0,0841969170378274;Muito Baixo;EDUCATION;RENT
22;60000;2,0;12000;10,99;0,2;2;0,2;0;2;0;0;0;0;1;0;1;0;0;0;0;0;0;0,0220599798710877;Muito Baixo;EDUCATION;RENT
25;74000;1,0;16000;8,49;0,22;3;0,2162162162162162;0;1;0;0;0;1;0;0;0;0;0;0;1;0;0;4,877239149349683e-05;Muito Baixo;VENTURE;OWN
23;100000;1,0;12000;13,57;0,12;2;0,12;1;3;1;0;0;0;1;0;1;0;0;0;0;0;0;0,031600414829296;Muito Baixo;EDUCATION;RENT
26;75000;4,0;14000;11,11;0,19;4;0,1866666666666666;1;2;0;0;0;0;1;0;1;0;0;0;0;0;0;0,0632752044344579;Muito Baixo;EDUCATION;RENT
24;55000;8,0;5500;8,59;0,1;4;0,1;0;1;0;1;0;0;0;0;0;1;0;0;0;0;0;0,0947712413212013;Muito Baixo;HOMEIMPROVEMENT;MORTGAGE
27;18000;2,0;2500;14,74;0,14;8;0,1388888888888889;1;4;0;0;0;0;1;0;0;0;0;1;0;1;1;0,9654031318160842;Muito Alto;PERSONAL;RENT
24;54000;3,0;5600;10,59;0,1;4;0,1037037037037037;0;2;0;0;0;0;1;0;0;0;0;0;1;0;0;0,0046308674394259;Muito Baixo;VENTURE;RENT
22;12996;1,0;4750;10,99;0,37;3;0,3654970760233918;0;2;0;0;0;1;0;0;1;0;0;0;0;1;1;0,9994850197734348;Muito Alto;EDUCATION;OWN
27;42504;2,0;7200;10,59;0,17;6;0,1693958215697346;0;2;0;0;0;0;1;1;0;0;0;0;0;0;0;0,0549940571572348;Muito Baixo;DEBTCONSOLIDATION;RENT
22;45000;3,0;5000;11,11;0,11;4;0,1111111111111111;1;2;0;0;0;0;1;0;1;0;0;0;0;0;0;0,0433192972070481;Muito Baixo;EDUCATION;RENT
21;82000;4,0;12000;15,21;0,15;4;0,1463414634146341;1;4;0;0;0;0;1;0;0;0;0;0;1;0;0;0,1780553727923154;Muito Baixo;VENTURE;RENT
22;59000;2,0;11000;10,74;0,19;3;0,1864406779661017;0;2;0;0;0;0;1;1;0;0;0;0;0;0;0;0,0631464127091944;Muito Baixo;DEBTCONSOLIDATION;RENT
37;45000;0,0;6000;12,61;0,13;17;0,1333333333333333;1;3;0;0;0;0;1;0;1;0;0;0;0;0;0;0,1243532012335553;Muito Baixo;EDUCATION;RENT
25;61000;9,0;15000;9,88;0,25;2;0,2459016393442623;0;2;0;1;0;0;0;0;0;1;0;0;0;0;0;0,0786443951604617;Muito Baixo;HOMEIMPROVEMENT;MORTGAGE
22;37200;6,0;10000;10,99;0,27;2;0,2688172043010752;0;2;0;0;0;0;1;0;0;0;0;1;0;1;0;0,2040032575756665;Baixo;PERSONAL;RENT
26;37000;4,0;10400;8,94;0,28;3;0,2810810810810811;0;1;0;1;0;0;0;0;0;0;0;0;1;0;0;0,001058208861269;Muito Baixo;VENTURE;MORTGAGE
23;60000;0,0;10000;11,26;0,17;3;0,1666666666666666;1;2;0;1;0;0;0;0;0;0;0;1;0;0;0;0,0433027412411378;Muito Baixo;PERSONAL;MORTGAGE
28;24000;4,0;5600;12,68;0,23;5;0,2333333333333333;1;3;1;0;0;0;1;0;0;0;0;1;0;0;0;0,1927252112397543;Muito Baixo;PERSONAL;RENT
31;79100;4,0;19150;6,99;0,24;6;0,2420986093552465;0;1;0;1;0;0;0;0;1;0;0;0;0;0;0;0,1060568185061571;Muito Baixo;EDUCATION;MORTGAGE
37;120996;14,0;4000;7,66;0,03;15;0,0330589440973255;0;1;0;1;0;0;0;0;0;1;0;0;0;0;0;0,0076459681054616;Muito Baixo;HOMEIMPROVEMENT;MORTGAGE
35;90000;4,0;13000;9,32;0,14;9;0,1444444444444444;0;1;0;0;0;0;1;0;0;0;0;1;0;0;0;0,0236354796103604;Muito Baixo;PERSONAL;RENT
33;14076;4,0;4800;6,76;0,34;8;0,3410059676044331;0;1;0;0;0;0;1;0;1;0;0;0;0;1;1;0,999424037492816;Muito Alto;EDUCATION;RENT
35;50000;4,0;17500;12,84;0,35;5;0,35;1;3;0;0;0;0;1;0;0;0;0;1;0;1;1;0,9899292620434476;Muito Alto;PERSONAL;RENT
24;43500;1,0;3000;8,0;0,07;2;0,0689655172413793;0;1;0;0;0;0;1;0;0;0;0;1;0;0;0;0,0811228023255112;Muito Baixo;PERSONAL;RENT
32;45000;0,0;5600;11,36;0,12;10;0,1244444444444444;1;2;0;0;0;0;1;0;1;0;0;0;0;0;0;0,0851746755637887;Muito Baixo;EDUCATION;RENT
22;48000;5,0;18000;10,99;0,38;2;0,375;0;2;0;0;0;0;1;0;1;0;0;0;0;1;1;0,9917417218397732;Muito Alto;EDUCATION;RENT
25;102996;4,0;20000;14,54;0,19;3;0,1941822983416831;1;4;1;1;0;0;0;1;0;0;0;0;0;1;1;0,9886620167599436;Muito Alto;DEBTCONSOLIDATION;MORTGAGE
22;61200;6,0;16000;16,45;0,22;4;0,261437908496732;1;5;0;1;0;0;0;0;0;0;1;0;0;1;1;0,9935487226124424;Muito Alto;MEDICAL;MORTGAGE
22;50000;2,0;18400;9,99;0,37;2;0,368;0;2;0;0;0;0;1;1;0;0;0;0;0;1;1;0,9691963871946044;Muito Alto;DEBTCONSOLIDATION;RENT
24;30000;0,0;10000;19,29;0,33;3;0,3333333333333333;1;5;1;0;0;0;1;0;0;0;0;1;0;1;1;0,9989464210112812;Muito Alto;PERSONAL;RENT
31;28000;1,0;3600;16,49;0,13;7;0,1285714285714285;1;4;0;0;0;0;1;0;0;1;0;0;0;1;1;0,9966738833873124;Muito Alto;HOMEIMPROVEMENT;RENT
25;50000;0,0;2600;6,03;0,05;3;0,052;0;1;0;1;0;0;0;1;0;0;0;0;0;0;0;0,0143578565949059;Muito Baixo;DEBTCONSOLIDATION;MORTGAGE
29;45000;8,0;18250;14,27;0,41;6;0,4055555555555555;1;3;0;0;0;0;1;0;0;0;1;0;0;1;1;0,9933426616461154;Muito Alto;MEDICAL;RENT
33;113000;15,0;5000;13,49;0,04;9;0,0442477876106194;1;3;1;1;0;0;0;0;0;0;1;0;0;0;0;0,0426128713617286;Muito Baixo;MEDICAL;MORTGAGE
36;82000;12,0;18000;13,22;0,22;17;0,2195121951219512;1;3;0;0;0;0;1;0;0;1;0;0;0;0;0;0,0915133468234898;Muito Baixo;HOMEIMPROVEMENT;RENT
31;35600;0,0;4000;13,61;0,11;5;0,1123595505617977;1;3;0;0;0;0;1;0;0;0;1;0;0;0;0;0,1174596815729774;Muito Baixo;MEDICAL;RENT
24;23000;4,0;5500;6,54;0,24;3;0,2391304347826087;0;1;0;0;0;0;1;0;0;0;1;0;0;0;0;0,0579375035772574;Muito Baixo;MEDICAL;RENT
23;72324;7,0;12000;10,99;0,17;3;0,1659200265472042;0;2;0;0;0;0;1;0;0;0;0;0;1;0;0;0,003164209690745;Muito Baixo;VENTURE;RENT
25;30000;9,0;3000;11,71;0,1;3;0,1;1;2;0;0;0;0;1;0;0;0;0;1;0;0;0;0,3663497120617787;Baixo;PERSONAL;RENT
25;144996;2,0;25000;16,35;0,17;2;0,1724185494772269;1;5;1;1;0;0;0;0;1;0;0;0;0;0;0;0,1209615633416772;Muito Baixo;EDUCATION;MORTGAGE
24;75000;3,0;16000;6,62;0,21;2;0,2133333333333333;0;1;0;1;0;0;0;0;0;0;0;0;1;0;0;0,0003792834732588;Muito Baixo;VENTURE;MORTGAGE
22;52000;6,0;6000;15,31;0,12;3;0,1153846153846153;1;4;1;1;0;0;0;0;0;0;0;0;1;1;0;0,1369453188343218;Muito Baixo;VENTURE;MORTGAGE
26;26400;6,0;6000;6,0;0,23;4;0,2272727272727272;0;3;0;0;0;0;1;0;0;0;1;0;0;0;0;0,0268094274770344;Muito Baixo;MEDICAL;RENT
44;61000;7,0;10000;14,11;0,16;12;0,1639344262295081;1;4;1;0;0;0;1;1;0;0;0;0;0;1;1;0,9795529395166208;Muito Alto;DEBTCONSOLIDATION;RENT
42;62000;2,0;8000;9,63;0,13;11;0,1290322580645161;0;2;0;0;0;0;1;0;0;0;0;1;0;0;0;0,0337495575236405;Muito Baixo;PERSONAL;RENT
27;56004;5,0;5000;7,74;0,09;7;0,0892793371902007;0;1;0;1;0;0;0;0;0;1;0;0;0;0;0;0,0859781366288874;Muito Baixo;HOMEIMPROVEMENT;MORTGAGE
29;130900;11,0;4800;11,71;0,04;9;0,0366692131398013;1;2;0;1;0;0;0;0;0;0;0;0;1;0;0;0,0027112647494658;Muito Baixo;VENTURE;MORTGAGE
28;47000;5,0;9000;12,42;0,19;8;0,1914893617021276;1;2;0;1;0;0;0;0;0;1;0;0;0;0;0;0,1819177123175324;Muito Baixo;HOMEIMPROVEMENT;MORTGAGE
23;30000;0,0;6000;8,49;0,2;3;0,2;0;1;0;0;0;0;1;0;1;0;0;0;0;0;0;0,1424564090604691;Muito Baixo;EDUCATION;RENT
22;32400;2,0;10400;14,84;0,32;2;0,3209876543209876;1;4;0;0;0;0;1;0;0;0;1;0;0;1;1;0,9996053702537832;Muito Alto;MEDICAL;RENT
26;90000;10,0;5175;11,99;0,06;2;0,0575;1;2;0;1;0;0;0;0;0;1;0;0;0;0;0;0,037838504115215;Muito Baixo;HOMEIMPROVEMENT;MORTGAGE
23;55000;7,0;1000;11,49;0,02;4;0,0181818181818181;1;2;0;0;0;1;0;0;0;0;0;0;1;0;0;1,988005151797028e-05;Muito Baixo;VENTURE;OWN
24;67000;2,0;12150;10,37;0,18;3;0,1813432835820895;0;2;0;1;0;0;0;0;0;1;0;0;0;0;0;0,05839837238964;Muito Baixo;HOMEIMPROVEMENT;MORTGAGE
29;60000;1,0;6000;14,79;0,1;9;0,1;1;3;0;0;0;0;1;0;0;1;0;0;0;0;0;0,1557281491260954;Muito Baixo;HOMEIMPROVEMENT;RENT
40;75000;6,0;15000;7,29;0,2;11;0,2;0;1;0;0;0;0;1;0;1;0;0;0;0;0;0;0,0148219495054515;Muito Baixo;EDUCATION;RENT
23;50000;7,0;5000;11,86;0,1;4;0,1;1;2;0;0;0;0;1;0;1;0;0;0;0;0;0;0,0677541316868413;Muito Baixo;EDUCATION;RENT
25;75000;9,0;7500;12,61;0,1;4;0,1;1;4;1;1;0;0;0;0;0;0;0;0;1;0;0;0,1270261475485181;Muito Baixo;VENTURE;MORTGAGE
25;125000;4,0;12000;7,88;0,1;3;0,096;0;1;0;0;0;1;0;0;0;0;0;0;1;0;0;8,263037771825732e-06;Muito Baixo;VENTURE;OWN
21;60000;0,0;16000;15,31;0,27;2;0,2666666666666666;1;4;0;0;0;1;0;0;0;0;0;0;1;0;0;0,0011512247760591;Muito Baixo;VENTURE;OWN
22;100000;6,0;3000;11,49;0,03;3;0,03;1;2;0;1;0;0;0;0;1;0;0;0;0;0;0;0,0235549819884658;Muito Baixo;EDUCATION;MORTGAGE
24;18000;5,0;3000;15,27;0,17;2;0,1666666666666666;1;3;0;0;0;0;1;0;1;0;0;0;0;1;1;0,9684001110952872;Muito Alto;EDUCATION;RENT
44;71000;11,0;9000;7,49;0,13;11;0,1267605633802817;0;1;0;1;0;0;0;0;1;0;0;0;0;0;0;0,019203932747614;Muito Baixo;EDUCATION;MORTGAGE
24;50000;7,0;1000;14,42;0,02;3;0,02;1;4;0;1;0;0;0;0;0;0;0;0;1;0;0;0,2359575321568204;Baixo;VENTURE;MORTGAGE
23;90000;0,0;20000;13,57;0,22;4;0,2222222222222222;1;3;0;0;0;0;1;1;0;0;0;0;0;0;0;0,0870391261531132;Muito Baixo;DEBTCONSOLIDATION;RENT
24;48000;4,0;3000;5,79;0,06;4;0,0625;0;1;0;0;0;1;0;0;1;0;0;0;0;0;0;0,0002759739487756;Muito Baixo;EDUCATION;OWN
31;66000;3,0;21000;10,37;0,32;10;0,3181818181818182;0;2;0;0;0;0;1;0;0;0;0;1;0;1;1;0,9936132909514388;Muito Alto;PERSONAL;RENT
33;41196;0,0;3300;12,99;0,08;7;0,0801048645499563;1;3;0;0;0;1;0;0;0;0;0;0;1;0;0;0,0005759015164131;Muito Baixo;VENTURE;OWN
24;69000;9,0;3000;11,11;0,04;2;0,0434782608695652;1;2;0;1;0;0;0;1;0;0;0;0;0;0;0;0,1418452370141772;Muito Baixo;DEBTCONSOLIDATION;MORTGAGE
23;80700;7,0;20000;11,71;0,25;2;0,2478314745972738;1;2;0;0;0;0;1;0;0;0;1;0;0;0;0;0,0703556466575477;Muito Baixo;MEDICAL;RENT
21;17500;0,0;4000;13,22;0,23;4;0,2285714285714285;1;3;1;0;0;0;1;1;0;0;0;0;0;1;1;0,9521562291126118;Muito Alto;DEBTCONSOLIDATION;RENT
39;40800;4,0;14000;16,0;0,34;17;0,3431372549019608;1;4;1;0;0;0;1;0;0;0;1;0;0;1;1;0,9925805171295636;Muito Alto;MEDICAL;RENT
23;70000;2,0;24000;8,9;0,34;4;0,3428571428571428;0;1;0;1;0;0;0;0;1;0;0;0;0;0;0;0,0350718036025981;Muito Baixo;EDUCATION;MORTGAGE
22;57500;4,0;5400;5,42;0,09;4;0,0939130434782608;0;1;0;0;0;0;1;0;0;0;1;0;0;0;0;0,0831518621146729;Muito Baixo;MEDICAL;RENT
29;70000;3,0;20000;10,99;0,29;8;0,2857142857142857;0;2;0;1;0;0;0;1;0;0;0;0;0;0;0;0,0425049647915195;Muito Baixo;DEBTCONSOLIDATION;MORTGAGE
31;305000;0,0;35000;17,58;0,11;10;0,1147540983606557;1;4;1;1;0;0;0;0;0;1;0;0;0;0;0;0,2041006264610169;Baixo;HOMEIMPROVEMENT;MORTGAGE
22;54000;6,0;9975;11,48;0,18;4;0,1847222222222222;1;2;0;0;0;0;1;0;1;0;0;0;0;1;0;0,2421549789031959;Baixo;EDUCATION;RENT
29;46400;0,0;12000;7,51;0,26;10;0,2586206896551724;0;1;0;1;0;0;0;0;1;0;0;0;0;0;0;0,0522225867788076;Muito Baixo;EDUCATION;MORTGAGE
24;50000;4,0;4000;7,49;0,08;2;0,08;0;1;0;1;0;0;0;0;0;0;1;0;0;0;0;0,0438153176082737;Muito Baixo;MEDICAL;MORTGAGE
39;70000;5,0;13000;11,99;0,19;17;0,1857142857142857;1;2;0;0;0;0;1;0;1;0;0;0;0;0;0;0,0561549965357985;Muito Baixo;EDUCATION;RENT
26;70000;3,0;6000;8,49;0,09;4;0,0857142857142857;0;1;0;0;0;0;1;0;0;0;0;1;0;0;0;0,0407387736283358;Muito Baixo;PERSONAL;RENT
30;110000;14,0;12000;13,57;0,11;10;0,109090909090909;1;3;1;0;0;1;0;0;0;0;0;1;0;0;0;0,0004272440233212;Muito Baixo;PERSONAL;OWN
28;51996;11,0;9600;9,07;0,18;7;0,1846295868912993;0;1;0;0;0;0;1;0;0;1;0;0;0;0;0;0,1658918113290858;Muito Baixo;HOMEIMPROVEMENT;RENT
27;58000;0,0;4500;14,72;0,08;5;0,0775862068965517;1;3;1;0;0;0;1;0;1;0;0;0;0;0;0;0,1758790863908288;Muito Baixo;EDUCATION;RENT
35;44000;3,0;5000;16,95;0,11;9;0,1136363636363636;1;5;1;0;0;0;1;0;0;0;0;1;0;1;1;0,5126113935635147;Moderado;PERSONAL;RENT
22;22800;1,0;9000;5,99;0,39;2;0,3947368421052631;0;1;0;0;0;1;0;0;0;0;1;0;0;0;0;0,0035759434106594;Muito Baixo;MEDICAL;OWN
29;54000;13,0;12000;11,99;0,22;8;0,2222222222222222;1;2;0;1;0;0;0;0;0;0;1;0;0;0;0;0,3700193693962587;Baixo;MEDICAL;MORTGAGE
25;29000;3,0;5000;15,7;0,17;3;0,1724137931034483;1;4;1;0;0;0;1;1;0;0;0;0;0;1;1;0,9971223775310324;Muito Alto;DEBTCONSOLIDATION;RENT
27;49200;4,0;4800;14,65;0,1;7;0,0975609756097561;1;3;0;0;0;0;1;1;0;0;0;0;0;0;0;0,2945709333208111;Baixo;DEBTCONSOLIDATION;RENT
23;20124;4,0;5950;13,49;0,3;3;0,2956668654343073;1;3;1;0;0;0;1;1;0;0;0;0;0;0;0;0,1445106923502734;Muito Baixo;DEBTCONSOLIDATION;RENT
27;42996;1,0;5000;13,61;0,12;6;0,1162898874313889;1;3;0;0;0;0;1;0;0;0;1;0;0;0;0;0,1170354237347308;Muito Baixo;MEDICAL;RENT
30;48000;12,0;15000;7,49;0,31;9;0,3125;0;1;0;1;0;0;0;0;0;0;0;1;0;0;0;0,1305122123160663;Muito Baixo;PERSONAL;MORTGAGE
31;85224;15,0;6000;10,0;0,07;9;0,070402703463813;0;2;0;0;0;1;0;0;0;0;0;1;0;0;0;0,000767923766615;Muito Baixo;PERSONAL;OWN
22;35000;1,0;5700;12,99;0,16;2;0,1628571428571428;1;3;1;0;0;0;1;0;1;0;0;0;0;0;0;0,0643396402473387;Muito Baixo;EDUCATION;RENT
32;48750;5,0;3000;13,49;0,06;7;0,0615384615384615;1;3;0;0;0;0;1;1;0;0;0;0;0;0;0;0,0856515192541958;Muito Baixo;DEBTCONSOLIDATION;RENT
31;25000;4,0;3000;8,9;0,12;8;0,12;0;1;0;1;0;0;0;1;0;0;0;0;0;0;0;0,116571156753321;Muito Baixo;DEBTCONSOLIDATION;MORTGAGE
22;100000;6,0;9000;10,99;0,09;2;0,09;0;2;0;1;0;0;0;0;1;0;0;0;0;0;0;0,0421592383621298;Muito Baixo;EDUCATION;MORTGAGE
29;35000;4,0;8300;7,9;0,24;7;0,2371428571428571;0;1;0;0;0;1;0;0;0;1;0;0;0;0;0;0,0009802990213269;Muito Baixo;HOMEIMPROVEMENT;OWN
25;63000;9,0;14000;12,42;0,22;2;0,2222222222222222;1;2;0;1;0;0;0;0;0;0;0;1;0;0;0;0,0929086558343312;Muito Baixo;PERSONAL;MORTGAGE
22;27600;0,0;6700;15,31;0,24;3;0,2427536231884058;1;4;0;0;0;0;1;0;0;0;0;0;1;1;1;0,9041826904745124;Muito Alto;VENTURE;RENT
25;22000;3,0;7200;5,79;0,33;2;0,3272727272727272;0;1;0;0;0;0;1;0;0;0;0;0;1;1;1;0,9955642718231158;Muito Alto;VENTURE;RENT
31;49000;6,0;5600;6,03;0,11;6;0,1142857142857142;0;1;0;0;0;0;1;0;0;0;0;1;0;0;0;0,0364372606483076;Muito Baixo;PERSONAL;RENT
25;25000;1,0;6000;16,4;0,24;2;0,24;1;5;0;0;0;0;1;1;0;0;0;0;0;1;1;0,999246646675563;Muito Alto;DEBTCONSOLIDATION;RENT
24;52800;1,0;8000;12,87;0,15;3;0,1515151515151515;1;3;1;0;0;0;1;0;0;0;1;0;0;0;0;0,0570076451512356;Muito Baixo;MEDICAL;RENT
34;60000;6,0;10500;15,68;0,17;9;0,175;1;5;1;1;0;0;0;0;0;0;0;1;0;0;0;0,0716282106696872;Muito Baixo;PERSONAL;MORTGAGE
29;66352;5,0;7000;7,88;0,11;5;0,1054979503255365;0;1;0;1;0;0;0;0;0;1;0;0;0;0;0;0,0389337853504708;Muito Baixo;HOMEIMPROVEMENT;MORTGAGE
24;20160;3,0;1500;13,35;0,07;4;0,0744047619047619;1;3;0;0;0;0;1;0;0;0;1;0;0;0;0;0,3146631861060389;Baixo;MEDICAL;RENT
23;60000;7,0;10500;7,49;0,17;4;0,175;0;1;0;1;0;0;0;0;1;0;0;0;0;0;0;0,0207130777250002;Muito Baixo;EDUCATION;MORTGAGE
29;24000;0,0;1000;9,99;0,04;7;0,0416666666666666;0;2;0;0;0;0;1;0;0;0;1;0;0;0;0;0,0555436789987058;Muito Baixo;MEDICAL;RENT
25;55784;2,0;18500;13,61;0,33;3;0,3316363114871647;1;3;0;0;0;0;1;1;0;0;0;0;0;1;1;0,9908565014901562;Muito Alto;DEBTCONSOLIDATION;RENT
39;17721;0,0;3975;11,97;0,22;15;0,2243101405112578;1;3;1;0;0;1;0;1;0;0;0;0;0;1;1;0,9977999145527164;Muito Alto;DEBTCONSOLIDATION;OWN
34;63000;9,0;18000;11,49;0,29;9;0,2857142857142857;1;2;0;1;0;0;0;1;0;0;0;0;0;0;0;0,1195479105535778;Muito Baixo;DEBTCONSOLIDATION;MORTGAGE
28;48000;1,0;2650;11,26;0,06;6;0,0552083333333333;1;2;0;0;0;0;1;0;0;0;0;0;1;0;0;0,0019132449458561;Muito Baixo;VENTURE;RENT
26;27983;7,0;6000;7,88;0,21;3;0,214415895365043;0;1;0;1;0;0;0;0;0;0;0;0;1;0;0;0,0011432656445856;Muito Baixo;VENTURE;MORTGAGE
36;38795;4,0;2000;10,99;0,05;13;0,0515530351849465;0;2;0;1;0;0;0;0;0;1;0;0;0;0;0;0,2393302046881532;Baixo;HOMEIMPROVEMENT;MORTGAGE
24;66000;3,0;25000;9,91;0,38;2;0,3787878787878788;0;2;0;0;0;0;1;0;1;0;0;0;0;1;1;0,9931794887920584;Muito Alto;EDUCATION;RENT
24;78000;0,0;5000;6,62;0,06;4;0,0641025641025641;0;1;0;1;0;0;0;0;0;1;0;0;0;0;0;0,129215564539929;Muito Baixo;HOMEIMPROVEMENT;MORTGAGE
29;56033;7,0;16000;14,65;0,29;6;0,2855460175253868;1;3;0;1;0;0;0;0;0;0;0;0;1;0;0;0,2461012385675365;Baixo;VENTURE;MORTGAGE
28;110000;12,0;6000;6,03;0,05;5;0,0545454545454545;0;1;0;1;0;0;0;0;0;0;1;0;0;0;0;0,0019653101553328;Muito Baixo;MEDICAL;MORTGAGE
25;45000;9,0;3000;6,17;0,07;4;0,0666666666666666;0;1;0;0;0;1;0;0;0;0;1;0;0;0;0;0,0001891157366232;Muito Baixo;MEDICAL;OWN
34;54000;18,0;4000;6,39;0,07;5;0,074074074074074;0;1;0;1;0;0;0;0;0;1;0;0;0;0;0;0,0828689251271135;Muito Baixo;HOMEIMPROVEMENT;MORTGAGE
53;85000;2,0;8000;7,74;0,09;28;0,0941176470588235;0;1;0;0;0;0;1;0;0;0;1;0;0;0;0;0,011926120084597;Muito Baixo;MEDICAL;RENT
27;125000;11,0;15975;12,72;0,13;8;0,1278;1;3;1;1;0;0;0;0;0;0;0;1;0;0;0;0,0488036147893841;Muito Baixo;PERSONAL;MORTGAGE
24;47000;3,0;24000;17,8;0,51;2;0,5106382978723404;1;6;0;0;0;0;1;0;0;0;0;1;0;1;1;0,9965772905963698;Muito Alto;PERSONAL;RENT
23;57000;0,0;12000;13,48;0,21;4;0,2105263157894736;1;3;0;0;0;0;1;0;1;0;0;0;0;0;0;0,0687059195300105;Muito Baixo;EDUCATION;RENT
32;249996;4,0;14000;12,99;0,06;8;0,0560008960143362;1;3;0;1;0;0;0;0;0;0;0;1;0;0;0;0,0390871481498412;Muito Baixo;PERSONAL;MORTGAGE
24;35000;8,0;7000;12,69;0,2;2;0,2;1;2;0;0;0;0;1;0;0;0;1;0;0;0;0;0,0777851580381993;Muito Baixo;MEDICAL;RENT
30;200000;0,0;10000;8,59;0,05;7;0,05;0;1;0;1;0;0;0;0;0;1;0;0;0;0;0;0,0501580196824995;Muito Baixo;HOMEIMPROVEMENT;MORTGAGE
24;79400;8,0;12000;9,88;0,15;4;0,1511335012594458;0;2;0;1;0;0;0;0;0;1;0;0;0;0;0;0,104907456811754;Muito Baixo;HOMEIMPROVEMENT;MORTGAGE
24;38000;8,0;4500;10,83;0,12;2;0,1184210526315789;0;2;0;0;0;0;1;0;0;0;1;0;0;0;0;0,0979449674963524;Muito Baixo;MEDICAL;RENT
23;36000;7,0;4800;13,06;0,13;2;0,1333333333333333;1;3;1;1;0;0;0;0;0;0;0;0;1;0;0;0,0960913673734833;Muito Baixo;VENTURE;MORTGAGE
41;61000;7,0;15000;10,99;0,25;11;0,2459016393442623;0;2;0;1;0;0;0;1;0;0;0;0;0;0;0;0,0682295933110668;Muito Baixo;DEBTCONSOLIDATION;MORTGAGE
23;168000;6,0;15750;10,75;0,09;2;0,09375;0;2;0;1;0;0;0;0;0;0;0;1;0;0;0;0,0401302864387905;Muito Baixo;PERSONAL;MORTGAGE
27;30000;4,0;8650;8,94;0,29;6;0,2883333333333333;0;1;0;0;0;0;1;0;0;0;0;1;0;0;0;0,3489068142278571;Baixo;PERSONAL;RENT
24;78000;1,0;3500;11,83;0,04;3;0,0448717948717948;1;2;0;0;0;0;1;1;0;0;0;0;0;1;0;0,1751182457697035;Muito Baixo;DEBTCONSOLIDATION;RENT
22;54000;3,0;9000;7,51;0,17;3;0,1666666666666666;0;1;0;1;0;0;0;0;0;0;0;1;0;0;0;0,0810086497387663;Muito Baixo;PERSONAL;MORTGAGE
26;84996;4,0;3600;11,99;0,04;2;0,0423549343498517;1;2;0;0;0;0;1;0;1;0;0;0;0;0;0;0,0458639256459604;Muito Baixo;EDUCATION;RENT
28;41600;0,0;13000;11,58;0,31;9;0,3125;1;2;0;0;0;1;0;0;0;0;0;0;1;0;0;0,0002488111911201;Muito Baixo;VENTURE;OWN
23;36000;2,0;17500;14,22;0,49;4;0,4861111111111111;1;3;0;0;0;0;1;0;0;0;0;0;1;1;1;0,9923041394995464;Muito Alto;VENTURE;RENT
25;73000;9,0;13600;11,99;0,19;2;0,1863013698630137;1;2;0;0;0;0;1;0;0;0;0;1;0;0;0;0,1631998850649644;Muito Baixo;PERSONAL;RENT
24;57000;8,0;20000;19,13;0,35;3;0,3508771929824561;1;6;1;1;0;0;0;0;0;0;1;0;0;1;1;0,9768853647984838;Muito Alto;MEDICAL;MORTGAGE
25;60000;2,0;20000;10,99;0,33;4;0,3333333333333333;0;2;0;0;0;0;1;0;1;0;0;0;0;1;1;0,9864365881296604;Muito Alto;EDUCATION;RENT
24;99000;8,0;12250;9,88;0,12;2;0,1237373737373737;0;2;0;1;0;0;0;0;1;0;0;0;0;0;0;0,0383958156960709;Muito Baixo;EDUCATION;MORTGAGE
22;52000;6,0;12000;11,99;0,23;3;0,2307692307692307;1;2;0;0;0;0;1;0;1;0;0;0;0;0;0;0,0650814686418557;Muito Baixo;EDUCATION;RENT
27;60000;3,0;10000;12,53;0,17;10;0,1666666666666666;1;2;0;1;0;0;0;0;0;1;0;0;0;0;0;0,0394785874143328;Muito Baixo;HOMEIMPROVEMENT;MORTGAGE
23;30000;4,0;7000;7,49;0,23;3;0,2333333333333333;0;1;0;0;0;1;0;0;0;0;0;0;1;0;0;4,4800585047007135e-05;Muito Baixo;VENTURE;OWN
26;25000;7,0;11500;7,88;0,46;3;0,46;0;1;0;0;0;1;0;0;0;0;0;0;1;0;0;0,0002957551974142;Muito Baixo;VENTURE;OWN
27;42000;0,0;4200;6,76;0,1;7;0,1;0;1;0;1;0;0;0;0;0;1;0;0;0;0;0;0,0448124857128281;Muito Baixo;HOMEIMPROVEMENT;MORTGAGE
27;235000;5,0;28000;15,96;0,12;9;0,1191489361702127;1;3;0;1;0;0;0;0;0;0;0;1;0;0;0;0,1188397262191764;Muito Baixo;PERSONAL;MORTGAGE
23;140000;0,0;3500;5,79;0,03;3;0,025;0;1;0;1;0;0;0;0;1;0;0;0;0;0;0;0,0011252684242501;Muito Baixo;EDUCATION;MORTGAGE
23;44000;2,0;3000;9,25;0,07;3;0,0681818181818181;0;2;0;0;0;0;1;0;0;0;1;0;0;0;0;0,141106407284026;Muito Baixo;MEDICAL;RENT
30;54996;4,0;8000;5,79;0,15;10;0,1454651247363444;0;1;0;0;0;0;1;1;0;0;0;0;0;0;0;0,0187139688675507;Muito Baixo;DEBTCONSOLIDATION;RENT
24;40000;1,0;9000;8,94;0,23;3;0,225;0;1;0;0;0;1;0;0;0;1;0;0;0;0;0;0,0011285614911942;Muito Baixo;HOMEIMPROVEMENT;OWN
31;105600;5,0;17700;10,99;0,17;6;0,1676136363636363;0;2;0;0;0;0;1;1;0;0;0;0;0;0;0;0,0480398672416117;Muito Baixo;DEBTCONSOLIDATION;RENT
26;87000;10,0;10000;9,99;0,11;3;0,1149425287356321;0;2;0;1;0;0;0;1;0;0;0;0;0;0;0;0,051651022677954;Muito Baixo;DEBTCONSOLIDATION;MORTGAGE
35;106369;2,0;8325;6,99;0,08;10;0,0782652840583252;0;1;0;1;0;0;0;0;0;0;0;0;1;0;0;0,0004314656229176;Muito Baixo;VENTURE;MORTGAGE
33;75000;2,0;7500;10,08;0,1;9;0,1;0;2;0;1;0;0;0;1;0;0;0;0;0;1;0;0,0309595780874148;Muito Baixo;DEBTCONSOLIDATION;MORTGAGE
30;66000;14,0;11200;13,49;0,17;6;0,1696969696969697;1;3;0;1;0;0;0;1;0;0;0;0;0;1;0;0,1617744370681006;Muito Baixo;DEBTCONSOLIDATION;MORTGAGE
23;110000;7,0;20000;11,14;0,18;3;0,1818181818181818;1;2;0;1;0;0;0;0;0;0;0;0;1;0;0;0,0008643986940218;Muito Baixo;VENTURE;MORTGAGE
22;53832;2,0;11700;12,87;0,22;2;0,2173428444048149;1;3;0;1;0;0;0;0;0;0;1;0;0;0;0;0,3249892751345919;Baixo;MEDICAL;MORTGAGE
21;41033;2,0;5700;12,99;0,14;4;0,1389125825555041;1;3;0;1;0;0;0;1;0;0;0;0;0;0;0;0,10387411398307;Muito Baixo;DEBTCONSOLIDATION;MORTGAGE
27;85000;9,0;24000;11,71;0,28;10;0,2823529411764706;1;2;0;1;0;0;0;0;0;0;1;0;0;0;0;0,0500333695265325;Muito Baixo;MEDICAL;MORTGAGE
21;52000;5,0;7000;7,49;0,13;4;0,1346153846153846;0;1;0;0;0;0;1;0;1;0;0;0;0;0;0;0,0201066215653051;Muito Baixo;EDUCATION;RENT
25;100000;9,0;15000;12,73;0,15;4;0,15;1;3;1;1;0;0;0;0;0;0;1;0;0;0;0;0,0430521209866417;Muito Baixo;MEDICAL;MORTGAGE
23;44160;4,0;10000;14,27;0,23;3;0,2264492753623188;1;3;1;0;0;0;1;0;1;0;0;0;0;0;0;0,2615102493349412;Baixo;EDUCATION;RENT
23;28000;7,0;1500;14,17;0,05;4;0,0535714285714285;1;3;1;0;0;0;1;0;0;0;0;1;0;0;1;0,5229860281531471;Moderado;PERSONAL;RENT
27;185232;10,0;35000;7,49;0,19;8;0,188952232875529;0;1;0;1;0;0;0;0;0;0;0;1;0;0;0;0,0127716332028903;Muito Baixo;PERSONAL;MORTGAGE
23;66000;0,0;9200;11,86;0,14;2;0,1393939393939394;1;2;0;0;0;0;1;0;0;0;1;0;0;0;0;0,0512046781780045;Muito Baixo;MEDICAL;RENT
22;60000;7,0;12000;10,0;0,2;3;0,2;0;2;0;1;0;0;0;0;0;0;0;1;0;0;0;0,0527634632403787;Muito Baixo;PERSONAL;MORTGAGE
35;81000;15,0;5400;10,99;0,07;5;0,0666666666666666;0;2;0;1;0;0;0;1;0;0;0;0;0;0;0;0,0452381655296099;Muito Baixo;DEBTCONSOLIDATION;MORTGAGE
22;60000;3,0;6500;9,25;0,11;2;0,1083333333333333;0;2;0;0;0;0;1;0;0;0;0;1;0;0;0;0,0344568690001525;Muito Baixo;PERSONAL;RENT
26;14400;1,0;1500;9,25;0,1;4;0,1041666666666666;0;2;0;0;0;0;1;0;0;0;0;1;0;0;1;0,6328070191117778;Alto;PERSONAL;RENT
25;138000;3,0;9000;12,22;0,07;3;0,0652173913043478;1;3;0;1;0;0;0;0;1;0;0;0;0;0;0;0,116690022946915;Muito Baixo;EDUCATION;MORTGAGE
24;13200;1,0;4000;5,79;0,3;3;0,303030303030303;0;1;0;0;0;0;1;0;1;0;0;0;0;1;1;0,9729670022868164;Muito Alto;EDUCATION;RENT
28;90000;7,0;12000;8,32;0,13;8;0,1333333333333333;0;1;0;1;0;0;0;0;1;0;0;0;0;0;0;0,0264150574680438;Muito Baixo;EDUCATION;MORTGAGE
40;60000;1,0;3500;12,99;0,06;14;0,0583333333333333;1;3;1;1;0;0;0;0;0;1;0;0;0;0;0;0,0321409705371325;Muito Baixo;HOMEIMPROVEMENT;MORTGAGE
27;32496;4,0;9200;11,86;0,28;8;0,2831117676021664;1;2;0;0;0;1;0;0;0;0;0;0;1;0;0;7,694845219304554e-05;Muito Baixo;VENTURE;OWN
28;107364;12,0;8000;6,76;0,07;9;0,074512872098655;0;1;0;1;0;0;0;1;0;0;0;0;0;0;0;0,0128417861190398;Muito Baixo;DEBTCONSOLIDATION;MORTGAGE
28;104000;12,0;20000;15,31;0,19;9;0,1923076923076923;1;4;0;1;0;0;0;0;0;0;0;1;0;0;0;0,0852310135456451;Muito Baixo;PERSONAL;MORTGAGE
22;58000;4,0;11050;6,54;0,19;4;0,1905172413793103;0;1;0;1;0;0;0;0;0;0;1;0;0;0;0;0,081026026671155;Muito Baixo;MEDICAL;MORTGAGE
23;37700;7,0;10000;9,63;0,27;3;0,2652519893899204;0;1;0;1;0;0;0;1;0;0;0;0;0;1;0;0,1095170901688122;Muito Baixo;DEBTCONSOLIDATION;MORTGAGE
27;38500;0,0;11500;12,42;0,3;9;0,2987012987012987;1;2;0;0;0;0;1;1;0;0;0;0;0;0;0;0,1055744069965522;Muito Baixo;DEBTCONSOLIDATION;RENT
30;25800;7,0;6000;5,99;0,23;6;0,2325581395348837;0;1;0;1;0;0;0;1;0;0;0;0;0;0;0;0,06957198820119;Muito Baixo;DEBTCONSOLIDATION;MORTGAGE
26;148000;3,0;7500;18,39;0,05;3;0,0506756756756756;1;5;1;1;0;0;0;1;0;0;0;0;0;1;1;0,9864833287882256;Muito Alto;DEBTCONSOLIDATION;MORTGAGE
25;47000;9,0;7000;7,51;0,15;4;0,1489361702127659;0;1;0;0;0;1;0;0;0;0;0;1;0;0;0;0,0007435217146449;Muito Baixo;PERSONAL;OWN
22;25000;2,0;7000;13,85;0,28;3;0,28;1;3;1;0;0;0;1;0;0;0;0;1;0;0;0;0,2375986553756346;Baixo;PERSONAL;RENT
27;44000;4,0;2000;13,35;0,05;5;0,0454545454545454;1;3;0;0;0;1;0;0;0;0;0;1;0;0;0;0,0020214385573981;Muito Baixo;PERSONAL;OWN
24;67000;5,0;20000;13,48;0,3;2;0,2985074626865671;1;3;1;0;0;0;1;0;0;1;0;0;0;0;0;0,1954201084342033;Muito Baixo;HOMEIMPROVEMENT;RENT
27;47000;2,0;4000;15,33;0,09;10;0,0851063829787234;1;4;1;0;0;0;1;0;0;1;0;0;0;1;1;0,9687516034329352;Muito Alto;HOMEIMPROVEMENT;RENT
22;61300;4,0;13000;9,63;0,21;3;0,2120717781402936;0;1;0;1;0;0;0;0;0;0;0;0;1;0;0;0,0009933628999505;Muito Baixo;VENTURE;MORTGAGE
22;25200;7,0;7500;14,96;0,3;3;0,2976190476190476;1;4;0;0;0;0;1;1;0;0;0;0;0;1;1;0,9912184892147026;Muito Alto;DEBTCONSOLIDATION;RENT
26;77368;1,0;15000;10,0;0,19;3;0,1938786061420742;0;2;0;0;0;0;1;0;0;0;0;0;1;0;0;0,00247750879972;Muito Baixo;VENTURE;RENT
29;48504;0,0;5000;13,98;0,1;5;0,103084281708725;1;3;1;0;0;0;1;1;0;0;0;0;0;0;0;0,110330273773232;Muito Baixo;DEBTCONSOLIDATION;RENT
25;69000;3,0;10000;14,09;0,14;2;0,144927536231884;1;4;1;0;0;0;1;0;0;1;0;0;0;1;0;0,2938760458838028;Baixo;HOMEIMPROVEMENT;RENT
41;100000;3,0;12000;10,74;0,12;12;0,12;0;2;0;0;0;0;1;0;0;0;0;0;1;0;0;0,001195238383097;Muito Baixo;VENTURE;RENT
23;85000;7,0;20000;13,22;0,24;4;0,2352941176470588;1;3;1;1;0;0;0;0;1;0;0;0;0;0;0;0,0328488173491689;Muito Baixo;EDUCATION;MORTGAGE
23;24960;0,0;10000;9,64;0,4;4;0,4006410256410256;0;2;0;0;0;0;1;0;0;0;0;1;0;1;1;0,9940388661807162;Muito Alto;PERSONAL;RENT
35;60000;12,0;16000;15,96;0,27;5;0,2666666666666666;1;3;1;1;0;0;0;0;0;0;1;0;0;0;0;0,3374644094331155;Baixo;MEDICAL;MORTGAGE
28;34000;3,0;3000;10,37;0,09;10;0,088235294117647;0;2;0;0;0;0;1;0;0;0;1;0;0;1;0;0,3022754182796757;Baixo;MEDICAL;RENT
21;27996;2,0;14075;10,99;0,5;2;0,5027503929132733;0;2;0;0;0;0;1;0;0;0;0;0;1;1;1;0,998734582794445;Muito Alto;VENTURE;RENT
28;100000;4,0;25000;15,31;0,25;6;0,25;1;4;0;1;0;0;0;0;0;0;0;0;1;1;0;0,1244029691586312;Muito Baixo;VENTURE;MORTGAGE
24;59000;3,0;6800;12,53;0,12;2;0,1152542372881356;1;3;0;1;0;0;0;0;1;0;0;0;0;1;0;0,1808768590165102;Muito Baixo;EDUCATION;MORTGAGE
25;80000;9,0;14000;15,62;0,17;4;0,175;1;4;1;1;0;0;0;0;0;0;0;0;1;0;0;0,0542338152826595;Muito Baixo;VENTURE;MORTGAGE
32;39000;4,0;16700;7,51;0,43;8;0,4282051282051282;0;1;0;1;0;0;0;0;0;0;0;0;1;0;0;0,0054899110877249;Muito Baixo;VENTURE;MORTGAGE
25;136000;1,0;8000;12,87;0,06;3;0,0588235294117647;1;3;0;1;0;0;0;1;0;0;0;0;0;0;0;0,0653044023995303;Muito Baixo;DEBTCONSOLIDATION;MORTGAGE
25;54000;1,0;6000;6,17;0,11;4;0,1111111111111111;0;1;0;1;0;0;0;0;1;0;0;0;0;0;0;0,0559943878799629;Muito Baixo;EDUCATION;MORTGAGE
27;60000;3,0;5075;5,99;0,08;8;0,0845833333333333;0;1;0;1;0;0;0;0;1;0;0;0;0;0;0;0,0379703750843921;Muito Baixo;EDUCATION;MORTGAGE
42;52400;14,0;21000;10,38;0,4;13;0,4007633587786259;0;2;0;1;0;0;0;0;0;1;0;0;0;0;0;0,061753457785837;Muito Baixo;HOMEIMPROVEMENT;MORTGAGE
30;49110;2,0;19775;12,42;0,4;9;0,4026674811647322;1;2;0;0;0;0;1;0;0;0;0;1;0;1;1;0,9974207377866832;Muito Alto;PERSONAL;RENT
21;48000;5,0;7350;10,65;0,15;2;0,153125;0;2;0;1;0;0;0;0;0;0;0;0;1;0;0;0,001030937324958;Muito Baixo;VENTURE;MORTGAGE
25;100000;9,0;20000;13,06;0,2;3;0,2;1;3;1;0;0;0;1;0;0;0;0;1;0;0;0;0,057486135664495;Muito Baixo;PERSONAL;RENT
21;60000;5,0;10000;12,18;0,17;4;0,1666666666666666;1;2;0;0;0;0;1;0;0;0;1;0;0;0;0;0,0496356268509997;Muito Baixo;MEDICAL;RENT
22;35000;6,0;5000;11,14;0,14;2;0,1428571428571428;1;2;0;0;0;1;0;0;0;0;1;0;0;0;0;0,0009823656139077;Muito Baixo;MEDICAL;OWN
24;61284;3,0;15000;18,25;0,24;4;0,2447620912473076;1;4;1;0;0;0;1;0;0;1;0;0;0;0;0;0,2020338634013456;Baixo;HOMEIMPROVEMENT;RENT
23;82000;0,0;14400;7,49;0,18;2;0,1756097560975609;0;1;0;1;0;0;0;0;0;0;1;0;0;0;0;0,0183559116483181;Muito Baixo;MEDICAL;MORTGAGE
26;36000;2,0;15000;7,66;0,42;3;0,4166666666666667;0;1;0;0;0;0;1;0;0;0;0;1;0;1;1;0,9965374462878976;Muito Alto;PERSONAL;RENT
29;54996;1,0;10000;9,99;0,18;10;0,1818314059204305;0;2;0;0;0;0;1;0;0;0;0;0;1;0;0;0,0009826789141737;Muito Baixo;VENTURE;RENT
24;140300;6,0;6000;11,14;0,04;3;0,0427655024946543;1;2;0;1;0;0;0;1;0;0;0;0;0;0;0;0,0343665827233434;Muito Baixo;DEBTCONSOLIDATION;MORTGAGE
29;40800;2,0;3500;11,97;0,09;9;0,0857843137254902;1;3;1;0;0;0;1;1;0;0;0;0;0;0;0;0,1272947091319798;Muito Baixo;DEBTCONSOLIDATION;RENT
22;29000;6,0;10000;7,29;0,34;3;0,3448275862068966;0;1;0;0;0;0;1;0;0;0;1;0;0;1;1;0,9969333469423082;Muito Alto;MEDICAL;RENT
31;30000;2,0;2000;7,9;0,07;10;0,0666666666666666;0;1;0;1;0;0;0;0;0;0;0;1;0;0;0;0,0871815708940869;Muito Baixo;PERSONAL;MORTGAGE
29;145000;0,0;14000;16,77;0,1;5;0,096551724137931;1;4;1;1;0;0;0;0;0;0;0;0;1;0;0;0,1676324231643481;Muito Baixo;VENTURE;MORTGAGE
26;35000;4,0;7200;11,11;0,21;4;0,2057142857142857;1;2;0;0;0;1;0;0;0;0;0;1;0;0;0;0,0003632195862324;Muito Baixo;PERSONAL;OWN
29;43200;13,0;4625;5,42;0,11;6;0,1070601851851851;0;1;0;0;0;1;0;0;0;0;0;1;0;0;0;0,0002808622677688;Muito Baixo;PERSONAL;OWN
24;50000;2,0;12500;9,32;0,25;3;0,25;0;1;0;1;0;0;0;0;1;0;0;0;0;0;0;0,0370834266459138;Muito Baixo;EDUCATION;MORTGAGE
35;34000;4,0;12800;8,94;0,38;7;0,3764705882352941;0;1;0;1;0;0;0;1;0;0;0;0;0;0;0;0,1947364687683998;Muito Baixo;DEBTCONSOLIDATION;MORTGAGE
28;63000;0,0;5000;13,67;0,08;7;0,0793650793650793;1;4;1;1;0;0;0;0;1;0;0;0;0;0;0;0,3059998098966807;Baixo;EDUCATION;MORTGAGE
25;69000;5,0;8500;6,92;0,12;4;0,1231884057971014;0;1;0;0;0;0;1;0;0;1;0;0;0;1;0;0,0513092174380737;Muito Baixo;HOMEIMPROVEMENT;RENT
22;28150;0,0;1600;6,39;0,06;4;0,0568383658969804;0;1;0;0;0;0;1;0;0;0;1;0;0;0;0;0,0304205962290314;Muito Baixo;MEDICAL;RENT
25;51000;6,0;3000;13,99;0,06;2;0,0588235294117647;1;3;0;1;0;0;0;0;1;0;0;0;0;0;0;0,152007240737523;Muito Baixo;EDUCATION;MORTGAGE
21;38000;3,0;10000;12,18;0,26;3;0,2631578947368421;1;2;0;0;0;0;1;0;0;0;0;1;0;0;0;0,1769582167961488;Muito Baixo;PERSONAL;RENT
25;37200;6,0;7000;7,14;0,19;4;0,1881720430107527;0;1;0;0;0;0;1;0;0;0;0;0;1;0;0;0,0027915582096895;Muito Baixo;VENTURE;RENT
21;96000;1,0;7000;12,53;0,07;4;0,0729166666666666;1;2;0;0;0;1;0;0;1;0;0;0;0;0;0;0,0002941108335487;Muito Baixo;EDUCATION;OWN
22;42000;6,0;4800;7,49;0,11;3;0,1142857142857142;0;1;0;0;0;1;0;0;0;0;0;0;1;0;0;1,725411853198896e-05;Muito Baixo;VENTURE;OWN
25;49700;2,0;7200;10,38;0,14;2;0,1448692152917505;0;2;0;0;0;0;1;0;0;0;0;1;0;1;0;0,0936285644356629;Muito Baixo;PERSONAL;RENT
33;70000;3,0;20000;12,84;0,29;7;0,2857142857142857;1;3;1;1;0;0;0;0;0;0;0;0;1;0;0;0,0581086675815142;Muito Baixo;VENTURE;MORTGAGE
26;29136;0,0;10100;13,55;0,35;4;0,3466501922020867;1;4;1;0;0;0;1;0;0;0;0;1;0;1;1;0,9987353696987474;Muito Alto;PERSONAL;RENT
22;40906;4,0;7500;9,63;0,18;2;0,1833471862318486;0;2;0;0;0;0;1;0;0;0;0;0;1;0;0;0,0024501838644022;Muito Baixo;VENTURE;RENT
34;55000;6,0;2500;13,49;0,05;5;0,0454545454545454;1;3;0;1;0;0;0;0;0;0;0;1;0;0;0;0,0717376191444253;Muito Baixo;PERSONAL;MORTGAGE
30;25716;1,0;3000;13,72;0,12;10;0,1166588894073728;1;3;0;0;0;0;1;0;0;0;0;1;0;0;0;0,3390960371622076;Baixo;PERSONAL;RENT
27;70176;3,0;9000;7,88;0,13;8;0,1282489740082079;0;1;0;0;0;0;1;0;0;0;0;0;1;0;0;0,0009604238199102;Muito Baixo;VENTURE;RENT
31;96588;2,0;20000;10,95;0,21;9;0,2070650598418023;0;2;0;0;0;0;1;0;0;1;0;0;0;0;0;0,1742980668811151;Muito Baixo;HOMEIMPROVEMENT;RENT
24;155000;5,0;12000;7,49;0,08;4;0,0774193548387096;0;1;0;1;0;0;0;0;0;0;0;1;0;0;0;0,0142976967178805;Muito Baixo;PERSONAL;MORTGAGE
28;75000;12,0;15250;11,34;0,2;5;0,2033333333333333;1;3;0;1;0;0;0;0;0;0;0;0;1;0;0;0,0583757961956321;Muito Baixo;VENTURE;MORTGAGE
47;126000;1,0;10000;6,91;0,08;17;0,0793650793650793;0;1;0;0;0;0;1;0;0;0;1;0;0;0;0;0,0222522515424799;Muito Baixo;MEDICAL;RENT
35;30000;2,0;3300;5,99;0,11;6;0,11;0;1;0;1;0;0;0;0;1;0;0;0;0;0;0;0,0530812940686569;Muito Baixo;EDUCATION;MORTGAGE
29;75000;2,0;4000;8,49;0,05;6;0,0533333333333333;0;1;0;0;0;0;1;1;0;0;0;0;0;0;0;0,0279388896510955;Muito Baixo;DEBTCONSOLIDATION;RENT
28;186480;12,0;10000;14,22;0,05;9;0,0536250536250536;1;3;1;1;0;0;0;0;0;0;1;0;0;0;0;0,0962152911881525;Muito Baixo;MEDICAL;MORTGAGE
25;60000;0,0;7000;9,25;0,12;4;0,1166666666666666;0;2;0;0;0;0;1;1;0;0;0;0;0;0;0;0,0215858156815836;Muito Baixo;DEBTCONSOLIDATION;RENT
25;108000;10,0;24250;10,75;0,22;2;0,224537037037037;0;2;0;1;0;0;0;0;0;1;0;0;0;0;0;0,0467087458270889;Muito Baixo;HOMEIMPROVEMENT;MORTGAGE
30;63500;9,0;12000;15,33;0,19;9;0,1889763779527559;1;4;1;1;0;0;0;0;0;0;0;0;1;0;0;0,2705178334743555;Baixo;VENTURE;MORTGAGE
25;100000;0,0;15000;6,03;0,15;3;0,15;0;1;0;1;0;0;0;0;1;0;0;0;0;0;0;0,0068959251794294;Muito Baixo;EDUCATION;MORTGAGE
23;27996;3,0;5500;12,53;0,2;2;0,1964566366623803;1;3;0;0;0;0;1;0;0;0;1;0;0;0;0;0,1101507863882946;Muito Baixo;MEDICAL;RENT
22;73063;4,0;11200;13,48;0,15;2;0,153292364124112;1;3;1;1;0;0;0;0;0;0;0;1;0;0;0;0,1291873191244209;Muito Baixo;PERSONAL;MORTGAGE
30;77500;2,0;9000;7,88;0,12;7;0,1161290322580645;0;1;0;1;0;0;0;1;0;0;0;0;0;0;0;0,0217750407977417;Muito Baixo;DEBTCONSOLIDATION;MORTGAGE
31;30000;1,0;15000;10,0;0,5;6;0,5;0;2;0;0;0;0;1;0;0;1;0;0;0;1;1;0,9992421093519612;Muito Alto;HOMEIMPROVEMENT;RENT
55;28800;1,0;5000;15,33;0,17;22;0,1736111111111111;1;4;0;0;0;1;0;0;0;0;0;1;0;0;0;0,0009131862317928;Muito Baixo;PERSONAL;OWN
26;20004;4,0;3600;10,99;0,18;4;0,1799640071985603;0;2;0;1;0;0;0;0;0;1;0;0;0;0;0;0,1621505703705359;Muito Baixo;HOMEIMPROVEMENT;MORTGAGE
25;41000;9,0;5000;11,71;0,12;2;0,1219512195121951;1;2;0;0;0;0;1;0;0;0;1;0;0;0;0;0,1497857246111625;Muito Baixo;MEDICAL;RENT
28;45000;1,0;10000;9,91;0,22;5;0,2222222222222222;0;2;0;0;0;0;1;0;0;0;1;0;0;0;0;0,0333719646921956;Muito Baixo;MEDICAL;RENT
36;43000;12,0;13600;15,58;0,32;12;0,3162790697674418;1;4;1;0;0;0;1;1;0;0;0;0;0;1;1;0,99946124049263;Muito Alto;DEBTCONSOLIDATION;RENT
27;54120;2,0;6000;11,36;0,11;6;0,1108647450110864;1;2;0;1;0;0;0;0;0;0;0;0;1;0;0;0,0021597829399599;Muito Baixo;VENTURE;MORTGAGE
26;95000;10,0;6600;7,51;0,07;4;0,0694736842105263;0;1;0;1;0;0;0;0;0;0;0;1;0;0;0;0,0117081528096917;Muito Baixo;PERSONAL;MORTGAGE
25;29000;0,0;6000;13,49;0,21;3;0,2068965517241379;1;3;0;0;0;0;1;0;0;0;1;0;0;1;0;0,2612726127269156;Baixo;MEDICAL;RENT
23;55000;1,0;1500;11,49;0,03;3;0,0272727272727272;1;2;0;1;0;0;0;0;0;0;0;0;1;0;0;0,0013471827618068;Muito Baixo;VENTURE;MORTGAGE
27;66000;12,0;8400;16,49;0,13;7;0,1272727272727272;1;4;1;1;0;0;0;0;1;0;0;0;0;0;0;0,2567316563526474;Baixo;EDUCATION;MORTGAGE
25;47000;1,0;6000;12,87;0,13;3;0,1276595744680851;1;3;1;0;0;0;1;0;1;0;0;0;0;0;0;0,0977251650549384;Muito Baixo;EDUCATION;RENT
32;81400;2,0;20000;14,84;0,25;6;0,2457002457002457;1;4;1;0;0;0;1;0;0;0;0;0;1;1;1;0,9127896796570304;Muito Alto;VENTURE;RENT
23;49000;7,0;2400;7,66;0,05;3;0,0489795918367346;0;1;0;1;0;0;0;1;0;0;0;0;0;0;0;0,0905309612118656;Muito Baixo;DEBTCONSOLIDATION;MORTGAGE
24;26400;3,0;9000;11,49;0,34;3;0,3409090909090909;1;2;0;0;0;0;1;0;0;1;0;0;0;1;1;0,9982041498694488;Muito Alto;HOMEIMPROVEMENT;RENT
41;37000;2,0;3000;10,99;0,08;16;0,081081081081081;0;2;0;0;0;0;1;0;0;0;1;0;0;0;0;0,0751300203180699;Muito Baixo;MEDICAL;RENT
23;42000;2,0;4000;5,79;0,1;4;0,0952380952380952;0;1;0;0;0;0;1;0;0;0;0;0;1;0;0;0,0009365837100108;Muito Baixo;VENTURE;RENT
30;61828;10,0;4500;18,39;0,07;8;0,0727825580643074;1;5;0;0;0;0;1;0;0;0;0;1;0;0;0;0,1666320818176647;Muito Baixo;PERSONAL;RENT
22;45000;1,0;20000;13,92;0,44;3;0,4444444444444444;1;3;1;0;0;0;1;1;0;0;0;0;0;1;1;0,9870029776457184;Muito Alto;DEBTCONSOLIDATION;RENT
22;60000;5,0;2100;14,65;0,04;2;0,035;1;3;0;0;0;0;1;1;0;0;0;0;0;0;0;0,1405912242051085;Muito Baixo;DEBTCONSOLIDATION;RENT
34;50000;0,0;3600;11,99;0,07;7;0,072;1;2;0;0;0;0;1;0;0;0;0;1;0;0;0;0,0372348539363082;Muito Baixo;PERSONAL;RENT
22;75000;2,0;19600;12,42;0,26;3;0,2613333333333333;1;2;0;0;0;0;1;0;1;0;0;0;0;0;0;0,0576993402968929;Muito Baixo;EDUCATION;RENT
22;52000;3,0;12000;13,57;0,23;2;0,2307692307692307;1;3;1;0;0;0;1;0;0;0;0;1;0;0;0;0,0582257216674515;Muito Baixo;PERSONAL;RENT
37;33888;7,0;3200;12,86;0,09;16;0,0944287063267233;1;4;1;0;0;0;1;0;1;0;0;0;0;0;0;0,4962551675562731;Moderado;EDUCATION;RENT
23;46800;7,0;9000;13,48;0,19;4;0,1923076923076923;1;3;1;0;0;1;0;0;0;0;0;0;1;0;0;0,0007904669138217;Muito Baixo;VENTURE;OWN
21;12000;0,0;3000;7,88;0,25;3;0,25;0;1;0;0;0;0;1;0;0;0;0;0;1;1;1;0,9971060633703008;Muito Alto;VENTURE;RENT
44;140787;3,0;35000;16,49;0,21;15;0,2486024988102594;1;4;1;1;0;0;0;0;0;0;1;0;0;1;1;0,9938650202488422;Muito Alto;MEDICAL;MORTGAGE
23;136000;2,0;9800;15,99;0,07;3;0,0720588235294117;1;4;1;1;0;0;0;0;0;0;0;1;0;0;0;0,2074034839532066;Baixo;PERSONAL;MORTGAGE
25;35392;9,0;6000;7,4;0,17;3;0,1695298372513562;0;1;0;0;0;0;1;0;1;0;0;0;0;0;0;0,0854104393835211;Muito Baixo;EDUCATION;RENT
31;30000;4,0;5000;7,49;0,17;7;0,1666666666666666;0;1;0;1;0;0;0;0;0;0;0;0;1;0;0;0,0016856719425834;Muito Baixo;VENTURE;MORTGAGE
22;30000;2,0;3600;10,99;0,12;3;0,12;0;2;0;0;0;0;1;1;0;0;0;0;0;0;0;0,1626614521497108;Muito Baixo;DEBTCONSOLIDATION;RENT
26;99000;10,0;5000;11,49;0,05;2;0,0505050505050505;1;2;0;1;0;0;0;0;0;0;0;0;1;0;0;0,0018145232202874;Muito Baixo;VENTURE;MORTGAGE
24;48200;3,0;5000;10,38;0,1;3;0,1037344398340249;0;2;0;0;0;0;1;0;0;0;0;0;1;0;0;0,0019975260962496;Muito Baixo;VENTURE;RENT
22;76875;0,0;13750;7,49;0,18;4;0,1788617886178861;0;1;0;1;0;0;0;0;0;0;1;0;0;0;0;0,0155333300080054;Muito Baixo;MEDICAL;MORTGAGE
29;75000;6,0;6500;10,74;0,09;5;0,0866666666666666;0;2;0;0;0;0;1;0;0;1;0;0;0;0;0;0,0760752440636367;Muito Baixo;HOMEIMPROVEMENT;RENT
26;67000;4,0;10400;8,9;0,16;4;0,1552238805970149;0;1;0;1;0;0;0;0;0;0;1;0;0;0;0;0,0344325029118752;Muito Baixo;MEDICAL;MORTGAGE
24;53004;6,0;21000;10,65;0,4;3;0,3961965134706814;0;2;0;1;0;0;0;1;0;0;0;0;0;0;0;0,0901231362020556;Muito Baixo;DEBTCONSOLIDATION;MORTGAGE
47;93000;1,0;10000;10,99;0,11;16;0,1075268817204301;0;2;0;0;0;0;1;0;0;0;0;1;0;0;0;0,0271141002190166;Muito Baixo;PERSONAL;RENT
24;44000;4,0;3600;5,79;0,08;2;0,0818181818181818;0;1;0;1;0;0;0;0;0;0;1;0;0;0;0;0,0610531092485659;Muito Baixo;MEDICAL;MORTGAGE
24;54000;8,0;10000;10,99;0,19;3;0,1851851851851851;0;2;0;0;0;1;0;0;0;0;0;1;0;0;0;0,0013861293502764;Muito Baixo;PERSONAL;OWN
29;62000;10,0;3600;7,14;0,06;9;0,0580645161290322;0;1;0;1;0;0;0;0;1;0;0;0;0;0;0;0,0370473187089099;Muito Baixo;EDUCATION;MORTGAGE
28;92000;4,0;15000;7,9;0,16;9;0,1630434782608695;0;1;0;0;0;0;1;1;0;0;0;0;0;0;0;0,0178216644424514;Muito Baixo;DEBTCONSOLIDATION;RENT
23;102000;2,0;6000;7,51;0,06;2;0,0588235294117647;0;1;0;1;0;0;0;0;0;0;0;1;0;0;0;0,0130832533801372;Muito Baixo;PERSONAL;MORTGAGE
26;66000;3,0;25000;11,58;0,38;4;0,3787878787878788;1;2;0;0;0;0;1;0;0;1;0;0;0;1;1;0,9932713049074626;Muito Alto;HOMEIMPROVEMENT;RENT
22;60000;5,0;5600;7,49;0,09;4;0,0933333333333333;0;1;0;1;0;0;0;0;0;0;0;0;1;0;0;0,0004203457462045;Muito Baixo;VENTURE;MORTGAGE
31;86000;1,0;25000;16,0;0,29;5;0,2906976744186046;1;4;1;0;0;0;1;1;0;0;0;0;0;1;1;0,999287463011706;Muito Alto;DEBTCONSOLIDATION;RENT
48;19200;1,0;7000;13,48;0,36;16;0,3645833333333333;1;3;0;0;0;1;0;0;0;0;1;0;0;1;1;0,9993021654620304;Muito Alto;MEDICAL;OWN
27;52275;7,0;20050;17,58;0,33;10;0,3835485413677666;1;4;1;0;0;0;1;0;0;0;1;0;0;1;1;0,999580655463762;Muito Alto;MEDICAL;RENT
39;80000;0,0;5000;11,22;0,06;13;0,0625;1;3;0;0;0;1;0;0;0;0;1;0;0;0;0;0,0002065883367415;Muito Baixo;MEDICAL;OWN
26;48000;4,0;10000;5,79;0,21;4;0,2083333333333333;0;1;0;1;0;0;0;0;0;0;0;1;0;0;0;0,0365428924730679;Muito Baixo;PERSONAL;MORTGAGE
22;150000;2,0;8200;6,99;0,05;3;0,0546666666666666;0;1;0;0;0;0;1;0;1;0;0;0;0;0;0;0,0085041569161821;Muito Baixo;EDUCATION;RENT
48;80000;0,0;7700;9,63;0,1;11;0,09625;0;1;0;1;0;0;0;1;0;0;0;0;0;0;0;0,0141389024770979;Muito Baixo;DEBTCONSOLIDATION;MORTGAGE
25;96000;4,0;10925;12,69;0,11;4;0,1138020833333333;1;2;0;1;0;0;0;0;0;0;0;0;1;0;0;0,002231430294644;Muito Baixo;VENTURE;MORTGAGE
24;37000;3,0;5500;9,2;0,15;2;0,1486486486486486;0;2;0;0;0;0;1;0;0;0;0;1;0;0;0;0,1090215683048378;Muito Baixo;PERSONAL;RENT
28;51000;13,0;7500;16,49;0,15;7;0,1470588235294117;1;4;1;0;0;0;1;0;0;0;0;0;1;0;0;0,3296104476496783;Baixo;VENTURE;RENT
23;57600;1,0;4000;7,75;0,07;2;0,0694444444444444;0;1;0;0;0;0;1;1;0;0;0;0;0;0;0;0,0491040670694026;Muito Baixo;DEBTCONSOLIDATION;RENT
23;42048;7,0;8500;7,74;0,2;3;0,2021499238964992;0;1;0;1;0;0;0;0;1;0;0;0;0;0;0;0,0668041686003002;Muito Baixo;EDUCATION;MORTGAGE
22;42000;6,0;2000;10,36;0,05;4;0,0476190476190476;0;2;0;0;0;0;1;0;1;0;0;0;0;0;0;0,1190231696266622;Muito Baixo;EDUCATION;RENT
29;91560;8,0;22000;6,91;0,24;5;0,2402795980777632;0;1;0;1;0;0;0;0;0;0;0;1;0;0;0;0,0167848182170669;Muito Baixo;PERSONAL;MORTGAGE
40;40000;12,0;13750;8,88;0,34;16;0,34375;0;2;0;0;0;1;0;0;0;1;0;0;0;0;0;0,0002456764947545;Muito Baixo;HOMEIMPROVEMENT;OWN
50;69996;19,0;8000;9,32;0,11;17;0,1142922452711583;0;1;0;0;0;1;0;0;0;0;0;0;1;0;0;1,4051543932272004e-05;Muito Baixo;VENTURE;OWN
23;25920;4,0;10000;15,58;0,39;2;0,3858024691358024;1;4;0;0;0;0;1;0;1;0;0;0;0;1;1;0,9964092462142632;Muito Alto;EDUCATION;RENT
28;95000;5,0;12000;13,11;0,13;9;0,1263157894736842;1;3;0;1;0;0;0;0;1;0;0;0;0;0;0;0,0320478435713671;Muito Baixo;EDUCATION;MORTGAGE
24;30000;0,0;3600;7,49;0,12;4;0,12;0;1;0;0;0;0;1;0;0;0;0;1;0;0;0;0,1055045738740472;Muito Baixo;PERSONAL;RENT
32;33280;6,0;2400;10,59;0,07;10;0,0721153846153846;0;2;0;1;0;0;0;0;0;1;0;0;0;0;0;0,478088999952132;Moderado;HOMEIMPROVEMENT;MORTGAGE
22;52000;7,0;4300;13,48;0,08;2;0,0826923076923076;1;3;1;0;0;0;1;1;0;0;0;0;0;0;0;0,0764898966065353;Muito Baixo;DEBTCONSOLIDATION;RENT
27;50000;0,0;12000;6,62;0,24;8;0,24;0;1;0;1;0;0;0;0;0;0;0;0;1;0;0;0,0003344562018718;Muito Baixo;VENTURE;MORTGAGE
24;22100;4,0;8000;13,23;0,36;2;0,3619909502262443;1;3;0;0;0;0;1;0;1;0;0;0;0;1;1;0,9956500198513494;Muito Alto;EDUCATION;RENT
26;65000;5,0;3200;11,71;0,05;3;0,0492307692307692;1;2;0;0;0;0;1;1;0;0;0;0;0;0;0;0,0588252998795278;Muito Baixo;DEBTCONSOLIDATION;RENT
28;58868;12,0;8400;13,57;0,14;9;0,1426921247536862;1;3;1;1;0;0;0;0;0;0;1;0;0;0;0;0,47757834420829;Moderado;MEDICAL;MORTGAGE
32;21120;0,0;10000;7,49;0,47;6;0,4734848484848485;0;1;0;0;0;0;1;0;0;0;1;0;0;1;1;0,9942012662595008;Muito Alto;MEDICAL;RENT
21;45996;2,0;17000;13,16;0,37;4;0,3695973562918515;1;3;1;1;0;0;0;0;1;0;0;0;0;1;0;0,0968108399314884;Muito Baixo;EDUCATION;MORTGAGE
23;52000;8,0;6600;7,49;0,13;3;0,1269230769230769;0;1;0;0;0;0;1;1;0;0;0;0;0;0;0;0,0289415568259761;Muito Baixo;DEBTCONSOLIDATION;RENT
22;21600;1,0;9000;9,83;0,42;4;0,4166666666666667;0;2;0;0;0;0;1;0;0;0;0;0;1;1;1;0,9990552064092854;Muito Alto;VENTURE;RENT
28;43000;4,0;13800;6,91;0,32;6;0,3209302325581395;0;1;0;1;0;0;0;0;0;0;1;0;0;0;0;0,0754005527537632;Muito Baixo;MEDICAL;MORTGAGE
59;40000;5,0;3600;7,49;0,09;24;0,09;0;1;0;1;0;0;0;0;0;0;0;1;0;0;0;0,0177895447011945;Muito Baixo;PERSONAL;MORTGAGE
24;48000;2,0;14550;9,62;0,3;3;0,303125;0;2;0;0;0;0;1;1;0;0;0;0;0;0;0;0,0414481057198309;Muito Baixo;DEBTCONSOLIDATION;RENT
22;30000;5,0;10000;13,98;0,33;2;0,3333333333333333;1;3;1;0;0;0;1;0;0;0;0;1;0;1;1;0,9931759728465982;Muito Alto;PERSONAL;RENT
26;59000;7,0;500;9,76;0,01;2;0,0084745762711864;0;2;0;1;0;0;0;0;0;1;0;0;0;0;0;0,247178646372536;Baixo;HOMEIMPROVEMENT;MORTGAGE
29;90000;3,0;15000;6,99;0,17;8;0,1666666666666666;0;1;0;1;0;0;0;0;1;0;0;0;0;0;0;0,0110511184149033;Muito Baixo;EDUCATION;MORTGAGE
22;42500;0,0;1500;17,19;0,04;4;0,0352941176470588;1;5;1;0;0;0;1;0;0;0;1;0;0;1;1;0,9931081273026516;Muito Alto;MEDICAL;RENT
26;65000;10,0;5000;7,51;0,08;2;0,0769230769230769;0;1;0;1;0;0;0;1;0;0;0;0;0;0;0;0,0302866169325093;Muito Baixo;DEBTCONSOLIDATION;MORTGAGE
35;36153;2,0;3000;11,86;0,08;8;0,0829806655049373;1;4;0;1;0;0;0;0;0;0;0;1;0;0;0;0,2011044463463273;Baixo;PERSONAL;MORTGAGE
36;38208;2,0;1500;15,31;0,04;15;0,0392587939698492;1;4;1;1;0;0;0;0;0;0;0;0;1;0;0;0,2245020434815704;Baixo;VENTURE;MORTGAGE
22;144500;5,0;18000;13,72;0,12;3;0,1245674740484429;1;3;0;0;0;0;1;1;0;0;0;0;0;0;0;0,1264191427914344;Muito Baixo;DEBTCONSOLIDATION;RENT
27;90000;5,0;15000;7,49;0,17;5;0,1666666666666666;0;1;0;1;0;0;0;0;0;1;0;0;0;0;0;0,0129805325697418;Muito Baixo;HOMEIMPROVEMENT;MORTGAGE
25;45000;7,0;7500;8,0;0,17;3;0,1666666666666666;0;1;0;1;0;0;0;0;1;0;0;0;0;0;0;0,0870003373979521;Muito Baixo;EDUCATION;MORTGAGE
24;71496;5,0;15000;15,95;0,21;3;0,2098019469620678;1;4;1;1;0;0;0;0;0;0;0;1;0;0;0;0,1005932256322141;Muito Baixo;PERSONAL;MORTGAGE
39;100000;0,0;6000;14,11;0,06;16;0,06;1;4;0;1;0;0;0;0;0;0;0;0;1;0;0;0,0457263557726392;Muito Baixo;VENTURE;MORTGAGE
35;41000;0,0;8000;10,83;0,2;6;0,1951219512195122;0;2;0;1;0;0;0;1;0;0;0;0;0;0;0;0,074330400104699;Muito Baixo;DEBTCONSOLIDATION;MORTGAGE
28;202040;12,0;12000;14,46;0,06;8;0,0593941793704217;1;4;1;1;0;0;0;0;0;0;0;1;0;0;0;0,0557733597607115;Muito Baixo;PERSONAL;MORTGAGE
69;24000;3,0;6000;6,62;0,25;20;0,25;0;1;0;0;0;0;1;0;0;0;1;0;0;0;0;0,0073817126723388;Muito Baixo;MEDICAL;RENT
22;54000;1,0;5000;6,54;0,09;3;0,0925925925925925;0;1;0;0;0;0;1;1;0;0;0;0;0;1;0;0,0843761046781104;Muito Baixo;DEBTCONSOLIDATION;RENT
35;90000;0,0;12000;10,99;0,13;6;0,1333333333333333;0;2;0;0;0;0;1;1;0;0;0;0;0;0;0;0,0169534639108818;Muito Baixo;DEBTCONSOLIDATION;RENT
29;159996;1,0;10000;11,86;0,06;7;0,0625015625390634;1;2;0;0;0;1;0;0;0;1;0;0;0;0;0;0,0006335558011101;Muito Baixo;HOMEIMPROVEMENT;OWN
22;15996;3,0;4000;13,35;0,25;2;0,2500625156289072;1;3;1;0;0;0;1;1;0;0;0;0;0;1;1;0,9677582598709812;Muito Alto;DEBTCONSOLIDATION;RENT
25;48000;3,0;9000;13,79;0,19;2;0,1875;1;3;1;0;0;0;1;0;0;0;1;0;0;0;0;0,0827829706308229;Muito Baixo;MEDICAL;RENT
24;30000;1,0;3000;10,37;0,1;2;0,1;0;2;0;0;0;0;1;0;0;0;0;1;0;0;0;0,270761924021234;Baixo;PERSONAL;RENT
23;130000;2,0;10000;11,36;0,08;3;0,0769230769230769;1;2;0;1;0;0;0;0;0;0;0;1;0;0;0;0,0420959679979596;Muito Baixo;PERSONAL;MORTGAGE
29;300000;1,0;16000;11,58;0,05;8;0,0533333333333333;1;2;0;0;0;0;1;0;0;1;0;0;0;0;0;0,0863385704329897;Muito Baixo;HOMEIMPROVEMENT;RENT
29;32400;2,0;10625;10,99;0,33;8;0,3279320987654321;0;2;0;1;0;0;0;1;0;0;0;0;0;0;0;0,1180749036668945;Muito Baixo;DEBTCONSOLIDATION;MORTGAGE
29;30000;7,0;9000;6,91;0,3;8;0,3;0;1;0;0;0;0;1;0;0;1;0;0;0;1;1;0,8932608550723439;Muito Alto;HOMEIMPROVEMENT;RENT
25;35000;5,0;9600;9,91;0,27;2;0,2742857142857143;0;2;0;0;0;0;1;0;0;0;0;0;1;0;0;0,0016183787942902;Muito Baixo;VENTURE;RENT
26;40000;10,0;6925;15,99;0,17;4;0,173125;1;4;0;0;0;0;1;0;0;0;0;1;0;0;0;0,2026354283498024;Baixo;PERSONAL;RENT
31;36000;8,0;1600;10,59;0,04;7;0,0444444444444444;0;2;0;1;0;0;0;0;1;0;0;0;0;0;0;0,1698525875318817;Muito Baixo;EDUCATION;MORTGAGE
22;135000;0,0;10800;8,0;0,08;4;0,08;0;1;0;1;0;0;0;1;0;0;0;0;0;0;0;0,018511676635307;Muito Baixo;DEBTCONSOLIDATION;MORTGAGE
28;24000;8,0;8875;10,65;0,37;9;0,3697916666666667;0;2;0;0;0;0;1;0;0;0;0;0;1;1;1;0,9979926172475422;Muito Alto;VENTURE;RENT
23;45000;6,0;5600;11,71;0,12;3;0,1244444444444444;1;2;0;1;0;0;0;0;0;0;1;0;0;0;0;0,1990056139184882;Muito Baixo;MEDICAL;MORTGAGE
22;76000;6,0;7000;11,12;0,09;2;0,0921052631578947;1;2;0;0;0;0;1;0;1;0;0;0;0;0;0;0,0658942503772503;Muito Baixo;EDUCATION;RENT
27;39000;4,0;7200;10,65;0,18;5;0,1846153846153846;0;2;0;0;0;0;1;1;0;0;0;0;0;1;0;0,2281730072975229;Baixo;DEBTCONSOLIDATION;RENT
29;162350;12,0;25000;21,64;0,13;9;0,1539882968894364;1;7;1;0;0;0;1;0;0;0;1;0;0;1;1;0,9993774790725466;Muito Alto;MEDICAL;RENT
22;70000;3,0;18000;14,42;0,26;3;0,2571428571428571;1;4;0;1;0;0;0;0;1;0;0;0;0;0;0;0,0771267439829113;Muito Baixo;EDUCATION;MORTGAGE
40;25920;2,0;4750;15,31;0,18;17;0,1832561728395061;1;4;0;0;0;1;0;0;0;1;0;0;0;0;0;0,0018078979184568;Muito Baixo;HOMEIMPROVEMENT;OWN
22;95000;6,0;12000;10,99;0,13;4;0,1263157894736842;0;2;0;1;0;0;0;1;0;0;0;0;0;0;0;0,0331765150626833;Muito Baixo;DEBTCONSOLIDATION;MORTGAGE
24;115500;2,0;3200;16,29;0,03;2;0,0277056277056277;1;4;0;1;0;0;0;0;1;0;0;0;0;0;0;0,0581467830675941;Muito Baixo;EDUCATION;MORTGAGE
33;98000;3,0;25000;11,83;0,26;10;0,2551020408163265;1;2;0;1;0;0;0;0;0;0;0;0;1;0;0;0,0041838699347705;Muito Baixo;VENTURE;MORTGAGE
23;90000;7,0;8500;5,79;0,09;4;0,0944444444444444;0;1;0;0;0;1;0;0;0;0;1;0;0;0;0;9,409873645109926e-05;Muito Baixo;MEDICAL;OWN
34;65000;5,0;21200;9,99;0,33;6;0,3261538461538461;0;2;0;1;0;0;0;0;1;0;0;0;0;0;0;0,0352176996595072;Muito Baixo;EDUCATION;MORTGAGE
30;55000;2,0;11500;7,9;0,21;9;0,209090909090909;0;1;0;1;0;0;0;0;1;0;0;0;0;0;0;0,0295487811315804;Muito Baixo;EDUCATION;MORTGAGE
23;81600;7,0;9000;7,49;0,11;3;0,1102941176470588;0;1;0;1;0;0;0;0;0;0;0;0;1;0;0;0,000842581205443;Muito Baixo;VENTURE;MORTGAGE
26;59700;5,0;15000;10,99;0,25;4;0,2512562814070351;0;2;0;1;0;0;0;0;0;0;0;0;1;0;0;0,0011215149067646;Muito Baixo;VENTURE;MORTGAGE
39;42000;0,0;11000;13,55;0,26;12;0,2619047619047619;1;4;0;0;0;0;1;0;0;0;0;1;0;1;1;0,856350665235911;Muito Alto;PERSONAL;RENT
23;52800;4,0;14000;14,27;0,27;4;0,2651515151515151;1;3;0;0;0;0;1;0;0;0;0;0;1;0;0;0,1812207142657954;Muito Baixo;VENTURE;RENT
25;61959;9,0;25000;12,73;0,4;4;0,4034926322245356;1;3;1;0;0;0;1;0;1;0;0;0;0;1;1;0,9917701613800044;Muito Alto;EDUCATION;RENT
25;85000;9,0;1000;9,32;0,01;2;0,0117647058823529;0;1;0;1;0;0;0;0;0;0;0;1;0;0;0;0,0247730516328956;Muito Baixo;PERSONAL;MORTGAGE
27;18000;3,0;8000;10,75;0,44;10;0,4444444444444444;0;2;0;0;0;0;1;0;1;0;0;0;0;1;1;0,9996651113860048;Muito Alto;EDUCATION;RENT
31;103000;8,0;14000;9,91;0,14;7;0,1359223300970873;0;2;0;1;0;0;0;1;0;0;0;0;0;0;0;0,0418777076077402;Muito Baixo;DEBTCONSOLIDATION;MORTGAGE
24;82000;8,0;5325;10,99;0,06;3;0,0649390243902439;0;2;0;1;0;0;0;0;0;0;0;0;1;0;0;0,0011461163584587;Muito Baixo;VENTURE;MORTGAGE
23;45000;8,0;13000;10,99;0,29;2;0,2888888888888888;0;2;0;1;0;0;0;0;0;0;0;0;1;0;0;0,000939719883691;Muito Baixo;VENTURE;MORTGAGE
23;27000;2,0;5000;16,77;0,19;2;0,1851851851851851;1;5;1;0;0;0;1;0;0;0;1;0;0;1;1;0,9955173407147724;Muito Alto;MEDICAL;RENT
25;70000;9,0;1000;12,69;0,01;2;0,0142857142857142;1;2;0;1;0;0;0;0;0;0;0;1;0;0;0;0,0369668164651716;Muito Baixo;PERSONAL;MORTGAGE
28;50400;8,0;18500;16,02;0,37;5;0,367063492063492;1;4;0;0;0;0;1;0;1;0;0;0;0;1;1;0,9947518784456816;Muito Alto;EDUCATION;RENT
33;24000;2,0;6000;10,25;0,25;6;0,25;0;2;0;1;0;0;0;1;0;0;0;0;0;0;0;0,0570194203665494;Muito Baixo;DEBTCONSOLIDATION;MORTGAGE
28;67000;3,0;12000;10,99;0,18;5;0,1791044776119403;0;2;0;0;0;0;1;0;0;1;0;0;0;0;0;0,0740300451116972;Muito Baixo;HOMEIMPROVEMENT;RENT
25;25000;4,0;8500;6,03;0,34;2;0,34;0;1;0;0;0;1;0;0;1;0;0;0;0;0;0;0,0006045037826069;Muito Baixo;EDUCATION;OWN
25;78996;9,0;4500;8,63;0,06;2;0,0569649096156767;0;1;0;0;0;0;1;0;1;0;0;0;0;0;0;0,1997009195827406;Muito Baixo;EDUCATION;RENT
22;51996;4,0;3500;9,62;0,07;2;0,0673128702207862;0;2;0;0;0;0;1;0;0;0;0;1;0;0;0;0,0590990429664177;Muito Baixo;PERSONAL;RENT
28;23350;8,0;4900;7,88;0,21;6;0,2098501070663811;0;1;0;0;0;0;1;0;0;0;1;0;0;0;0;0,0789627664978907;Muito Baixo;MEDICAL;RENT
27;32000;3,0;4500;9,99;0,14;8;0,140625;0;2;0;1;0;0;0;0;0;1;0;0;0;1;0;0,30313330073528;Baixo;HOMEIMPROVEMENT;MORTGAGE
22;60000;0,0;13000;8,94;0,22;2;0,2166666666666666;0;1;0;0;0;0;1;1;0;0;0;0;0;0;0;0,0175751143988966;Muito Baixo;DEBTCONSOLIDATION;RENT
30;69000;0,0;14000;10,14;0,2;10;0,2028985507246377;0;2;0;1;0;0;0;1;0;0;0;0;0;1;0;0,0558449843218637;Muito Baixo;DEBTCONSOLIDATION;MORTGAGE
24;72000;4,0;4000;7,88;0,06;3;0,0555555555555555;0;1;0;0;0;0;1;1;0;0;0;0;0;0;0;0,0233917283998252;Muito Baixo;DEBTCONSOLIDATION;RENT
29;51000;12,0;1800;11,49;0,04;8;0,0352941176470588;1;2;0;1;0;0;0;0;0;0;0;1;0;0;0;0,2848203851423301;Baixo;PERSONAL;MORTGAGE
27;75000;11,0;12000;9,91;0,16;10;0,16;0;2;0;1;0;0;0;0;1;0;0;0;0;1;0;0,0447820219513079;Muito Baixo;EDUCATION;MORTGAGE
51;74628;3,0;3000;13,49;0,04;18;0,0401993889692876;1;3;1;1;0;0;0;0;0;0;0;1;0;0;0;0,0634392390878783;Muito Baixo;PERSONAL;MORTGAGE
22;70000;6,0;6000;11,49;0,09;2;0,0857142857142857;1;2;0;1;0;0;0;0;0;0;0;0;1;0;0;0,001556489321525;Muito Baixo;VENTURE;MORTGAGE
22;60000;0,0;10000;11,14;0,17;4;0,1666666666666666;1;2;0;0;0;0;1;0;0;0;1;0;0;0;0;0,024013707519675;Muito Baixo;MEDICAL;RENT
33;120000;9,0;25000;11,36;0,21;8;0,2083333333333333;1;2;0;0;0;0;1;1;0;0;0;0;0;0;0;0,0478398176785355;Muito Baixo;DEBTCONSOLIDATION;RENT
30;70000;6,0;10200;6,91;0,15;8;0,1457142857142857;0;1;0;1;0;0;0;0;0;1;0;0;0;0;0;0,0229133122585287;Muito Baixo;HOMEIMPROVEMENT;MORTGAGE
21;50252;4,0;5000;11,46;0,1;2;0,0994985274217941;1;2;0;0;0;0;1;1;0;0;0;0;0;0;0;0,0740822974337645;Muito Baixo;DEBTCONSOLIDATION;RENT
34;130000;5,0;20000;10,65;0,15;10;0,1538461538461538;0;2;0;1;0;0;0;1;0;0;0;0;0;0;0;0,0234013618416257;Muito Baixo;DEBTCONSOLIDATION;MORTGAGE
24;49278;4,0;11000;13,22;0,22;2;0,2232233451032915;1;3;0;0;0;0;1;0;0;0;0;0;1;0;0;0,1490099190573208;Muito Baixo;VENTURE;RENT
31;30000;3,0;9450;8,49;0,32;8;0,315;0;1;0;1;0;0;0;0;0;0;0;1;0;0;0;0,2610366664223318;Baixo;PERSONAL;MORTGAGE
35;110000;2,0;11500;11,49;0,1;10;0,1045454545454545;1;2;0;0;0;0;1;0;0;0;0;0;1;0;0;0,0018847528435316;Muito Baixo;VENTURE;RENT
22;64000;6,0;15000;13,23;0,23;3;0,234375;1;3;1;1;0;0;0;0;0;0;0;0;1;0;0;0,1729204714891739;Muito Baixo;VENTURE;MORTGAGE
35;62000;0,0;9475;6,03;0,15;5;0,1528225806451613;0;1;0;1;0;0;0;0;1;0;0;0;0;0;0;0,0095774499621112;Muito Baixo;EDUCATION;MORTGAGE
23;30000;4,0;4000;16,32;0,13;4;0,1333333333333333;1;4;1;1;0;0;0;0;0;0;1;0;0;1;1;0,974719535838266;Muito Alto;MEDICAL;MORTGAGE
21;53000;5,0;3000;7,51;0,06;4;0,0566037735849056;0;1;0;0;0;1;0;0;0;0;1;0;0;0;0;0,0004330846905159;Muito Baixo;MEDICAL;OWN
26;108000;1,0;6000;7,49;0,06;4;0,0555555555555555;0;1;0;1;0;0;0;0;1;0;0;0;0;0;0;0,0105544962203304;Muito Baixo;EDUCATION;MORTGAGE
27;75000;11,0;21000;15,2;0,28;8;0,28;1;5;0;1;0;0;0;0;1;0;0;0;0;0;0;0,1908504313344265;Muito Baixo;EDUCATION;MORTGAGE
39;117996;6,0;7500;13,24;0,06;14;0,0635614766602257;1;4;1;0;0;0;1;0;0;1;0;0;0;1;0;0,0949807719775203;Muito Baixo;HOMEIMPROVEMENT;RENT
26;48000;3,0;4000;5,79;0,08;2;0,0833333333333333;0;1;0;0;0;0;1;0;0;0;0;0;1;0;0;0,0020554805066042;Muito Baixo;VENTURE;RENT
34;50000;11,0;4000;8,9;0,08;8;0,08;0;1;0;1;0;0;0;0;0;0;0;0;1;0;0;0,0009171172672694;Muito Baixo;VENTURE;MORTGAGE
27;118500;4,0;15000;6,91;0,13;9;0,1265822784810126;0;1;0;1;0;0;0;1;0;0;0;0;0;0;0;0,0279789108077334;Muito Baixo;DEBTCONSOLIDATION;MORTGAGE
29;60000;9,0;9000;12,23;0,15;10;0,15;1;3;0;0;0;1;0;0;0;0;0;1;0;0;0;0,0005117725258688;Muito Baixo;PERSONAL;OWN
34;125000;0,0;9175;10,99;0,07;5;0,0734;0;2;0;1;0;0;0;0;0;0;1;0;0;0;0;0,0507538701915398;Muito Baixo;MEDICAL;MORTGAGE
50;68000;5,0;10000;11,49;0,15;16;0,1470588235294117;1;2;0;1;0;0;0;0;0;0;0;1;0;0;0;0,079855595568162;Muito Baixo;PERSONAL;MORTGAGE
21;37000;0,0;4000;10,08;0,11;3;0,1081081081081081;0;2;0;0;0;0;1;0;0;0;0;1;0;0;0;0,1309355754404069;Muito Baixo;PERSONAL;RENT
25;45000;3,0;9000;6,62;0,2;3;0,2;0;1;0;1;0;0;0;0;1;0;0;0;0;0;0;0,0404344062911674;Muito Baixo;EDUCATION;MORTGAGE
34;57000;1,0;10000;11,14;0,18;8;0,175438596491228;1;2;0;0;0;0;1;0;1;0;0;0;0;0;0;0,0996325924458419;Muito Baixo;EDUCATION;RENT
24;110000;8,0;10000;15,62;0,09;4;0,0909090909090909;1;4;1;1;0;0;0;0;0;0;0;1;0;0;0;0,0670968502220352;Muito Baixo;PERSONAL;MORTGAGE
22;50000;1,0;11000;7,49;0,22;3;0,22;0;1;0;0;0;0;1;0;1;0;0;0;0;0;0;0,0230863755336661;Muito Baixo;EDUCATION;RENT
34;25200;6,0;12000;13,48;0,48;10;0,4761904761904761;1;3;0;0;0;0;1;0;0;0;0;1;0;1;1;0,9976098050575254;Muito Alto;PERSONAL;RENT
28;64049;7,0;20000;12,69;0,31;7;0,3122609252291214;1;2;0;1;0;0;0;0;1;0;0;0;0;0;0;0,1351909625868976;Muito Baixo;EDUCATION;MORTGAGE
24;61650;4,0;6500;6,03;0,11;4;0,105433901054339;0;1;0;1;0;0;0;0;0;1;0;0;0;0;0;0,0176953744608561;Muito Baixo;HOMEIMPROVEMENT;MORTGAGE
51;62046;8,0;8000;7,49;0,13;30;0,1289365954291977;0;1;0;0;0;0;1;0;0;0;0;0;1;0;0;0,0022525616243801;Muito Baixo;VENTURE;RENT
24;64000;8,0;8000;7,9;0,13;2;0,125;0;1;0;0;0;0;1;0;0;1;0;0;0;0;0;0,1010998907810206;Muito Baixo;HOMEIMPROVEMENT;RENT
25;79000;3,0;14000;6,92;0,18;2;0,1772151898734177;0;1;0;0;0;1;0;0;0;0;0;0;1;0;0;2,5077450500238223e-05;Muito Baixo;VENTURE;OWN
25;72000;8,0;18000;7,66;0,25;3;0,25;0;1;0;0;0;1;0;0;1;0;0;0;0;0;0;0,0005369087581138;Muito Baixo;EDUCATION;OWN
23;37460;2,0;7125;13,99;0,19;4;0,1902028830752803;1;3;0;1;0;0;0;0;1;0;0;0;0;0;0;0,134657837165495;Muito Baixo;EDUCATION;MORTGAGE
28;42000;4,0;5000;5,42;0,12;5;0,119047619047619;0;1;0;0;0;0;1;0;0;0;1;0;0;0;0;0,022115127744162;Muito Baixo;MEDICAL;RENT
41;38200;4,0;8875;19,03;0,23;11;0,2323298429319371;1;5;0;0;0;0;1;0;0;0;1;0;0;0;1;0,6143121026824521;Alto;MEDICAL;RENT
37;45000;11,0;12000;12,21;0,27;12;0,2666666666666666;1;2;0;0;0;1;0;0;1;0;0;0;0;0;0;0,0007938491678231;Muito Baixo;EDUCATION;OWN
23;75000;3,0;10200;12,68;0,14;2;0,136;1;3;1;1;0;0;0;0;0;0;0;0;1;0;0;0,0381791223958035;Muito Baixo;VENTURE;MORTGAGE
25;69500;7,0;7000;10,78;0,1;3;0,1007194244604316;0;3;1;0;0;0;1;0;0;0;1;0;0;0;0;0,0534796690500409;Muito Baixo;MEDICAL;RENT
33;68500;6,0;8000;10,62;0,12;6;0,1167883211678832;0;2;0;0;0;0;1;0;0;1;0;0;0;0;0;0,0967976528694452;Muito Baixo;HOMEIMPROVEMENT;RENT
24;60000;2,0;5000;13,99;0,08;2;0,0833333333333333;1;3;1;0;0;0;1;0;0;0;1;0;0;0;0;0,0974508420473752;Muito Baixo;MEDICAL;RENT
23;21360;0,0;7500;7,14;0,35;4;0,351123595505618;0;1;0;0;0;0;1;0;0;0;1;0;0;1;1;0,9875941577535358;Muito Alto;MEDICAL;RENT
22;45000;1,0;8000;12,84;0,18;3;0,1777777777777777;1;3;1;0;0;0;1;1;0;0;0;0;0;0;0;0,0544614704921892;Muito Baixo;DEBTCONSOLIDATION;RENT
25;37700;7,0;9000;11,58;0,24;2;0,2387267904509283;1;2;0;1;0;0;0;0;1;0;0;0;0;1;0;0,1734490186538477;Muito Baixo;EDUCATION;MORTGAGE
23;38004;5,0;5000;6,91;0,13;4;0,1315650984106936;0;1;0;0;0;0;1;0;1;0;0;0;0;0;0;0,0546153563457957;Muito Baixo;EDUCATION;RENT
24;120000;0,0;6000;10,99;0,05;3;0,05;0;2;0;0;0;0;1;0;0;0;0;1;0;0;0;0,0362682594265739;Muito Baixo;PERSONAL;RENT
28;42000;5,0;6000;5,42;0,14;9;0,1428571428571428;0;1;0;1;0;0;0;0;0;1;0;0;0;0;0;0,0369624330714807;Muito Baixo;HOMEIMPROVEMENT;MORTGAGE
34;34000;0,0;8000;7,9;0,24;7;0,2352941176470588;0;1;0;0;0;0;1;0;0;0;0;1;0;0;0;0,3675875941756592;Baixo;PERSONAL;RENT
22;124000;6,0;11000;13,48;0,09;3;0,0887096774193548;1;3;0;1;0;0;0;0;0;0;1;0;0;0;0;0,0685189757986988;Muito Baixo;MEDICAL;MORTGAGE
35;54996;1,0;3000;12,21;0,05;5;0,0545494217761291;1;2;0;0;0;0;1;0;0;0;0;0;1;0;0;0,0037936511146528;Muito Baixo;VENTURE;RENT
26;38400;8,0;9100;15,37;0,24;2;0,2369791666666666;1;4;1;0;0;0;1;0;0;0;0;0;1;0;0;0,3702492911456796;Baixo;VENTURE;RENT
23;50000;2,0;7000;9,32;0,14;3;0,14;0;1;0;0;0;0;1;0;1;0;0;0;0;0;0;0,0315002611187607;Muito Baixo;EDUCATION;RENT
32;37000;4,0;6000;10,36;0,16;8;0,1621621621621621;0;2;0;0;0;0;1;0;0;0;1;0;0;0;0;0,1031851296897796;Muito Baixo;MEDICAL;RENT
33;50000;0,0;12000;13,49;0,24;7;0,24;1;3;0;0;0;0;1;0;0;0;0;0;1;0;0;0,0689067191672215;Muito Baixo;VENTURE;RENT
28;62000;2,0;12800;13,16;0,21;5;0,2064516129032258;1;3;1;0;0;0;1;0;0;0;1;0;0;0;0;0,0521311189810543;Muito Baixo;MEDICAL;RENT
22;60000;6,0;6125;6,17;0,1;2;0,1020833333333333;0;1;0;1;0;0;0;0;0;0;1;0;0;0;0;0,015744609561396;Muito Baixo;MEDICAL;MORTGAGE
40;132000;18,0;11200;12,68;0,08;11;0,0848484848484848;1;3;1;0;0;0;1;0;1;0;0;0;0;0;0;0,0662834559164233;Muito Baixo;EDUCATION;RENT
22;25200;7,0;4000;12,73;0,16;2;0,1587301587301587;1;3;0;1;0;0;0;0;0;0;1;0;0;1;0;0,1991528769059217;Muito Baixo;MEDICAL;MORTGAGE
32;25000;3,0;11200;7,88;0,45;5;0,448;0;1;0;0;1;0;0;1;0;0;0;0;0;1;1;0,9648736160634066;Muito Alto;DEBTCONSOLIDATION;OTHER
36;74000;9,0;1500;10,62;0,02;16;0,0202702702702702;0;2;0;1;0;0;0;0;1;0;0;0;0;0;0;0,1905469489314772;Muito Baixo;EDUCATION;MORTGAGE
21;23000;2,0;7000;8,9;0,3;3;0,3043478260869565;0;1;0;1;0;0;0;0;0;0;1;0;0;0;0;0,0703589242838736;Muito Baixo;MEDICAL;MORTGAGE
24;120000;8,0;20000;7,9;0,17;4;0,1666666666666666;0;1;0;1;0;0;0;0;0;0;0;0;1;0;0;0,0003419664179666;Muito Baixo;VENTURE;MORTGAGE
22;169000;1,0;14000;11,14;0,08;3;0,0828402366863905;1;2;0;0;0;0;1;0;0;0;0;1;0;0;0;0,0321327620406236;Muito Baixo;PERSONAL;RENT
23;115000;3,0;13000;11,83;0,11;4;0,1130434782608695;1;2;0;1;0;0;0;0;1;0;0;0;0;0;0;0,0234848519142426;Muito Baixo;EDUCATION;MORTGAGE
24;55243;6,0;2900;9,62;0,04;2;0,0524953387759535;0;2;0;1;0;0;0;0;0;0;1;0;0;1;0;0,1925393024534607;Muito Baixo;MEDICAL;MORTGAGE
22;93600;6,0;5000;9,99;0,05;2;0,0534188034188034;0;2;0;1;0;0;0;0;1;0;0;0;0;0;0;0,0250601649744215;Muito Baixo;EDUCATION;MORTGAGE
38;22000;2,0;2350;14,17;0,11;16;0,1068181818181818;1;3;1;0;0;0;1;1;0;0;0;0;0;0;0;0,3531881347649983;Baixo;DEBTCONSOLIDATION;RENT
25;44000;1,0;15000;14,59;0,34;3;0,3409090909090909;1;4;0;0;0;0;1;0;1;0;0;0;0;1;1;0,9988410003509952;Muito Alto;EDUCATION;RENT
42;66500;8,0;6000;10,25;0,09;15;0,0902255639097744;0;2;0;0;0;0;1;0;0;0;0;0;1;0;0;0,0026068868667488;Muito Baixo;VENTURE;RENT
23;97600;7,0;14500;7,51;0,15;2;0,1485655737704918;0;1;0;1;0;0;0;0;0;0;1;0;0;0;0;0,0235721333685267;Muito Baixo;MEDICAL;MORTGAGE
23;39000;1,0;6000;15,99;0,15;3;0,1538461538461538;1;4;1;0;0;0;1;1;0;0;0;0;0;1;1;0,9995443213449744;Muito Alto;DEBTCONSOLIDATION;RENT
26;56810;10,0;2500;13,48;0,04;3;0,0440063369125154;1;3;1;1;0;0;0;1;0;0;0;0;0;0;0;0,0920888036182181;Muito Baixo;DEBTCONSOLIDATION;MORTGAGE
21;159800;5,0;30000;15,62;0,16;2;0,1877346683354192;1;4;0;1;0;0;0;0;0;0;1;0;0;1;1;0,9806432379481992;Muito Alto;MEDICAL;MORTGAGE
22;40000;0,0;6000;8,0;0,15;3;0,15;0;1;0;0;0;1;0;0;1;0;0;0;0;0;0;0,0003463199947027;Muito Baixo;EDUCATION;OWN
25;35000;9,0;4800;11,14;0,14;2;0,1371428571428571;1;2;0;0;0;0;1;0;0;0;0;0;1;0;0;0,0022189698234568;Muito Baixo;VENTURE;RENT
23;36000;2,0;16750;15,28;0,47;4;0,4652777777777778;1;4;1;0;0;0;1;0;0;0;1;0;0;1;1;0,9998294791354811;Muito Alto;MEDICAL;RENT
25;54000;5,0;5100;9,62;0,09;4;0,0944444444444444;0;2;0;1;0;0;0;1;0;0;0;0;0;0;0;0,1522658590119512;Muito Baixo;DEBTCONSOLIDATION;MORTGAGE
36;75000;5,0;10000;11,99;0,13;12;0,1333333333333333;1;2;0;0;0;0;1;0;0;1;0;0;0;0;0;0,071335735707814;Muito Baixo;HOMEIMPROVEMENT;RENT
29;53000;0,0;5000;5,42;0,09;6;0,0943396226415094;0;1;0;0;0;0;1;0;0;1;0;0;0;0;0;0,0776183320630732;Muito Baixo;HOMEIMPROVEMENT;RENT
25;50000;2,0;20000;11,71;0,4;4;0,4;1;2;0;0;0;1;0;0;0;1;0;0;0;0;0;0,0007884341613491;Muito Baixo;HOMEIMPROVEMENT;OWN
42;33564;5,0;6000;16,29;0,18;15;0,1787629603146228;1;4;0;0;0;0;1;0;0;0;0;1;0;1;0;0,2317777977093453;Baixo;PERSONAL;RENT
27;33000;6,0;12000;7,51;0,36;7;0,3636363636363636;0;1;0;1;0;0;0;0;0;0;0;0;1;0;0;0,0071492708121993;Muito Baixo;VENTURE;MORTGAGE
24;65453;9,0;24250;15,7;0,31;2;0,3704948589063908;1;4;0;0;0;0;1;0;0;0;1;0;0;1;1;0,9993394991741013;Muito Alto;MEDICAL;RENT
24;45000;0,0;10625;14,27;0,24;4;0,2361111111111111;1;3;0;1;0;0;0;0;1;0;0;0;0;1;0;0,1854137182440672;Muito Baixo;EDUCATION;MORTGAGE
39;60000;1,0;17000;14,65;0,28;14;0,2833333333333333;1;3;1;1;0;0;0;0;1;0;0;0;0;0;0;0,0797259309572951;Muito Baixo;EDUCATION;MORTGAGE
21;30000;3,0;6000;8,94;0,2;2;0,2;0;1;0;0;0;0;1;0;0;0;1;0;0;0;0;0,1361728254926638;Muito Baixo;MEDICAL;RENT
40;95000;12,0;5000;10,65;0,05;16;0,0526315789473684;0;2;0;0;0;1;0;0;0;1;0;0;0;0;0;0,000358477842114;Muito Baixo;HOMEIMPROVEMENT;OWN
26;99900;10,0;2700;7,49;0,03;3;0,027027027027027;0;1;0;1;0;0;0;0;0;0;0;1;0;0;0;0,0095775693107125;Muito Baixo;PERSONAL;MORTGAGE
29;92000;2,0;25000;19,42;0,27;8;0,2717391304347826;1;5;0;1;0;0;0;0;1;0;0;0;0;0;0;0,3241818086631916;Baixo;EDUCATION;MORTGAGE
24;92000;7,0;15000;11,11;0,16;4;0,1630434782608695;1;2;0;1;0;0;0;0;0;0;0;1;0;0;0;0,0611901085915965;Muito Baixo;PERSONAL;MORTGAGE
21;75000;5,0;12000;12,09;0,16;2;0,16;1;3;1;0;0;0;1;0;0;0;0;1;0;0;0;0,0747239215548354;Muito Baixo;PERSONAL;RENT
31;14400;0,0;4200;14,17;0,29;8;0,2916666666666667;1;3;1;0;0;0;1;1;0;0;0;0;0;1;1;0,9889004154346812;Muito Alto;DEBTCONSOLIDATION;RENT
22;54000;0,0;10000;15,95;0,19;4;0,1851851851851851;1;5;0;0;0;0;1;0;0;0;0;0;1;1;1;0,9788464212387944;Muito Alto;VENTURE;RENT
23;75000;2,0;3700;6,03;0,05;2;0,0493333333333333;0;1;0;0;0;0;1;1;0;0;0;0;0;0;0;0,0060011164161271;Muito Baixo;DEBTCONSOLIDATION;RENT
33;90000;0,0;12000;6,03;0,13;6;0,1333333333333333;0;1;0;0;0;0;1;1;0;0;0;0;0;0;0;0,0023684787886435;Muito Baixo;DEBTCONSOLIDATION;RENT
23;59000;1,0;17500;9,25;0,3;4;0,2966101694915254;0;2;0;0;0;0;1;0;1;0;0;0;0;0;0;0,0527776506997824;Muito Baixo;EDUCATION;RENT
26;33800;4,0;13000;13,57;0,38;2;0,3846153846153846;1;3;1;0;0;0;1;0;0;0;0;1;0;1;1;0,997908013434846;Muito Alto;PERSONAL;RENT
26;61000;10,0;4200;7,29;0,07;4;0,0688524590163934;0;1;0;1;0;0;0;0;0;0;0;1;0;0;0;0,036878738936504;Muito Baixo;PERSONAL;MORTGAGE
27;45000;6,0;3600;12,42;0,08;8;0,08;1;2;0;0;0;0;1;0;0;0;0;0;1;0;0;0,0058296608609116;Muito Baixo;VENTURE;RENT
28;158000;6,0;15000;7,9;0,09;5;0,0949367088607595;0;1;0;1;0;0;0;0;0;0;1;0;0;0;0;0,023453020263326;Muito Baixo;MEDICAL;MORTGAGE
22;94692;5,0;20000;11,49;0,21;4;0,211211084357707;1;2;0;1;0;0;0;0;1;0;0;0;0;0;0;0,0278738907791587;Muito Baixo;EDUCATION;MORTGAGE
24;30000;0,0;10000;14,61;0,33;3;0,3333333333333333;1;4;0;0;0;0;1;0;0;0;1;0;0;1;1;0,9993269127032184;Muito Alto;MEDICAL;RENT
22;60000;5,0;9000;5,99;0,15;4;0,15;0;1;0;0;0;0;1;0;0;0;0;1;0;0;0;0,013885602596288;Muito Baixo;PERSONAL;RENT
28;41400;2,0;14000;13,48;0,34;6;0,3381642512077294;1;3;0;0;0;0;1;1;0;0;0;0;0;1;1;0,990315643351846;Muito Alto;DEBTCONSOLIDATION;RENT
33;46709;4,0;6200;10,99;0,13;8;0,1327367316791196;0;2;0;1;0;0;0;0;1;0;0;0;0;0;0;0,0947702487423303;Muito Baixo;EDUCATION;MORTGAGE
22;44000;4,0;16000;14,74;0,36;3;0,3636363636363636;1;4;1;1;0;0;0;0;0;0;1;0;0;1;1;0,9740764437330154;Muito Alto;MEDICAL;MORTGAGE
26;155000;7,0;24000;10,99;0,15;4;0,1548387096774193;0;2;0;0;0;0;1;1;0;0;0;0;0;0;0;0,0635931574994835;Muito Baixo;DEBTCONSOLIDATION;RENT
29;32000;6,0;10800;13,57;0,34;6;0,3375;1;3;0;0;0;0;1;1;0;0;0;0;0;1;1;0,991867777016677;Muito Alto;DEBTCONSOLIDATION;RENT
37;174996;11,0;6500;13,35;0,04;17;0,0371437061418546;1;3;1;1;0;0;0;0;0;0;1;0;0;0;0;0,0399622296389623;Muito Baixo;MEDICAL;MORTGAGE
29;107220;9,0;10000;10,99;0,09;10;0,0932661816825219;0;2;0;1;0;0;0;0;0;1;0;0;0;0;0;0,0692172754031574;Muito Baixo;HOMEIMPROVEMENT;MORTGAGE
22;47000;2,0;6000;5,42;0,13;3;0,1276595744680851;0;1;0;0;0;0;1;0;0;0;1;0;0;0;0;0,0135422755113961;Muito Baixo;MEDICAL;RENT
35;126400;0,0;13000;10,38;0,1;8;0,1028481012658227;0;2;0;1;0;0;0;1;0;0;0;0;0;0;0;0,0252621401897062;Muito Baixo;DEBTCONSOLIDATION;MORTGAGE
22;53000;0,0;4000;10,39;0,08;2;0,0754716981132075;0;2;0;1;0;0;0;1;0;0;0;0;0;0;0;0,0555134449383074;Muito Baixo;DEBTCONSOLIDATION;MORTGAGE
22;50724;7,0;6300;15,96;0,12;4;0,1242015613910575;1;3;1;0;0;0;1;0;1;0;0;0;0;0;0;0,1105392553999308;Muito Baixo;EDUCATION;RENT
42;153936;26,0;20000;7,49;0,13;15;0,1299241243114021;0;1;0;0;0;1;0;0;0;0;0;1;0;0;0;0,0002994712137365;Muito Baixo;PERSONAL;OWN
49;60000;7,0;7000;13,48;0,12;13;0,1166666666666666;1;3;0;0;0;1;0;0;0;0;0;1;0;0;0;0,0005410367642462;Muito Baixo;PERSONAL;OWN
38;50000;8,0;20000;13,85;0,4;14;0,4;1;3;0;0;0;0;1;0;0;0;1;0;0;1;1;0,9885614527555264;Muito Alto;MEDICAL;RENT
32;45000;8,0;2100;6,99;0,05;10;0,0466666666666666;0;1;0;1;0;0;0;1;0;0;0;0;0;0;0;0,0272206975944189;Muito Baixo;DEBTCONSOLIDATION;MORTGAGE
25;33772;3,0;3600;16,02;0,11;3;0,1065971810967665;1;4;1;0;0;0;1;0;0;0;0;0;1;1;1;0,5744420234426545;Moderado;VENTURE;RENT
30;75000;0,0;15000;12,98;0,2;8;0,2;1;3;0;1;0;0;0;0;0;1;0;0;0;0;0;0,0839122953923107;Muito Baixo;HOMEIMPROVEMENT;MORTGAGE
23;34560;5,0;9600;16,02;0,28;3;0,2777777777777778;1;4;1;0;0;0;1;1;0;0;0;0;0;1;1;0,9892748608018224;Muito Alto;DEBTCONSOLIDATION;RENT
33;43000;6,0;8000;10,0;0,19;8;0,1860465116279069;0;2;0;0;0;0;1;0;1;0;0;0;0;0;0;0,1482892178069202;Muito Baixo;EDUCATION;RENT
21;20000;4,0;5600;10,75;0,28;4;0,28;0;2;0;0;0;0;1;0;0;0;1;0;0;0;0;0,0780639738785178;Muito Baixo;MEDICAL;RENT
23;42900;6,0;1000;6,76;0,02;3;0,0233100233100233;0;1;0;0;0;1;0;0;0;0;1;0;0;0;0;0,0006886801495952;Muito Baixo;MEDICAL;OWN
24;48602;0,0;9500;12,73;0,2;4;0,1954652071931196;1;3;0;0;0;0;1;0;0;0;1;0;0;0;0;0,0711383770200655;Muito Baixo;MEDICAL;RENT
25;68000;3,0;6500;16,29;0,1;3;0,0955882352941176;1;4;1;1;0;0;0;0;0;1;0;0;0;0;0;0,1255087915824724;Muito Baixo;HOMEIMPROVEMENT;MORTGAGE
25;75600;7,0;15000;12,68;0,2;3;0,1984126984126984;1;3;1;1;0;0;0;0;0;0;1;0;0;0;0;0,0632920038522981;Muito Baixo;MEDICAL;MORTGAGE
29;73000;2,0;8000;7,4;0,11;7;0,1095890410958904;0;1;0;0;0;0;1;0;0;1;0;0;0;0;0;0,0599354124400616;Muito Baixo;HOMEIMPROVEMENT;RENT
34;36500;4,0;6500;15,65;0,18;10;0,1780821917808219;1;4;0;0;0;0;1;1;0;0;0;0;0;1;1;0,9891651648497666;Muito Alto;DEBTCONSOLIDATION;RENT
27;24000;0,0;10000;7,68;0,42;9;0,4166666666666667;0;1;0;0;0;0;1;0;0;0;1;0;0;1;1;0,9945557538622652;Muito Alto;MEDICAL;RENT
38;103970;0,0;15000;14,35;0,14;14;0,1442723862652688;1;3;1;1;0;0;0;1;0;0;0;0;0;0;0;0,1452476986487455;Muito Baixo;DEBTCONSOLIDATION;MORTGAGE
25;130000;7,0;10000;7,49;0,08;2;0,0769230769230769;0;1;0;0;0;0;1;0;0;1;0;0;0;0;0;0,0311096906686818;Muito Baixo;HOMEIMPROVEMENT;RENT
33;60000;7,0;18000;8,49;0,3;5;0,3;0;1;0;0;0;0;1;0;0;1;0;0;0;0;0;0,0637499581747531;Muito Baixo;HOMEIMPROVEMENT;RENT
29;87000;6,0;4800;8,94;0,06;5;0,0551724137931034;0;1;0;1;0;0;0;0;0;0;0;0;1;0;0;0,0012348485896742;Muito Baixo;VENTURE;MORTGAGE
25;60000;2,0;12500;11,49;0,21;2;0,2083333333333333;1;2;0;1;0;0;0;0;0;0;1;0;0;0;0;0,0911724749758763;Muito Baixo;MEDICAL;MORTGAGE
28;119000;2,0;5325;10,38;0,04;7;0,0447478991596638;0;2;0;1;0;0;0;0;0;0;1;0;0;0;0;0,0216652009428677;Muito Baixo;MEDICAL;MORTGAGE
22;34000;6,0;5000;9,63;0,15;3;0,1470588235294117;0;1;0;1;0;0;0;0;1;0;0;0;0;0;1;0,550315478109284;Moderado;EDUCATION;MORTGAGE
26;96000;2,0;10000;15,28;0,1;2;0,1041666666666666;1;4;1;0;0;0;1;0;1;0;0;0;0;1;1;0,774804806005295;Alto;EDUCATION;RENT
24;67500;2,0;14400;11,71;0,21;2;0,2133333333333333;1;2;0;1;0;0;0;0;1;0;0;0;0;0;0;0,1170262544548948;Muito Baixo;EDUCATION;MORTGAGE
61;53000;3,0;7000;7,49;0,13;23;0,1320754716981132;0;1;0;1;0;0;0;0;0;0;0;1;0;0;0;0,0248271464066653;Muito Baixo;PERSONAL;MORTGAGE
23;19136;4,0;5500;17,93;0,29;3;0,2874163879598662;1;5;1;0;0;0;1;0;1;0;0;0;0;1;1;0,942782665018604;Muito Alto;EDUCATION;RENT
23;39000;5,0;8400;13,79;0,22;2;0,2153846153846154;1;3;0;0;0;0;1;0;0;0;0;1;0;1;0;0,325360507159491;Baixo;PERSONAL;RENT
22;50000;6,0;3000;10,99;0,06;3;0,06;0;2;0;0;0;0;1;0;0;0;0;1;0;0;0;0,053195175327227;Muito Baixo;PERSONAL;RENT
27;80000;5,0;35000;13,48;0,44;8;0,4375;1;3;0;1;0;0;0;0;0;0;0;0;1;0;0;0,0745957078250979;Muito Baixo;VENTURE;MORTGAGE
43;44000;18,0;8000;9,32;0,18;15;0,1818181818181818;0;1;0;0;0;1;0;0;0;0;1;0;0;0;0;0,000497947971646;Muito Baixo;MEDICAL;OWN
22;43200;6,0;5000;12,69;0,12;2;0,1157407407407407;1;2;0;0;0;0;1;0;1;0;0;0;0;0;0;0,137407824366822;Muito Baixo;EDUCATION;RENT
28;39500;11,0;11000;7,14;0,28;8;0,2784810126582278;0;1;0;1;0;0;0;0;1;0;0;0;0;0;0;0,1922516108203612;Muito Baixo;EDUCATION;MORTGAGE
26;30000;3,0;4000;14,27;0,13;2;0,1333333333333333;1;3;1;0;0;0;1;0;0;0;1;0;0;1;0;0,1100713247001564;Muito Baixo;MEDICAL;RENT
29;47000;2,0;5000;10,62;0,11;9;0,1063829787234042;0;2;0;0;0;0;1;0;0;0;1;0;0;0;0;0,0741686829611562;Muito Baixo;MEDICAL;RENT
47;31400;1,0;6500;9,32;0,21;16;0,2070063694267516;0;1;0;0;0;0;1;0;0;0;0;0;1;0;0;0,0033104409955293;Muito Baixo;VENTURE;RENT
30;115000;3,0;20000;11,11;0,17;7;0,1739130434782608;1;2;0;0;0;0;1;1;0;0;0;0;0;0;0;0,0422004992385253;Muito Baixo;DEBTCONSOLIDATION;RENT
35;46000;2,0;12800;13,48;0,28;8;0,2782608695652174;1;3;1;0;0;0;1;0;0;0;0;1;0;0;0;0,0835291512550768;Muito Baixo;PERSONAL;RENT
26;75000;10,0;9250;12,69;0,12;4;0,1233333333333333;1;2;0;0;0;1;0;0;0;0;1;0;0;0;0;0,0003995403767312;Muito Baixo;MEDICAL;OWN
26;80000;0,0;6300;5,79;0,08;4;0,07875;0;1;0;1;0;0;0;0;1;0;0;0;0;0;0;0,0106372963591182;Muito Baixo;EDUCATION;MORTGAGE
24;45000;0,0;6000;17,19;0,13;3;0,1333333333333333;1;5;1;0;0;0;1;0;1;0;0;0;0;1;1;0,945171231698722;Muito Alto;EDUCATION;RENT
44;36000;5,0;4000;16,29;0,11;11;0,1111111111111111;1;4;0;0;0;1;0;0;1;0;0;0;0;0;0;0,001069536201706;Muito Baixo;EDUCATION;OWN
24;62472;2,0;5500;12,73;0,09;2;0,0880394416698681;1;3;0;0;0;0;1;0;1;0;0;0;0;0;0;0,0759998827899983;Muito Baixo;EDUCATION;RENT
24;56496;5,0;2000;9,32;0,04;3;0,0354007363353157;0;1;0;0;0;0;1;0;1;0;0;0;0;0;0;0,0955290931017315;Muito Baixo;EDUCATION;RENT
21;21000;2,0;6250;13,85;0,3;3;0,2976190476190476;1;3;0;0;0;0;1;0;1;0;0;0;0;0;0;0,0625421469842175;Muito Baixo;EDUCATION;RENT
33;57000;7,0;15000;10,39;0,26;7;0,2631578947368421;0;2;0;1;0;0;0;0;1;0;0;0;0;0;0;0,1684206309083707;Muito Baixo;EDUCATION;MORTGAGE
33;83000;14,0;18000;8,49;0,22;6;0,216867469879518;0;1;0;1;0;0;0;1;0;0;0;0;0;0;0;0,0515171807606331;Muito Baixo;DEBTCONSOLIDATION;MORTGAGE
26;49000;2,0;8400;18,25;0,17;4;0,1714285714285714;1;4;1;0;0;0;1;0;0;0;0;0;1;1;1;0,9662518675570348;Muito Alto;VENTURE;RENT
22;33504;3,0;12000;13,98;0,36;3;0,3581661891117478;1;3;1;0;0;0;1;0;0;0;0;1;0;1;1;0,9938459716111194;Muito Alto;PERSONAL;RENT
38;91200;0,0;9000;12,68;0,1;16;0,0986842105263157;1;3;0;1;0;0;0;0;0;1;0;0;0;0;0;0,058973154282088;Muito Baixo;HOMEIMPROVEMENT;MORTGAGE
28;120000;5,0;22000;13,72;0,18;6;0,1833333333333333;1;3;1;1;0;0;0;0;0;0;1;0;0;0;0;0,1070534221393633;Muito Baixo;MEDICAL;MORTGAGE
29;24960;13,0;4000;5,42;0,16;6;0,1602564102564102;0;1;0;0;0;0;1;0;0;0;0;0;1;0;0;0,0028523553871082;Muito Baixo;VENTURE;RENT
24;26650;6,0;1000;12,53;0,04;2;0,0375234521575985;1;2;0;1;0;0;0;0;0;0;1;0;0;0;0;0,2669724814367792;Baixo;MEDICAL;MORTGAGE
32;18000;0,0;4750;7,88;0,26;6;0,2638888888888889;0;1;0;0;0;1;0;0;0;0;0;0;1;1;1;0,999594103801673;Muito Alto;VENTURE;OWN
30;41000;14,0;18000;9,01;0,44;7;0,4390243902439024;0;2;0;1;0;0;0;0;0;1;0;0;0;0;0;0,075728092231072;Muito Baixo;HOMEIMPROVEMENT;MORTGAGE
28;40000;2,0;5000;10,99;0,13;10;0,125;0;2;0;1;0;0;0;0;0;0;0;0;1;0;0;0,0009683937448712;Muito Baixo;VENTURE;MORTGAGE
24;46500;2,0;8000;15,23;0,17;2;0,1720430107526881;1;3;1;0;0;0;1;0;0;1;0;0;0;1;1;0,7064465457520325;Alto;HOMEIMPROVEMENT;RENT
26;45000;3,0;1500;10,25;0,03;3;0,0333333333333333;0;2;0;0;0;0;1;0;0;0;0;0;1;0;0;0,0013636069295674;Muito Baixo;VENTURE;RENT
41;45000;2,0;16000;12,99;0,36;14;0,3555555555555555;1;3;0;0;0;0;1;0;0;0;1;0;0;1;1;0,9890094074209492;Muito Alto;MEDICAL;RENT
28;91000;11,0;7000;6,99;0,08;6;0,0769230769230769;0;1;0;0;0;1;0;0;0;0;0;0;1;0;0;9,42357534436054e-06;Muito Baixo;VENTURE;OWN
34;72000;8,0;10000;13,49;0,14;8;0,1388888888888889;1;3;1;1;0;0;0;0;0;1;0;0;0;0;0;0,0586844327626844;Muito Baixo;HOMEIMPROVEMENT;MORTGAGE
21;33000;2,0;11000;13,11;0,33;3;0,3333333333333333;1;3;1;0;0;1;0;0;1;0;0;0;0;0;0;0,0009366383328956;Muito Baixo;EDUCATION;OWN
22;37200;6,0;7000;7,9;0,19;4;0,1881720430107527;0;1;0;0;0;0;1;1;0;0;0;0;0;1;0;0,1316586161933544;Muito Baixo;DEBTCONSOLIDATION;RENT
30;24000;4,0;6000;5,79;0,25;9;0,25;0;1;0;0;0;1;0;0;0;0;0;1;0;0;0;0,0006527772848802;Muito Baixo;PERSONAL;OWN
24;26000;6,0;10000;10,99;0,38;4;0,3846153846153846;0;2;0;0;0;0;1;0;0;0;0;1;0;1;1;0,9947259826392972;Muito Alto;PERSONAL;RENT
22;100000;0,0;20000;12,21;0,2;3;0,2;1;2;0;0;0;0;1;0;0;0;0;1;0;0;0;0,05918995241165;Muito Baixo;PERSONAL;RENT
36;145000;0,0;25000;10,99;0,17;15;0,1724137931034483;0;2;0;0;0;0;1;0;0;0;1;0;0;0;0;0,0369376281387915;Muito Baixo;MEDICAL;RENT
27;51996;7,0;7600;14,17;0,15;8;0,1461650896222786;1;3;0;0;0;0;1;0;0;1;0;0;0;0;0;0,3737848657820131;Baixo;HOMEIMPROVEMENT;RENT
24;32000;2,0;2000;10,59;0,06;3;0,0625;0;2;0;0;0;0;1;0;1;0;0;0;0;1;0;0,238166631826816;Baixo;EDUCATION;RENT
40;27599;6,0;3000;10,25;0,11;17;0,1086995905648755;0;2;0;0;0;0;1;0;0;0;0;0;1;0;0;0,0037087311767935;Muito Baixo;VENTURE;RENT
23;140000;7,0;9000;7,14;0,06;2;0,0642857142857142;0;1;0;0;0;0;1;0;0;0;0;0;1;0;0;0,0009877860521897;Muito Baixo;VENTURE;RENT
33;50500;2,0;4000;15,31;0,08;8;0,0792079207920792;1;4;1;1;0;0;0;0;0;0;1;0;0;1;1;0,9695339857654116;Muito Alto;MEDICAL;MORTGAGE
24;90000;9,0;15000;14,42;0,17;3;0,1666666666666666;1;4;1;0;0;0;1;0;0;0;0;0;1;0;0;0,0994395478546012;Muito Baixo;VENTURE;RENT
27;12000;2,0;5000;8,49;0,42;10;0,4166666666666667;0;1;0;0;0;0;1;0;0;0;1;0;0;1;1;0,9997679612015036;Muito Alto;MEDICAL;RENT
22;50000;0,0;13000;12,42;0,26;2;0,26;1;2;0;0;0;0;1;1;0;0;0;0;0;0;0;0,0470875868917885;Muito Baixo;DEBTCONSOLIDATION;RENT
25;100000;2,0;10000;7,51;0,1;4;0,1;0;1;0;1;0;0;0;0;0;0;0;1;0;0;0;0,0105858075458003;Muito Baixo;PERSONAL;MORTGAGE
23;49800;2,0;2400;11,83;0,05;2;0,0481927710843373;1;2;0;0;0;0;1;0;0;0;0;1;0;0;0;0,1339893024745944;Muito Baixo;PERSONAL;RENT
22;36000;2,0;12000;7,51;0,33;4;0,3333333333333333;0;1;0;1;0;0;0;0;0;0;0;1;0;0;0;0,1046270322605587;Muito Baixo;PERSONAL;MORTGAGE
23;30000;3,0;4500;10,62;0,15;3;0,15;0;2;0;1;0;0;0;0;0;0;0;1;0;0;0;0,165308113756406;Muito Baixo;PERSONAL;MORTGAGE
22;61000;6,0;12000;7,29;0,2;3;0,1967213114754098;0;1;0;1;0;0;0;1;0;0;0;0;0;0;0;0,031157259397577;Muito Baixo;DEBTCONSOLIDATION;MORTGAGE
27;45000;12,0;10400;14,65;0,23;9;0,2311111111111111;1;3;0;0;0;0;1;1;0;0;0;0;0;0;0;0,2630722020366393;Baixo;DEBTCONSOLIDATION;RENT
25;49000;2,0;3000;12,68;0,06;3;0,0612244897959183;1;3;1;0;0;0;1;0;0;0;0;0;1;1;0;0,1168840122657237;Muito Baixo;VENTURE;RENT
34;73000;7,0;20675;7,49;0,28;7;0,2832191780821917;0;1;0;1;0;0;0;0;0;1;0;0;0;0;0;0,0490715837371733;Muito Baixo;HOMEIMPROVEMENT;MORTGAGE
22;78000;6,0;21600;11,26;0,28;3;0,2769230769230769;1;2;0;0;0;0;1;1;0;0;0;0;0;1;0;0,12264219330402;Muito Baixo;DEBTCONSOLIDATION;RENT
24;19000;3,0;7400;13,85;0,39;2;0,3894736842105263;1;3;0;0;0;1;0;0;0;0;1;0;0;1;1;0,997663581865836;Muito Alto;MEDICAL;OWN
23;78000;3,0;20000;11,58;0,26;3;0,2564102564102564;1;2;0;0;0;0;1;0;0;0;0;0;1;0;0;0,0065335580472425;Muito Baixo;VENTURE;RENT
34;72000;2,0;10000;7,51;0,14;7;0,1388888888888889;0;1;0;0;0;0;1;0;0;1;0;0;0;0;0;0,0297917912785824;Muito Baixo;HOMEIMPROVEMENT;RENT
22;46000;1,0;6200;15,31;0,13;4;0,1347826086956521;1;4;0;0;0;0;1;1;0;0;0;0;0;1;1;0,998798681390602;Muito Alto;DEBTCONSOLIDATION;RENT
23;30000;5,0;3000;12,18;0,1;2;0,1;1;2;0;0;0;1;0;0;0;0;0;1;0;0;0;0,0013562700522375;Muito Baixo;PERSONAL;OWN
26;36000;1,0;7000;8,94;0,19;3;0,1944444444444444;0;1;0;0;0;0;1;0;0;0;0;0;1;0;0;0,0033267421250226;Muito Baixo;VENTURE;RENT
28;39000;0,0;9600;7,49;0,25;8;0,2461538461538461;0;1;0;0;0;0;1;0;0;0;1;0;0;0;0;0,0449282687988436;Muito Baixo;MEDICAL;RENT
37;48000;3,0;7500;16,29;0,16;12;0,15625;1;4;1;0;0;0;1;0;0;0;1;0;0;0;0;0,4598888622027604;Moderado;MEDICAL;RENT
24;56000;5,0;13000;8,94;0,23;3;0,2321428571428571;0;1;0;1;0;0;0;0;0;0;0;0;1;0;0;0,000813587699475;Muito Baixo;VENTURE;MORTGAGE
29;58000;4,0;14000;6,62;0,24;5;0,2413793103448276;0;1;0;0;0;0;1;0;0;0;0;1;0;0;0;0,0421327656406232;Muito Baixo;PERSONAL;RENT
29;38000;0,0;2450;13,48;0,06;6;0,0644736842105263;1;3;1;1;0;0;0;0;0;1;0;0;0;0;0;0,232722106334529;Baixo;HOMEIMPROVEMENT;MORTGAGE
29;51996;2,0;2000;13,72;0,04;6;0,0384644972690206;1;3;1;0;0;0;1;1;0;0;0;0;0;0;0;0,0842762419572779;Muito Baixo;DEBTCONSOLIDATION;RENT
24;46700;5,0;8000;15,65;0,17;3;0,171306209850107;1;4;1;0;0;0;1;0;1;0;0;0;0;0;0;0,1586433317907576;Muito Baixo;EDUCATION;RENT
38;55550;1,0;22500;7,49;0,41;12;0,405040504050405;0;1;0;1;0;0;0;0;0;1;0;0;0;0;0;0,1074657065154984;Muito Baixo;HOMEIMPROVEMENT;MORTGAGE
25;125000;6,0;8000;9,63;0,06;2;0,064;0;1;0;1;0;0;0;0;0;0;1;0;0;0;0;0,0200552933862822;Muito Baixo;MEDICAL;MORTGAGE
29;77000;3,0;5000;7,14;0,06;7;0,0649350649350649;0;1;0;1;0;0;0;0;0;0;0;1;0;0;0;0,030835772646735;Muito Baixo;PERSONAL;MORTGAGE
25;14400;7,0;5375;5,79;0,37;2;0,3732638888888889;0;1;0;0;0;1;0;0;1;0;0;0;0;1;1;0,9988022195020164;Muito Alto;EDUCATION;OWN
24;74000;0,0;20000;12,69;0,27;3;0,2702702702702703;1;2;0;0;0;0;1;0;0;1;0;0;0;0;1;0,5847070820411451;Moderado;HOMEIMPROVEMENT;RENT
23;95000;1,0;19800;13,22;0,21;4;0,2084210526315789;1;3;1;1;0;0;0;0;1;0;0;0;0;1;0;0,0223044842833569;Muito Baixo;EDUCATION;MORTGAGE
22;20000;7,0;1675;7,74;0,08;3;0,08375;0;1;0;0;0;0;1;0;1;0;0;0;0;0;0;0,1537347051694608;Muito Baixo;EDUCATION;RENT
23;30000;0,0;4000;10,36;0,13;3;0,1333333333333333;0;2;0;0;0;0;1;1;0;0;0;0;0;0;0;0,1323715765454783;Muito Baixo;DEBTCONSOLIDATION;RENT
33;53000;2,0;10000;8,94;0,19;9;0,1886792452830188;0;1;0;0;0;0;1;0;1;0;0;0;0;0;0;0,0409619395080002;Muito Baixo;EDUCATION;RENT
36;48450;2,0;10000;13,61;0,21;15;0,2063983488132094;1;3;0;0;0;0;1;1;0;0;0;0;0;0;0;0,0841496034278578;Muito Baixo;DEBTCONSOLIDATION;RENT
23;80196;2,0;30000;9,91;0,37;3;0,3740834954361813;0;2;0;0;0;1;0;0;0;0;0;1;0;0;0;0,0005153635557799;Muito Baixo;PERSONAL;OWN
25;80000;9,0;6000;6,03;0,07;4;0,075;0;1;0;1;0;0;0;0;0;0;0;0;1;0;0;0,0003361965329583;Muito Baixo;VENTURE;MORTGAGE
31;45000;8,0;7500;10,62;0,17;5;0,1666666666666666;0;2;0;1;0;0;0;0;0;0;0;0;1;0;0;0,0013559349107152;Muito Baixo;VENTURE;MORTGAGE
23;84000;2,0;20000;12,61;0,24;2;0,238095238095238;1;4;1;1;0;0;0;0;1;0;0;0;0;0;0;0,170904126727879;Muito Baixo;EDUCATION;MORTGAGE
25;31200;4,0;4200;8,9;0,13;3;0,1346153846153846;0;1;0;0;0;0;1;0;0;0;1;0;0;0;0;0,1005868676033028;Muito Baixo;MEDICAL;RENT
24;120000;0,0;5775;6,17;0,05;2;0,048125;0;1;0;0;0;0;1;0;0;0;0;0;1;0;0;0,0002667554912287;Muito Baixo;VENTURE;RENT
31;190000;4,0;9000;6,03;0,05;7;0,0473684210526315;0;1;0;1;0;0;0;1;0;0;0;0;0;0;0;0,006279177732281;Muito Baixo;DEBTCONSOLIDATION;MORTGAGE
21;22000;4,0;5325;12,42;0,24;3;0,2420454545454545;1;2;0;0;0;0;1;0;0;0;0;1;0;1;0;0,2188222567646151;Baixo;PERSONAL;RENT
26;18000;1,0;2400;13,06;0,13;2;0,1333333333333333;1;3;1;0;0;0;1;0;0;0;0;0;1;1;0;0,0739125322554304;Muito Baixo;VENTURE;RENT
23;45000;1,0;10000;12,21;0,22;2;0,2222222222222222;1;2;0;1;0;0;0;0;0;0;1;0;0;0;0;0,1678775869212918;Muito Baixo;MEDICAL;MORTGAGE
33;54000;7,0;32000;15,23;0,59;7;0,5925925925925926;1;3;1;1;0;0;0;0;0;0;1;0;0;1;1;0,6642820512868457;Alto;MEDICAL;MORTGAGE
23;102000;5,0;35000;7,9;0,34;3;0,3431372549019608;0;1;0;1;0;0;0;0;0;0;0;1;0;0;0;0,0275853447322147;Muito Baixo;PERSONAL;MORTGAGE
30;67275;4,0;6500;8,94;0,1;7;0,0966183574879227;0;1;0;0;0;0;1;0;0;1;0;0;0;0;0;0,0818028009820305;Muito Baixo;HOMEIMPROVEMENT;RENT
22;17400;6,0;1000;11,36;0,06;2;0,057471264367816;1;2;0;1;0;0;0;0;0;0;0;0;1;0;0;0,0206826604948844;Muito Baixo;VENTURE;MORTGAGE
23;65000;7,0;7000;6,99;0,11;4;0,1076923076923077;0;1;0;1;0;0;0;0;0;0;1;0;0;0;0;0,0270790104460817;Muito Baixo;MEDICAL;MORTGAGE
21;35000;5,0;10000;10,99;0,29;4;0,2857142857142857;0;2;0;0;0;1;0;0;0;0;0;0;1;0;0;7,158877967979327e-06;Muito Baixo;VENTURE;OWN
28;96636;10,0;30000;8,49;0,31;5;0,3104433130510369;0;1;0;1;0;0;0;0;0;0;1;0;0;0;0;0,0301106227351058;Muito Baixo;MEDICAL;MORTGAGE
26;85000;8,0;8500;15,31;0,1;4;0,1;1;4;0;1;0;0;0;0;1;0;0;0;0;0;0;0,0766613708087678;Muito Baixo;EDUCATION;MORTGAGE
23;36000;7,0;1200;13,99;0,03;3;0,0333333333333333;1;3;0;0;0;0;1;0;0;0;0;1;0;0;0;0,1729349569321908;Muito Baixo;PERSONAL;RENT
55;51000;2,0;8000;5,79;0,16;26;0,1568627450980392;0;1;0;0;0;0;1;0;0;0;0;1;0;0;0;0,0114011165412704;Muito Baixo;PERSONAL;RENT
27;116000;11,0;18000;7,49;0,16;10;0,1551724137931034;0;1;0;1;0;0;0;1;0;0;0;0;0;0;0;0,0102758678370817;Muito Baixo;DEBTCONSOLIDATION;MORTGAGE
35;123000;2,0;25000;17,19;0,2;8;0,2032520325203252;1;5;1;0;0;0;1;0;0;0;0;1;0;1;1;0,9434141586315868;Muito Alto;PERSONAL;RENT
46;76800;0,0;13000;15,96;0,17;13;0,1692708333333333;1;3;1;1;0;0;0;1;0;0;0;0;0;0;0;0,3811068436497161;Baixo;DEBTCONSOLIDATION;MORTGAGE
24;60000;8,0;17000;7,49;0,28;2;0,2833333333333333;0;1;0;1;0;0;0;0;0;0;1;0;0;0;0;0,0373632243897216;Muito Baixo;MEDICAL;MORTGAGE
26;42000;4,0;15000;11,26;0,36;4;0,3571428571428571;1;2;0;1;0;0;0;0;0;0;1;0;0;0;0;0,2314779084580685;Baixo;MEDICAL;MORTGAGE
22;60000;1,0;10000;5,42;0,17;2;0,1666666666666666;0;1;0;1;0;0;0;0;0;0;0;1;0;0;0;0,0114315275484928;Muito Baixo;PERSONAL;MORTGAGE
41;53000;20,0;11000;13,48;0,21;14;0,2075471698113207;1;3;1;1;0;0;0;0;0;0;0;0;1;0;0;0,035627480985682;Muito Baixo;VENTURE;MORTGAGE
37;97000;8,0;25000;19,41;0,26;11;0,2577319587628865;1;6;0;0;0;0;1;0;0;1;0;0;0;0;0;0,4130100984051769;Moderado;HOMEIMPROVEMENT;RENT
33;71000;17,0;19600;16,07;0,28;6;0,276056338028169;1;4;1;0;0;0;1;0;0;1;0;0;0;1;0;0,203385714369488;Baixo;HOMEIMPROVEMENT;RENT
22;53000;6,0;10000;17,39;0,19;3;0,1886792452830188;1;5;0;1;0;0;0;0;1;0;0;0;0;0;0;0,1740727188112034;Muito Baixo;EDUCATION;MORTGAGE
28;60000;10,0;10500;15,27;0,17;6;0,175;1;3;1;0;0;0;1;0;0;1;0;0;0;0;0;0,116945715746487;Muito Baixo;HOMEIMPROVEMENT;RENT
37;108000;0,0;20000;16,32;0,19;15;0,1851851851851851;1;5;0;0;0;0;1;0;0;1;0;0;0;1;1;0,878756042690411;Muito Alto;HOMEIMPROVEMENT;RENT
41;30000;3,0;8875;5,42;0,3;16;0,2958333333333333;0;1;0;0;0;0;1;0;0;0;0;1;0;0;0;0,1063857217264651;Muito Baixo;PERSONAL;RENT
24;87600;8,0;10000;13,49;0,11;3;0,1141552511415525;1;3;1;1;0;0;0;0;0;0;0;0;1;0;0;0,0857954698715696;Muito Baixo;VENTURE;MORTGAGE
52;48000;3,0;11000;12,73;0,23;22;0,2291666666666666;1;3;0;0;0;0;1;0;0;0;1;0;0;0;0;0,0524121179641735;Muito Baixo;MEDICAL;RENT
27;45000;11,0;13000;8,94;0,29;6;0,2888888888888888;0;1;0;0;0;0;1;1;0;0;0;0;0;0;0;0,0731450333609062;Muito Baixo;DEBTCONSOLIDATION;RENT
23;69000;0,0;15000;14,96;0,22;2;0,217391304347826;1;4;0;1;0;0;0;0;0;1;0;0;0;1;1;0,9925649782971686;Muito Alto;HOMEIMPROVEMENT;MORTGAGE
24;85000;2,0;7500;13,99;0,09;2;0,088235294117647;1;3;1;1;0;0;0;0;0;0;0;1;0;0;0;0,0567549795688247;Muito Baixo;PERSONAL;MORTGAGE
23;56000;2,0;2400;8,9;0,04;3;0,0428571428571428;0;1;0;0;0;0;1;0;0;0;1;0;0;0;0;0,1115297054706576;Muito Baixo;MEDICAL;RENT
23;49000;7,0;4000;13,99;0,08;4;0,0816326530612244;1;3;0;1;0;0;0;0;0;0;0;0;1;0;0;0,1866039980975854;Muito Baixo;VENTURE;MORTGAGE
24;27600;8,0;7000;7,9;0,25;2;0,2536231884057971;0;1;0;0;0;1;0;0;0;0;0;1;0;0;0;0,0015064435699365;Muito Baixo;PERSONAL;OWN
31;73000;1,0;20000;15,05;0,27;5;0,273972602739726;1;4;1;0;0;0;1;0;0;1;0;0;0;1;1;0,957255384285878;Muito Alto;HOMEIMPROVEMENT;RENT
37;85000;21,0;1200;8,9;0,01;13;0,0141176470588235;0;1;0;0;0;0;1;0;0;0;0;0;1;0;0;0,0015816743894532;Muito Baixo;VENTURE;RENT
30;46000;5,0;9000;7,29;0,2;5;0,1956521739130435;0;1;0;0;0;0;1;0;0;0;0;0;1;0;0;0,0014953458168938;Muito Baixo;VENTURE;RENT
27;43000;11,0;15000;7,51;0,35;5;0,3488372093023256;0;1;0;0;0;1;0;0;1;0;0;0;0;0;0;0,0010565723409228;Muito Baixo;EDUCATION;OWN
26;71004;0,0;20000;13,36;0,28;2;0,2816742718720072;1;4;1;0;0;0;1;0;0;1;0;0;0;1;1;0,9299308674225656;Muito Alto;HOMEIMPROVEMENT;RENT
22;48000;7,0;10000;17,99;0,21;4;0,2083333333333333;1;5;1;0;0;0;1;1;0;0;0;0;0;1;1;0,994038739653301;Muito Alto;DEBTCONSOLIDATION;RENT
28;96000;3,0;28000;7,9;0,29;10;0,2916666666666667;0;1;0;0;0;0;1;0;0;1;0;0;0;0;0;0,0390378097848237;Muito Baixo;HOMEIMPROVEMENT;RENT
22;30004;6,0;6600;10,33;0,22;2;0,2199706705772563;0;2;0;0;0;0;1;0;0;0;1;0;0;0;0;0,1412253645190602;Muito Baixo;MEDICAL;RENT
35;44004;7,0;10000;11,36;0,23;7;0,2272520679938187;1;2;0;1;0;0;0;0;0;0;1;0;0;1;0;0,2554425461849982;Baixo;MEDICAL;MORTGAGE
25;57000;1,0;9500;12,53;0,17;4;0,1666666666666666;1;2;0;0;0;0;1;0;0;1;0;0;0;0;0;0,2333280930649997;Baixo;HOMEIMPROVEMENT;RENT
31;78000;10,0;25000;10,75;0,32;8;0,3205128205128205;0;2;0;0;0;0;1;0;0;0;1;0;0;1;1;0,9924565882325168;Muito Alto;MEDICAL;RENT
25;59000;6,0;5100;8,32;0,09;3;0,0864406779661016;0;1;0;1;0;0;0;0;0;0;1;0;0;0;0;0,4113311272483598;Moderado;MEDICAL;MORTGAGE
24;26400;4,0;8875;6,62;0,34;3;0,3361742424242424;0;1;0;0;0;0;1;0;1;0;0;0;0;1;1;0,9913665784702312;Muito Alto;EDUCATION;RENT
30;42000;8,0;8000;12,99;0,19;9;0,1904761904761904;1;3;0;0;0;1;0;0;0;0;1;0;0;0;0;0,0018777864423506;Muito Baixo;MEDICAL;OWN
22;38004;0,0;4100;11,49;0,11;4;0,1078833806967687;1;2;0;0;0;0;1;0;0;0;1;0;0;0;0;0,1393965536841514;Muito Baixo;MEDICAL;RENT
30;73000;4,0;12000;14,26;0,16;5;0,1643835616438356;1;3;1;0;0;0;1;0;0;0;0;0;1;1;0;0,131174275050648;Muito Baixo;VENTURE;RENT
29;92052;6,0;6500;7,49;0,07;9;0,0706122626341633;0;1;0;1;0;0;0;0;0;1;0;0;0;0;0;0,0110988168060511;Muito Baixo;HOMEIMPROVEMENT;MORTGAGE
26;31200;1,0;6400;7,51;0,21;3;0,2051282051282051;0;1;0;0;0;0;1;0;0;0;0;0;1;0;0;0,0055589907296522;Muito Baixo;VENTURE;RENT
21;60000;5,0;7800;9,99;0,13;2;0,13;0;2;0;1;0;0;0;1;0;0;0;0;0;0;0;0,0419730731950122;Muito Baixo;DEBTCONSOLIDATION;MORTGAGE
23;32400;7,0;10000;8,49;0,31;3;0,3086419753086419;0;1;0;0;0;0;1;0;1;0;0;0;0;1;1;0,9869578645787076;Muito Alto;EDUCATION;RENT
21;43000;5,0;8500;15,58;0,2;2;0,1976744186046511;1;4;0;0;0;0;1;0;0;0;0;0;1;0;0;0,4056524875765852;Moderado;VENTURE;RENT
24;64151;0,0;5000;11,86;0,08;4;0,0779411076990226;1;2;0;0;0;0;1;0;1;0;0;0;0;0;0;0,0914761987237497;Muito Baixo;EDUCATION;RENT
35;55000;4,0;8500;7,88;0,15;8;0,1545454545454545;0;1;0;1;0;0;0;0;1;0;0;0;0;0;0;0,0254355477082469;Muito Baixo;EDUCATION;MORTGAGE
28;45000;3,0;2800;13,48;0,06;8;0,0622222222222222;1;3;0;0;0;0;1;0;1;0;0;0;0;0;0;0,0976277391604378;Muito Baixo;EDUCATION;RENT
41;140000;3,0;25000;13,8;0,18;12;0,1785714285714285;1;3;1;1;0;0;0;0;0;0;0;0;1;0;0;0,0762547216839816;Muito Baixo;VENTURE;MORTGAGE
24;71000;8,0;20000;11,36;0,28;2;0,2816901408450704;1;2;0;1;0;0;0;0;1;0;0;0;0;0;0;0,0870641816376419;Muito Baixo;EDUCATION;MORTGAGE
22;62000;2,0;7500;13,87;0,12;3;0,1209677419354838;1;4;1;1;0;0;0;0;0;0;0;1;0;0;0;0,2072723290904323;Baixo;PERSONAL;MORTGAGE
21;20000;0,0;2000;7,49;0,1;3;0,1;0;1;0;0;0;0;1;0;0;0;1;0;0;0;0;0,070561973190886;Muito Baixo;MEDICAL;RENT
23;95000;7,0;19000;7,51;0,2;4;0,2;0;1;0;1;0;0;0;0;1;0;0;0;0;0;0;0,0089725537948423;Muito Baixo;EDUCATION;MORTGAGE
36;42000;2,0;2000;15,62;0,05;13;0,0476190476190476;1;3;1;0;0;1;0;0;0;0;1;0;0;0;0;0,0003897682589844;Muito Baixo;MEDICAL;OWN
24;60000;5,0;3400;15,31;0,06;2;0,0566666666666666;1;4;0;0;0;0;1;0;0;1;0;0;0;0;0;0,0987018930491489;Muito Baixo;HOMEIMPROVEMENT;RENT
26;60000;3,0;20000;10,08;0,33;4;0,3333333333333333;0;2;0;0;0;0;1;0;0;1;0;0;0;1;1;0,9785038989215196;Muito Alto;HOMEIMPROVEMENT;RENT
22;60000;6,0;13000;9,99;0,22;4;0,2166666666666666;0;2;0;0;0;0;1;0;0;0;0;0;1;0;0;0,0016161139861909;Muito Baixo;VENTURE;RENT
50;36000;0,0;5000;10,37;0,14;16;0,1388888888888889;0;2;0;0;0;0;1;0;0;0;0;0;1;0;0;0,0033181715328358;Muito Baixo;VENTURE;RENT
28;266000;12,0;9000;5,42;0,03;10;0,0338345864661654;0;1;0;1;0;0;0;0;0;0;0;1;0;0;0;0,0092362814752379;Muito Baixo;PERSONAL;MORTGAGE
25;28800;0,0;5000;8,9;0,17;4;0,1736111111111111;0;1;0;0;0;0;1;0;1;0;0;0;0;0;0;0,1078583506624709;Muito Baixo;EDUCATION;RENT
33;110004;15,0;12000;10,99;0,11;7;0,1090869422930075;0;2;0;1;0;0;0;0;0;0;1;0;0;0;0;0,039900564573136;Muito Baixo;MEDICAL;MORTGAGE
22;60000;7,0;14000;7,88;0,23;2;0,2333333333333333;0;1;0;0;0;0;1;0;0;0;0;0;1;0;0;0,0012008209711523;Muito Baixo;VENTURE;RENT
22;62000;2,0;13000;15,27;0,21;2;0,2096774193548387;1;3;1;1;0;0;0;1;0;0;0;0;0;0;0;0,2557552378899994;Baixo;DEBTCONSOLIDATION;MORTGAGE
25;58000;5,0;10000;13,24;0,17;4;0,1724137931034483;1;4;0;1;0;0;0;0;0;1;0;0;0;0;0;0,2149553293752488;Baixo;HOMEIMPROVEMENT;MORTGAGE
34;45000;1,0;3800;13,16;0,08;5;0,0844444444444444;1;3;1;1;0;0;0;1;0;0;0;0;0;0;0;0,0509500292147516;Muito Baixo;DEBTCONSOLIDATION;MORTGAGE
24;30000;6,0;5000;12,69;0,17;4;0,1666666666666666;1;2;0;0;0;0;1;1;0;0;0;0;0;1;0;0,4466187671559247;Moderado;DEBTCONSOLIDATION;RENT
26;59000;3,0;12000;15,31;0,2;4;0,2033898305084746;1;4;0;0;0;0;1;0;0;0;1;0;0;1;1;0,9877766155595108;Muito Alto;MEDICAL;RENT
25;80000;9,0;2100;7,49;0,03;4;0,02625;0;1;0;0;0;0;1;0;0;0;0;1;0;0;0;0,0292287399233666;Muito Baixo;PERSONAL;RENT
35;34000;1,0;1600;14,84;0,05;6;0,0470588235294117;1;4;1;0;0;0;1;0;0;0;0;0;1;1;1;0,9516852538097348;Muito Alto;VENTURE;RENT
36;55000;6,0;9000;13,48;0,16;16;0,1636363636363636;1;3;0;0;0;1;0;0;0;0;1;0;0;0;0;0,0007761961152985;Muito Baixo;MEDICAL;OWN
28;42900;3,0;14000;11,14;0,33;5;0,3263403263403263;1;2;0;0;0;0;1;0;0;0;0;1;0;1;1;0,9942363280177126;Muito Alto;PERSONAL;RENT
28;60000;6,0;4125;9,99;0,07;10;0,06875;0;2;0;1;0;0;0;1;0;0;0;0;0;0;0;0,07971949519831;Muito Baixo;DEBTCONSOLIDATION;MORTGAGE
30;228000;9,0;12800;15,33;0,06;8;0,0561403508771929;1;4;0;1;0;0;0;0;0;0;0;0;1;0;0;0,0630884480865582;Muito Baixo;VENTURE;MORTGAGE
28;53000;12,0;1200;13,48;0,02;8;0,0226415094339622;1;3;1;0;0;0;1;0;0;0;1;0;0;0;0;0,030833283395303;Muito Baixo;MEDICAL;RENT
25;85000;5,0;14400;8,49;0,17;2;0,1694117647058823;0;1;0;0;0;0;1;0;1;0;0;0;0;0;0;0,0384725042831882;Muito Baixo;EDUCATION;RENT
25;100000;6,0;12000;9,91;0,12;4;0,12;0;2;0;1;0;0;0;0;0;0;0;0;1;0;0;0,0009235687544089;Muito Baixo;VENTURE;MORTGAGE
26;174000;8,0;12000;12,53;0,07;4;0,0689655172413793;1;2;0;0;0;0;1;1;0;0;0;0;0;0;0;0,0891416947401732;Muito Baixo;DEBTCONSOLIDATION;RENT
27;42000;7,0;5000;5,42;0,12;5;0,119047619047619;0;1;0;0;0;0;1;1;0;0;0;0;0;0;0;0,0745438523971605;Muito Baixo;DEBTCONSOLIDATION;RENT
35;38000;5,0;5000;6,62;0,13;7;0,131578947368421;0;1;0;1;0;0;0;0;0;1;0;0;0;0;0;0,0656251706054512;Muito Baixo;HOMEIMPROVEMENT;MORTGAGE
24;120000;1,0;24000;12,69;0,2;4;0,2;1;2;0;0;0;0;1;0;0;0;0;0;1;0;0;0,0042500011387984;Muito Baixo;VENTURE;RENT
26;80000;6,0;14000;10,99;0,17;2;0,175;0;2;0;0;0;0;1;0;1;0;0;0;0;0;0;0,0330386060208432;Muito Baixo;EDUCATION;RENT
30;18000;6,0;2200;10,99;0,12;6;0,1222222222222222;0;2;0;1;0;0;0;0;0;0;1;0;0;1;0;0,3618044047044008;Baixo;MEDICAL;MORTGAGE
27;68120;6,0;8000;10,0;0,12;5;0,1174398120963006;0;2;0;0;0;0;1;0;1;0;0;0;0;0;0;0,0970303909921737;Muito Baixo;EDUCATION;RENT
23;78000;2,0;25000;16,32;0,32;3;0,3205128205128205;1;4;1;0;0;0;1;0;0;0;0;0;1;1;1;0,9983301303568608;Muito Alto;VENTURE;RENT
27;37273;4,0;8500;10,0;0,23;10;0,2280471118504011;0;2;0;0;0;0;1;0;0;0;0;1;0;0;0;0,1357865657676046;Muito Baixo;PERSONAL;RENT
21;26000;5,0;6000;7,49;0,23;2;0,2307692307692307;0;1;0;0;0;0;1;1;0;0;0;0;0;0;0;0,0953929523980006;Muito Baixo;DEBTCONSOLIDATION;RENT
25;67200;6,0;3250;11,49;0,05;2;0,0483630952380952;1;2;0;1;0;0;0;0;0;1;0;0;0;0;0;0,1087517940107996;Muito Baixo;HOMEIMPROVEMENT;MORTGAGE
27;33600;4,0;3200;11,99;0,1;9;0,0952380952380952;1;2;0;0;0;0;1;0;0;0;0;1;0;0;0;0,3278841285875643;Baixo;PERSONAL;RENT
27;84000;0,0;16000;12,21;0,19;10;0,1904761904761904;1;2;0;0;0;0;1;0;0;0;1;0;0;0;0;0,0518011848906769;Muito Baixo;MEDICAL;RENT
24;65000;3,0;7000;13,61;0,11;3;0,1076923076923077;1;3;1;1;0;0;0;1;0;0;0;0;0;0;0;0,0845220864211408;Muito Baixo;DEBTCONSOLIDATION;MORTGAGE
21;71688;2,0;7500;13,17;0,1;4;0,1046200200870438;1;4;1;1;0;0;0;0;1;0;0;0;0;0;0;0,0768407214666464;Muito Baixo;EDUCATION;MORTGAGE
35;27204;16,0;1800;7,74;0,07;7;0,0661667401852668;0;1;0;1;0;0;0;0;0;0;0;1;0;0;0;0,0873431374881985;Muito Baixo;PERSONAL;MORTGAGE
33;98004;2,0;4000;10,99;0,04;9;0,0408146606260968;0;2;0;1;0;0;0;0;0;0;0;0;1;0;0;0,0007332967144625;Muito Baixo;VENTURE;MORTGAGE
21;98000;5,0;6000;10,59;0,06;4;0,0612244897959183;0;2;0;1;0;0;0;0;0;0;0;1;0;0;0;0,0437353610932556;Muito Baixo;PERSONAL;MORTGAGE
26;92500;3,0;12000;11,71;0,13;4;0,1297297297297297;1;2;0;0;0;0;1;1;0;0;0;0;0;0;0;0,0349439325982282;Muito Baixo;DEBTCONSOLIDATION;RENT
33;44000;2,0;7000;12,99;0,16;8;0,1590909090909091;1;3;1;1;0;0;0;0;1;0;0;0;0;1;0;0,2248558624691896;Baixo;EDUCATION;MORTGAGE
29;26004;0,0;6500;11,91;0,25;10;0,249961544377788;1;3;0;0;0;0;1;0;1;0;0;0;0;0;0;0,1197421757854582;Muito Baixo;EDUCATION;RENT
23;32000;0,0;8500;13,16;0,27;4;0,265625;1;3;0;0;0;0;1;0;0;0;1;0;0;0;0;0,2138863918993212;Baixo;MEDICAL;RENT
25;115000;3,0;19000;13,49;0,17;4;0,1652173913043478;1;3;0;1;0;0;0;1;0;0;0;0;0;0;0;0,0568365037929565;Muito Baixo;DEBTCONSOLIDATION;MORTGAGE
26;125000;5,0;7400;12,53;0,06;2;0,0592;1;2;0;1;0;0;0;0;0;1;0;0;0;0;0;0,0406708388704962;Muito Baixo;HOMEIMPROVEMENT;MORTGAGE
35;158000;14,0;10000;9,63;0,06;10;0,0632911392405063;0;2;0;0;0;1;0;0;1;0;0;0;0;0;0;0,0003342717597115;Muito Baixo;EDUCATION;OWN
33;37500;3,0;6500;15,33;0,17;7;0,1733333333333333;1;4;1;1;0;0;0;0;1;0;0;0;0;0;0;0,2150896952512625;Baixo;EDUCATION;MORTGAGE
23;57744;7,0;2500;10,37;0,04;2;0,0432945414242172;0;2;0;1;0;0;0;0;0;0;0;1;0;0;0;0,1132485656554209;Muito Baixo;PERSONAL;MORTGAGE
21;120000;4,0;10000;9,99;0,08;3;0,0833333333333333;0;2;0;0;0;0;1;1;0;0;0;0;0;0;0;0,0418624034598349;Muito Baixo;DEBTCONSOLIDATION;RENT
23;57600;3,0;10000;15,58;0,17;4;0,1736111111111111;1;4;1;0;0;0;1;0;0;0;0;0;1;0;0;0,2825961379587514;Baixo;VENTURE;RENT
42;120000;0,0;9250;11,86;0,08;13;0,0770833333333333;1;2;0;1;0;0;0;0;1;0;0;0;0;0;0;0,096592698552686;Muito Baixo;EDUCATION;MORTGAGE
24;37000;0,0;8500;12,53;0,23;2;0,2297297297297297;1;3;1;1;0;0;0;0;0;0;1;0;0;1;0;0,132446023903656;Muito Baixo;MEDICAL;MORTGAGE
22;30000;2,0;13000;13,11;0,43;3;0,4333333333333333;1;3;0;0;0;0;1;0;1;0;0;0;0;1;1;0,9956431426378596;Muito Alto;EDUCATION;RENT
39;50000;1,0;8000;7,68;0,16;11;0,16;0;1;0;1;0;0;0;0;0;0;0;1;0;0;0;0,0123205643673331;Muito Baixo;PERSONAL;MORTGAGE
32;150000;16,0;16000;6,03;0,11;10;0,1066666666666666;0;1;0;1;0;0;0;0;0;0;1;0;0;0;0;0,0015021737807919;Muito Baixo;MEDICAL;MORTGAGE
27;115000;2,0;1000;5,99;0,01;8;0,008695652173913;0;1;0;1;0;0;0;0;0;0;1;0;0;0;0;0,0015268260423632;Muito Baixo;MEDICAL;MORTGAGE
33;120000;1,0;9150;13,99;0,08;5;0,07625;1;3;0;0;0;0;1;0;0;0;0;1;0;0;0;0,1042292602006442;Muito Baixo;PERSONAL;RENT
26;43200;5,0;3200;14,35;0,07;4;0,074074074074074;1;3;1;0;0;0;1;0;1;0;0;0;0;0;0;0,1333442656155394;Muito Baixo;EDUCATION;RENT
37;27000;4,0;5500;10,99;0,2;12;0,2037037037037037;0;2;0;0;0;0;1;0;0;0;1;0;0;0;0;0,0257938104514689;Muito Baixo;MEDICAL;RENT
32;27000;2,0;6000;12,73;0,22;10;0,2222222222222222;1;3;0;0;0;0;1;0;0;0;1;0;0;0;0;0,0710459021301922;Muito Baixo;MEDICAL;RENT
23;85000;1,0;21400;13,49;0,25;4;0,2517647058823529;1;3;1;1;0;0;0;0;0;0;0;0;1;0;0;0,0475550980114868;Muito Baixo;VENTURE;MORTGAGE
29;47000;1,0;5000;9,76;0,11;10;0,1063829787234042;0;2;0;1;0;0;0;1;0;0;0;0;0;0;0;0,0946568163032172;Muito Baixo;DEBTCONSOLIDATION;MORTGAGE
32;120000;3,0;8000;8,9;0,07;6;0,0666666666666666;0;1;0;1;0;0;0;1;0;0;0;0;0;0;0;0,0110978690050177;Muito Baixo;DEBTCONSOLIDATION;MORTGAGE
27;65000;4,0;28000;7,9;0,43;6;0,4307692307692308;0;1;0;0;0;0;1;0;1;0;0;0;0;1;1;0,9921273234597388;Muito Alto;EDUCATION;RENT
22;29004;6,0;2500;6,91;0,09;3;0,0861950075851606;0;1;0;1;0;0;0;0;1;0;0;0;0;0;0;0,191460954348533;Muito Baixo;EDUCATION;MORTGAGE
22;39300;6,0;7000;9,62;0,18;4;0,178117048346056;0;2;0;1;0;0;0;0;0;0;1;0;0;0;0;0,2056765595384126;Baixo;MEDICAL;MORTGAGE
23;58500;2,0;3000;9,88;0,05;2;0,0512820512820512;0;2;0;0;0;0;1;1;0;0;0;0;0;0;0;0,1390758857068324;Muito Baixo;DEBTCONSOLIDATION;RENT
30;38220;1,0;9775;7,49;0,26;10;0,2557561486132915;0;1;0;1;0;0;0;1;0;0;0;0;0;0;0;0,0358349964030948;Muito Baixo;DEBTCONSOLIDATION;MORTGAGE
23;72000;4,0;10000;13,85;0,14;3;0,1388888888888889;1;3;0;0;0;0;1;1;0;0;0;0;0;0;0;0,1966109194473677;Muito Baixo;DEBTCONSOLIDATION;RENT
23;39996;5,0;10000;7,51;0,25;3;0,25002500250025;0;1;0;1;0;0;0;0;1;0;0;0;0;0;0;0,0326236752996997;Muito Baixo;EDUCATION;MORTGAGE
23;45000;1,0;17625;8,9;0,39;4;0,3916666666666666;0;1;0;0;0;0;1;1;0;0;0;0;0;1;1;0,9821802650999382;Muito Alto;DEBTCONSOLIDATION;RENT
29;92000;4,0;14000;6,03;0,15;8;0,1521739130434782;0;1;0;1;0;0;0;0;0;1;0;0;0;0;0;0,0057235286760188;Muito Baixo;HOMEIMPROVEMENT;MORTGAGE
28;75500;12,0;3500;14,91;0,05;9;0,0463576158940397;1;4;0;1;0;0;0;0;1;0;0;0;0;0;0;0,1722491286045615;Muito Baixo;EDUCATION;MORTGAGE
30;55000;6,0;17000;10,99;0,31;9;0,3090909090909091;0;2;0;0;0;0;1;0;1;0;0;0;0;1;1;0,9834320670954718;Muito Alto;EDUCATION;RENT
23;8628;4,0;1400;7,49;0,16;2;0,1622624014835419;0;1;0;0;0;1;0;0;1;0;0;0;0;1;1;0,9994317018496476;Muito Alto;EDUCATION;OWN
21;21000;6,0;6500;11,89;0,31;4;0,3095238095238095;1;2;0;0;0;0;1;0;1;0;0;0;0;1;1;0,9636851039845704;Muito Alto;EDUCATION;RENT
47;55250;9,0;25000;15,31;0,38;13;0,4524886877828054;1;4;1;0;0;0;1;0;0;0;1;0;0;1;1;0,9998698037677384;Muito Alto;MEDICAL;RENT
26;48000;1,0;15000;18,64;0,31;3;0,3125;1;5;0;0;0;0;1;0;1;0;0;0;0;1;1;0,9977617436376124;Muito Alto;EDUCATION;RENT
24;54000;1,0;1500;5,42;0,03;3;0,0277777777777777;0;1;0;1;0;0;0;1;0;0;0;0;0;1;0;0,0260339990068083;Muito Baixo;DEBTCONSOLIDATION;MORTGAGE
23;53000;6,0;6000;10,65;0,11;3;0,1132075471698113;0;2;0;1;0;0;0;1;0;0;0;0;0;1;0;0,0977474770569779;Muito Baixo;DEBTCONSOLIDATION;MORTGAGE
37;72000;9,0;1600;13,92;0,02;16;0,0222222222222222;1;3;1;1;0;0;0;0;1;0;0;0;0;0;0;0,0805972349250171;Muito Baixo;EDUCATION;MORTGAGE
24;24000;1,0;8500;7,9;0,35;3;0,3541666666666667;0;1;0;0;0;0;1;0;0;0;0;1;0;1;1;0,99263116101846;Muito Alto;PERSONAL;RENT
34;47300;3,0;12000;7,88;0,25;8;0,2536997885835095;0;1;0;1;0;0;0;0;0;0;1;0;0;0;0;0,061071323850748;Muito Baixo;MEDICAL;MORTGAGE
23;30000;0,0;8400;14,65;0,28;3;0,28;1;3;0;0;0;0;1;0;1;0;0;0;0;0;0;0,4526005746469111;Moderado;EDUCATION;RENT
29;69000;6,0;18000;12,61;0,26;9;0,2608695652173913;1;4;0;1;0;0;0;0;0;0;0;1;0;0;0;0,3614568679108846;Baixo;PERSONAL;MORTGAGE
30;120000;12,0;6000;5,42;0,05;9;0,05;0;1;0;1;0;0;0;0;1;0;0;0;0;0;0;0,0045744991933149;Muito Baixo;EDUCATION;MORTGAGE
25;60000;5,0;10000;7,14;0,17;4;0,1666666666666666;0;1;0;0;0;0;1;0;0;1;0;0;0;0;0;0,0254105176232185;Muito Baixo;HOMEIMPROVEMENT;RENT
22;61500;5,0;30000;6,62;0,49;3;0,4878048780487805;0;1;0;1;0;0;0;0;0;0;0;0;1;0;0;0,0013689595767757;Muito Baixo;VENTURE;MORTGAGE
32;138000;16,0;20000;7,88;0,14;7;0,144927536231884;0;1;0;1;0;0;0;0;1;0;0;0;0;0;0;0,0241200213662161;Muito Baixo;EDUCATION;MORTGAGE
21;93600;5,0;25000;10,36;0,27;3;0,2670940170940171;0;2;0;1;0;0;0;0;1;0;0;0;0;0;0;0,0351110035547612;Muito Baixo;EDUCATION;MORTGAGE
26;83300;0,0;28000;15,62;0,29;2;0,3361344537815126;1;4;1;1;0;0;0;0;0;0;1;0;0;1;1;0,9901646245881434;Muito Alto;MEDICAL;MORTGAGE
23;36000;0,0;4800;11,11;0,13;3;0,1333333333333333;1;2;0;0;0;0;1;0;0;0;0;1;0;0;0;0,1123584231598061;Muito Baixo;PERSONAL;RENT
25;40000;9,0;5600;14,61;0,14;4;0,14;1;4;1;0;0;0;1;0;0;0;1;0;0;0;1;0,5879094228407657;Moderado;MEDICAL;RENT
44;36000;6,0;1000;7,51;0,03;14;0,0277777777777777;0;1;0;1;0;0;0;0;1;0;0;0;0;0;0;0,0818642870760102;Muito Baixo;EDUCATION;MORTGAGE
24;66500;7,0;1400;12,53;0,02;4;0,0210526315789473;1;3;1;1;0;0;0;0;0;0;0;0;1;0;0;0,1788479171058858;Muito Baixo;VENTURE;MORTGAGE
27;44000;11,0;3000;18,39;0,07;7;0,0681818181818181;1;5;1;0;0;0;1;0;0;0;0;0;1;0;0;0,4287071147798252;Moderado;VENTURE;RENT
24;54000;8,0;1200;13,11;0,02;3;0,0222222222222222;1;3;1;0;0;1;0;0;1;0;0;0;0;0;0;0,002479824540186;Muito Baixo;EDUCATION;OWN
32;48000;4,0;8000;5,79;0,17;7;0,1666666666666666;0;1;0;0;0;1;0;0;1;0;0;0;0;0;0;0,0005171384166126;Muito Baixo;EDUCATION;OWN
29;50000;6,0;3000;7,29;0,06;10;0,06;0;1;0;0;0;0;1;0;1;0;0;0;0;0;0;0,0242881725757466;Muito Baixo;EDUCATION;RENT
48;41500;3,0;5000;7,29;0,12;14;0,1204819277108433;0;1;0;0;0;0;1;0;0;0;1;0;0;0;0;0,032026203950772;Muito Baixo;MEDICAL;RENT
22;22880;5,0;6000;13,57;0,26;4;0,2622377622377622;1;3;1;0;0;0;1;1;0;0;0;0;0;0;0;0,1818264713342956;Muito Baixo;DEBTCONSOLIDATION;RENT
30;50000;11,0;1400;10,36;0,03;8;0,028;0;2;0;1;0;0;0;1;0;0;0;0;0;0;0;0,0409480733651982;Muito Baixo;DEBTCONSOLIDATION;MORTGAGE
27;50000;4,0;7800;15,99;0,16;10;0,156;1;4;0;0;0;1;0;0;0;1;0;0;0;0;0;0,0002783603619289;Muito Baixo;HOMEIMPROVEMENT;OWN
30;142000;5,0;10000;11,12;0,07;8;0,0704225352112676;1;2;0;1;0;0;0;0;0;0;0;0;1;0;0;0,0013325406205971;Muito Baixo;VENTURE;MORTGAGE
35;82000;3,0;18800;7,51;0,23;10;0,2292682926829268;0;1;0;1;0;0;0;0;0;0;0;1;0;0;0;0,0168912481641814;Muito Baixo;PERSONAL;MORTGAGE
25;115000;9,0;19000;13,49;0,17;3;0,1652173913043478;1;3;1;1;0;0;0;0;0;0;1;0;0;0;0;0,0427957040873703;Muito Baixo;MEDICAL;MORTGAGE
34;33666;4,0;8000;17,49;0,24;5;0,2376284678904532;1;4;1;0;0;0;1;1;0;0;0;0;0;1;1;0,9959669674803;Muito Alto;DEBTCONSOLIDATION;RENT
24;62000;2,0;8000;10,08;0,13;3;0,1290322580645161;0;2;0;1;0;0;0;0;0;1;0;0;0;0;0;0,0549862828183823;Muito Baixo;HOMEIMPROVEMENT;MORTGAGE
41;125000;7,0;20000;13,11;0,16;13;0,16;1;3;1;1;0;0;0;1;0;0;0;0;0;0;0;0,0553340064268127;Muito Baixo;DEBTCONSOLIDATION;MORTGAGE
23;95000;3,0;10000;6,17;0,11;3;0,1052631578947368;0;1;0;0;0;0;1;0;0;0;0;1;0;0;0;0,0043581580870358;Muito Baixo;PERSONAL;RENT
25;26000;3,0;3825;11,71;0,15;2;0,1471153846153846;1;2;0;1;0;0;0;0;1;0;0;0;0;0;0;0,0983383109488555;Muito Baixo;EDUCATION;MORTGAGE
33;71000;11,0;6000;14,72;0,08;7;0,0845070422535211;1;3;1;1;0;0;0;0;0;0;0;1;0;0;0;0,0748384123185628;Muito Baixo;PERSONAL;MORTGAGE
41;75000;1,0;20000;11,14;0,27;11;0,2666666666666666;1;2;0;0;0;0;1;0;0;0;0;1;0;0;0;0,0404356041092626;Muito Baixo;PERSONAL;RENT
41;50000;0,0;7000;12,87;0,14;12;0,14;1;3;1;0;0;0;1;0;0;0;0;1;0;0;0;0,0248742150902699;Muito Baixo;PERSONAL;RENT
24;56000;8,0;5000;14,27;0,09;4;0,0892857142857142;1;3;0;0;0;0;1;0;0;0;0;1;0;0;0;0,1653172695483843;Muito Baixo;PERSONAL;RENT
25;81000;9,0;12000;15,31;0,15;2;0,1481481481481481;1;4;1;0;0;1;0;0;0;0;0;0;1;0;0;0,0003403746034662;Muito Baixo;VENTURE;OWN
22;51300;6,0;11200;15,31;0,22;3;0,2183235867446393;1;4;1;0;0;1;0;0;0;0;0;1;0;0;0;0,0006357475405514;Muito Baixo;PERSONAL;OWN
23;40000;2,0;5000;13,48;0,13;3;0,125;1;3;0;0;0;0;1;0;0;0;1;0;0;0;0;0,1008625142356174;Muito Baixo;MEDICAL;RENT
22;21600;1,0;2000;16,89;0,09;2;0,0925925925925925;1;4;0;0;0;0;1;1;0;0;0;0;0;1;1;0,9993885576764444;Muito Alto;DEBTCONSOLIDATION;RENT
30;50000;0,0;10000;16,89;0,2;10;0,2;1;4;0;1;0;0;0;0;1;0;0;0;0;0;0;0,1485584783488641;Muito Baixo;EDUCATION;MORTGAGE
28;63000;3,0;11200;14,42;0,18;7;0,1777777777777777;1;4;1;1;0;0;0;1;0;0;0;0;0;1;1;0,989654728399774;Muito Alto;DEBTCONSOLIDATION;MORTGAGE
54;39000;4,0;20000;10,71;0,51;19;0,5128205128205128;0;2;0;1;0;0;0;0;0;0;0;1;0;0;0;0,4957955360601972;Moderado;PERSONAL;MORTGAGE
24;190000;6,0;5000;5,42;0,03;2;0,0263157894736842;0;1;0;1;0;0;0;0;0;0;0;1;0;0;0;0,0015057696572681;Muito Baixo;PERSONAL;MORTGAGE
24;92259;4,0;6000;7,49;0,07;4;0,0650343055962019;0;1;0;1;0;0;0;0;0;1;0;0;0;0;0;0,0084478055079972;Muito Baixo;HOMEIMPROVEMENT;MORTGAGE
24;72000;4,0;17000;7,49;0,24;4;0,2361111111111111;0;1;0;1;0;0;0;0;0;0;0;0;1;0;0;0,0006462433429537;Muito Baixo;VENTURE;MORTGAGE
36;38000;15,0;20000;12,41;0,53;16;0,5263157894736842;1;3;1;0;0;0;1;0;0;0;0;0;1;1;1;0,9903625512709968;Muito Alto;VENTURE;RENT
36;65000;3,0;6500;5,79;0,1;12;0,1;0;1;0;1;0;0;0;0;1;0;0;0;0;0;0;0,0077221203074331;Muito Baixo;EDUCATION;MORTGAGE
24;95000;5,0;14000;10,99;0,15;4;0,1473684210526315;0;2;0;0;0;0;1;0;0;0;0;0;1;0;0;0,0010840521544401;Muito Baixo;VENTURE;RENT
34;38400;4,0;6500;9,25;0,17;10;0,1692708333333333;0;2;0;1;0;0;0;0;1;0;0;0;0;0;0;0,0298720218386365;Muito Baixo;EDUCATION;MORTGAGE
23;16000;1,0;5600;12,84;0,35;4;0,35;1;3;0;1;0;0;0;0;0;0;1;0;0;1;1;0,978703180418284;Muito Alto;MEDICAL;MORTGAGE
24;120000;4,0;10000;13,61;0,08;2;0,0833333333333333;1;3;0;0;0;0;1;0;0;1;0;0;0;0;0;0,0934654447884377;Muito Baixo;HOMEIMPROVEMENT;RENT
22;38000;2,0;8000;9,99;0,21;3;0,2105263157894736;0;2;0;1;0;0;0;0;0;0;1;0;0;0;0;0,1251486893559975;Muito Baixo;MEDICAL;MORTGAGE
25;30000;3,0;8500;13,98;0,28;4;0,2833333333333333;1;3;1;0;0;0;1;0;1;0;0;0;0;0;0;0,3002653318563288;Baixo;EDUCATION;RENT
23;33600;1,0;5500;10,99;0,16;3;0,1636904761904762;0;2;0;0;0;0;1;1;0;0;0;0;0;0;0;0,1190387752466836;Muito Baixo;DEBTCONSOLIDATION;RENT
23;54000;0,0;3600;12,42;0,07;3;0,0666666666666666;1;2;0;0;0;0;1;0;0;0;1;0;0;0;0;0,1654874292475997;Muito Baixo;MEDICAL;RENT
25;51850;2,0;3600;13,99;0,06;2;0,0694310511089681;1;3;0;0;0;0;1;0;0;0;1;0;0;1;0;0,3279372695782597;Baixo;MEDICAL;RENT
28;65000;2,0;2500;5,99;0,04;7;0,0384615384615384;0;1;0;1;0;0;0;0;0;0;0;0;1;0;0;0,000248252715442;Muito Baixo;VENTURE;MORTGAGE
26;190300;5,0;15000;7,49;0,08;3;0,0788229111928534;0;1;0;1;0;0;0;0;0;0;0;1;0;0;0;0,0198975241124957;Muito Baixo;PERSONAL;MORTGAGE
45;48500;7,0;18000;13,85;0,37;15;0,3711340206185567;1;3;1;0;0;0;1;0;0;0;1;0;0;1;1;0,995767367954798;Muito Alto;MEDICAL;RENT
30;110925;1,0;25000;15,33;0,19;9;0,225377507324769;1;4;0;1;0;0;0;0;0;0;1;0;0;1;1;0,9864479008398344;Muito Alto;MEDICAL;MORTGAGE
35;34868;14,0;5000;6,0;0,14;6;0,1433979580130779;0;5;0;0;0;0;1;0;0;0;1;0;0;1;0;0,0740797551002569;Muito Baixo;MEDICAL;RENT
23;83000;5,0;20000;11,83;0,24;4;0,2409638554216867;1;2;0;1;0;0;0;0;1;0;0;0;0;1;0;0,0531819817458211;Muito Baixo;EDUCATION;MORTGAGE
24;42000;2,0;2000;11,28;0,05;2;0,0476190476190476;1;3;0;1;0;0;0;0;0;0;0;1;0;0;0;0,132496408680959;Muito Baixo;PERSONAL;MORTGAGE
24;69996;5,0;7500;7,49;0,11;2;0,1071489799417109;0;1;0;0;0;0;1;0;0;0;0;0;1;0;0;0,0007808337742645;Muito Baixo;VENTURE;RENT
24;95000;7,0;10000;10,65;0,11;4;0,1052631578947368;0;2;0;1;0;0;0;0;0;1;0;0;0;0;0;0,0305794348777898;Muito Baixo;HOMEIMPROVEMENT;MORTGAGE
23;25000;5,0;7200;8,49;0,29;2;0,288;0;1;0;0;0;1;0;0;0;0;1;0;0;0;0;0,000532909060964;Muito Baixo;MEDICAL;OWN
25;20000;2,0;2500;15,7;0,13;2;0,125;1;4;0;0;0;0;1;0;0;0;0;1;0;1;1;0,9748505767093114;Muito Alto;PERSONAL;RENT
37;75000;0,0;17000;11,78;0,23;11;0,2266666666666666;1;3;0;1;0;0;0;0;0;0;0;0;1;0;0;0,0322642891801019;Muito Baixo;VENTURE;MORTGAGE
25;65000;6,0;15000;11,86;0,23;3;0,2307692307692307;1;2;0;1;0;0;0;0;0;0;1;0;0;0;0;0,1228172653439055;Muito Baixo;MEDICAL;MORTGAGE
31;47500;2,0;10000;15,96;0,21;10;0,2105263157894736;1;3;0;0;0;0;1;0;0;0;1;0;0;0;0;0,1687760952674293;Muito Baixo;MEDICAL;RENT
41;55000;17,0;9000;5,99;0,16;17;0,1636363636363636;0;1;0;1;0;0;0;0;0;0;0;1;0;0;0;0,0104626321920217;Muito Baixo;PERSONAL;MORTGAGE
27;82000;11,0;4000;7,9;0,05;10;0,048780487804878;0;1;0;1;0;0;0;0;0;0;0;0;1;0;0;0,0007840062988104;Muito Baixo;VENTURE;MORTGAGE
28;72000;13,0;16000;14,26;0,22;9;0,2222222222222222;1;3;0;1;0;0;0;0;0;0;0;1;0;0;0;0,1024601504987313;Muito Baixo;PERSONAL;MORTGAGE
21;180000;0,0;5000;8,07;0,03;3;0,0277777777777777;0;1;0;1;0;0;0;0;1;0;0;0;0;0;0;0,0213262139310983;Muito Baixo;EDUCATION;MORTGAGE
24;50000;0,0;7200;11,71;0,14;2;0,144;1;2;0;0;0;0;1;0;0;0;0;0;1;0;0;0,0019738085157724;Muito Baixo;VENTURE;RENT
21;14400;4,0;5500;11,48;0,38;3;0,3819444444444444;1;2;0;0;0;0;1;0;0;0;1;0;0;1;1;0,9996764866769068;Muito Alto;MEDICAL;RENT
23;25000;8,0;5000;10,62;0,2;3;0,2;0;2;0;0;0;0;1;0;1;0;0;0;0;0;0;0,15996560806689;Muito Baixo;EDUCATION;RENT
35;100596;2,0;25000;10,59;0,25;8;0,2485188277863931;0;2;0;1;0;0;0;0;0;0;0;1;0;0;0;0,0509539139278716;Muito Baixo;PERSONAL;MORTGAGE
33;82150;4,0;5000;7,51;0,06;5;0,0608642726719415;0;1;0;0;0;0;1;0;0;1;0;0;0;0;0;0,0294064301264537;Muito Baixo;HOMEIMPROVEMENT;RENT
40;28000;2,0;5000;12,99;0,18;13;0,1785714285714285;1;3;1;0;0;0;1;0;0;0;0;0;1;0;0;0,049550138688067;Muito Baixo;VENTURE;RENT
24;30000;6,0;6000;7,51;0,2;3;0,2;0;1;0;0;0;0;1;0;0;0;1;0;0;0;0;0,0985875810423587;Muito Baixo;MEDICAL;RENT
22;48000;2,0;5000;11,89;0,1;4;0,1041666666666666;1;2;0;0;0;0;1;1;0;0;0;0;0;0;0;0,0899244831486762;Muito Baixo;DEBTCONSOLIDATION;RENT
26;85000;4,0;2750;9,33;0,03;3;0,0323529411764705;0;2;0;1;0;0;0;0;0;0;1;0;0;1;0;0,0144683483401003;Muito Baixo;MEDICAL;MORTGAGE
36;83625;6,0;13200;7,51;0,16;12;0,1578475336322869;0;1;0;1;0;0;0;0;0;0;0;1;0;0;0;0,0154711204435551;Muito Baixo;PERSONAL;MORTGAGE
24;35500;4,0;14500;7,49;0,41;3;0,4084507042253521;0;1;0;1;0;0;0;1;0;0;0;0;0;0;0;0,1851324568861797;Muito Baixo;DEBTCONSOLIDATION;MORTGAGE
27;50100;11,0;6600;8,0;0,13;7;0,1317365269461078;0;1;0;0;0;0;1;0;0;0;0;0;1;0;0;0,0012624746140327;Muito Baixo;VENTURE;RENT
21;45000;5,0;4000;12,87;0,09;2;0,0888888888888888;1;3;1;0;0;0;1;0;0;0;0;0;1;0;0;0,0445317804225467;Muito Baixo;VENTURE;RENT
30;39760;0,0;14500;10,75;0,36;7;0,3646881287726358;0;2;0;1;0;0;0;1;0;0;0;0;0;1;0;0,1674974038452708;Muito Baixo;DEBTCONSOLIDATION;MORTGAGE
24;61100;4,0;25000;17,49;0,41;3;0,409165302782324;1;4;0;1;0;0;0;1;0;0;0;0;0;1;1;0,9954798972283098;Muito Alto;DEBTCONSOLIDATION;MORTGAGE
25;102000;9,0;8000;12,42;0,08;4;0,0784313725490196;1;2;0;0;0;1;0;0;0;0;1;0;0;0;0;0,000563939733532;Muito Baixo;MEDICAL;OWN
25;47412;0,0;6500;8,59;0,14;2;0,1370960938159116;0;1;0;1;0;0;0;0;1;0;0;0;0;0;0;0,0775005337953573;Muito Baixo;EDUCATION;MORTGAGE
28;72000;12,0;16000;15,95;0,22;5;0,2222222222222222;1;5;0;1;0;0;0;0;0;0;0;1;0;0;0;0,1321287078879854;Muito Baixo;PERSONAL;MORTGAGE
33;75000;6,0;12000;5,42;0,16;10;0,16;0;1;0;1;0;0;0;0;0;0;0;1;0;0;0;0,005109776817427;Muito Baixo;PERSONAL;MORTGAGE
38;18720;22,0;2500;11,86;0,13;15;0,1335470085470085;1;2;0;0;0;1;0;0;0;0;0;0;1;0;0;9,254743047536268e-05;Muito Baixo;VENTURE;OWN
24;60000;4,0;5000;7,14;0,08;2;0,0833333333333333;0;1;0;1;0;0;0;0;0;0;1;0;0;0;0;0,070352140010672;Muito Baixo;MEDICAL;MORTGAGE
51;80000;1,0;12000;12,69;0,15;23;0,15;1;2;0;0;0;0;1;0;0;1;0;0;0;0;0;0,0423955410523358;Muito Baixo;HOMEIMPROVEMENT;RENT
33;67000;8,0;18000;13,11;0,27;7;0,2686567164179104;1;3;1;0;0;0;1;0;0;1;0;0;0;1;0;0,151488039106301;Muito Baixo;HOMEIMPROVEMENT;RENT
21;42000;5,0;8000;9,99;0,19;4;0,1904761904761904;0;2;0;0;0;1;0;0;0;0;1;0;0;0;0;0,0009855097082963;Muito Baixo;MEDICAL;OWN
28;110000;3,0;11000;5,79;0,1;5;0,1;0;1;0;1;0;0;0;0;0;0;0;0;1;0;0;0,0001890207900601;Muito Baixo;VENTURE;MORTGAGE
22;81960;6,0;9600;7,29;0,12;2;0,1171303074670571;0;1;0;0;0;0;1;0;0;0;0;1;0;0;0;0,0345520813335658;Muito Baixo;PERSONAL;RENT
36;75000;6,0;10000;6,99;0,13;13;0,1333333333333333;0;1;0;1;0;0;0;0;0;0;1;0;0;0;0;0,0064591301024116;Muito Baixo;MEDICAL;MORTGAGE
38;35000;0,0;5600;11,11;0,16;11;0,16;1;2;0;0;0;0;1;0;0;0;0;1;0;0;0;0,0646917752011838;Muito Baixo;PERSONAL;RENT
24;43000;8,0;4000;12,69;0,09;2;0,0930232558139534;1;2;0;0;0;0;1;0;0;0;0;0;1;0;0;0,0107525724344073;Muito Baixo;VENTURE;RENT
25;32500;3,0;12500;7,9;0,38;2;0,3846153846153846;0;1;0;1;0;0;0;0;1;0;0;0;0;0;0;0,1580896576085865;Muito Baixo;EDUCATION;MORTGAGE
22;60000;5,0;2500;13,48;0,04;4;0,0416666666666666;1;3;1;0;0;0;1;1;0;0;0;0;0;0;0;0,0383787739046448;Muito Baixo;DEBTCONSOLIDATION;RENT
25;120000;9,0;10000;10,37;0,08;3;0,0833333333333333;0;2;0;1;0;0;0;0;0;0;0;1;0;0;0;0,0485048088999027;Muito Baixo;PERSONAL;MORTGAGE
21;20000;4,0;6400;10,99;0,32;3;0,32;0;2;0;0;0;0;1;0;0;0;0;1;0;1;1;0,9871427797479376;Muito Alto;PERSONAL;RENT
26;39600;3,0;6000;12,42;0,15;3;0,1515151515151515;1;2;0;0;0;0;1;0;0;0;0;1;0;1;0;0,1834493565294443;Muito Baixo;PERSONAL;RENT
50;75000;4,0;5000;13,23;0,07;15;0,0666666666666666;1;3;0;0;0;0;1;0;0;0;0;0;1;0;0;0,0434967455617651;Muito Baixo;VENTURE;RENT
24;47211;8,0;10000;11,83;0,21;3;0,2118150431043612;1;2;0;0;0;1;0;0;0;0;0;0;1;0;0;4,085957586550742e-05;Muito Baixo;VENTURE;OWN
24;15120;4,0;1600;7,51;0,11;3;0,1058201058201058;0;1;0;0;0;0;1;0;0;0;1;0;0;0;0;0,1475470848054419;Muito Baixo;MEDICAL;RENT
35;34000;0,0;5000;15,45;0,15;6;0,1470588235294117;1;5;1;0;0;0;1;1;0;0;0;0;0;1;1;0,9990586331021072;Muito Alto;DEBTCONSOLIDATION;RENT
22;45630;0,0;2500;18,64;0,05;4;0,0547885163269778;1;5;1;0;0;0;1;0;0;0;0;0;1;1;1;0,891721693085165;Muito Alto;VENTURE;RENT
25;66000;9,0;6600;11,49;0,1;4;0,1;1;2;0;1;0;0;0;0;0;0;1;0;0;0;0;0,1049842986016807;Muito Baixo;MEDICAL;MORTGAGE
26;134000;2,0;30000;13,49;0,22;3;0,2238805970149253;1;3;1;1;0;0;0;0;1;0;0;0;0;0;0;0,0231979331119431;Muito Baixo;EDUCATION;MORTGAGE
31;83000;11,0;7500;7,49;0,09;6;0,0903614457831325;0;1;0;1;0;0;0;0;0;0;1;0;0;0;0;0,0210179997156305;Muito Baixo;MEDICAL;MORTGAGE
32;103000;0,0;33000;18,64;0,32;6;0,3203883495145631;1;5;0;1;0;0;0;0;0;0;0;1;0;1;0;0,3821382473910877;Baixo;PERSONAL;MORTGAGE
33;153000;11,0;10000;14,79;0,07;5;0,065359477124183;1;3;1;1;0;0;0;0;0;0;0;0;1;0;0;0,0394243822749023;Muito Baixo;VENTURE;MORTGAGE
23;55000;5,0;8000;13,85;0,15;4;0,1454545454545454;1;3;0;1;0;0;0;1;0;0;0;0;0;0;0;0,2278181400759002;Baixo;DEBTCONSOLIDATION;MORTGAGE
22;28800;2,0;14000;7,9;0,49;2;0,4861111111111111;0;1;0;0;0;0;1;0;0;0;0;0;1;1;1;0,9988152557541976;Muito Alto;VENTURE;RENT
27;102000;6,0;10000;9,63;0,1;9;0,0980392156862745;0;1;0;1;0;0;0;0;0;0;0;0;1;0;0;0,0009652397212913;Muito Baixo;VENTURE;MORTGAGE
28;95000;13,0;15000;9,91;0,16;7;0,1578947368421052;0;2;0;1;0;0;0;0;0;0;0;0;1;0;0;0,0006606645161748;Muito Baixo;VENTURE;MORTGAGE
24;11476;0,0;5700;7,49;0,5;4;0,4966887417218543;0;1;0;0;0;0;1;0;0;0;1;0;0;1;1;0,9996347059071712;Muito Alto;MEDICAL;RENT
30;46000;10,0;11200;14,27;0,24;10;0,2434782608695652;1;3;1;0;0;1;0;0;0;1;0;0;0;0;0;0,0011476934545333;Muito Baixo;HOMEIMPROVEMENT;OWN
31;88000;11,0;14000;17,58;0,16;7;0,1590909090909091;1;4;0;1;0;0;0;0;0;0;0;0;1;0;0;0,1836425278158503;Muito Baixo;VENTURE;MORTGAGE
22;65000;3,0;13000;16,82;0,2;4;0,2;1;5;1;0;0;0;1;0;1;0;0;0;0;0;0;0,0907901677109567;Muito Baixo;EDUCATION;RENT
23;33996;1,0;1500;6,99;0,04;4;0,0441228379809389;0;1;0;0;0;0;1;0;1;0;0;0;0;0;0;0,1799946365157791;Muito Baixo;EDUCATION;RENT
27;40000;0,0;8000;10,25;0,2;10;0,2;0;2;0;0;0;0;1;0;0;0;0;0;1;0;0;0,0010965388510442;Muito Baixo;VENTURE;RENT
30;55000;2,0;6500;10,99;0,12;9;0,1181818181818181;0;2;0;0;0;1;0;0;1;0;0;0;0;0;0;0,0002571676338279;Muito Baixo;EDUCATION;OWN
26;69000;7,0;18000;14,22;0,26;4;0,2608695652173913;1;3;1;1;0;0;0;0;0;0;0;0;1;0;0;0,1777358442486274;Muito Baixo;VENTURE;MORTGAGE
30;50000;4,0;20000;13,49;0,4;10;0,4;1;3;0;0;0;0;1;0;0;0;0;0;1;1;1;0,9859878673787256;Muito Alto;VENTURE;RENT
26;31200;4,0;2500;10,37;0,08;3;0,0801282051282051;0;2;0;0;0;0;1;0;0;0;0;0;1;0;0;0,007549909051555;Muito Baixo;VENTURE;RENT
31;48996;0,0;5000;16,4;0,1;5;0,1020491468691321;1;5;1;0;0;0;1;1;0;0;0;0;0;1;1;0,9996110223572752;Muito Alto;DEBTCONSOLIDATION;RENT
33;44004;4,0;9275;7,29;0,21;7;0,2107762930642668;0;1;0;1;0;0;0;0;1;0;0;0;0;0;0;0,1042297915240646;Muito Baixo;EDUCATION;MORTGAGE
29;86400;12,0;8000;12,99;0,09;8;0,0925925925925925;1;3;0;1;0;0;0;0;0;0;0;1;0;0;0;0,0825720066782125;Muito Baixo;PERSONAL;MORTGAGE
36;68848;5,0;8000;9,63;0,12;16;0,116198001394376;0;2;0;0;0;0;1;0;0;0;0;1;0;0;0;0,0470554241870067;Muito Baixo;PERSONAL;RENT
38;85000;9,0;10000;11,12;0,12;12;0,1176470588235294;1;2;0;0;0;0;1;0;0;0;1;0;0;0;0;0,0234710856599228;Muito Baixo;MEDICAL;RENT
25;80000;2,0;12375;10,91;0,15;4;0,1546875;0;3;0;0;0;0;1;0;0;0;0;1;0;0;0;0,0374310279358169;Muito Baixo;PERSONAL;RENT
42;360000;11,0;25000;9,99;0,07;17;0,0694444444444444;0;2;0;1;0;0;0;0;0;1;0;0;0;0;0;0,0579758184998545;Muito Baixo;HOMEIMPROVEMENT;MORTGAGE
33;140000;14,0;9600;6,91;0,07;5;0,0685714285714285;0;1;0;1;0;0;0;1;0;0;0;0;0;0;0;0,0072082887287962;Muito Baixo;DEBTCONSOLIDATION;MORTGAGE
24;90000;4,0;5000;8,0;0,06;4;0,0555555555555555;0;1;0;1;0;0;0;0;0;1;0;0;0;0;0;0,0116368460298316;Muito Baixo;HOMEIMPROVEMENT;MORTGAGE
28;89004;3,0;18000;7,49;0,2;10;0,2022381016583524;0;1;0;0;0;0;1;0;0;0;0;1;0;0;0;0,0086724924969725;Muito Baixo;PERSONAL;RENT
23;43000;7,0;1000;7,51;0,02;3;0,0232558139534883;0;1;0;0;0;0;1;0;1;0;0;0;0;0;0;0,0713690709212704;Muito Baixo;EDUCATION;RENT
40;300000;3,0;16000;14,17;0,05;14;0,0533333333333333;1;3;1;1;0;0;0;0;0;0;0;0;1;0;0;0,0133937379648689;Muito Baixo;VENTURE;MORTGAGE
24;40000;0,0;10000;8,49;0,25;3;0,25;0;1;0;0;0;0;1;0;0;0;0;1;0;0;0;0,0643283307264844;Muito Baixo;PERSONAL;RENT
25;30000;4,0;4000;13,49;0,13;4;0,1333333333333333;1;3;1;0;0;0;1;0;1;0;0;0;0;0;0;0,2132444818402664;Baixo;EDUCATION;RENT
29;125000;6,0;6400;12,87;0,05;9;0,0512;1;3;1;1;0;0;0;0;0;1;0;0;0;0;0;0,0447618094980952;Muito Baixo;HOMEIMPROVEMENT;MORTGAGE
34;55000;6,0;2500;13,49;0,05;7;0,0454545454545454;1;3;0;1;0;0;0;0;0;1;0;0;0;0;0;0,2774227985671308;Baixo;HOMEIMPROVEMENT;MORTGAGE
45;35000;13,0;10000;8,49;0,29;11;0,2857142857142857;0;1;0;0;0;0;1;1;0;0;0;0;0;0;0;0,03044021540528;Muito Baixo;DEBTCONSOLIDATION;RENT
21;90000;5,0;21000;10,99;0,23;4;0,2333333333333333;0;2;0;1;0;0;0;0;0;0;0;1;0;0;0;0,0423257179962697;Muito Baixo;PERSONAL;MORTGAGE
27;83000;11,0;3500;6,03;0,04;5;0,0421686746987951;0;1;0;1;0;0;0;0;1;0;0;0;0;0;0;0,0103174379015729;Muito Baixo;EDUCATION;MORTGAGE
23;60000;2,0;12000;7,49;0,2;3;0,2;0;1;0;0;0;0;1;0;1;0;0;0;0;0;0;0,014204459319703;Muito Baixo;EDUCATION;RENT
31;81000;15,0;7200;9,63;0,09;8;0,0888888888888888;0;1;0;1;0;0;0;0;0;1;0;0;0;0;0;0,0771194644769329;Muito Baixo;HOMEIMPROVEMENT;MORTGAGE
28;54996;8,0;16750;10,38;0,3;9;0,3045676049167212;0;2;0;1;0;0;0;0;1;0;0;0;0;1;0;0,0843771683204089;Muito Baixo;EDUCATION;MORTGAGE
30;65000;3,0;20000;16,77;0,31;5;0,3076923076923077;1;4;1;1;0;0;0;0;0;1;0;0;0;0;0;0,3759622239187493;Baixo;HOMEIMPROVEMENT;MORTGAGE
24;39000;4,0;8000;13,48;0,21;2;0,2051282051282051;1;3;0;0;0;0;1;0;0;1;0;0;0;1;1;0,9084140129405588;Muito Alto;HOMEIMPROVEMENT;RENT
24;75000;0,0;17000;12,53;0,23;2;0,2266666666666666;1;2;0;0;0;0;1;1;0;0;0;0;0;0;0;0,0556941608150666;Muito Baixo;DEBTCONSOLIDATION;RENT
21;120000;5,0;15000;10,25;0,13;2;0,125;0;2;0;1;0;0;0;0;0;0;0;0;1;0;0;0,0005433309785825;Muito Baixo;VENTURE;MORTGAGE
33;45180;0,0;7000;8,0;0,15;7;0,1549358123063302;0;1;0;1;0;0;0;0;0;0;0;0;1;0;0;0,0006349437487608;Muito Baixo;VENTURE;MORTGAGE
25;48000;2,0;6000;12,99;0,13;3;0,125;1;3;1;0;0;0;1;0;0;0;1;0;0;0;0;0,0532046889966882;Muito Baixo;MEDICAL;RENT
36;83000;0,0;13000;11,97;0,16;14;0,1566265060240964;1;3;0;1;0;0;0;0;0;0;0;0;1;0;0;0,0300633830242373;Muito Baixo;VENTURE;MORTGAGE
22;50364;6,0;6000;6,03;0,12;3;0,1191327138432213;0;1;0;1;0;0;0;0;1;0;0;0;0;0;0;0,0111428682875247;Muito Baixo;EDUCATION;MORTGAGE
24;16800;2,0;6000;14,84;0,36;4;0,3571428571428571;1;4;1;0;0;0;1;1;0;0;0;0;0;1;1;0,999964640821687;Muito Alto;DEBTCONSOLIDATION;RENT
23;79000;7,0;17825;6,62;0,23;2;0,225632911392405;0;1;0;1;0;0;0;0;1;0;0;0;0;0;0;0,0343949311555001;Muito Baixo;EDUCATION;MORTGAGE
24;65000;8,0;6600;10,65;0,1;2;0,1015384615384615;0;2;0;1;0;0;0;1;0;0;0;0;0;0;0;0,0682545900554842;Muito Baixo;DEBTCONSOLIDATION;MORTGAGE
25;145000;0,0;25000;9,99;0,17;4;0,1724137931034483;0;2;0;0;0;0;1;0;1;0;0;0;0;0;0;0,0401643580088128;Muito Baixo;EDUCATION;RENT
41;60000;7,0;23800;6,91;0,4;15;0,3966666666666666;0;1;0;0;0;0;1;0;0;1;0;0;0;1;1;0,9617106325976108;Muito Alto;HOMEIMPROVEMENT;RENT
50;137000;2,0;23000;7,9;0,17;13;0,1678832116788321;0;1;0;1;0;0;0;0;0;0;1;0;0;0;0;0,1139303581112292;Muito Baixo;MEDICAL;MORTGAGE
23;57500;2,0;9000;10,37;0,16;3;0,1565217391304348;0;2;0;0;0;0;1;0;0;0;1;0;0;0;0;0,0855550021469454;Muito Baixo;MEDICAL;RENT
22;62500;6,0;10000;5,99;0,16;3;0,16;0;1;0;1;0;0;0;0;0;0;0;1;0;0;0;0,0153107793982875;Muito Baixo;PERSONAL;MORTGAGE
23;43500;0,0;10450;13,57;0,24;3;0,2402298850574712;1;3;0;0;0;0;1;0;0;0;0;1;0;0;0;0,1211271475911209;Muito Baixo;PERSONAL;RENT
25;89000;9,0;14000;7,49;0,16;2;0,1573033707865168;0;1;0;1;0;0;0;0;0;0;1;0;0;0;0;0,0100988172392232;Muito Baixo;MEDICAL;MORTGAGE
27;72000;11,0;12000;6,62;0,17;8;0,1666666666666666;0;1;0;0;0;0;1;0;1;0;0;0;0;0;0;0,0314068980487513;Muito Baixo;EDUCATION;RENT
22;32000;0,0;2400;11,99;0,07;3;0,075;1;2;0;0;0;0;1;0;0;0;1;0;0;0;0;0,1217659197452983;Muito Baixo;MEDICAL;RENT
30;49200;13,0;9250;7,49;0,19;8;0,1880081300813008;0;1;0;1;0;0;0;0;0;1;0;0;0;0;0;0,17259704787271;Muito Baixo;HOMEIMPROVEMENT;MORTGAGE
43;43000;5,0;15000;8,88;0,35;15;0,3488372093023256;0;2;0;1;0;0;0;0;0;0;0;1;0;0;0;0,046608620229951;Muito Baixo;PERSONAL;MORTGAGE
27;36000;8,0;12500;6,03;0,35;7;0,3472222222222222;0;1;0;1;0;0;0;0;0;1;0;0;0;1;0;0,0789364207685522;Muito Baixo;HOMEIMPROVEMENT;MORTGAGE
22;51000;0,0;16000;7,9;0,31;3;0,3137254901960784;0;1;0;0;0;1;0;0;0;0;0;0;1;0;0;0,0003598396114709;Muito Baixo;VENTURE;OWN
36;65000;1,0;7000;11,49;0,11;11;0,1076923076923077;1;2;0;1;0;0;0;0;0;0;0;0;1;0;0;0,0015046471368769;Muito Baixo;VENTURE;MORTGAGE
21;42504;0,0;6300;6,99;0,15;3;0,1482213438735178;0;1;0;0;0;0;1;0;1;0;0;0;0;0;0;0,0296985849712527;Muito Baixo;EDUCATION;RENT
23;56000;3,0;11000;7,49;0,2;4;0,1964285714285714;0;1;0;0;0;0;1;1;0;0;0;0;0;0;0;0,0281332557076596;Muito Baixo;DEBTCONSOLIDATION;RENT
25;69600;9,0;7000;11,49;0,1;2;0,1005747126436781;1;2;0;1;0;0;0;0;0;0;0;0;1;0;0;0,0027444934448671;Muito Baixo;VENTURE;MORTGAGE
22;44000;0,0;12250;15,99;0,28;2;0,2784090909090909;1;4;1;0;0;0;1;0;0;0;1;0;0;1;1;0,9984355939028776;Muito Alto;MEDICAL;RENT
27;69000;0,0;3325;16,32;0,05;7;0,0481884057971014;1;4;1;0;0;0;1;0;0;0;0;1;0;1;1;0,9717035293438746;Muito Alto;PERSONAL;RENT
26;82000;5,0;19075;7,9;0,23;2;0,2326219512195122;0;1;0;1;0;0;0;0;0;0;0;1;0;0;0;0,0441391400793064;Muito Baixo;PERSONAL;MORTGAGE
26;45000;3,0;6000;7,49;0,13;3;0,1333333333333333;0;1;0;0;0;0;1;0;0;0;1;0;0;0;0;0,0170843812906507;Muito Baixo;MEDICAL;RENT
25;13000;2,0;4000;15,65;0,31;3;0,3076923076923077;1;4;1;0;0;0;1;0;0;0;0;1;0;1;1;0,9998943953009098;Muito Alto;PERSONAL;RENT
33;32400;6,0;2500;15,33;0,08;10;0,0771604938271604;1;4;1;0;0;0;1;0;0;0;1;0;0;1;1;0,7352046333188551;Alto;MEDICAL;RENT
23;33996;7,0;8000;10,95;0,24;3;0,2353218025650076;0;2;0;0;0;0;1;0;0;0;0;1;0;1;1;0,6167768433802359;Alto;PERSONAL;RENT
37;27036;2,0;5000;11,49;0,18;11;0,1849386003846723;1;2;0;0;0;0;1;0;0;0;0;0;1;0;0;0,0036643125682321;Muito Baixo;VENTURE;RENT
23;91000;3,0;12000;10,99;0,13;3;0,1318681318681318;0;2;0;1;0;0;0;0;0;0;0;1;0;0;0;0,0236884612184938;Muito Baixo;PERSONAL;MORTGAGE
20;85920;3,0;12000;8,49;0,14;2;0,1396648044692737;0;1;0;1;0;0;0;1;0;0;0;0;0;0;0;0,0398529407950598;Muito Baixo;DEBTCONSOLIDATION;MORTGAGE
23;38000;4,0;10000;10,99;0,26;2;0,2631578947368421;0;2;0;0;0;0;1;0;0;0;0;1;0;0;0;0,156162693679726;Muito Baixo;PERSONAL;RENT
22;14400;0,0;4000;10,91;0,28;2;0,2777777777777778;0;3;1;0;0;0;1;1;0;0;0;0;0;1;1;0,9817218349966098;Muito Alto;DEBTCONSOLIDATION;RENT
27;48396;11,0;16000;14,74;0,33;7;0,3306058351929911;1;4;1;0;0;0;1;0;0;0;1;0;0;1;1;0,9942495076919576;Muito Alto;MEDICAL;RENT
26;105000;1,0;12100;10,99;0,12;2;0,1152380952380952;0;2;0;0;0;0;1;0;0;1;0;0;0;0;0;0,0370220113063939;Muito Baixo;HOMEIMPROVEMENT;RENT
28;150000;4,0;20000;10,99;0,13;8;0,1333333333333333;0;2;0;1;0;0;0;0;1;0;0;0;0;0;0;0,0418987443400456;Muito Baixo;EDUCATION;MORTGAGE
22;40000;1,0;7000;11,14;0,17;4;0,175;1;2;0;0;0;0;1;0;1;0;0;0;0;0;0;0,0552874119227915;Muito Baixo;EDUCATION;RENT
25;45000;1,0;8000;13,47;0,18;4;0,1777777777777777;1;3;0;0;0;0;1;0;1;0;0;0;0;0;0;0,1167329239173294;Muito Baixo;EDUCATION;RENT
45;69600;11,0;6000;7,9;0,09;13;0,0862068965517241;0;1;0;0;0;1;0;0;0;0;0;0;1;0;0;1,7236016748207292e-05;Muito Baixo;VENTURE;OWN
22;30000;6,0;7000;9,62;0,23;4;0,2333333333333333;0;2;0;0;0;0;1;0;0;0;1;0;0;1;0;0,1537576025557105;Muito Baixo;MEDICAL;RENT
31;28000;1,0;2600;10,08;0,09;7;0,0928571428571428;0;2;0;0;0;0;1;0;0;0;1;0;0;0;0;0,1196521537164528;Muito Baixo;MEDICAL;RENT
23;33000;2,0;7000;7,9;0,21;2;0,2121212121212121;0;1;0;0;0;0;1;0;0;0;0;0;1;0;0;0,0045406191431714;Muito Baixo;VENTURE;RENT
43;46000;5,0;3000;11,71;0,07;17;0,0652173913043478;1;2;0;0;0;0;1;0;0;0;0;0;1;0;0;0,0035019458771891;Muito Baixo;VENTURE;RENT
41;65000;3,0;10000;13,48;0,15;15;0,1538461538461538;1;3;0;0;0;0;1;0;1;0;0;0;0;0;0;0,0881745603933969;Muito Baixo;EDUCATION;RENT
23;31577;6,0;2500;6,92;0,08;4;0,0791715489121829;0;1;0;0;0;1;0;0;1;0;0;0;0;0;0;0,0008890955715145;Muito Baixo;EDUCATION;OWN
24;25800;0,0;6000;7,14;0,23;4;0,2325581395348837;0;1;0;0;0;0;1;0;0;0;1;0;0;0;0;0,0345683151932638;Muito Baixo;MEDICAL;RENT
23;48000;2,0;15000;10,75;0,31;3;0,3125;0;2;0;0;0;0;1;1;0;0;0;0;0;1;1;0,988573960305022;Muito Alto;DEBTCONSOLIDATION;RENT
21;52000;1,0;13200;12,42;0,25;2;0,2538461538461538;1;2;0;0;0;1;0;0;1;0;0;0;0;0;0;0,0005461241034836;Muito Baixo;EDUCATION;OWN
26;120000;10,0;10000;14,59;0,08;2;0,0833333333333333;1;4;1;1;0;0;0;0;0;1;0;0;0;0;0;0,0711437974501075;Muito Baixo;HOMEIMPROVEMENT;MORTGAGE
29;60000;1,0;9600;11,66;0,16;6;0,16;1;3;1;0;0;0;1;0;0;1;0;0;0;0;0;0,0783938531921237;Muito Baixo;HOMEIMPROVEMENT;RENT
22;44000;4,0;10000;12,69;0,23;2;0,2272727272727272;1;2;0;1;0;0;0;0;1;0;0;0;0;0;0;0,1814353160399987;Muito Baixo;EDUCATION;MORTGAGE
39;72000;9,0;15000;11,86;0,21;15;0,2083333333333333;1;2;0;1;0;0;0;1;0;0;0;0;0;0;0;0,1051829858187056;Muito Baixo;DEBTCONSOLIDATION;MORTGAGE
25;69996;3,0;25000;10,62;0,36;3;0,3571632664723698;0;2;0;1;0;0;0;0;0;0;0;1;0;0;0;0,0792306250469059;Muito Baixo;PERSONAL;MORTGAGE
24;69996;8,0;3000;6,39;0,04;3;0,0428595919766843;0;1;0;1;0;0;0;0;1;0;0;0;0;0;0;0,0167771992678426;Muito Baixo;EDUCATION;MORTGAGE
50;34000;2,0;5000;5,79;0,15;12;0,1470588235294117;0;1;0;0;0;0;1;0;0;0;0;0;1;0;0;0,0122610423596447;Muito Baixo;VENTURE;RENT
21;36120;5,0;9000;10,39;0,25;2;0,2491694352159468;0;2;0;0;0;0;1;0;0;0;0;0;1;0;0;0,0031377846877352;Muito Baixo;VENTURE;RENT
23;62000;2,0;5575;10,99;0,09;3;0,0899193548387096;0;2;0;0;0;1;0;0;0;0;0;0;1;0;0;1,414952300065766e-05;Muito Baixo;VENTURE;OWN
25;57500;4,0;6000;11,28;0,1;2;0,1043478260869565;1;3;0;0;0;0;1;0;0;0;0;0;1;1;0;0,1314822936669277;Muito Baixo;VENTURE;RENT
22;75000;6,0;25000;14,96;0,33;3;0,3333333333333333;1;4;1;1;0;0;0;0;0;0;0;0;1;0;0;0,1582742650661304;Muito Baixo;VENTURE;MORTGAGE
38;95000;6,0;14000;17,74;0,15;17;0,1473684210526315;1;5;1;0;0;1;0;0;0;0;0;0;1;0;0;0,0961879716819305;Muito Baixo;VENTURE;OWN
23;54096;2,0;4900;10,99;0,09;2;0,0905797101449275;0;2;0;0;0;0;1;0;0;0;0;1;0;0;0;0,0691171656012626;Muito Baixo;PERSONAL;RENT
22;60000;4,0;3600;15,27;0,06;2;0,06;1;3;1;0;0;0;1;0;1;0;0;0;0;0;0;0,0693610342169966;Muito Baixo;EDUCATION;RENT
24;91700;1,0;6500;9,88;0,07;3;0,0708833151581243;0;2;0;0;0;0;1;0;1;0;0;0;0;0;0;0,02525903294916;Muito Baixo;EDUCATION;RENT
29;32000;13,0;8000;5,99;0,25;7;0,25;0;1;0;1;0;0;0;0;0;1;0;0;0;0;0;0,2118809938267503;Baixo;HOMEIMPROVEMENT;MORTGAGE
23;24216;1,0;3600;16,49;0,15;3;0,1486620416253716;1;4;0;0;0;0;1;0;1;0;0;0;0;1;1;0,9266682735415238;Muito Alto;EDUCATION;RENT
21;90000;6,0;12000;6,03;0,13;3;0,1333333333333333;0;1;0;0;0;1;0;0;0;0;1;0;0;0;0;5,69607757598275e-05;Muito Baixo;MEDICAL;OWN
22;18204;2,0;2500;11,89;0,14;4;0,1373324544056251;1;2;0;0;0;0;1;1;0;0;0;0;0;0;0;0,1413410690930653;Muito Baixo;DEBTCONSOLIDATION;RENT
24;42000;7,0;4200;13,23;0,1;2;0,1;1;3;0;1;0;0;0;0;0;0;1;0;0;0;0;0,3758094189064503;Baixo;MEDICAL;MORTGAGE
35;63600;5,0;4800;12,42;0,08;6;0,0754716981132075;1;2;0;1;0;0;0;1;0;0;0;0;0;1;0;0,1741997749344216;Muito Baixo;DEBTCONSOLIDATION;MORTGAGE
22;18000;3,0;3000;7,9;0,17;4;0,1666666666666666;0;1;0;0;0;1;0;0;0;0;0;1;0;1;1;0,9990072997785828;Muito Alto;PERSONAL;OWN
29;81900;13,0;8000;7,66;0,1;10;0,0976800976800976;0;1;0;1;0;0;0;0;0;0;0;0;1;0;0;0,000562570461462;Muito Baixo;VENTURE;MORTGAGE
28;45000;6,0;10000;5,99;0,22;10;0,2222222222222222;0;1;0;1;0;0;0;1;0;0;0;0;0;0;0;0,0293326905640445;Muito Baixo;DEBTCONSOLIDATION;MORTGAGE
31;30000;2,0;7200;15,96;0,24;6;0,24;1;3;1;0;0;0;1;0;0;0;0;1;0;0;1;0,6218966417760976;Alto;PERSONAL;RENT
23;98000;7,0;10000;7,49;0,1;4;0,1020408163265306;0;1;0;1;0;0;0;0;0;0;0;0;1;0;0;0,0007477534645839;Muito Baixo;VENTURE;MORTGAGE
25;71400;9,0;25000;14,09;0,3;2;0,3501400560224089;1;4;0;1;0;0;0;0;0;0;1;0;0;1;1;0,9740994431862122;Muito Alto;MEDICAL;MORTGAGE
23;95000;7,0;6000;16,49;0,06;4;0,0631578947368421;1;4;0;0;0;0;1;1;0;0;0;0;0;1;1;0,9854996880442244;Muito Alto;DEBTCONSOLIDATION;RENT
24;95610;8,0;6000;10,99;0,06;4;0,0627549419516786;0;2;0;1;0;0;0;0;0;0;0;0;1;0;0;0,0005773495837278;Muito Baixo;VENTURE;MORTGAGE
30;98000;12,0;12000;8,88;0,12;7;0,1224489795918367;0;2;0;1;0;0;0;0;0;0;0;0;1;0;0;0,0014349352527709;Muito Baixo;VENTURE;MORTGAGE
23;68500;7,0;4200;11,66;0,06;3;0,0613138686131386;1;3;0;1;0;0;0;0;0;0;0;0;1;0;0;0,1658138985758239;Muito Baixo;VENTURE;MORTGAGE
25;32000;0,0;4800;7,14;0,15;3;0,15;0;1;0;0;0;0;1;0;1;0;0;0;0;0;0;0,0786819606815672;Muito Baixo;EDUCATION;RENT
42;55000;1,0;10000;13,79;0,18;13;0,1818181818181818;1;3;1;0;0;0;1;0;1;0;0;0;0;0;0;0,101713307005545;Muito Baixo;EDUCATION;RENT
21;54000;5,0;20000;10,74;0,37;2;0,3703703703703703;0;2;0;0;0;1;0;0;0;0;0;0;1;0;0;0,0002705710023111;Muito Baixo;VENTURE;OWN
30;12500;0,0;2100;12,49;0,17;7;0,168;1;4;1;0;0;0;1;0;0;0;0;1;0;1;1;0,9987934619245854;Muito Alto;PERSONAL;RENT
27;42000;0,0;4200;6,76;0,1;9;0,1;0;1;0;1;0;0;0;0;0;0;1;0;0;0;0;0,0384299829112938;Muito Baixo;MEDICAL;MORTGAGE
23;65000;7,0;16000;14,59;0,25;4;0,2461538461538461;1;4;0;0;0;0;1;0;0;0;0;1;0;0;0;0,1639321840563561;Muito Baixo;PERSONAL;RENT
24;65544;4,0;5000;10,74;0,08;2;0,0762846332234834;0;2;0;0;0;1;0;0;1;0;0;0;0;0;0;0,0006961324747268;Muito Baixo;EDUCATION;OWN
44;48000;12,0;17500;12,18;0,36;11;0,3645833333333333;1;2;0;1;0;0;0;0;0;1;0;0;0;0;0;0,0743336888048579;Muito Baixo;HOMEIMPROVEMENT;MORTGAGE
28;95000;4,0;25000;9,62;0,26;8;0,2631578947368421;0;2;0;0;0;1;0;0;0;1;0;0;0;0;0;0,0006548927117822;Muito Baixo;HOMEIMPROVEMENT;OWN
23;54000;4,0;5200;11,71;0,1;2;0,0962962962962963;1;2;0;0;0;0;1;0;0;0;1;0;0;0;0;0,3270422707268706;Baixo;MEDICAL;RENT
28;60000;5,0;6000;10,99;0,1;6;0,1;0;2;0;1;0;0;0;0;0;0;1;0;0;0;0;0,0871535900299592;Muito Baixo;MEDICAL;MORTGAGE
23;65000;6,0;8000;9,32;0,12;3;0,123076923076923;0;1;0;0;0;0;1;0;0;0;0;1;0;0;0;0,0580721124358598;Muito Baixo;PERSONAL;RENT
30;36996;5,0;10000;8,9;0,27;6;0,2702994918369553;0;1;0;0;0;0;1;0;1;0;0;0;0;0;0;0,123085317185205;Muito Baixo;EDUCATION;RENT
28;81000;11,0;6000;6,17;0,07;10;0,074074074074074;0;1;0;1;0;0;0;0;0;1;0;0;0;0;0;0,0230809072530782;Muito Baixo;HOMEIMPROVEMENT;MORTGAGE
26;45000;2,0;10000;13,48;0,22;3;0,2222222222222222;1;3;0;0;0;0;1;0;0;0;0;1;0;0;0;0,0775933208589806;Muito Baixo;PERSONAL;RENT
33;30000;8,0;5000;7,51;0,17;9;0,1666666666666666;0;1;0;0;0;1;0;0;0;0;1;0;0;0;0;0,0008966118014979;Muito Baixo;MEDICAL;OWN
22;26400;6,0;1500;11,11;0,06;3;0,0568181818181818;1;2;0;0;0;0;1;0;1;0;0;0;0;0;0;0,1796175362384508;Muito Baixo;EDUCATION;RENT
24;52000;4,0;3500;7,68;0,07;2;0,0673076923076923;0;1;0;0;0;0;1;1;0;0;0;0;0;0;0;0,0451584019601897;Muito Baixo;DEBTCONSOLIDATION;RENT
35;69000;5,0;6400;16,77;0,09;8;0,0927536231884058;1;4;1;0;0;0;1;1;0;0;0;0;0;1;1;0,9957579675030458;Muito Alto;DEBTCONSOLIDATION;RENT
25;97000;0,0;6600;7,49;0,07;2;0,068041237113402;0;1;0;0;0;0;1;0;0;0;0;0;1;0;0;0,0010011658196991;Muito Baixo;VENTURE;RENT
24;30000;8,0;4800;11,49;0,16;2;0,16;1;2;0;0;0;0;1;0;0;0;0;0;1;0;0;0,009593065852205;Muito Baixo;VENTURE;RENT
31;48000;14,0;6600;7,14;0,14;5;0,1375;0;1;0;1;0;0;0;0;0;0;1;0;0;0;0;0,0976994792337171;Muito Baixo;MEDICAL;MORTGAGE
30;68000;7,0;10000;10,75;0,15;7;0,1470588235294117;0;2;0;0;0;0;1;0;0;0;0;1;0;0;0;0,0863245149895706;Muito Baixo;PERSONAL;RENT
30;76500;11,0;12000;17,27;0,13;10;0,1568627450980392;1;4;0;0;0;0;1;0;0;0;1;0;0;1;1;0,9944845437493364;Muito Alto;MEDICAL;RENT
28;159000;3,0;15000;11,86;0,09;8;0,0943396226415094;1;2;0;1;0;0;0;0;0;0;0;1;0;0;0;0,0466221387112649;Muito Baixo;PERSONAL;MORTGAGE
31;65000;6,0;12000;7,49;0,18;6;0,1846153846153846;0;1;0;1;0;0;0;0;0;0;0;0;1;0;0;0,0005885542346132;Muito Baixo;VENTURE;MORTGAGE
26;83000;2,0;25000;10,99;0,3;3;0,3012048192771084;0;2;0;1;0;0;0;0;0;0;1;0;0;0;0;0,0386036012668929;Muito Baixo;MEDICAL;MORTGAGE
31;112000;5,0;23000;12,18;0,21;6;0,2053571428571428;1;2;0;0;0;0;1;0;0;0;0;1;0;0;0;0,083405792054365;Muito Baixo;PERSONAL;RENT
26;52000;3,0;2500;14,59;0,05;4;0,048076923076923;1;4;0;1;0;0;0;0;0;1;0;0;0;0;0;0,2627847822585844;Baixo;HOMEIMPROVEMENT;MORTGAGE
35;50000;6,0;7200;11,99;0,14;9;0,144;1;2;0;0;0;0;1;0;0;0;0;0;1;0;0;0,0024777752875403;Muito Baixo;VENTURE;RENT
44;29088;3,0;7200;11,71;0,25;17;0,2475247524752475;1;2;0;0;0;0;1;1;0;0;0;0;0;0;0;0,3239024053758663;Baixo;DEBTCONSOLIDATION;RENT
24;10000;8,0;3000;7,9;0,3;3;0,3;0;1;0;0;0;0;1;0;0;0;0;1;0;1;1;0,9977694212131126;Muito Alto;PERSONAL;RENT
29;35000;4,0;15000;13,22;0,43;5;0,4285714285714285;1;3;0;0;0;0;1;1;0;0;0;0;0;1;1;0,9877819734464552;Muito Alto;DEBTCONSOLIDATION;RENT
29;104000;7,0;35000;7,49;0,34;8;0,3365384615384615;0;1;0;1;0;0;0;1;0;0;0;0;0;0;0;0,0169110964333178;Muito Baixo;DEBTCONSOLIDATION;MORTGAGE
27;56400;1,0;9700;8,88;0,17;10;0,1719858156028368;0;2;0;0;0;0;1;0;0;0;0;0;1;0;0;0,0019398760954534;Muito Baixo;VENTURE;RENT
22;45673;6,0;7000;7,88;0,15;4;0,1532634160225954;0;1;0;1;0;0;0;0;1;0;0;0;0;0;0;0,0489984355426724;Muito Baixo;EDUCATION;MORTGAGE
23;75000;8,0;3000;14,11;0,04;3;0,04;1;4;0;1;0;0;0;0;1;0;0;0;0;0;0;0,101893902548126;Muito Baixo;EDUCATION;MORTGAGE
23;34000;4,0;5000;7,88;0,15;4;0,1470588235294117;0;1;0;0;0;0;1;0;0;0;0;0;1;0;0;0,0124637296274995;Muito Baixo;VENTURE;RENT
29;75000;1,0;20000;6,54;0,27;9;0,2666666666666666;0;1;0;0;0;0;1;0;0;0;0;0;1;0;0;0,0009304878316892;Muito Baixo;VENTURE;RENT
28;84000;1,0;8400;7,51;0,1;10;0,1;0;1;0;1;0;0;0;0;0;0;0;1;0;0;0;0,0281182038319625;Muito Baixo;PERSONAL;MORTGAGE
24;74000;1,0;16800;15,65;0,23;3;0,227027027027027;1;4;1;0;0;0;1;0;0;1;0;0;0;1;1;0,942495578355134;Muito Alto;HOMEIMPROVEMENT;RENT
23;46000;5,0;9500;12,69;0,21;4;0,2065217391304347;1;2;0;1;0;0;0;0;0;0;0;1;0;1;0;0,1320700131828605;Muito Baixo;PERSONAL;MORTGAGE
25;85000;1,0;12000;7,49;0,14;2;0,1411764705882353;0;1;0;0;0;0;1;0;1;0;0;0;0;0;0;0,0103900938691417;Muito Baixo;EDUCATION;RENT
24;84996;4,0;8000;15,57;0,09;2;0,0941220763330039;1;4;1;0;0;1;0;0;0;0;0;1;0;0;0;0,0003649478572846;Muito Baixo;PERSONAL;OWN
23;58000;4,0;5000;13,16;0,09;3;0,0862068965517241;1;3;0;0;0;0;1;0;0;0;0;1;0;0;0;0,1030488245930214;Muito Baixo;PERSONAL;RENT
25;60000;9,0;12000;10,99;0,2;2;0,2;0;2;0;1;0;0;0;0;0;0;0;0;1;0;0;0,0009086693950262;Muito Baixo;VENTURE;MORTGAGE
21;12000;2,0;3250;9,99;0,27;2;0,2708333333333333;0;2;0;0;0;0;1;0;0;1;0;0;0;1;1;0,9999183012186836;Muito Alto;HOMEIMPROVEMENT;RENT
25;28800;2,0;3000;11,12;0,1;3;0,1041666666666666;1;2;0;0;0;0;1;0;0;0;0;0;1;0;0;0,0037266188506642;Muito Baixo;VENTURE;RENT
31;30000;5,0;7000;11,99;0,23;8;0,2333333333333333;1;2;0;0;0;0;1;0;0;0;1;0;0;0;0;0,1398106823657241;Muito Baixo;MEDICAL;RENT
31;80000;0,0;15000;10,95;0,19;8;0,1875;0;2;0;1;0;0;0;0;0;0;1;0;0;0;0;0,0250735399397944;Muito Baixo;MEDICAL;MORTGAGE
26;59497;2,0;7000;17,88;0,1;2;0,1176529909071045;1;5;0;0;0;1;0;0;0;0;1;0;0;1;1;0,9278642667714038;Muito Alto;MEDICAL;OWN
29;29004;8,0;6000;12,87;0,21;5;0,2068680182043856;1;3;0;0;0;0;1;0;1;0;0;0;0;0;1;0,5098919650151885;Moderado;EDUCATION;RENT
23;48562;4,0;3500;8,0;0,07;2;0,0720728141345084;0;1;0;0;0;0;1;0;0;0;0;0;1;0;0;0,0019910579469975;Muito Baixo;VENTURE;RENT
24;40560;5,0;8000;7,66;0,2;2;0,1972386587771203;0;1;0;0;0;0;1;0;0;0;0;0;1;0;0;0,0019401691487357;Muito Baixo;VENTURE;RENT
33;24947;3,0;6625;12,69;0,27;9;0,2655629935463182;1;2;0;0;0;0;1;0;0;1;0;0;0;1;1;0,9013806910367248;Muito Alto;HOMEIMPROVEMENT;RENT
27;33000;2,0;7500;15,65;0,23;7;0,2272727272727272;1;4;1;0;0;0;1;0;0;0;1;0;0;1;1;0,9868390256990522;Muito Alto;MEDICAL;RENT
28;92000;0,0;6000;13,48;0,07;7;0,0652173913043478;1;3;0;1;0;0;0;0;1;0;0;0;0;0;0;0,0324794514760564;Muito Baixo;EDUCATION;MORTGAGE
25;125000;9,0;25000;10,59;0,2;2;0,2;0;2;0;0;0;1;0;0;0;0;0;1;0;0;0;0,0003926685574515;Muito Baixo;PERSONAL;OWN
22;32000;2,0;3000;6,99;0,09;4;0,09375;0;1;0;0;0;1;0;0;0;0;1;0;0;0;0;0,0009928324791;Muito Baixo;MEDICAL;OWN
24;83290;5,0;6000;9,32;0,07;3;0,072037459478929;0;1;0;1;0;0;0;1;0;0;0;0;0;1;0;0,0599567583329728;Muito Baixo;DEBTCONSOLIDATION;MORTGAGE
25;55000;2,0;8000;6,03;0,15;4;0,1454545454545454;0;1;0;1;0;0;0;1;0;0;0;0;0;0;0;0,0148089675341233;Muito Baixo;DEBTCONSOLIDATION;MORTGAGE
24;47000;1,0;6000;11,11;0,13;4;0,1276595744680851;1;2;0;0;0;1;0;0;0;0;0;1;0;0;0;0,0004645265379638;Muito Baixo;PERSONAL;OWN
26;34200;9,0;9450;15,62;0,28;3;0,2763157894736842;1;4;0;0;0;0;1;0;0;0;1;0;0;1;1;0,6006782630094288;Alto;MEDICAL;RENT
22;42500;0,0;5000;12,98;0,12;4;0,1176470588235294;1;3;1;0;0;0;1;1;0;0;0;0;0;0;0;0,0875544356247848;Muito Baixo;DEBTCONSOLIDATION;RENT
22;33640;4,0;12000;10,65;0,36;3;0,356718192627824;0;2;0;1;0;0;0;0;0;0;0;0;1;0;0;0,0262501350781632;Muito Baixo;VENTURE;MORTGAGE
34;30000;4,0;4300;7,9;0,14;5;0,1433333333333333;0;1;0;1;0;0;0;1;0;0;0;0;0;0;0;0,0713347194991991;Muito Baixo;DEBTCONSOLIDATION;MORTGAGE
28;70000;0,0;5275;10,99;0,08;5;0,0753571428571428;0;2;0;1;0;0;0;0;0;0;0;0;1;0;0;0,0007410739667753;Muito Baixo;VENTURE;MORTGAGE
23;41124;7,0;6000;7,49;0,15;4;0,1459002042602859;0;1;0;0;0;0;1;1;0;0;0;0;0;0;0;0,0597279807381093;Muito Baixo;DEBTCONSOLIDATION;RENT
23;52360;4,0;15000;16,49;0,29;2;0,2864782276546982;1;4;1;1;0;0;0;0;0;0;0;1;0;0;0;0,116178440745141;Muito Baixo;PERSONAL;MORTGAGE
28;114000;4,0;12000;7,49;0,11;5;0,1052631578947368;0;1;0;1;0;0;0;1;0;0;0;0;0;0;0;0,0205061984505671;Muito Baixo;DEBTCONSOLIDATION;MORTGAGE
25;54900;2,0;3000;10,99;0,05;2;0,0546448087431694;0;2;0;1;0;0;0;0;0;1;0;0;0;0;0;0,0951350304388494;Muito Baixo;HOMEIMPROVEMENT;MORTGAGE
28;59004;1,0;8000;7,37;0,14;6;0,1355840282014778;0;1;0;1;0;0;0;0;0;0;0;1;0;1;0;0,1106637944103805;Muito Baixo;PERSONAL;MORTGAGE
24;40000;4,0;14000;15,58;0,35;3;0,35;1;4;1;0;0;0;1;0;0;0;1;0;0;1;1;0,9917662442820718;Muito Alto;MEDICAL;RENT
24;120000;8,0;25000;10,65;0,21;4;0,2083333333333333;0;2;0;0;0;0;1;0;1;0;0;0;0;0;0;0,0394712210284366;Muito Baixo;EDUCATION;RENT
27;55000;0,0;16000;11,12;0,29;9;0,2909090909090909;1;2;0;0;0;0;1;0;0;0;0;0;1;0;0;0,0016801779813923;Muito Baixo;VENTURE;RENT
22;70000;6,0;12000;12,53;0,17;4;0,1714285714285714;1;2;0;0;0;1;0;0;0;0;0;1;0;0;0;0,0006243259731386;Muito Baixo;PERSONAL;OWN
58;51252;0,0;13500;11,58;0,26;21;0,2634043549520019;1;2;0;0;0;0;1;0;0;0;0;1;0;0;0;0,0864828600210894;Muito Baixo;PERSONAL;RENT
24;96000;2,0;4200;10,99;0,04;4;0,04375;0;2;0;1;0;0;0;0;0;0;0;0;1;0;0;0,0005910498362;Muito Baixo;VENTURE;MORTGAGE
28;31200;5,0;15000;11,83;0,48;9;0,4807692307692308;1;2;0;0;0;0;1;0;0;0;1;0;0;1;1;0,995066142185199;Muito Alto;MEDICAL;RENT
36;52000;2,0;8000;7,51;0,15;14;0,1538461538461538;0;1;0;1;0;0;0;0;0;1;0;0;0;0;0;0,0315592531898737;Muito Baixo;HOMEIMPROVEMENT;MORTGAGE
26;201450;2,0;8000;16,95;0,03;4;0,0397120873665922;1;5;0;1;0;0;0;0;0;0;1;0;0;1;1;0,9722412613728624;Muito Alto;MEDICAL;MORTGAGE
34;70000;19,0;2400;11,99;0,03;7;0,0342857142857142;1;2;0;0;0;0;1;0;0;0;1;0;0;0;0;0,0229915315384937;Muito Baixo;MEDICAL;RENT
22;58000;2,0;6000;6,92;0,1;4;0,1034482758620689;0;1;0;0;0;0;1;0;0;0;0;1;0;0;0;0,0270560928287873;Muito Baixo;PERSONAL;RENT
29;33000;2,0;1700;15,23;0,05;9;0,0515151515151515;1;3;1;0;0;0;1;0;0;0;0;1;0;0;1;0,5000057752406025;Moderado;PERSONAL;RENT
27;51000;1,0;8400;10,71;0,16;5;0,1647058823529411;0;2;0;0;0;0;1;0;0;1;0;0;0;0;0;0,1656136052654548;Muito Baixo;HOMEIMPROVEMENT;RENT
22;59317;5,0;5000;11,48;0,08;4;0,0842928671375828;1;2;0;0;0;0;1;0;0;0;0;0;1;0;0;0,0028457083943836;Muito Baixo;VENTURE;RENT
21;12120;0,0;3600;8,32;0,3;2;0,297029702970297;0;1;0;0;0;0;1;1;0;0;0;0;0;1;1;0,9730634209521852;Muito Alto;DEBTCONSOLIDATION;RENT
33;58800;10,0;3000;11,49;0,05;9;0,0510204081632653;1;2;0;0;0;0;1;0;0;0;1;0;0;0;0;0,2676774117663977;Baixo;MEDICAL;RENT
25;135000;5,0;25000;11,36;0,19;4;0,1851851851851851;1;2;0;0;0;0;1;0;1;0;0;0;0;0;0;0,0476452834436279;Muito Baixo;EDUCATION;RENT
23;21600;0,0;4400;12,53;0,2;3;0,2037037037037037;1;2;0;0;0;1;0;0;0;0;0;0;1;0;0;9,856504298390644e-05;Muito Baixo;VENTURE;OWN
29;160000;8,0;7000;7,49;0,04;8;0,04375;0;1;0;1;0;0;0;0;1;0;0;0;0;0;0;0,0198824799596729;Muito Baixo;EDUCATION;MORTGAGE
23;52000;0,0;9000;12,69;0,17;2;0,173076923076923;1;2;0;0;0;0;1;0;0;0;0;0;1;0;0;0,0035655178605245;Muito Baixo;VENTURE;RENT
38;81000;4,0;7000;9,99;0,09;11;0,0864197530864197;0;2;0;0;0;1;0;0;1;0;0;0;0;0;0;0,0009723400679711;Muito Baixo;EDUCATION;OWN
23;42000;2,0;14000;16,89;0,33;3;0,3333333333333333;1;4;0;0;0;0;1;0;0;0;0;1;0;1;1;0,9983994220943804;Muito Alto;PERSONAL;RENT
23;54000;7,0;5000;14,96;0,09;2;0,0925925925925925;1;4;1;1;0;0;0;1;0;0;0;0;0;1;1;0,998220186202042;Muito Alto;DEBTCONSOLIDATION;MORTGAGE
31;87000;7,0;15000;13,11;0,17;8;0,1724137931034483;1;3;1;0;0;1;0;0;0;1;0;0;0;0;0;0,0007230211925152;Muito Baixo;HOMEIMPROVEMENT;OWN
29;54996;6,0;4200;15,95;0,08;10;0,0763691904865808;1;5;1;0;0;0;1;0;0;0;0;1;0;0;0;0,1683238490601515;Muito Baixo;PERSONAL;RENT
23;57504;1,0;9000;6,54;0,16;3;0,1565108514190317;0;1;0;1;0;0;0;1;0;0;0;0;0;0;0;0,033020748378;Muito Baixo;DEBTCONSOLIDATION;MORTGAGE
25;25000;5,0;9000;11,49;0,36;2;0,36;1;2;0;0;0;0;1;0;0;0;1;0;0;1;1;0,9859371962043066;Muito Alto;MEDICAL;RENT
27;36000;3,0;10000;17,19;0,28;7;0,2777777777777778;1;5;1;0;0;0;1;0;0;0;0;1;0;0;0;0,279424755042458;Baixo;PERSONAL;RENT
22;27996;1,0;5000;17,51;0,18;4;0,1785969424203457;1;5;0;0;0;0;1;0;0;0;0;0;1;1;1;0,9216313185180838;Muito Alto;VENTURE;RENT
31;12000;2,0;2400;11,71;0,2;10;0,2;1;2;0;0;0;0;1;0;1;0;0;0;0;1;1;0,9945886611926288;Muito Alto;EDUCATION;RENT
28;75000;6,0;8000;7,9;0,11;6;0,1066666666666666;0;1;0;0;0;0;1;0;1;0;0;0;0;0;0;0,0491992784812639;Muito Baixo;EDUCATION;RENT
23;30000;7,0;4600;7,9;0,15;3;0,1533333333333333;0;1;0;1;0;0;0;0;0;0;1;0;0;0;0;0,1190801371291883;Muito Baixo;MEDICAL;MORTGAGE
37;60000;0,0;3000;12,53;0,05;15;0,05;1;3;0;0;0;0;1;0;1;0;0;0;0;0;0;0,0871076402683189;Muito Baixo;EDUCATION;RENT
22;54000;0,0;14000;7,14;0,26;2;0,2592592592592592;0;1;0;0;0;0;1;0;0;0;1;0;0;0;0;0,0851290353210433;Muito Baixo;MEDICAL;RENT
37;40000;1,0;21250;12,99;0,53;16;0,53125;1;3;0;0;0;0;1;0;0;0;0;0;1;1;1;0,9866054851746124;Muito Alto;VENTURE;RENT
22;65000;1,0;12000;8,94;0,18;4;0,1846153846153846;0;1;0;0;0;0;1;0;1;0;0;0;0;0;0;0,0273821829182081;Muito Baixo;EDUCATION;RENT
30;32400;13,0;6500;10,99;0,2;5;0,2006172839506173;0;2;0;1;0;0;0;0;0;0;0;0;1;0;0;0,0020521223803334;Muito Baixo;VENTURE;MORTGAGE
26;51996;2,0;6500;15,68;0,13;3;0,1250096161243172;1;5;0;1;0;0;0;1;0;0;0;0;0;1;1;0,9919362490646704;Muito Alto;DEBTCONSOLIDATION;MORTGAGE
30;51996;5,0;3200;6,99;0,06;5;0,0615431956304331;0;1;0;1;0;0;0;0;0;0;0;1;0;0;0;0,0251215312588398;Muito Baixo;PERSONAL;MORTGAGE
26;85000;10,0;4650;8,49;0,05;2;0,0547058823529411;0;1;0;1;0;0;0;0;1;0;0;0;0;0;0;0,0366443758315491;Muito Baixo;EDUCATION;MORTGAGE
27;45000;11,0;3450;11,99;0,08;7;0,0766666666666666;1;2;0;1;0;0;0;0;0;0;0;1;0;0;0;0,1575567463994694;Muito Baixo;PERSONAL;MORTGAGE
26;57000;6,0;9000;12,99;0,16;4;0,1578947368421052;1;3;1;1;0;0;0;0;0;0;1;0;0;0;0;0,2399852854494942;Baixo;MEDICAL;MORTGAGE
42;55000;1,0;16500;12,69;0,3;11;0,3;1;2;0;1;0;0;0;0;0;0;0;0;1;0;0;0,0029771858999728;Muito Baixo;VENTURE;MORTGAGE
30;36000;3,0;2400;10,65;0,07;10;0,0666666666666666;0;2;0;1;0;0;0;0;0;1;0;0;0;0;0;0,1350049637867935;Muito Baixo;HOMEIMPROVEMENT;MORTGAGE
30;32004;0,0;7500;13,47;0,23;10;0,2343457067866516;1;3;1;0;0;0;1;1;0;0;0;0;0;0;0;0,2289337949230973;Baixo;DEBTCONSOLIDATION;RENT
27;44000;2,0;2000;11,49;0,05;10;0,0454545454545454;1;2;0;0;0;0;1;0;0;0;1;0;0;1;0;0,1940445389101003;Muito Baixo;MEDICAL;RENT
25;100000;2,0;15000;15,99;0,15;3;0,15;1;4;1;1;0;0;0;0;1;0;0;0;0;0;0;0,070398785461288;Muito Baixo;EDUCATION;MORTGAGE
21;40000;0,0;3000;7,49;0,07;3;0,075;0;1;0;0;0;0;1;0;0;0;0;0;1;0;0;0,0009086990512812;Muito Baixo;VENTURE;RENT
29;60000;7,0;12000;9,91;0,2;7;0,2;0;2;0;0;0;0;1;0;0;0;1;0;0;0;0;0,0441263133786207;Muito Baixo;MEDICAL;RENT
23;12000;0,0;2100;8,94;0,17;2;0,175;0;1;0;0;0;0;1;0;0;0;1;0;0;1;1;0,98887402257334;Muito Alto;MEDICAL;RENT
22;38000;6,0;8500;5,42;0,22;2;0,2236842105263158;0;1;0;1;0;0;0;1;0;0;0;0;0;0;0;0,0410961047841036;Muito Baixo;DEBTCONSOLIDATION;MORTGAGE
39;65000;17,0;15000;7,9;0,23;14;0,2307692307692307;0;1;0;1;0;0;0;0;1;0;0;0;0;0;0;0,0169882900637491;Muito Baixo;EDUCATION;MORTGAGE
24;67000;3,0;13000;13,48;0,19;3;0,1940298507462686;1;3;1;0;0;1;0;0;0;0;0;0;1;0;0;0,0003930653881577;Muito Baixo;VENTURE;OWN
26;69996;10,0;14000;13,49;0,2;2;0,2000114292245271;1;3;0;1;0;0;0;1;0;0;0;0;0;0;0;0,0973218484015577;Muito Baixo;DEBTCONSOLIDATION;MORTGAGE
22;61500;3,0;10000;14,22;0,16;2;0,1626016260162601;1;3;0;0;0;0;1;0;1;0;0;0;0;0;0;0,0750536188811257;Muito Baixo;EDUCATION;RENT
31;135000;9,0;10000;7,14;0,07;6;0,074074074074074;0;1;0;1;0;0;0;0;0;0;0;0;1;0;0;0,0006094997360725;Muito Baixo;VENTURE;MORTGAGE
24;23000;1,0;5000;13,48;0,22;2;0,217391304347826;1;3;1;0;0;0;1;0;0;0;0;1;0;0;0;0,2447900469580499;Baixo;PERSONAL;RENT
32;55000;5,0;10000;8,49;0,18;10;0,1818181818181818;0;1;0;0;0;0;1;0;0;0;1;0;0;0;0;0,0211656753348731;Muito Baixo;MEDICAL;RENT
35;36000;9,0;12000;16,29;0,33;9;0,3333333333333333;1;4;0;0;0;0;1;0;0;0;1;0;0;1;1;0,9929139777961165;Muito Alto;MEDICAL;RENT
31;40000;4,0;12650;11,34;0,32;9;0,31625;1;3;0;1;0;0;0;0;0;0;1;0;0;0;0;0,1382453753648166;Muito Baixo;MEDICAL;MORTGAGE
22;52000;5,0;6000;7,9;0,12;4;0,1153846153846153;0;1;0;1;0;0;0;0;1;0;0;0;0;0;0;0,0150320234040106;Muito Baixo;EDUCATION;MORTGAGE
25;30000;4,0;5000;11,86;0,17;2;0,1666666666666666;1;2;0;0;0;0;1;0;1;0;0;0;0;0;0;0,2975372990615296;Baixo;EDUCATION;RENT
32;11688;4,0;5600;13,48;0,48;10;0,4791238877481177;1;3;1;0;0;0;1;0;0;0;0;1;0;1;1;0,9998014713725916;Muito Alto;PERSONAL;RENT
28;350000;1,0;20000;10,99;0,06;9;0,0571428571428571;0;2;0;0;0;0;1;1;0;0;0;0;0;0;0;0,0681285837776926;Muito Baixo;DEBTCONSOLIDATION;RENT
32;74000;16,0;13650;12,42;0,18;10;0,1844594594594594;1;2;0;1;0;0;0;0;1;0;0;0;0;1;0;0,3374732293039754;Baixo;EDUCATION;MORTGAGE
24;70000;6,0;25000;13,48;0,36;3;0,3571428571428571;1;3;0;1;0;0;0;0;0;1;0;0;0;0;0;0,1555590558876837;Muito Baixo;HOMEIMPROVEMENT;MORTGAGE
25;35280;0,0;5000;14,96;0,14;3;0,1417233560090703;1;4;0;0;0;0;1;0;0;1;0;0;0;1;1;0,9908542458278098;Muito Alto;HOMEIMPROVEMENT;RENT
29;30720;2,0;3500;5,99;0,11;8;0,1139322916666666;0;1;0;0;0;0;1;0;0;0;1;0;0;0;0;0,0354579389188836;Muito Baixo;MEDICAL;RENT
23;24000;7,0;5550;12,53;0,23;4;0,23125;1;3;1;0;0;0;1;0;0;0;0;0;1;0;0;0,1214853970033649;Muito Baixo;VENTURE;RENT
26;74000;5,0;10000;6,62;0,14;2;0,1351351351351351;0;1;0;1;0;0;0;1;0;0;0;0;0;0;0;0,0515410562060231;Muito Baixo;DEBTCONSOLIDATION;MORTGAGE
26;57500;2,0;7750;6,76;0,13;3;0,1347826086956521;0;1;0;1;0;0;0;1;0;0;0;0;0;0;0;0,0402624709870099;Muito Baixo;DEBTCONSOLIDATION;MORTGAGE
29;12000;0,0;4500;11,14;0,38;6;0,375;1;2;0;0;0;1;0;0;0;1;0;0;0;1;1;0,9994937900350028;Muito Alto;HOMEIMPROVEMENT;OWN
28;38100;6,0;4800;9,63;0,13;10;0,1259842519685039;0;2;0;0;0;0;1;1;0;0;0;0;0;1;0;0,1061229130971428;Muito Baixo;DEBTCONSOLIDATION;RENT
23;32640;5,0;4800;11,99;0,15;2;0,1470588235294117;1;2;0;0;0;0;1;0;0;0;0;0;1;0;0;0,0118726450700644;Muito Baixo;VENTURE;RENT
43;50000;11,0;11500;7,49;0,23;12;0,23;0;1;0;1;0;0;0;0;0;0;1;0;0;0;0;0,0168786454308192;Muito Baixo;MEDICAL;MORTGAGE
27;27840;2,0;2400;5,42;0,09;7;0,0862068965517241;0;1;0;1;0;0;0;0;0;0;1;0;0;0;0;0,0326419867290739;Muito Baixo;MEDICAL;MORTGAGE
29;45996;6,0;3000;9,76;0,07;7;0,0652230628750326;0;2;0;0;0;0;1;0;1;0;0;0;0;0;0;0,1583913765968681;Muito Baixo;EDUCATION;RENT
26;93500;9,0;6250;14,83;0,07;3;0,0668449197860962;1;4;1;1;0;0;0;0;0;0;0;0;1;0;0;0,0532050189770919;Muito Baixo;VENTURE;MORTGAGE
24;120155;4,0;12000;7,49;0,1;4;0,099870999958387;0;1;0;1;0;0;0;0;1;0;0;0;0;0;0;0,0107589493642247;Muito Baixo;EDUCATION;MORTGAGE
30;64698;11,0;9000;16,0;0,12;5;0,1391078549568765;1;4;1;0;0;0;1;0;0;0;1;0;0;1;1;0,9841704241464012;Muito Alto;MEDICAL;RENT
28;73000;6,0;15000;11,83;0,21;7;0,2054794520547945;1;2;0;1;0;0;0;0;0;0;0;1;0;0;0;0,1820697978438817;Muito Baixo;PERSONAL;MORTGAGE
27;55000;3,0;4500;13,49;0,08;8;0,0818181818181818;1;3;0;0;0;1;0;0;1;0;0;0;0;0;0;0,0006081943487472;Muito Baixo;EDUCATION;OWN
33;50000;8,0;4000;5,42;0,08;10;0,08;0;1;0;1;0;0;0;0;0;0;1;0;0;0;0;0,0089053103386597;Muito Baixo;MEDICAL;MORTGAGE
25;63996;9,0;14000;14,42;0,22;2;0,2187636727295455;1;4;1;0;0;0;1;1;0;0;0;0;0;1;1;0,9930787614476874;Muito Alto;DEBTCONSOLIDATION;RENT
32;60000;15,0;6000;7,14;0,1;9;0,1;0;1;0;1;0;0;0;1;0;0;0;0;0;0;0;0,0153472781524686;Muito Baixo;DEBTCONSOLIDATION;MORTGAGE
23;74004;7,0;25000;16,35;0,34;4;0,3378195773201448;1;5;0;0;0;0;1;1;0;0;0;0;0;1;1;0,9998581380374728;Muito Alto;DEBTCONSOLIDATION;RENT
42;18000;3,0;8000;6,91;0,44;17;0,4444444444444444;0;1;0;0;0;0;1;0;0;0;0;0;1;1;1;0,9998178045568528;Muito Alto;VENTURE;RENT
34;53000;9,0;9600;8,94;0,18;10;0,1811320754716981;0;1;0;0;0;1;0;0;0;1;0;0;0;0;0;0,0008497745388188;Muito Baixo;HOMEIMPROVEMENT;OWN
23;52000;3,0;4800;9,88;0,09;2;0,0923076923076923;0;2;0;0;0;0;1;0;1;0;0;0;0;0;0;0,0328785750132797;Muito Baixo;EDUCATION;RENT
31;54996;6,0;5000;7,49;0,09;10;0,0909157029602152;0;1;0;0;0;0;1;0;0;0;0;1;0;0;0;0,063544072634639;Muito Baixo;PERSONAL;RENT
27;71352;3,0;9000;6,54;0,13;6;0,1261352169525731;0;1;0;1;0;0;0;0;0;0;0;0;1;0;0;0,0004237161823692;Muito Baixo;VENTURE;MORTGAGE
25;61680;1,0;7600;13,23;0,12;4;0,1232166018158236;1;3;0;0;0;0;1;0;0;0;0;0;1;1;0;0,0742125696014225;Muito Baixo;VENTURE;RENT
23;44000;7,0;10000;8,49;0,23;4;0,2272727272727272;0;1;0;1;0;0;0;0;0;0;0;1;0;1;0;0,2895966685545917;Baixo;PERSONAL;MORTGAGE
26;30000;5,0;2000;11,99;0,07;2;0,0666666666666666;1;2;0;1;0;0;0;0;0;1;0;0;0;1;0;0,3668004209165131;Baixo;HOMEIMPROVEMENT;MORTGAGE
22;54000;2,0;2000;10,99;0,04;3;0,037037037037037;0;2;0;0;0;1;0;0;0;0;0;0;1;0;0;2,458814183092525e-05;Muito Baixo;VENTURE;OWN
23;72000;7,0;7000;6,17;0,1;3;0,0972222222222222;0;1;0;1;0;0;0;0;1;0;0;0;0;0;0;0,0105832020109985;Muito Baixo;EDUCATION;MORTGAGE
23;65500;2,0;20000;13,22;0,31;2;0,3053435114503817;1;3;0;0;0;0;1;1;0;0;0;0;0;1;1;0,9308927500094858;Muito Alto;DEBTCONSOLIDATION;RENT
32;30000;0,0;8000;7,74;0,27;9;0,2666666666666666;0;1;0;0;0;0;1;0;0;0;0;0;1;0;0;0,0041374353061459;Muito Baixo;VENTURE;RENT
24;30000;7,0;10000;12,61;0,33;2;0,3333333333333333;1;3;1;0;0;1;0;0;0;1;0;0;0;0;0;0,0014392888016229;Muito Baixo;HOMEIMPROVEMENT;OWN
31;55000;15,0;8000;7,51;0,15;8;0,1454545454545454;0;1;0;0;0;1;0;0;0;0;0;1;0;0;0;0,0004243049982116;Muito Baixo;PERSONAL;OWN
25;95000;8,0;6800;9,63;0,07;4;0,071578947368421;0;2;0;1;0;0;0;0;1;0;0;0;0;0;0;0,0345097529329606;Muito Baixo;EDUCATION;MORTGAGE
26;28800;5,0;8000;15,31;0,28;3;0,2777777777777778;1;4;1;0;0;0;1;0;1;0;0;0;0;0;0;0,2318151309405058;Baixo;EDUCATION;RENT
26;54200;3,0;7000;7,49;0,13;3;0,1291512915129151;0;1;0;1;0;0;0;0;0;1;0;0;0;0;0;0,0741545024410569;Muito Baixo;HOMEIMPROVEMENT;MORTGAGE
22;26000;5,0;11200;16,89;0,43;3;0,4307692307692308;1;4;0;0;0;0;1;0;0;0;0;1;0;1;1;0,9957828796288596;Muito Alto;PERSONAL;RENT
24;62000;6,0;10000;10,74;0,16;2;0,1612903225806451;0;2;0;1;0;0;0;0;0;1;0;0;0;0;0;0,064939578334766;Muito Baixo;HOMEIMPROVEMENT;MORTGAGE
32;52800;2,0;24000;7,51;0,45;10;0,4545454545454545;0;1;0;1;0;0;0;0;0;1;0;0;0;0;0;0,0678671816806635;Muito Baixo;HOMEIMPROVEMENT;MORTGAGE
21;83000;4,0;8500;8,0;0,1;4;0,1024096385542168;0;1;0;1;0;0;0;0;0;0;1;0;0;0;0;0,0404931303342918;Muito Baixo;MEDICAL;MORTGAGE
28;72000;3,0;4000;10,99;0,06;6;0,0555555555555555;0;2;0;1;0;0;0;0;0;1;0;0;0;0;0;0,0465564976312929;Muito Baixo;HOMEIMPROVEMENT;MORTGAGE
32;300000;2,0;24000;12,87;0,08;10;0,08;1;3;0;1;0;0;0;0;0;0;1;0;0;0;0;0,0995426736756119;Muito Baixo;MEDICAL;MORTGAGE
29;22080;3,0;8000;8,59;0,36;9;0,3623188405797101;0;1;0;0;0;1;0;0;1;0;0;0;0;0;0;0,0011253067006303;Muito Baixo;EDUCATION;OWN
25;42000;2,0;6600;10,65;0,16;4;0,1571428571428571;0;2;0;0;0;0;1;0;0;0;1;0;0;0;0;0,0405141471809102;Muito Baixo;MEDICAL;RENT
25;88668;2,0;3000;6,62;0,03;2;0,0338340776830423;0;1;0;1;0;0;0;0;0;0;1;0;0;0;0;0,0142702124759777;Muito Baixo;MEDICAL;MORTGAGE
28;140000;4,0;18000;14,65;0,13;7;0,1285714285714285;1;3;1;1;0;0;0;0;0;1;0;0;0;0;0;0,0539816912939667;Muito Baixo;HOMEIMPROVEMENT;MORTGAGE
32;50000;4,0;10000;6,03;0,2;9;0,2;0;1;0;0;0;1;0;0;1;0;0;0;0;0;0;0,0002315606725247;Muito Baixo;EDUCATION;OWN
23;49161;1,0;8000;13,17;0,16;4;0,1627306198002481;1;4;1;0;0;0;1;0;0;1;0;0;0;1;1;0,9992949685757544;Muito Alto;HOMEIMPROVEMENT;RENT
32;42000;6,0;4000;11,12;0,1;5;0,0952380952380952;1;2;0;0;0;0;1;0;0;0;0;1;0;0;0;0,1200101710264725;Muito Baixo;PERSONAL;RENT
28;100000;6,0;24000;11,48;0,24;9;0,24;1;2;0;1;0;0;0;0;0;0;1;0;0;0;0;0,0495919371204151;Muito Baixo;MEDICAL;MORTGAGE
24;45000;2,0;9050;6,62;0,2;4;0,2011111111111111;0;1;0;1;0;0;0;0;0;0;0;0;1;0;0;0,0004945061404895;Muito Baixo;VENTURE;MORTGAGE
34;54000;2,0;7800;14,84;0,14;6;0,1444444444444444;1;4;0;0;0;0;1;0;0;0;0;0;1;1;1;0,9547196825992804;Muito Alto;VENTURE;RENT
25;70000;6,0;14000;5,42;0,2;2;0,2;0;1;0;1;0;0;0;0;0;0;0;0;1;0;0;0,0006887046972782;Muito Baixo;VENTURE;MORTGAGE
27;60000;4,0;18500;10,99;0,31;5;0,3083333333333333;0;2;0;0;0;0;1;1;0;0;0;0;0;1;1;0,9823602092092194;Muito Alto;DEBTCONSOLIDATION;RENT
28;64000;11,0;15000;9,63;0,23;10;0,234375;0;1;0;0;1;0;0;0;0;0;0;1;0;1;0;0,063765420727914;Muito Baixo;PERSONAL;OTHER
24;24000;1,0;2500;10,74;0,1;3;0,1041666666666666;0;2;0;0;0;0;1;0;0;0;1;0;0;0;0;0,1394782831572957;Muito Baixo;MEDICAL;RENT
25;49963;9,0;2100;11,49;0,04;3;0,042031103016232;1;2;0;1;0;0;0;0;0;0;1;0;0;1;0;0,1320278643900908;Muito Baixo;MEDICAL;MORTGAGE
33;68004;17,0;5000;13,49;0,07;8;0,0735250867596023;1;3;0;0;0;0;1;0;1;0;0;0;0;0;0;0,2408016745346923;Baixo;EDUCATION;RENT
28;40000;0,0;5600;13,49;0,14;8;0,14;1;3;0;0;0;0;1;0;0;0;1;0;0;0;0;0,0332874280960652;Muito Baixo;MEDICAL;RENT
31;56400;4,0;4000;13,35;0,07;5;0,0709219858156028;1;3;0;1;0;0;0;0;0;0;1;0;0;1;0;0,3096374671875146;Baixo;MEDICAL;MORTGAGE
29;30992;3,0;8000;11,58;0,26;9;0,2581311306143521;1;2;0;1;0;0;0;0;1;0;0;0;0;1;0;0,2007961391703391;Baixo;EDUCATION;MORTGAGE
22;24960;0,0;2500;7,51;0,1;4;0,1001602564102564;0;1;0;0;0;0;1;0;1;0;0;0;0;0;0;0,0573609244798461;Muito Baixo;EDUCATION;RENT
45;87000;8,0;8000;13,11;0,09;15;0,0919540229885057;1;3;1;0;0;0;1;1;0;0;0;0;0;0;0;0,0700038878716344;Muito Baixo;DEBTCONSOLIDATION;RENT
23;40000;6,0;13200;10,99;0,33;4;0,33;0;2;0;1;0;0;0;0;0;0;1;0;0;0;0;0,1361406793262612;Muito Baixo;MEDICAL;MORTGAGE
44;91000;14,0;7900;8,59;0,09;14;0,0868131868131868;0;1;0;1;0;0;0;0;0;0;1;0;0;0;0;0,0337149557249491;Muito Baixo;MEDICAL;MORTGAGE
25;69000;9,0;15900;13,22;0,23;3;0,2304347826086956;1;3;1;1;0;0;0;0;0;1;0;0;0;0;0;0,1518439861559677;Muito Baixo;HOMEIMPROVEMENT;MORTGAGE
34;56000;16,0;5000;8,9;0,09;5;0,0892857142857142;0;1;0;0;0;0;1;1;0;0;0;0;0;0;0;0,0750838864774977;Muito Baixo;DEBTCONSOLIDATION;RENT
30;54000;4,0;12000;15,58;0,22;5;0,2222222222222222;1;4;0;1;0;0;0;1;0;0;0;0;0;1;1;0,9983586369238114;Muito Alto;DEBTCONSOLIDATION;MORTGAGE
29;115000;5,0;7500;5,99;0,07;8;0,0652173913043478;0;1;0;0;0;0;1;0;0;1;0;0;0;0;0;0,0109504975990227;Muito Baixo;HOMEIMPROVEMENT;RENT
40;150000;2,0;20000;12,99;0,13;14;0,1333333333333333;1;3;0;1;0;0;0;0;0;0;0;1;0;0;0;0,0418856889431017;Muito Baixo;PERSONAL;MORTGAGE
23;30500;6,0;3000;14,96;0,1;2;0,0983606557377049;1;4;1;1;0;0;0;0;0;0;1;0;0;1;1;0,9633882396595848;Muito Alto;MEDICAL;MORTGAGE
25;90000;9,0;7750;7,51;0,09;4;0,0861111111111111;0;1;0;1;0;0;0;0;1;0;0;0;0;0;0;0,0102285548940514;Muito Baixo;EDUCATION;MORTGAGE
45;37000;0,0;20000;11,71;0,54;15;0,5405405405405406;1;2;0;0;0;0;1;0;0;1;0;0;0;1;1;0,9990765434721096;Muito Alto;HOMEIMPROVEMENT;RENT
34;48989;10,0;2400;7,14;0,05;5;0,0489905897242238;0;1;0;0;0;1;0;0;1;0;0;0;0;0;0;0,0004215754326364;Muito Baixo;EDUCATION;OWN
30;9600;4,0;1800;5,99;0,19;8;0,1875;0;1;0;0;0;0;1;0;0;0;0;1;0;1;1;0,991244091036618;Muito Alto;PERSONAL;RENT
24;85850;3,0;12000;15,99;0,12;4;0,139778683750728;1;4;1;1;0;0;0;0;0;0;1;0;0;1;1;0,9907472179979636;Muito Alto;MEDICAL;MORTGAGE
31;68000;1,0;6000;7,49;0,09;6;0,088235294117647;0;1;0;0;0;0;1;0;0;0;0;1;0;0;0;0,0319090038870303;Muito Baixo;PERSONAL;RENT
26;110000;1,0;5000;12,69;0,05;3;0,0454545454545454;1;2;0;1;0;0;0;0;1;0;0;0;0;0;0;0,0670642382017388;Muito Baixo;EDUCATION;MORTGAGE
31;64000;15,0;20000;13,48;0,31;5;0,3125;1;3;1;1;0;0;0;1;0;0;0;0;0;0;0;0,3734728377406396;Baixo;DEBTCONSOLIDATION;MORTGAGE
24;49296;8,0;5000;7,88;0,1;4;0,1014281077572216;0;1;0;0;0;0;1;0;1;0;0;0;0;0;0;0,1066455358502385;Muito Baixo;EDUCATION;RENT
28;32000;2,0;7750;14,22;0,24;5;0,2421875;1;3;1;0;0;0;1;0;0;0;1;0;0;0;0;0,1492207382232882;Muito Baixo;MEDICAL;RENT
22;55000;6,0;4800;11,99;0,09;2;0,0872727272727272;1;2;0;0;0;1;0;0;0;0;1;0;0;0;0;0,001024891290762;Muito Baixo;MEDICAL;OWN
25;60000;5,0;5000;7,49;0,08;4;0,0833333333333333;0;1;0;1;0;0;0;0;0;0;0;0;1;0;0;0,0004677964748314;Muito Baixo;VENTURE;MORTGAGE
34;33666;4,0;8000;17,49;0,24;9;0,2376284678904532;1;4;1;0;0;0;1;0;0;0;0;1;0;1;0;0,450295519933087;Moderado;PERSONAL;RENT
30;27996;9,0;1500;13,48;0,05;8;0,0535790827261037;1;3;1;0;0;0;1;0;0;0;1;0;0;0;0;0,0720661971981415;Muito Baixo;MEDICAL;RENT
24;25000;3,0;3250;13,67;0,13;4;0,13;1;4;0;0;0;0;1;0;1;0;0;0;0;0;0;0,2602029126574682;Baixo;EDUCATION;RENT
25;58000;9,0;10400;12,18;0,18;2;0,1793103448275862;1;2;0;1;0;0;0;0;0;0;1;0;0;0;0;0,3038494524848881;Baixo;MEDICAL;MORTGAGE
23;157500;1,0;10000;12,69;0,06;2;0,0634920634920634;1;2;0;0;0;0;1;0;1;0;0;0;0;0;0;0,0434187838245443;Muito Baixo;EDUCATION;RENT
23;52692;4,0;3500;12,23;0,07;4;0,0664237455401199;1;3;1;0;0;0;1;0;0;0;1;0;0;0;0;0,0558474599341269;Muito Baixo;MEDICAL;RENT
22;50000;3,0;6000;10,25;0,12;3;0,12;0;2;0;0;0;0;1;1;0;0;0;0;0;0;0;0,0262937682363191;Muito Baixo;DEBTCONSOLIDATION;RENT
41;28800;0,0;9600;13,49;0,33;16;0,3333333333333333;1;3;0;0;0;0;1;0;0;0;1;0;0;1;1;0,9872209914192482;Muito Alto;MEDICAL;RENT
24;35000;7,0;15000;7,49;0,43;4;0,4285714285714285;0;1;0;1;0;0;0;0;1;0;0;0;0;0;0;0,1200387349800492;Muito Baixo;EDUCATION;MORTGAGE
25;66000;9,0;15000;7,49;0,23;4;0,2272727272727272;0;1;0;0;0;1;0;0;0;0;0;1;0;0;0;0,0010383675462863;Muito Baixo;PERSONAL;OWN
23;48000;7,0;14125;7,49;0,29;3;0,2942708333333333;0;1;0;1;0;0;0;0;1;0;0;0;0;0;0;0,0910148654012618;Muito Baixo;EDUCATION;MORTGAGE
29;65000;2,0;7000;7,29;0,11;6;0,1076923076923077;0;1;0;1;0;0;0;1;0;0;0;0;0;0;0;0,0193700922993316;Muito Baixo;DEBTCONSOLIDATION;MORTGAGE
27;150000;1,0;25000;11,36;0,17;6;0,1666666666666666;1;2;0;0;0;0;1;0;1;0;0;0;0;0;0;0,0597959056239818;Muito Baixo;EDUCATION;RENT
58;85000;0,0;8000;11,49;0,09;28;0,0941176470588235;1;2;0;1;0;0;0;0;0;0;0;1;0;0;0;0,0323455591806756;Muito Baixo;PERSONAL;MORTGAGE
23;52176;3,0;7500;10,59;0,14;3;0,1437442502299908;0;2;0;1;0;0;0;0;1;0;0;0;0;0;0;0,0478347188485702;Muito Baixo;EDUCATION;MORTGAGE
36;35256;5,0;5000;5,99;0,14;11;0,1418198320853188;0;1;0;1;0;0;0;0;0;1;0;0;0;0;0;0,0452760981566823;Muito Baixo;HOMEIMPROVEMENT;MORTGAGE
28;250000;3,0;35000;11,71;0,14;7;0,14;1;2;0;1;0;0;0;0;0;0;0;1;0;0;0;0,0357540794152329;Muito Baixo;PERSONAL;MORTGAGE
26;65000;10,0;24000;7,49;0,37;2;0,3692307692307692;0;1;0;0;0;0;1;1;0;0;0;0;0;1;1;0,9797748848869968;Muito Alto;DEBTCONSOLIDATION;RENT
29;70000;13,0;10000;6,99;0,14;10;0,1428571428571428;0;1;0;1;0;0;0;0;0;0;1;0;0;0;0;0,0082636229870621;Muito Baixo;MEDICAL;MORTGAGE
31;20000;7,0;2500;12,53;0,13;10;0,125;1;3;1;0;0;0;1;0;1;0;0;0;0;0;0;0,2250399887627072;Baixo;EDUCATION;RENT
34;140000;17,0;12000;15,21;0,09;10;0,0857142857142857;1;4;1;1;0;0;0;0;0;0;0;0;1;0;0;0,0459614849655332;Muito Baixo;VENTURE;MORTGAGE
22;70000;4,0;13750;10,75;0,2;3;0,1964285714285714;0;2;0;1;0;0;0;0;0;0;0;0;1;0;0;0,0009830408466562;Muito Baixo;VENTURE;MORTGAGE
34;60000;2,0;15000;7,88;0,25;7;0,25;0;1;0;0;0;0;1;0;0;0;1;0;0;0;0;0,0278215859964722;Muito Baixo;MEDICAL;RENT
22;65000;3,0;5000;11,49;0,08;3;0,0769230769230769;1;2;0;0;0;0;1;0;1;0;0;0;0;0;0;0,0381728205156454;Muito Baixo;EDUCATION;RENT
23;85000;5,0;10000;6,17;0,12;3;0,1176470588235294;0;1;0;0;0;0;1;0;1;0;0;0;0;0;0;0,0035117413952299;Muito Baixo;EDUCATION;RENT
40;110000;0,0;20000;10,38;0,18;16;0,1818181818181818;0;2;0;0;0;0;1;0;1;0;0;0;0;0;0;0,0280612351097626;Muito Baixo;EDUCATION;RENT
28;65000;5,0;4500;15,96;0,07;9;0,0692307692307692;1;3;1;1;0;0;0;0;0;0;1;0;0;0;0;0,3009025681324265;Baixo;MEDICAL;MORTGAGE
25;61200;1,0;5650;7,66;0,09;2;0,0923202614379085;0;1;0;1;0;0;0;0;0;0;0;1;0;0;0;0,0435131112228783;Muito Baixo;PERSONAL;MORTGAGE
26;71000;5,0;13500;12,69;0,19;3;0,1901408450704225;1;2;0;0;0;0;1;0;0;0;1;0;0;0;0;0,0424801765705038;Muito Baixo;MEDICAL;RENT
21;21600;2,0;3800;5,99;0,18;2;0,1759259259259259;0;1;0;1;0;0;0;1;0;0;0;0;0;0;0;0,0359119325517301;Muito Baixo;DEBTCONSOLIDATION;MORTGAGE
23;66500;0,0;5675;7,49;0,09;2;0,0853383458646616;0;1;0;0;0;0;1;0;0;0;0;0;1;0;0;0,000830685724597;Muito Baixo;VENTURE;RENT
22;80000;6,0;35000;10,99;0,44;2;0,4375;0;2;0;1;0;0;0;0;1;0;0;0;0;0;0;0,0246068476262818;Muito Baixo;EDUCATION;MORTGAGE
25;100000;3,0;12000;9,91;0,12;3;0,12;0;2;0;0;0;0;1;0;0;0;0;0;1;0;0;0,0012025860277085;Muito Baixo;VENTURE;RENT
39;250000;21,0;4000;15,23;0,02;13;0,016;1;3;0;1;0;0;0;0;0;0;0;0;1;0;0;0,037288657928;Muito Baixo;VENTURE;MORTGAGE
24;63996;5,0;6000;10,75;0,09;3;0,0937558597412338;0;2;0;1;0;0;0;0;0;0;0;0;1;0;0;0,0023987852107832;Muito Baixo;VENTURE;MORTGAGE
22;75000;3,0;9000;5,79;0,12;2;0,12;0;1;0;1;0;0;0;0;1;0;0;0;0;0;0;0,0049009692654943;Muito Baixo;EDUCATION;MORTGAGE
32;31000;0,0;5000;11,49;0,16;8;0,1612903225806451;1;2;0;0;0;0;1;0;1;0;0;0;0;1;0;0,1809886398695523;Muito Baixo;EDUCATION;RENT
34;30000;5,0;3600;6,92;0,12;6;0,12;0;1;0;0;0;0;1;0;0;1;0;0;0;1;1;0,6930508941603315;Alto;HOMEIMPROVEMENT;RENT
24;34500;4,0;12000;10,38;0,35;2;0,3478260869565217;0;2;0;0;0;0;1;0;0;0;1;0;0;1;1;0,9884061381532266;Muito Alto;MEDICAL;RENT
22;102000;3,0;18000;8,49;0,18;3;0,1764705882352941;0;1;0;1;0;0;0;0;0;0;1;0;0;0;0;0,022122387557483;Muito Baixo;MEDICAL;MORTGAGE
24;31000;8,0;9000;14,84;0,29;4;0,2903225806451613;1;4;1;1;0;0;0;0;0;0;0;1;0;1;0;0,2472988870535271;Baixo;PERSONAL;MORTGAGE
21;24996;2,0;5000;16,45;0,2;4;0,2000320051208193;1;5;0;0;0;0;1;0;1;0;0;0;0;1;1;0,934299666229945;Muito Alto;EDUCATION;RENT
22;55000;6,0;5000;6,91;0,09;2;0,0909090909090909;0;1;0;0;0;0;1;0;1;0;0;0;0;0;0;0,0270674955638098;Muito Baixo;EDUCATION;RENT
26;52700;3,0;7500;13,8;0,12;2;0,1423149905123339;1;4;0;1;0;0;0;0;0;0;1;0;0;1;1;0,9896246967331868;Muito Alto;MEDICAL;MORTGAGE
22;54996;6,0;12000;8,32;0,22;4;0,2181976871045167;0;1;0;0;0;0;1;0;0;0;0;0;1;0;0;0,0015998408331895;Muito Baixo;VENTURE;RENT
24;64656;8,0;14500;10,99;0,22;4;0,2242637960900767;0;2;0;1;0;0;0;0;1;0;0;0;0;0;0;0,1139977610905068;Muito Baixo;EDUCATION;MORTGAGE
29;78000;2,0;18000;6,62;0,23;5;0,2307692307692307;0;1;0;1;0;0;0;0;0;0;0;1;0;0;0;0,0601773279546886;Muito Baixo;PERSONAL;MORTGAGE
26;143375;10,0;12000;7,66;0,08;3;0,083696599825632;0;1;0;1;0;0;0;0;0;0;1;0;0;0;0;0,0218254278476356;Muito Baixo;MEDICAL;MORTGAGE
26;78000;7,0;3000;11,49;0,04;2;0,0384615384615384;1;2;0;1;0;0;0;0;0;1;0;0;0;0;0;0,1987148473162978;Muito Baixo;HOMEIMPROVEMENT;MORTGAGE
26;67500;1,0;3000;9,32;0,04;4;0,0444444444444444;0;1;0;0;0;0;1;0;0;1;0;0;0;0;0;0,11267381358359;Muito Baixo;HOMEIMPROVEMENT;RENT
32;106000;3,0;10000;7,49;0,09;7;0,0943396226415094;0;1;0;1;0;0;0;0;0;0;1;0;0;0;0;0,0150161368701535;Muito Baixo;MEDICAL;MORTGAGE
28;40000;12,0;12000;11,11;0,3;5;0,3;1;2;0;0;0;0;1;0;0;0;0;0;1;0;0;0,0015591114164158;Muito Baixo;VENTURE;RENT
32;32004;16,0;4000;11,49;0,12;10;0,1249843769528809;1;2;0;0;0;0;1;0;0;0;1;0;0;0;0;0,1376958992426691;Muito Baixo;MEDICAL;RENT
22;60612;2,0;18000;13,72;0,3;3;0,2969708968521085;1;3;1;1;0;0;0;0;0;0;1;0;0;0;0;0,1909953148999811;Muito Baixo;MEDICAL;MORTGAGE
28;20000;5,0;4000;10,99;0,2;10;0,2;0;2;0;0;0;0;1;0;1;0;0;0;0;0;0;0,062530099779104;Muito Baixo;EDUCATION;RENT
28;108000;4,0;5000;12,87;0,05;9;0,0462962962962962;1;3;1;1;0;0;0;0;0;1;0;0;0;0;0;0,0558609561624228;Muito Baixo;HOMEIMPROVEMENT;MORTGAGE
26;66996;10,0;25000;15,21;0,37;2;0,373156606364559;1;4;1;0;0;0;1;0;0;0;0;1;0;1;1;0,9923734471171792;Muito Alto;PERSONAL;RENT
26;213000;6,0;35000;10,65;0,16;2;0,1643192488262911;0;2;0;1;0;0;0;0;1;0;0;0;0;1;0;0,0232961010308298;Muito Baixo;EDUCATION;MORTGAGE
36;155000;12,0;25000;10,74;0,16;11;0,1612903225806451;0;2;0;1;0;0;0;0;0;0;0;0;1;0;0;0,0010717953246307;Muito Baixo;VENTURE;MORTGAGE
41;480000;3,0;16000;7,9;0,03;17;0,0333333333333333;0;1;0;1;0;0;0;1;0;0;0;0;0;0;0;0,006125980077722;Muito Baixo;DEBTCONSOLIDATION;MORTGAGE
27;53550;3,0;4200;11,99;0,07;8;0,0784313725490196;1;2;0;0;0;0;1;0;0;0;1;0;0;1;0;0,4161160007145049;Moderado;MEDICAL;RENT
27;33600;1,0;3000;13,49;0,09;9;0,0892857142857142;1;3;1;0;0;0;1;0;0;0;1;0;0;0;0;0,0738045120514438;Muito Baixo;MEDICAL;RENT
24;86854;8,0;4500;7,49;0,05;4;0,0518110852695327;0;1;0;0;0;0;1;0;0;0;0;0;1;0;0;0,0010576153448005;Muito Baixo;VENTURE;RENT
25;28000;6,0;4000;6,39;0,14;3;0,1428571428571428;0;1;0;0;0;0;1;0;0;0;0;0;1;0;0;0,0024500517602647;Muito Baixo;VENTURE;RENT
25;50400;0,0;6000;14,59;0,12;2;0,119047619047619;1;4;0;0;0;1;0;0;0;1;0;0;0;0;0;0,0006375486417679;Muito Baixo;HOMEIMPROVEMENT;OWN
26;80000;2,0;10000;8,49;0,13;4;0,125;0;1;0;0;0;0;1;0;1;0;0;0;0;0;0;0,0226534124599196;Muito Baixo;EDUCATION;RENT
22;60200;2,0;6325;7,51;0,11;3;0,1050664451827242;0;1;0;0;0;0;1;1;0;0;0;0;0;0;0;0,0162894447700914;Muito Baixo;DEBTCONSOLIDATION;RENT
25;36000;4,0;15000;9,63;0,42;3;0,4166666666666667;0;2;0;0;0;0;1;0;0;0;0;0;1;1;1;0,9986458847132624;Muito Alto;VENTURE;RENT
22;53000;0,0;5025;7,49;0,09;3;0,0948113207547169;0;1;0;1;0;0;0;1;0;0;0;0;0;0;0;0,0458613466158594;Muito Baixo;DEBTCONSOLIDATION;MORTGAGE
29;50000;9,0;10000;7,88;0,2;8;0,2;0;1;0;1;0;0;0;0;0;0;1;0;0;0;0;0,0495230712802772;Muito Baixo;MEDICAL;MORTGAGE
26;60000;8,0;12000;10,65;0,2;2;0,2;0;2;0;1;0;0;0;0;0;1;0;0;0;0;0;0,0508137975723144;Muito Baixo;HOMEIMPROVEMENT;MORTGAGE
45;100000;3,0;10000;16,0;0,1;13;0,1;1;5;1;1;0;0;0;1;0;0;0;0;0;1;1;0,9865768112993007;Muito Alto;DEBTCONSOLIDATION;MORTGAGE
21;31200;1,0;6000;16,89;0,19;3;0,1923076923076923;1;4;0;0;0;0;1;1;0;0;0;0;0;1;1;0,9992182622874182;Muito Alto;DEBTCONSOLIDATION;RENT
31;351699;7,0;10500;15,7;0,03;6;0,029855074936238;1;4;0;0;0;0;1;0;0;0;0;0;1;0;0;0,1307495385697352;Muito Baixo;VENTURE;RENT
44;124800;1,0;10875;7,14;0,09;14;0,087139423076923;0;1;0;0;0;0;1;0;0;0;0;1;0;0;0;0,0129553245345574;Muito Baixo;PERSONAL;RENT
23;38000;0,0;5000;11,58;0,13;3;0,131578947368421;1;2;0;0;0;0;1;0;0;0;1;0;0;0;0;0,1509514254460922;Muito Baixo;MEDICAL;RENT
36;70000;16,0;10000;9,88;0,14;14;0,1428571428571428;0;2;0;1;0;0;0;0;0;0;0;0;1;0;0;0,0009965748712562;Muito Baixo;VENTURE;MORTGAGE
21;18456;2,0;3500;13,35;0,19;3;0,1896402254009536;1;3;0;0;0;0;1;0;0;0;1;0;0;1;1;0,9845611877606484;Muito Alto;MEDICAL;RENT
25;154000;1,0;21600;10,37;0,14;3;0,1402597402597402;0;2;0;1;0;0;0;0;1;0;0;0;0;0;0;0,029063194090002;Muito Baixo;EDUCATION;MORTGAGE
29;92000;8,0;12000;6,62;0,13;6;0,1304347826086956;0;1;0;1;0;0;0;0;0;1;0;0;0;0;0;0,0090255095846549;Muito Baixo;HOMEIMPROVEMENT;MORTGAGE
21;41004;5,0;1500;10,99;0,04;3;0,0365817968978636;0;2;0;0;0;0;1;0;1;0;0;0;0;0;0;0,0852535397120769;Muito Baixo;EDUCATION;RENT
23;39996;3,0;3600;7,51;0,09;4;0,09000900090009;0;1;0;1;0;0;0;0;1;0;0;0;0;0;0;0,0248876786087996;Muito Baixo;EDUCATION;MORTGAGE
25;85100;9,0;4500;6,39;0,05;3;0,0528789659224441;0;1;0;1;0;0;0;0;0;0;0;1;0;0;0;0,0344719728113572;Muito Baixo;PERSONAL;MORTGAGE
24;50004;5,0;5000;7,14;0,1;3;0,0999920006399488;0;1;0;0;0;0;1;0;0;0;0;1;0;0;0;0,0221535263867628;Muito Baixo;PERSONAL;RENT
23;120000;3,0;3725;8,49;0,03;2;0,0310416666666666;0;1;0;0;0;0;1;0;0;0;0;0;1;0;0;0,0012412397320463;Muito Baixo;VENTURE;RENT
35;96000;5,0;14000;7,49;0,15;10;0,1458333333333333;0;1;0;1;0;0;0;0;0;0;1;0;0;0;0;0,0031463807134191;Muito Baixo;MEDICAL;MORTGAGE
36;61000;2,0;10000;10,25;0,16;12;0,1639344262295081;0;2;0;1;0;0;0;1;0;0;0;0;0;0;0;0,0280850000962892;Muito Baixo;DEBTCONSOLIDATION;MORTGAGE
28;42000;0,0;12000;11,11;0,29;9;0,2857142857142857;1;2;0;0;0;0;1;0;1;0;0;0;0;0;0;0,0803868475699906;Muito Baixo;EDUCATION;RENT
29;26400;5,0;7750;14,27;0,29;7;0,2935606060606061;1;3;0;0;0;0;1;0;0;0;1;0;0;1;0;0,2442721141152091;Baixo;MEDICAL;RENT
34;53000;7,0;3100;7,9;0,06;6;0,0584905660377358;0;1;0;1;0;0;0;1;0;0;0;0;0;0;0;0,0397602984530724;Muito Baixo;DEBTCONSOLIDATION;MORTGAGE
26;60000;7,0;16000;7,9;0,27;2;0,2666666666666666;0;1;0;1;0;0;0;0;1;0;0;0;0;0;0;0,0403288426232353;Muito Baixo;EDUCATION;MORTGAGE
29;78000;7,0;18000;9,38;0,23;6;0,2307692307692307;0;1;0;1;0;0;0;0;0;1;0;0;0;1;0;0,0886816324462255;Muito Baixo;HOMEIMPROVEMENT;MORTGAGE
32;63800;6,0;11200;14,74;0,18;8;0,1755485893416928;1;4;0;0;0;0;1;0;0;1;0;0;0;0;0;0,3345189925576981;Baixo;HOMEIMPROVEMENT;RENT
28;90000;7,0;16000;12,68;0,18;10;0,1777777777777777;1;3;0;0;0;0;1;0;0;0;0;0;1;0;0;0,0344419484762134;Muito Baixo;VENTURE;RENT
37;65000;7,0;12000;13,98;0,18;15;0,1846153846153846;1;3;0;0;0;0;1;0;1;0;0;0;0;0;0;0,1016964220604005;Muito Baixo;EDUCATION;RENT
22;25200;0,0;1000;11,48;0,04;3;0,0396825396825396;1;2;0;1;0;0;0;0;0;0;1;0;0;1;0;0,225731141910223;Baixo;MEDICAL;MORTGAGE
51;98000;5,0;6000;15,96;0,06;23;0,0612244897959183;1;3;0;0;0;0;1;0;0;0;0;1;0;0;0;0,0745290165430756;Muito Baixo;PERSONAL;RENT
31;59000;2,0;8750;12,68;0,15;9;0,1483050847457627;1;3;0;0;0;0;1;0;0;1;0;0;0;0;0;0,4310784539955958;Moderado;HOMEIMPROVEMENT;RENT
21;72000;3,0;6000;5,42;0,08;4;0,0833333333333333;0;1;0;0;0;0;1;0;1;0;0;0;0;0;0;0,0148980563541861;Muito Baixo;EDUCATION;RENT
27;78000;6,0;17200;17,49;0,22;7;0,2205128205128205;1;4;1;0;0;0;1;1;0;0;0;0;0;1;1;0,9957848009066944;Muito Alto;DEBTCONSOLIDATION;RENT
37;27052;2,0;6000;10,37;0,22;12;0,2217950613633003;0;2;0;0;0;0;1;0;0;0;0;0;1;0;0;0,0037759879177026;Muito Baixo;VENTURE;RENT
22;44000;5,0;15000;11,11;0,34;3;0,3409090909090909;1;2;0;0;0;0;1;0;0;1;0;0;0;1;1;0,9999237971535888;Muito Alto;HOMEIMPROVEMENT;RENT
27;28800;6,0;5000;14,96;0,17;5;0,1736111111111111;1;4;1;0;0;0;1;0;1;0;0;0;0;0;0;0,1913206668992124;Muito Baixo;EDUCATION;RENT
30;64800;7,0;5600;10,99;0,09;8;0,0864197530864197;0;2;0;1;0;0;0;0;1;0;0;0;0;0;0;0,1056977477252196;Muito Baixo;EDUCATION;MORTGAGE
36;30123;5,0;2000;14,26;0,07;12;0,0663944494240281;1;3;1;0;0;0;1;0;0;0;1;0;0;0;0;0,0698296009241679;Muito Baixo;MEDICAL;RENT
36;52000;0,0;6000;9,99;0,12;12;0,1153846153846153;0;2;0;0;0;0;1;0;1;0;0;0;0;0;0;0,0653513928376576;Muito Baixo;EDUCATION;RENT
23;30000;2,0;6400;7,49;0,21;3;0,2133333333333333;0;1;0;0;0;0;1;0;0;0;1;0;0;0;0;0,0786502109169074;Muito Baixo;MEDICAL;RENT
27;112548;11,0;24000;7,49;0,21;5;0,2132423499306962;0;1;0;1;0;0;0;0;0;0;0;0;1;0;0;0,0010383104614208;Muito Baixo;VENTURE;MORTGAGE
24;43000;3,0;14500;10,75;0,34;2;0,3372093023255814;0;2;0;0;0;0;1;0;0;0;0;1;0;1;1;0,9967755663123636;Muito Alto;PERSONAL;RENT
27;36000;6,0;13500;10,0;0,38;7;0,375;0;2;0;1;0;0;0;0;0;1;0;0;0;0;0;0,1359047436214074;Muito Baixo;HOMEIMPROVEMENT;MORTGAGE
45;38268;14,0;8400;12,18;0,22;11;0,2195045468798996;1;2;0;1;0;0;0;0;0;0;0;1;0;0;0;0,1058916510813996;Muito Baixo;PERSONAL;MORTGAGE
25;31000;1,0;3000;10,99;0,1;4;0,0967741935483871;0;2;0;0;0;0;1;0;0;1;0;0;0;1;1;0,9003455583518174;Muito Alto;HOMEIMPROVEMENT;RENT
23;136000;7,0;8000;8,32;0,06;3;0,0588235294117647;0;1;0;1;0;0;0;1;0;0;0;0;0;0;0;0,0772878392321932;Muito Baixo;DEBTCONSOLIDATION;MORTGAGE
24;44000;0,0;2000;8,0;0,05;3;0,0454545454545454;0;1;0;0;0;0;1;0;0;0;0;1;0;1;0;0,4105864660347836;Moderado;PERSONAL;RENT
23;52102;1,0;3500;10,75;0,06;3;0,067175924148785;0;2;0;1;0;0;0;0;0;0;1;0;0;1;0;0,2864097497640857;Baixo;MEDICAL;MORTGAGE
34;54600;2,0;2500;7,88;0,05;8;0,0457875457875457;0;1;0;0;0;0;1;0;0;0;1;0;0;0;0;0,0206108685146147;Muito Baixo;MEDICAL;RENT
22;35325;2,0;6500;15,95;0,18;3;0,184005661712668;1;4;0;0;0;0;1;0;1;0;0;0;0;1;1;0,8636510104863774;Muito Alto;EDUCATION;RENT
25;85000;10,0;16000;10,99;0,19;2;0,188235294117647;0;2;0;1;0;0;0;0;0;0;0;0;1;0;0;0,0011202971758752;Muito Baixo;VENTURE;MORTGAGE
40;136000;5,0;21000;9,99;0,15;16;0,1544117647058823;0;2;0;1;0;0;0;0;0;1;0;0;0;0;0;0,0659608202220581;Muito Baixo;HOMEIMPROVEMENT;MORTGAGE
30;34000;1,0;7500;13,48;0,22;8;0,2205882352941176;1;3;1;0;0;0;1;0;0;1;0;0;0;1;1;0,9691072766549884;Muito Alto;HOMEIMPROVEMENT;RENT
25;36276;0,0;5600;9,99;0,15;4;0,1543720366082258;0;2;0;0;0;0;1;0;1;0;0;0;0;0;0;0,083181894480282;Muito Baixo;EDUCATION;RENT
33;21996;0,0;9250;12,87;0,42;9;0,4205310056373886;1;3;0;0;0;0;1;0;1;0;0;0;0;1;1;0,9987692417709132;Muito Alto;EDUCATION;RENT
30;26500;14,0;10625;14,27;0,4;9;0,4009433962264151;1;3;0;0;0;0;1;1;0;0;0;0;0;1;1;0,9889390388242876;Muito Alto;DEBTCONSOLIDATION;RENT
22;45449;6,0;12000;10,99;0,26;4;0,2640322119298554;0;2;0;0;0;0;1;0;0;0;1;0;0;1;0;0,0668721014478385;Muito Baixo;MEDICAL;RENT
28;99996;6,0;10000;5,42;0,1;8;0,1000040001600064;0;1;0;1;0;0;0;0;0;0;0;0;1;0;0;0,0003036364956044;Muito Baixo;VENTURE;MORTGAGE
23;61360;3,0;6125;8,59;0,1;4;0,0998207301173402;0;1;0;0;0;1;0;0;0;0;1;0;0;0;0;0,0007600280318936;Muito Baixo;MEDICAL;OWN
23;55000;3,0;7500;7,51;0,14;2;0,1363636363636363;0;1;0;1;0;0;0;0;0;0;0;1;0;0;0;0,0311133745227004;Muito Baixo;PERSONAL;MORTGAGE
27;156000;11,0;5000;6,54;0,03;8;0,032051282051282;0;1;0;1;0;0;0;0;0;1;0;0;0;0;0;0,0192983907909368;Muito Baixo;HOMEIMPROVEMENT;MORTGAGE
24;75000;3,0;25000;19,74;0,33;4;0,3333333333333333;1;6;0;1;0;0;0;0;0;0;0;0;1;0;1;0,5477865067472251;Moderado;VENTURE;MORTGAGE
24;72000;6,0;5000;7,49;0,07;3;0,0694444444444444;0;1;0;0;0;0;1;0;0;0;1;0;0;0;0;0,0100411876124544;Muito Baixo;MEDICAL;RENT
33;42000;3,0;9000;10,99;0,21;8;0,2142857142857142;0;2;0;0;0;0;1;0;0;0;1;0;0;0;0;0,051262256019748;Muito Baixo;MEDICAL;RENT
29;103000;13,0;4500;7,29;0,04;6;0,0436893203883495;0;1;0;1;0;0;0;0;0;0;1;0;0;0;0;0,0100904036240911;Muito Baixo;MEDICAL;MORTGAGE
21;16000;5,0;6000;9,63;0,38;3;0,375;0;2;0;0;0;0;1;0;0;0;0;0;1;1;1;0,999888094114364;Muito Alto;VENTURE;RENT
23;59000;7,0;2000;5,42;0,03;2;0,0338983050847457;0;1;0;1;0;0;0;0;0;0;0;0;1;0;0;0,0009121139506961;Muito Baixo;VENTURE;MORTGAGE
22;82000;6,0;6000;13,48;0,07;2;0,073170731707317;1;3;0;1;0;0;0;1;0;0;0;0;0;0;0;0,1595401153296045;Muito Baixo;DEBTCONSOLIDATION;MORTGAGE
24;74004;7,0;25000;15,57;0,34;3;0,3378195773201448;1;4;1;1;0;0;0;1;0;0;0;0;0;1;1;0,991689007429972;Muito Alto;DEBTCONSOLIDATION;MORTGAGE
22;81600;6,0;1300;6,39;0,02;3;0,0159313725490196;0;1;0;1;0;0;0;0;0;0;0;1;0;0;0;0,0073535323493399;Muito Baixo;PERSONAL;MORTGAGE
31;63000;3,0;7000;13,92;0,11;7;0,1111111111111111;1;3;0;1;0;0;0;0;0;0;0;0;1;0;0;0,0833482979602109;Muito Baixo;VENTURE;MORTGAGE
22;63000;6,0;10800;5,99;0,17;2;0,1714285714285714;0;1;0;1;0;0;0;0;0;0;1;0;0;0;0;0,0353142569126254;Muito Baixo;MEDICAL;MORTGAGE
23;87550;7,0;18000;7,51;0,17;3;0,2055968018275271;0;1;0;0;0;0;1;0;0;0;1;0;0;1;0;0,0263778493288725;Muito Baixo;MEDICAL;RENT
30;28000;0,0;9250;11,48;0,33;9;0,3303571428571428;1;2;0;0;0;0;1;0;0;0;1;0;0;1;1;0,9816377799301824;Muito Alto;MEDICAL;RENT
29;108996;12,0;22000;16,82;0,2;5;0,2018422694410804;1;5;1;1;0;0;0;0;0;0;0;0;1;0;0;0,1202769981388619;Muito Baixo;VENTURE;MORTGAGE
27;60000;0,0;6000;8,0;0,1;5;0,1;0;1;0;0;0;0;1;0;0;1;0;0;0;0;0;0,0351465495244481;Muito Baixo;HOMEIMPROVEMENT;RENT
30;101500;2,0;18000;12,18;0,18;10;0,1773399014778325;1;2;0;0;0;0;1;0;0;1;0;0;0;0;0;0,0571693480338948;Muito Baixo;HOMEIMPROVEMENT;RENT
24;51000;6,0;6000;10,75;0,12;2;0,1176470588235294;0;2;0;0;0;1;0;0;0;0;0;0;1;0;0;1,5021032058074817e-05;Muito Baixo;VENTURE;OWN
23;70000;1,0;17000;8,88;0,24;4;0,2428571428571428;0;2;0;0;0;0;1;0;0;0;1;0;0;0;0;0,0270427036129599;Muito Baixo;MEDICAL;RENT
22;60000;3,0;18000;16,32;0,3;4;0,3;1;4;0;0;0;0;1;0;1;0;0;0;0;0;0;0,1186170572019165;Muito Baixo;EDUCATION;RENT
29;83004;3,0;4500;11,49;0,05;10;0,0542142547347115;1;2;0;1;0;0;0;0;0;0;0;1;0;0;0;0,0620920900036931;Muito Baixo;PERSONAL;MORTGAGE
39;73000;3,0;10000;7,51;0,14;13;0,136986301369863;0;1;0;1;0;0;0;1;0;0;0;0;0;0;0;0,0209199753546395;Muito Baixo;DEBTCONSOLIDATION;MORTGAGE
37;20800;3,0;4000;19,41;0,19;16;0,1923076923076923;1;6;0;0;0;0;1;0;0;0;0;0;1;0;0;0,3933964008528293;Baixo;VENTURE;RENT
26;53000;10,0;12000;5,99;0,23;4;0,2264150943396226;0;1;0;1;0;0;0;0;0;0;0;0;1;0;0;0,0008575503377546;Muito Baixo;VENTURE;MORTGAGE
34;105000;0,0;8000;8,38;0,08;8;0,0761904761904762;0;1;0;0;0;0;1;0;0;0;0;1;0;0;0;0,036689336055986;Muito Baixo;PERSONAL;RENT
36;48000;2,0;20000;13,61;0,42;14;0,4166666666666667;1;3;0;0;0;0;1;0;0;0;1;0;0;1;1;0,9930421586384716;Muito Alto;MEDICAL;RENT
41;69350;5,0;10800;5,42;0,16;13;0,1557317952415284;0;1;0;0;0;0;1;0;1;0;0;0;0;0;0;0,0056743638417441;Muito Baixo;EDUCATION;RENT
25;99800;1,0;12000;8,94;0,12;2;0,1202404809619238;0;1;0;1;0;0;0;0;0;0;1;0;0;0;0;0,021232997722138;Muito Baixo;MEDICAL;MORTGAGE
24;98450;8,0;2700;13,49;0,03;4;0,0274250888776028;1;3;0;0;0;0;1;0;1;0;0;0;0;0;0;0,0742598616349617;Muito Baixo;EDUCATION;RENT
23;76268;7,0;15000;11,89;0,2;2;0,1966748833062359;1;2;0;1;0;0;0;1;0;0;0;0;0;1;0;0,2107906977360947;Baixo;DEBTCONSOLIDATION;MORTGAGE
30;120000;3,0;10000;17,04;0,08;5;0,0833333333333333;1;5;0;0;0;0;1;0;0;1;0;0;0;0;0;0,1761907474526238;Muito Baixo;HOMEIMPROVEMENT;RENT
28;34000;12,0;3700;6,91;0,11;8;0,1088235294117647;0;1;0;1;0;0;0;0;0;1;0;0;0;1;0;0,4786075973345332;Moderado;HOMEIMPROVEMENT;MORTGAGE
37;80000;8,0;13000;6,62;0,16;16;0,1625;0;1;0;1;0;0;0;1;0;0;0;0;0;0;0;0,0065344535558396;Muito Baixo;DEBTCONSOLIDATION;MORTGAGE
22;69996;2,0;8000;12,84;0,11;4;0,1142922452711583;1;3;1;0;0;1;0;0;0;0;1;0;0;0;0;0,000289048252167;Muito Baixo;MEDICAL;OWN
35;120000;2,0;8000;7,49;0,07;10;0,0666666666666666;0;1;0;1;0;0;0;0;0;0;0;1;0;0;0;0,0094862168446206;Muito Baixo;PERSONAL;MORTGAGE
31;50000;5,0;2000;6,39;0,04;7;0,04;0;1;0;1;0;0;0;0;0;0;0;0;1;0;0;0,0006507539357416;Muito Baixo;VENTURE;MORTGAGE
30;35000;6,0;10000;5,79;0,29;9;0,2857142857142857;0;1;0;0;0;0;1;0;0;0;0;1;0;0;0;0,0497334088441859;Muito Baixo;PERSONAL;RENT
25;69000;9,0;25000;6,99;0,36;4;0,3623188405797101;0;1;0;1;0;0;0;0;0;0;0;0;1;0;0;0,0039651357577024;Muito Baixo;VENTURE;MORTGAGE
25;54996;0,0;10000;8,94;0,18;2;0,1818314059204305;0;1;0;1;0;0;0;0;0;0;0;0;1;0;0;0,0006940419424962;Muito Baixo;VENTURE;MORTGAGE
23;59300;1,0;3000;9,63;0,05;3;0,0505902192242833;0;1;0;0;0;0;1;0;0;0;1;0;0;0;0;0,2950600534295914;Baixo;MEDICAL;RENT
25;36000;6,0;15000;10,99;0,42;3;0,4166666666666667;0;2;0;0;0;0;1;0;0;0;0;1;0;1;1;0,9967894871212416;Muito Alto;PERSONAL;RENT
22;44000;5,0;10000;15,95;0,23;4;0,2272727272727272;1;4;0;0;0;0;1;0;1;0;0;0;0;0;0;0,3775191979981048;Baixo;EDUCATION;RENT
33;36000;3,0;7800;7,14;0,22;10;0,2166666666666666;0;1;0;1;0;0;0;0;0;0;0;1;0;0;0;0,0411855769205361;Muito Baixo;PERSONAL;MORTGAGE
25;40000;2,0;7000;8,94;0,17;3;0,175;0;1;0;0;0;0;1;1;0;0;0;0;0;0;0;0,0472408002167073;Muito Baixo;DEBTCONSOLIDATION;RENT
31;24000;2,0;3000;7,49;0,13;10;0,125;0;1;0;0;0;0;1;1;0;0;0;0;0;0;0;0,0706878422309871;Muito Baixo;DEBTCONSOLIDATION;RENT
25;50160;0,0;3000;14,42;0,06;2;0,0598086124401913;1;4;0;0;0;0;1;1;0;0;0;0;0;1;1;0,99362334629007;Muito Alto;DEBTCONSOLIDATION;RENT
25;96720;9,0;18000;7,9;0,19;4;0,1861042183622828;0;1;0;1;0;0;0;0;1;0;0;0;0;0;0;0,031405268418812;Muito Baixo;EDUCATION;MORTGAGE
40;32878;6,0;13775;12,98;0,42;11;0,4189731735507025;1;3;0;0;0;0;1;0;0;1;0;0;0;1;1;0,9979236877112242;Muito Alto;HOMEIMPROVEMENT;RENT
22;90000;6,0;16000;6,03;0,18;4;0,1777777777777777;0;1;0;1;0;0;0;0;1;0;0;0;0;0;0;0,004290667339608;Muito Baixo;EDUCATION;MORTGAGE
23;165000;3,0;5000;5,42;0,03;3;0,0303030303030303;0;1;0;1;0;0;0;1;0;0;0;0;0;0;0;0,0018292312290163;Muito Baixo;DEBTCONSOLIDATION;MORTGAGE
23;33280;2,0;10000;7,51;0,3;4;0,3004807692307692;0;1;0;0;0;0;1;0;1;0;0;0;0;0;0;0,0982903220560698;Muito Baixo;EDUCATION;RENT
34;98000;19,0;16000;10,99;0,16;10;0,1632653061224489;0;2;0;0;0;1;0;0;0;0;1;0;0;0;0;0,0003294732660259;Muito Baixo;MEDICAL;OWN
30;90000;8,0;20000;14,82;0,22;8;0,2222222222222222;1;5;1;1;0;0;0;0;1;0;0;0;0;0;0;0,0794581914526047;Muito Baixo;EDUCATION;MORTGAGE
34;54000;5,0;10000;7,29;0,19;7;0,1851851851851851;0;1;0;1;0;0;0;0;0;0;1;0;0;0;0;0,077710621209651;Muito Baixo;MEDICAL;MORTGAGE
27;55200;0,0;4000;6,76;0,07;10;0,072463768115942;0;1;0;0;0;0;1;0;1;0;0;0;0;0;0;0,0441190112995254;Muito Baixo;EDUCATION;RENT
22;58000;6,0;1500;5,42;0,03;2;0,0258620689655172;0;1;0;0;0;0;1;0;1;0;0;0;0;0;0;0,007049124992293;Muito Baixo;EDUCATION;RENT
24;38400;8,0;10000;10,99;0,26;2;0,2604166666666667;0;2;0;1;0;0;0;0;0;1;0;0;0;0;0;0,1982787027234075;Muito Baixo;HOMEIMPROVEMENT;MORTGAGE
27;68000;6,0;2000;13,8;0,03;5;0,0294117647058823;1;3;0;1;0;0;0;0;1;0;0;0;0;0;0;0,1109392522055687;Muito Baixo;EDUCATION;MORTGAGE
29;146000;12,0;3800;6,39;0,03;6;0,0260273972602739;0;1;0;1;0;0;0;0;0;0;1;0;0;0;0;0,0111139531300968;Muito Baixo;MEDICAL;MORTGAGE
31;110000;2,0;6000;9,51;0,05;9;0,0545454545454545;0;2;0;1;0;0;0;1;0;0;0;0;0;0;0;0,0118614436355676;Muito Baixo;DEBTCONSOLIDATION;MORTGAGE
24;30000;0,0;9000;15,58;0,3;3;0,3;1;4;0;0;0;0;1;0;1;0;0;0;0;1;1;0,9694333988751364;Muito Alto;EDUCATION;RENT
23;27996;2,0;9250;10,75;0,33;2;0,3304043434776396;0;2;0;0;0;1;0;0;0;0;1;0;0;0;0;0,0007988764353599;Muito Baixo;MEDICAL;OWN
22;41900;3,0;10500;8,49;0,25;2;0,2505966587112171;0;1;0;0;0;0;1;0;1;0;0;0;0;0;0;0,0752808864114031;Muito Baixo;EDUCATION;RENT
31;73000;15,0;29700;11,11;0,41;7;0,4068493150684931;1;2;0;0;0;0;1;0;0;1;0;0;0;1;1;0,9907671841867868;Muito Alto;HOMEIMPROVEMENT;RENT
28;39600;6,0;4500;10,25;0,11;10;0,1136363636363636;0;2;0;0;0;0;1;0;0;0;0;0;1;0;0;0,0065531788486055;Muito Baixo;VENTURE;RENT
23;50000;5,0;7000;8,9;0,14;4;0,14;0;1;0;0;0;1;0;0;0;0;0;0;1;0;0;8,698594583374168e-06;Muito Baixo;VENTURE;OWN
23;91000;0,0;1000;11,71;0,01;3;0,0109890109890109;1;2;0;1;0;0;0;0;1;0;0;0;0;0;0;0,0118549791027646;Muito Baixo;EDUCATION;MORTGAGE
24;15996;8,0;4000;8,0;0,25;2;0,2500625156289072;0;1;0;0;0;1;0;0;1;0;0;0;0;1;1;0,9991091336277697;Muito Alto;EDUCATION;OWN
24;30000;0,0;5000;11,14;0,17;2;0,1666666666666666;1;2;0;0;0;0;1;0;1;0;0;0;0;0;0;0,1943774471176811;Muito Baixo;EDUCATION;RENT
22;43200;6,0;6000;7,68;0,14;3;0,1388888888888889;0;1;0;0;0;1;0;0;1;0;0;0;0;0;0;0,000547857059408;Muito Baixo;EDUCATION;OWN
43;22800;0,0;5075;10,59;0,22;12;0,2225877192982456;0;2;0;0;0;0;1;0;0;0;1;0;0;0;0;0,0384833720681591;Muito Baixo;MEDICAL;RENT
23;90000;0,0;12000;8,9;0,13;3;0,1333333333333333;0;1;0;0;0;0;1;0;0;0;1;0;0;0;0;0,0127421744263746;Muito Baixo;MEDICAL;RENT
25;50004;1,0;10000;7,29;0,2;3;0,1999840012798976;0;1;0;0;0;1;0;0;0;0;0;0;1;0;0;1,291377101005752e-05;Muito Baixo;VENTURE;OWN
22;61000;2,0;18200;7,51;0,3;4;0,2983606557377049;0;1;0;1;0;0;0;0;0;0;1;0;0;0;0;0,0311948575608188;Muito Baixo;MEDICAL;MORTGAGE
27;62000;4,0;16000;7,88;0,26;10;0,2580645161290322;0;1;0;0;0;0;1;1;0;0;0;0;0;0;0;0,0281931873909312;Muito Baixo;DEBTCONSOLIDATION;RENT
36;23004;0,0;9450;10,37;0,41;13;0,4107981220657277;0;2;0;0;0;0;1;0;0;0;0;1;0;1;1;0,9947155259340156;Muito Alto;PERSONAL;RENT
29;85000;12,0;25000;9,25;0,29;10;0,2941176470588235;0;2;0;1;0;0;0;0;0;0;0;1;0;0;0;0,0552865360957909;Muito Baixo;PERSONAL;MORTGAGE
32;60040;1,0;5000;8,88;0,08;10;0,0832778147901399;0;2;0;0;0;0;1;0;0;0;0;0;1;0;0;0,0016273981993608;Muito Baixo;VENTURE;RENT
33;53040;3,0;8000;9,88;0,15;10;0,1508295625942684;0;2;0;0;0;0;1;0;0;0;1;0;0;0;0;0,0289541331469096;Muito Baixo;MEDICAL;RENT
26;65000;6,0;6000;9,07;0,09;3;0,0923076923076923;0;1;0;1;0;0;0;0;1;0;0;0;0;0;0;0,0654771260315834;Muito Baixo;EDUCATION;MORTGAGE
24;130000;7,0;24000;11,49;0,18;3;0,1846153846153846;1;2;0;0;0;0;1;1;0;0;0;0;0;0;0;0,0485868485166416;Muito Baixo;DEBTCONSOLIDATION;RENT
25;107000;1,0;1000;7,4;0,01;4;0,0093457943925233;0;1;0;1;0;0;0;0;1;0;0;0;0;0;0;0,0041591150460631;Muito Baixo;EDUCATION;MORTGAGE
24;21000;0,0;4000;13,43;0,19;4;0,1904761904761904;1;3;0;0;0;0;1;1;0;0;0;0;0;0;0;0,151723945738454;Muito Baixo;DEBTCONSOLIDATION;RENT
25;30000;4,0;2000;14,22;0,07;2;0,0666666666666666;1;3;0;0;0;0;1;0;1;0;0;0;0;0;0;0,3315829475321203;Baixo;EDUCATION;RENT
32;36000;0,0;1800;12,61;0,05;10;0,05;1;3;0;1;0;0;0;1;0;0;0;0;0;0;0;0,0847111637556657;Muito Baixo;DEBTCONSOLIDATION;MORTGAGE
24;78500;8,0;6000;7,49;0,08;4;0,0764331210191082;0;1;0;1;0;0;0;0;0;0;0;0;1;0;0;0,0024167001898895;Muito Baixo;VENTURE;MORTGAGE
25;80000;5,0;18200;7,9;0,23;2;0,2275;0;1;0;1;0;0;0;0;0;0;0;1;0;0;0;0,0298344309292234;Muito Baixo;PERSONAL;MORTGAGE
28;75000;4,0;7200;15,05;0,1;6;0,096;1;4;1;0;1;0;0;0;0;0;0;0;1;0;0;0,0569571227074883;Muito Baixo;VENTURE;OTHER
27;55000;11,0;8000;11,83;0,15;9;0,1454545454545454;1;2;0;0;0;0;1;0;0;0;1;0;0;0;0;0,0677358845294409;Muito Baixo;MEDICAL;RENT
24;80490;8,0;6000;10,59;0,07;3;0,0745434215430488;0;2;0;0;0;0;1;0;0;1;0;0;0;0;0;0,1126714946312786;Muito Baixo;HOMEIMPROVEMENT;RENT
36;98240;4,0;20000;16,35;0,2;12;0,2035830618892508;1;5;1;1;0;0;0;0;0;0;0;0;1;0;0;0,0753429252824098;Muito Baixo;VENTURE;MORTGAGE
29;14500;1,0;3600;13,61;0,25;7;0,2482758620689655;1;3;1;0;0;0;1;0;1;0;0;0;0;1;1;0,9816742177797178;Muito Alto;EDUCATION;RENT
23;77200;4,0;22000;13,23;0,28;2;0,2849740932642487;1;3;0;1;0;0;0;0;1;0;0;0;0;1;0;0,0864880037531705;Muito Baixo;EDUCATION;MORTGAGE
54;154000;1,0;12000;12,69;0,08;26;0,0779220779220779;1;2;0;1;0;0;0;0;0;0;0;1;0;0;0;0,0585215112791279;Muito Baixo;PERSONAL;MORTGAGE
23;40000;7,0;14000;10,99;0,35;3;0,35;0;2;0;1;0;0;0;0;0;0;0;0;1;0;0;0,0032503220652913;Muito Baixo;VENTURE;MORTGAGE
23;53000;8,0;17000;10,25;0,32;4;0,320754716981132;0;2;0;0;0;0;1;0;0;0;0;1;0;1;1;0,9942237897496764;Muito Alto;PERSONAL;RENT
23;72000;5,0;8700;6,76;0,12;4;0,1208333333333333;0;1;0;1;0;0;0;0;0;0;0;1;0;0;0;0,0234302144898019;Muito Baixo;PERSONAL;MORTGAGE
20;32652;0,0;6000;14,61;0,18;4;0,1837559720690922;1;4;0;1;0;0;0;0;0;0;0;1;0;1;0;0,3137411905890577;Baixo;PERSONAL;MORTGAGE
24;105000;8,0;10000;7,51;0,1;3;0,0952380952380952;0;1;0;1;0;0;0;0;0;1;0;0;0;0;0;0,013924634977003;Muito Baixo;HOMEIMPROVEMENT;MORTGAGE
31;60000;0,0;24250;12,18;0,4;7;0,4041666666666667;1;2;0;0;0;1;0;0;1;0;0;0;0;0;0;0,0008783353248199;Muito Baixo;EDUCATION;OWN
22;60000;7,0;6000;10,38;0,1;2;0,1;0;2;0;1;0;0;0;0;0;0;0;0;1;0;0;0,000995318836878;Muito Baixo;VENTURE;MORTGAGE
27;42000;0,0;8000;13,61;0,19;9;0,1904761904761904;1;3;1;1;0;0;0;0;0;0;0;1;0;0;0;0,099835445188144;Muito Baixo;PERSONAL;MORTGAGE
21;36000;0,0;14000;6,54;0,39;4;0,3888888888888889;0;1;0;1;0;0;0;0;1;0;0;0;0;1;0;0,2125332860792531;Baixo;EDUCATION;MORTGAGE
21;62000;2,0;6000;10,25;0,1;4;0,0967741935483871;0;2;0;0;0;0;1;0;1;0;0;0;0;0;0;0,0208015832948774;Muito Baixo;EDUCATION;RENT
28;125000;5,0;10000;9,99;0,08;9;0,08;0;2;0;0;0;0;1;0;1;0;0;0;0;0;0;0,0454454856681031;Muito Baixo;EDUCATION;RENT
23;65000;2,0;15000;10,95;0,23;3;0,2307692307692307;0;2;0;1;0;0;0;0;1;0;0;0;0;0;0;0,0366418387553185;Muito Baixo;EDUCATION;MORTGAGE
22;74000;6,0;11200;13,48;0,15;2;0,1513513513513513;1;3;1;1;0;0;0;0;0;1;0;0;0;1;1;0,9799219104258644;Muito Alto;HOMEIMPROVEMENT;MORTGAGE
29;56000;0,0;6000;13,23;0,11;7;0,1071428571428571;1;3;1;1;0;0;0;0;0;0;0;0;1;0;0;0,0871896478359337;Muito Baixo;VENTURE;MORTGAGE
34;45000;1,0;12000;11,86;0,27;9;0,2666666666666666;1;2;0;1;0;0;0;0;0;0;0;0;1;0;0;0,0027430337770472;Muito Baixo;VENTURE;MORTGAGE
24;108000;3,0;9050;5,42;0,08;2;0,0837962962962963;0;1;0;1;0;0;0;0;1;0;0;0;0;0;0;0,0089599850593126;Muito Baixo;EDUCATION;MORTGAGE
32;12000;2,0;6200;6,17;0,52;9;0,5166666666666667;0;1;0;0;0;0;1;0;1;0;0;0;0;1;1;0,9996890048515856;Muito Alto;EDUCATION;RENT
27;120000;2,0;17000;6,03;0,14;5;0,1416666666666666;0;1;0;1;0;0;0;0;1;0;0;0;0;0;0;0,0029972098913206;Muito Baixo;EDUCATION;MORTGAGE
29;66000;4,0;3000;7,66;0,05;7;0,0454545454545454;0;1;0;1;0;0;0;0;0;0;0;1;0;0;0;0,0612193811944634;Muito Baixo;PERSONAL;MORTGAGE
33;55000;3,0;1775;7,49;0,03;7;0,0322727272727272;0;1;0;1;0;0;0;0;0;0;1;0;0;0;0;0,028422143653456;Muito Baixo;MEDICAL;MORTGAGE
31;60000;5,0;7200;6,03;0,12;8;0,12;0;1;0;1;0;0;0;0;0;0;1;0;0;0;0;0,0143091200504092;Muito Baixo;MEDICAL;MORTGAGE
38;140000;2,0;8000;10,95;0,06;14;0,0571428571428571;0;2;0;1;0;0;0;0;0;0;1;0;0;0;0;0,0275055877845781;Muito Baixo;MEDICAL;MORTGAGE
25;9600;4,0;2100;15,99;0,22;2;0,21875;1;4;0;0;0;0;1;0;0;0;1;0;0;1;1;0,990342834552676;Muito Alto;MEDICAL;RENT
38;39000;1,0;5000;17,74;0,13;17;0,1282051282051282;1;5;0;0;0;0;1;0;1;0;0;0;0;1;1;0,9822515239280478;Muito Alto;EDUCATION;RENT
32;86400;2,0;15000;6,03;0,17;7;0,1736111111111111;0;1;0;0;0;0;1;0;0;0;0;0;1;0;0;0,0007327600270752;Muito Baixo;VENTURE;RENT
30;77000;2,0;25000;12,18;0,32;10;0,3246753246753247;1;2;0;1;0;0;0;0;0;0;0;1;0;0;0;0,1589911510714464;Muito Baixo;PERSONAL;MORTGAGE
27;25200;4,0;3000;15,58;0,12;6;0,119047619047619;1;4;1;0;0;0;1;0;0;0;0;1;0;1;0;0,299209456305756;Baixo;PERSONAL;RENT
31;55000;9,0;8000;7,49;0,15;9;0,1454545454545454;0;1;0;1;0;0;0;1;0;0;0;0;0;0;0;0,0431796597975219;Muito Baixo;DEBTCONSOLIDATION;MORTGAGE
28;120000;12,0;9600;8,0;0,08;7;0,08;0;1;0;0;0;0;1;0;0;0;1;0;0;0;0;0,0344880858546064;Muito Baixo;MEDICAL;RENT
30;70000;4,0;2500;10,36;0,04;7;0,0357142857142857;0;2;0;0;0;0;1;0;0;0;0;0;1;0;0;0,0025599373523467;Muito Baixo;VENTURE;RENT
23;24000;0,0;6250;12,53;0,26;3;0,2604166666666667;1;2;0;0;0;0;1;0;1;0;0;0;0;0;0;0,1007191583746239;Muito Baixo;EDUCATION;RENT
23;80004;0,0;2000;7,49;0,02;3;0,0249987500624968;0;1;0;0;0;0;1;0;0;0;0;1;0;0;0;0,1331863062084884;Muito Baixo;PERSONAL;RENT
29;71400;1,0;8000;8,49;0,1;10;0,1120448179271708;0;1;0;1;0;0;0;0;0;0;1;0;0;1;0;0,0239123360507704;Muito Baixo;MEDICAL;MORTGAGE
28;160000;12,0;23000;11,83;0,14;5;0,14375;1;2;0;0;0;1;0;0;0;0;0;0;1;0;0;4,211709577894556e-05;Muito Baixo;VENTURE;OWN
25;39000;2,0;8500;13,23;0,22;4;0,2179487179487179;1;3;1;0;0;0;1;0;0;0;0;0;1;1;0;0,1721814147667213;Muito Baixo;VENTURE;RENT
26;85000;4,0;6000;9,88;0,07;3;0,0705882352941176;0;2;0;1;0;0;0;0;1;0;0;0;0;0;0;0,0323353318912091;Muito Baixo;EDUCATION;MORTGAGE
25;39000;9,0;4500;6,54;0,12;4;0,1153846153846153;0;1;0;1;0;0;0;0;0;0;1;0;0;0;0;0,1898802999817245;Muito Baixo;MEDICAL;MORTGAGE
26;50000;8,0;4200;12,99;0,08;4;0,084;1;3;1;0;0;1;0;0;0;0;0;1;0;0;0;0,0006050465105812;Muito Baixo;PERSONAL;OWN
31;27600;1,0;3000;11,49;0,11;9;0,108695652173913;1;2;0;0;0;1;0;0;1;0;0;0;0;0;0;0,0008660276107507;Muito Baixo;EDUCATION;OWN
21;35000;5,0;6500;13,43;0,19;4;0,1857142857142857;1;3;0;0;0;1;0;0;0;0;0;0;1;0;0;0,000400879186774;Muito Baixo;VENTURE;OWN
33;51500;2,0;15000;14,42;0,29;10;0,2912621359223301;1;4;0;0;0;0;1;0;0;0;1;0;0;1;1;0,9914044448877176;Muito Alto;MEDICAL;RENT
40;77000;9,0;12000;10,99;0,16;12;0,1558441558441558;0;2;0;1;0;0;0;0;1;0;0;0;0;0;0;0,0603686601244577;Muito Baixo;EDUCATION;MORTGAGE
30;60000;0,0;8000;7,66;0,13;6;0,1333333333333333;0;1;0;0;0;0;1;0;0;1;0;0;0;0;0;0,0222916291659961;Muito Baixo;HOMEIMPROVEMENT;RENT
29;138000;0,0;25000;13,06;0,18;10;0,181159420289855;1;3;1;1;0;0;0;0;1;0;0;0;0;0;0;0,1240149129071395;Muito Baixo;EDUCATION;MORTGAGE
22;24000;1,0;15000;12,73;0,63;4;0,625;1;3;1;0;0;0;1;0;0;0;0;1;0;1;1;0,9980533146845132;Muito Alto;PERSONAL;RENT
30;36500;5,0;14125;8,9;0,39;7;0,386986301369863;0;1;0;0;0;0;1;0;1;0;0;0;0;1;1;0,9949771536579336;Muito Alto;EDUCATION;RENT
31;200000;8,0;24000;8,9;0,12;9;0,12;0;1;0;1;0;0;0;1;0;0;0;0;0;0;0;0,0322497860710691;Muito Baixo;DEBTCONSOLIDATION;MORTGAGE
22;65000;3,0;2000;14,27;0,03;4;0,0307692307692307;1;3;1;0;0;0;1;1;0;0;0;0;0;0;0;0,0722259774227793;Muito Baixo;DEBTCONSOLIDATION;RENT
23;50000;7,0;2000;6,62;0,04;4;0,04;0;1;0;1;0;0;0;1;0;0;0;0;0;0;0;0,0378125880662352;Muito Baixo;DEBTCONSOLIDATION;MORTGAGE
34;47125;12,0;3200;10,99;0,07;8;0,0679045092838196;0;2;0;1;0;0;0;0;0;0;0;0;1;0;0;0,0014145694162451;Muito Baixo;VENTURE;MORTGAGE
27;24000;1,0;6000;8,9;0,25;10;0,25;0;1;0;0;0;1;0;0;0;0;0;1;0;0;0;0,0011483236008129;Muito Baixo;PERSONAL;OWN
23;108000;4,0;4300;11,83;0,04;4;0,0398148148148148;1;2;0;0;0;0;1;0;0;0;0;0;1;0;0;0,0055016616940364;Muito Baixo;VENTURE;RENT
22;55000;5,0;8000;15,31;0,15;4;0,1454545454545454;1;4;0;0;0;0;1;0;0;0;0;1;0;1;0;0,107745207708549;Muito Baixo;PERSONAL;RENT
21;33000;4,0;8250;10,99;0,25;2;0,25;0;2;0;0;0;0;1;0;0;0;0;1;0;0;0;0,3135982455015654;Baixo;PERSONAL;RENT
26;104550;5,0;24000;15,21;0,2;4;0,2295552367288378;1;4;1;1;0;0;0;0;0;0;1;0;0;1;1;0,9850147571570076;Muito Alto;MEDICAL;MORTGAGE
32;100000;0,0;10000;9,99;0,1;8;0,1;0;2;0;0;0;0;1;1;0;0;0;0;0;0;0;0,0132266362942831;Muito Baixo;DEBTCONSOLIDATION;RENT
27;129996;2,0;12800;14,84;0,1;7;0,0984645681405581;1;4;1;1;0;0;0;0;0;0;0;0;1;1;0;0,1515897393902787;Muito Baixo;VENTURE;MORTGAGE
31;43288;7,0;10000;10,74;0,23;5;0,2310109037146553;0;2;0;0;0;0;1;0;0;0;1;0;0;0;0;0,0591379258408902;Muito Baixo;MEDICAL;RENT
21;37200;2,0;5100;7,49;0,14;4;0,1370967741935483;0;1;0;0;0;0;1;0;0;0;1;0;0;0;0;0,0610049098561883;Muito Baixo;MEDICAL;RENT
39;80000;0,0;19800;13,23;0,25;13;0,2475;1;3;1;1;0;0;0;0;0;1;0;0;0;0;0;0,0602333082516236;Muito Baixo;HOMEIMPROVEMENT;MORTGAGE
23;27000;0,0;1000;15,99;0,04;3;0,037037037037037;1;4;1;1;0;0;0;0;0;1;0;0;0;1;1;0,9962411058628322;Muito Alto;HOMEIMPROVEMENT;MORTGAGE
26;120000;2,0;10000;5,42;0,08;4;0,0833333333333333;0;1;0;1;0;0;0;0;1;0;0;0;0;0;0;0,0072074800466629;Muito Baixo;EDUCATION;MORTGAGE
23;40000;0,0;1500;11,78;0,04;2;0,0375;1;3;0;0;0;0;1;0;0;0;0;0;1;0;0;0,1299592346831544;Muito Baixo;VENTURE;RENT
45;32000;4,0;4500;7,51;0,14;12;0,140625;0;1;0;0;0;0;1;0;0;0;0;1;0;0;0;0,1142347611887415;Muito Baixo;PERSONAL;RENT
27;32000;11,0;1000;16,29;0,03;10;0,03125;1;4;1;1;0;0;0;1;0;0;0;0;0;1;1;0,99812407648455;Muito Alto;DEBTCONSOLIDATION;MORTGAGE
29;55000;13,0;8000;13,72;0,15;9;0,1454545454545454;1;3;0;1;0;0;0;0;0;0;1;0;0;0;0;0,2646140555379846;Baixo;MEDICAL;MORTGAGE
24;29120;0,0;5000;10,99;0,17;4;0,1717032967032967;0;2;0;0;0;0;1;0;1;0;0;0;0;0;0;0,2045089581133123;Baixo;EDUCATION;RENT
22;125004;6,0;10000;14,74;0,08;2;0,0799974400819173;1;4;0;0;1;0;0;0;0;0;0;0;1;0;0;0,0394688040023444;Muito Baixo;VENTURE;OTHER
22;70000;6,0;2000;10,74;0,03;2;0,0285714285714285;0;2;0;1;0;0;0;0;0;0;0;0;1;0;0;0,0010966525510194;Muito Baixo;VENTURE;MORTGAGE
26;115000;5,0;6000;10,75;0,05;2;0,0521739130434782;0;2;0;1;0;0;0;0;0;0;0;0;1;0;0;0,0022617805580403;Muito Baixo;VENTURE;MORTGAGE
24;70000;1,0;12000;11,58;0,17;3;0,1714285714285714;1;2;0;0;0;0;1;0;0;0;0;0;1;0;0;0,0029117627865349;Muito Baixo;VENTURE;RENT
35;62000;9,0;13000;9,25;0,21;10;0,2096774193548387;0;2;0;1;0;0;0;0;0;1;0;0;0;1;0;0,0192185615096088;Muito Baixo;HOMEIMPROVEMENT;MORTGAGE
22;51000;0,0;20000;13,47;0,39;2;0,392156862745098;1;3;0;0;0;0;1;0;1;0;0;0;0;1;1;0,9933323397146304;Muito Alto;EDUCATION;RENT
43;65000;2,0;24000;10,99;0,37;13;0,3692307692307692;0;2;0;1;0;0;0;0;1;0;0;0;0;0;0;0,1181497841612979;Muito Baixo;EDUCATION;MORTGAGE
39;18300;0,0;1200;14,74;0,07;11;0,0655737704918032;1;4;1;0;0;0;1;1;0;0;0;0;0;1;1;0,9950621695653938;Muito Alto;DEBTCONSOLIDATION;RENT
32;92000;1,0;5000;10,99;0,05;8;0,0543478260869565;0;2;0;1;0;0;0;0;1;0;0;0;0;0;0;0,0272626515190518;Muito Baixo;EDUCATION;MORTGAGE
47;64200;1,0;10000;10,99;0,16;14;0,1557632398753894;0;2;0;0;0;0;1;0;1;0;0;0;0;0;0;0,0815997173978566;Muito Baixo;EDUCATION;RENT
40;81000;10,0;20000;6,17;0,25;14;0,2469135802469135;0;1;0;1;0;0;0;0;0;1;0;0;0;0;0;0,0184004917559803;Muito Baixo;HOMEIMPROVEMENT;MORTGAGE
21;25200;1,0;8250;7,49;0,33;4;0,3273809523809524;0;1;0;0;0;0;1;0;1;0;0;0;0;1;1;0,9918017603774376;Muito Alto;EDUCATION;RENT
32;30000;2,0;6000;15,31;0,2;8;0,2;1;4;1;1;0;0;0;0;1;0;0;0;0;0;0;0,2767334818910952;Baixo;EDUCATION;MORTGAGE
27;84000;8,0;7200;13,48;0,09;10;0,0857142857142857;1;3;0;0;0;0;1;0;1;0;0;0;0;0;0;0,0744478176028606;Muito Baixo;EDUCATION;RENT
26;89000;10,0;8000;10,99;0,09;3;0,0898876404494382;0;2;0;1;0;0;0;0;0;1;0;0;0;0;0;0,0839800325307561;Muito Baixo;HOMEIMPROVEMENT;MORTGAGE
29;52000;6,0;12000;15,65;0,23;8;0,2307692307692307;1;4;0;1;0;0;0;0;0;0;0;0;1;0;0;0,2449503694785414;Baixo;VENTURE;MORTGAGE
29;130000;13,0;6000;13,04;0,05;9;0,0461538461538461;1;3;1;1;0;0;0;1;0;0;0;0;0;0;0;0,0225900846189237;Muito Baixo;DEBTCONSOLIDATION;MORTGAGE
38;92904;8,0;5375;10,51;0,06;16;0,0578554206492723;0;2;0;1;0;0;0;0;0;0;1;0;0;0;0;0,0200187546852995;Muito Baixo;MEDICAL;MORTGAGE
41;92000;5,0;8000;9,63;0,09;13;0,0869565217391304;0;2;0;1;0;0;0;0;0;1;0;0;0;0;0;0,014442736151511;Muito Baixo;HOMEIMPROVEMENT;MORTGAGE
22;103000;2,0;6000;10,99;0,06;4;0,058252427184466;0;2;0;1;0;0;0;0;0;0;1;0;0;0;0;0,0187342140472038;Muito Baixo;MEDICAL;MORTGAGE
33;132444;4,0;2000;11,36;0,02;9;0,0151007218145027;1;2;0;0;0;0;1;0;1;0;0;0;0;0;0;0,0226255668561734;Muito Baixo;EDUCATION;RENT
23;23040;0,0;2000;11,11;0,09;3;0,0868055555555555;1;2;0;0;0;1;0;0;0;0;0;0;1;0;0;1,6824617745903056e-05;Muito Baixo;VENTURE;OWN
43;50000;6,0;18000;14,35;0,36;16;0,36;1;3;0;0;0;0;1;0;0;0;0;1;0;1;1;0,9849644492678988;Muito Alto;PERSONAL;RENT
25;70000;4,0;15000;13,16;0,21;3;0,2142857142857142;1;3;1;1;0;0;0;0;0;0;0;1;0;1;0;0,0791234865354547;Muito Baixo;PERSONAL;MORTGAGE
45;140000;18,0;7000;7,29;0,05;17;0,05;0;1;0;1;0;0;0;0;0;1;0;0;0;0;0;0,0089844728752791;Muito Baixo;HOMEIMPROVEMENT;MORTGAGE
27;40000;2,0;3000;7,4;0,07;9;0,075;0;1;0;0;0;0;1;0;1;0;0;0;0;0;0;0,0481492311926003;Muito Baixo;EDUCATION;RENT
49;80000;0,0;4800;7,88;0,06;15;0,06;0;1;0;0;0;0;1;0;0;1;0;0;0;0;0;0,0089593052640923;Muito Baixo;HOMEIMPROVEMENT;RENT
23;24000;5,0;5000;10,75;0,21;3;0,2083333333333333;0;2;0;0;0;0;1;0;0;0;0;1;0;0;0;0,1788032853853499;Muito Baixo;PERSONAL;RENT
23;55000;7,0;6500;7,9;0,12;3;0,1181818181818181;0;1;0;1;0;0;0;0;0;0;0;0;1;0;0;0,0006376253335675;Muito Baixo;VENTURE;MORTGAGE
24;185000;6,0;3000;7,88;0,02;2;0,0162162162162162;0;1;0;1;0;0;0;0;0;0;1;0;0;0;0;0,0043968189132904;Muito Baixo;MEDICAL;MORTGAGE
31;50000;4,0;6800;19,29;0,14;8;0,136;1;5;0;0;0;0;1;0;1;0;0;0;0;0;0;0,1898671737411564;Muito Baixo;EDUCATION;RENT
26;56000;7,0;22000;17,19;0,39;3;0,3928571428571428;1;5;0;0;0;0;1;0;0;0;1;0;0;1;1;0,999549345163148;Muito Alto;MEDICAL;RENT
28;96120;4,0;15000;10,0;0,16;9;0,1560549313358302;0;2;0;1;0;0;0;0;0;0;0;0;1;0;0;0,0018547664659666;Muito Baixo;VENTURE;MORTGAGE
23;40000;0,0;3400;6,92;0,09;3;0,085;0;1;0;0;0;0;1;0;0;0;0;0;1;0;0;0,0005981309834728;Muito Baixo;VENTURE;RENT
22;28000;1,0;10750;11,14;0,38;2;0,3839285714285714;1;2;0;1;0;0;0;1;0;0;0;0;0;0;0;0,4006898398961637;Moderado;DEBTCONSOLIDATION;MORTGAGE
43;25000;10,0;10000;9,62;0,4;17;0,4;0;2;0;1;0;0;0;0;1;0;0;0;0;0;0;0,1626764929822979;Muito Baixo;EDUCATION;MORTGAGE
21;53000;5,0;14400;11,36;0,27;3;0,2716981132075471;1;2;0;0;0;1;0;0;0;0;0;1;0;0;0;0,0008636568376562;Muito Baixo;PERSONAL;OWN
25;59600;5,0;6000;16,45;0,1;4;0,1006711409395973;1;5;0;1;0;0;0;0;1;0;0;0;0;1;0;0,4087208919447206;Moderado;EDUCATION;MORTGAGE
23;37500;5,0;7000;12,69;0,19;4;0,1866666666666666;1;2;0;0;0;0;1;0;0;0;0;1;0;0;0;0,1760743511658231;Muito Baixo;PERSONAL;RENT
23;136000;7,0;8000;8,32;0,06;2;0,0588235294117647;0;1;0;1;0;0;0;0;1;0;0;0;0;0;0;0,0926715366708308;Muito Baixo;EDUCATION;MORTGAGE
24;12000;4,0;2500;12,69;0,21;4;0,2083333333333333;1;2;0;0;0;1;0;0;0;0;0;1;0;1;1;0,999500998480484;Muito Alto;PERSONAL;OWN
33;44000;10,0;13000;9,91;0,3;6;0,2954545454545454;0;2;0;0;0;0;1;0;0;1;0;0;0;1;1;0,5903352113267823;Moderado;HOMEIMPROVEMENT;RENT
34;74700;10,0;14000;9,91;0,19;5;0,1874163319946452;0;2;0;0;0;1;0;0;0;0;1;0;0;0;0;0,0009270735645203;Muito Baixo;MEDICAL;OWN
24;57000;1,0;3000;7,88;0,05;3;0,0526315789473684;0;1;0;0;0;0;1;0;0;0;1;0;0;0;0;0,0787227487037714;Muito Baixo;MEDICAL;RENT
32;37000;3,0;3000;11,49;0,08;7;0,081081081081081;1;2;0;1;0;0;0;0;0;0;0;1;0;0;0;0,1037903960695101;Muito Baixo;PERSONAL;MORTGAGE
27;28000;3,0;6000;13,92;0,21;6;0,2142857142857142;1;3;0;0;0;0;1;0;0;0;0;0;1;0;0;0,1180323344115393;Muito Baixo;VENTURE;RENT
29;68004;9,0;10000;10,99;0,15;9;0,1470501735192047;0;2;0;1;0;0;0;0;0;0;0;1;0;0;0;0,0915620023690065;Muito Baixo;PERSONAL;MORTGAGE
31;30000;2,0;3000;10,95;0,1;8;0,1;0;2;0;0;0;0;1;0;0;0;1;0;0;0;0;0,0845940448993803;Muito Baixo;MEDICAL;RENT
28;78000;5,0;20000;11,48;0,26;5;0,2564102564102564;1;2;0;0;0;0;1;0;0;1;0;0;0;0;0;0,3322256920683298;Baixo;HOMEIMPROVEMENT;RENT
27;42000;0,0;14000;9,88;0,33;5;0,3333333333333333;0;2;0;0;0;0;1;1;0;0;0;0;0;1;1;0,9847686798932676;Muito Alto;DEBTCONSOLIDATION;RENT
33;39504;17,0;3000;7,37;0,08;9;0,0759416767922235;0;1;0;1;0;0;0;0;0;0;0;1;0;0;0;0,2210726471851298;Baixo;PERSONAL;MORTGAGE
33;50000;14,0;10000;16,89;0,2;7;0,2;1;4;0;1;0;0;0;1;0;0;0;0;0;1;1;0,9931210121905442;Muito Alto;DEBTCONSOLIDATION;MORTGAGE
24;55000;1,0;5225;9,91;0,1;4;0,095;0;2;0;1;0;0;0;0;0;0;1;0;0;0;0;0,1090243730946501;Muito Baixo;MEDICAL;MORTGAGE
26;50400;10,0;15000;10,75;0,3;2;0,2976190476190476;0;2;0;0;0;0;1;0;0;1;0;0;0;0;0;0,1336323803933042;Muito Baixo;HOMEIMPROVEMENT;RENT
30;102000;4,0;12250;7,66;0,12;8;0,1200980392156862;0;1;0;1;0;0;0;0;1;0;0;0;0;0;0;0,011433561267947;Muito Baixo;EDUCATION;MORTGAGE
28;20000;2,0;4000;13,11;0,2;6;0,2;1;3;0;0;0;0;1;0;0;1;0;0;0;1;1;0,8950661243867297;Muito Alto;HOMEIMPROVEMENT;RENT
29;62000;4,0;15000;6,03;0,24;7;0,2419354838709677;0;1;0;0;0;1;0;0;1;0;0;0;0;0;0;0,0005190080472498;Muito Baixo;EDUCATION;OWN
29;30000;3,0;5000;9,32;0,17;5;0,1666666666666666;0;1;0;0;0;0;1;0;0;0;0;0;1;0;0;0,0052079797686467;Muito Baixo;VENTURE;RENT
23;50000;5,0;6000;7,66;0,12;4;0,12;0;1;0;1;0;0;0;1;0;0;0;0;0;0;0;0,019338993601692;Muito Baixo;DEBTCONSOLIDATION;MORTGAGE
23;37440;0,0;11000;10,99;0,29;2;0,2938034188034188;0;2;0;0;0;0;1;0;0;0;0;0;1;0;0;0,0026940614273044;Muito Baixo;VENTURE;RENT
25;44000;2,0;10000;15,65;0,23;4;0,2272727272727272;1;4;1;0;0;0;1;0;0;0;1;0;0;1;1;0,9949864361050949;Muito Alto;MEDICAL;RENT
21;48000;5,0;10800;12,84;0,23;2;0,225;1;3;0;1;0;0;0;0;1;0;0;0;0;0;0;0,075277811742644;Muito Baixo;EDUCATION;MORTGAGE
23;48000;3,0;6600;11,11;0,14;2;0,1375;1;2;0;0;0;0;1;0;1;0;0;0;0;0;0;0,0394490257410755;Muito Baixo;EDUCATION;RENT
22;28500;1,0;1500;10,99;0,05;4;0,0526315789473684;0;2;0;0;0;0;1;0;1;0;0;0;0;0;0;0,2105767629961683;Baixo;EDUCATION;RENT
25;71000;4,0;3250;5,79;0,05;2;0,0457746478873239;0;1;0;0;0;1;0;0;0;0;0;0;1;0;0;7,065790298170821e-06;Muito Baixo;VENTURE;OWN
24;19200;2,0;2000;13,49;0,1;4;0,1041666666666666;1;3;0;0;0;0;1;0;0;0;1;0;0;0;0;0,1326928569367231;Muito Baixo;MEDICAL;RENT
26;85200;5,0;14000;16,82;0,16;2;0,1643192488262911;1;5;1;1;0;0;0;0;0;1;0;0;0;1;0;0,0775097320577364;Muito Baixo;HOMEIMPROVEMENT;MORTGAGE
23;30000;2,0;8000;12,42;0,27;2;0,2666666666666666;1;2;0;0;0;0;1;0;1;0;0;0;0;0;0;0,2566589418420282;Baixo;EDUCATION;RENT
32;84000;4,0;14400;11,99;0,17;6;0,1714285714285714;1;2;0;0;0;0;1;0;0;0;0;1;0;0;0;0,1410967770867345;Muito Baixo;PERSONAL;RENT
24;67200;5,0;4000;15,31;0,06;2;0,0595238095238095;1;4;1;0;0;0;1;0;0;1;0;0;0;0;0;0,1541433700693671;Muito Baixo;HOMEIMPROVEMENT;RENT
27;48996;3,0;12000;12,53;0,24;8;0,2449179524859172;1;2;0;0;0;0;1;0;1;0;0;0;0;0;0;0,1912831136224673;Muito Baixo;EDUCATION;RENT
27;56888;8,0;8000;16,29;0,14;5;0,1406271972999578;1;4;0;0;0;0;1;0;0;1;0;0;0;0;0;0,3854404772030925;Baixo;HOMEIMPROVEMENT;RENT
22;120000;3,0;22000;7,49;0,18;3;0,1833333333333333;0;1;0;1;0;0;0;0;0;0;1;0;0;0;0;0,0077556665328922;Muito Baixo;MEDICAL;MORTGAGE
36;52000;20,0;8325;7,49;0,16;17;0,1600961538461538;0;1;0;1;0;0;0;0;0;0;0;0;1;0;0;0,0006176240588416;Muito Baixo;VENTURE;MORTGAGE
21;27120;0,0;8500;8,9;0,31;2;0,3134218289085546;0;1;0;0;0;0;1;0;1;0;0;0;0;1;1;0,9836723947079836;Muito Alto;EDUCATION;RENT
24;88000;1,0;23000;14,54;0,26;2;0,2613636363636363;1;4;0;0;0;0;1;0;0;0;0;0;1;1;1;0,9623046235884116;Muito Alto;VENTURE;RENT
21;33000;5,0;2000;14,27;0,06;4;0,0606060606060606;1;3;0;1;0;0;0;0;0;1;0;0;0;1;1;0,9874997368828752;Muito Alto;HOMEIMPROVEMENT;MORTGAGE
22;72000;6,0;8000;16,45;0,11;4;0,1111111111111111;1;5;0;1;0;0;0;0;1;0;0;0;0;0;0;0,1025108540299721;Muito Baixo;EDUCATION;MORTGAGE
24;39000;8,0;1500;15,62;0,04;3;0,0384615384615384;1;4;1;0;0;0;1;0;0;0;1;0;0;0;1;0,5414560275177124;Moderado;MEDICAL;RENT
31;60000;4,0;1500;12,99;0,03;10;0,025;1;3;0;1;0;0;0;1;0;0;0;0;0;0;0;0,0962735442996823;Muito Baixo;DEBTCONSOLIDATION;MORTGAGE
22;54000;7,0;2000;18,3;0,04;4;0,037037037037037;1;6;1;0;0;0;1;0;0;0;1;0;0;1;1;0,9773707800953544;Muito Alto;MEDICAL;RENT
25;75000;9,0;1000;9,99;0,01;4;0,0133333333333333;0;2;0;1;0;0;0;0;0;0;0;0;1;0;0;0,0010856008018592;Muito Baixo;VENTURE;MORTGAGE
29;31000;1,0;9950;7,9;0,32;6;0,3209677419354839;0;1;0;1;0;0;0;1;0;0;0;0;0;0;0;0,3009789802292427;Baixo;DEBTCONSOLIDATION;MORTGAGE
26;125000;5,0;21000;8,9;0,17;2;0,168;0;1;0;0;0;0;1;0;0;1;0;0;0;0;0;0,0579080819540698;Muito Baixo;HOMEIMPROVEMENT;RENT
24;35000;6,0;8575;10,65;0,24;3;0,245;0;2;0;1;0;0;0;0;0;0;0;0;1;0;0;0,0005834222031933;Muito Baixo;VENTURE;MORTGAGE
42;32000;7,0;3000;6,99;0,09;12;0,09375;0;1;0;0;0;0;1;0;0;0;1;0;0;0;0;0,0541567320489549;Muito Baixo;MEDICAL;RENT
36;50000;6,0;7200;13,98;0,14;17;0,144;1;3;0;0;0;0;1;0;0;0;0;0;1;0;0;0,039291525630445;Muito Baixo;VENTURE;RENT
23;90000;4,0;10000;7,51;0,11;2;0,1111111111111111;0;1;0;0;0;0;1;0;0;0;0;0;1;0;0;0,0006276000268281;Muito Baixo;VENTURE;RENT
25;63000;3,0;3000;13,47;0,05;2;0,0476190476190476;1;3;1;1;0;0;0;0;0;0;0;1;0;0;0;0,0736632657990522;Muito Baixo;PERSONAL;MORTGAGE
22;75000;3,0;3500;7,29;0,05;2;0,0466666666666666;0;1;0;0;0;0;1;0;1;0;0;0;0;0;0;0,0120736929237494;Muito Baixo;EDUCATION;RENT
44;79272;0,0;3000;5,79;0,04;11;0,0378443838934302;0;1;0;0;0;0;1;0;0;1;0;0;0;0;0;0,03754746995468;Muito Baixo;HOMEIMPROVEMENT;RENT
27;90000;4,0;19200;6,99;0,21;8;0,2133333333333333;0;1;0;0;0;0;1;0;0;1;0;0;0;0;0;0,0293399092008825;Muito Baixo;HOMEIMPROVEMENT;RENT
22;130000;2,0;13000;11,14;0,1;3;0,1;1;2;0;1;0;0;0;0;1;0;0;0;0;0;0;0,0116947746894021;Muito Baixo;EDUCATION;MORTGAGE
32;35000;11,0;4000;13,61;0,11;5;0,1142857142857142;1;3;1;1;0;0;0;1;0;0;0;0;0;0;0;0,1230935729039958;Muito Baixo;DEBTCONSOLIDATION;MORTGAGE
21;50000;5,0;7000;10,59;0,14;3;0,14;0;2;0;1;0;0;0;0;0;0;0;1;0;0;0;0,0488720762075533;Muito Baixo;PERSONAL;MORTGAGE
46;107000;17,0;4000;13,49;0,04;14;0,0373831775700934;1;3;0;0;0;1;0;0;0;0;0;0;1;0;0;0,0001001473436726;Muito Baixo;VENTURE;OWN
24;24000;1,0;1000;17,99;0,04;3;0,0416666666666666;1;5;0;0;0;0;1;0;0;0;0;1;0;1;1;0,95133042869832;Muito Alto;PERSONAL;RENT
26;39000;4,0;5000;13,67;0,13;3;0,1282051282051282;1;4;0;1;0;0;0;1;0;0;0;0;0;1;1;0,9957671377443368;Muito Alto;DEBTCONSOLIDATION;MORTGAGE
31;80000;1,0;8000;12,61;0,1;7;0,1;1;3;1;0;0;0;1;0;1;0;0;0;0;0;0;0,0325284063232743;Muito Baixo;EDUCATION;RENT
27;67000;2,0;20000;14,26;0,3;10;0,2985074626865671;1;3;1;0;0;0;1;0;0;1;0;0;0;0;0;0,3960152983315925;Baixo;HOMEIMPROVEMENT;RENT
27;20000;0,0;6500;15,65;0,33;8;0,325;1;4;0;0;0;0;1;0;0;0;0;1;0;1;1;0,9985628200076178;Muito Alto;PERSONAL;RENT
38;91200;0,0;9000;12,68;0,1;11;0,0986842105263157;1;3;0;1;0;0;0;0;1;0;0;0;0;0;0;0,0503619376314865;Muito Baixo;EDUCATION;MORTGAGE
36;64973;6,0;9000;10,59;0,14;13;0,1385190771551259;0;2;0;1;0;0;0;0;1;0;0;0;0;0;0;0,0970724680416628;Muito Baixo;EDUCATION;MORTGAGE
28;144000;12,0;10000;9,99;0,07;5;0,0694444444444444;0;2;0;0;0;0;1;0;0;0;0;1;0;0;0;0,0815665076568636;Muito Baixo;PERSONAL;RENT
32;27385;3,0;2000;12,99;0,07;9;0,073032682125251;1;3;1;1;0;0;0;0;0;1;0;0;0;1;0;0,3344064632894296;Baixo;HOMEIMPROVEMENT;MORTGAGE
29;75000;3,0;16950;10,37;0,23;10;0,226;0;2;0;1;0;0;0;0;1;0;0;0;0;0;0;0,0390483823157627;Muito Baixo;EDUCATION;MORTGAGE
28;37000;3,0;6000;12,53;0,16;9;0,1621621621621621;1;3;0;1;0;0;0;0;0;1;0;0;0;1;0;0,213694728907525;Baixo;HOMEIMPROVEMENT;MORTGAGE
24;48000;2,0;5000;7,68;0,1;4;0,1041666666666666;0;1;0;1;0;0;0;0;0;1;0;0;0;0;0;0,0771715857295524;Muito Baixo;HOMEIMPROVEMENT;MORTGAGE
36;30000;7,0;4000;10,74;0,13;12;0,1333333333333333;0;2;0;0;0;0;1;0;1;0;0;0;0;0;0;0,2057647878262918;Baixo;EDUCATION;RENT
40;33000;2,0;1000;10,99;0,03;16;0,0303030303030303;0;2;0;1;0;0;0;0;0;0;1;0;0;0;0;0,1245177124095913;Muito Baixo;MEDICAL;MORTGAGE
27;74000;7,0;24250;15,31;0,33;8;0,3277027027027027;1;4;1;0;0;0;1;1;0;0;0;0;0;1;1;0,999806235935044;Muito Alto;DEBTCONSOLIDATION;RENT
30;67202;4,0;10000;7,49;0,15;7;0,1488050950864557;0;1;0;0;0;0;1;1;0;0;0;0;0;0;0;0,0342026537585392;Muito Baixo;DEBTCONSOLIDATION;RENT
24;90000;0,0;24000;13,06;0,27;2;0,2666666666666666;1;3;1;1;0;0;0;1;0;0;0;0;0;0;0;0,049821508768372;Muito Baixo;DEBTCONSOLIDATION;MORTGAGE
45;22178;3,0;2500;5,99;0,11;11;0,1127243213995851;0;1;0;0;0;0;1;0;0;0;0;0;1;0;0;0,0021175487885623;Muito Baixo;VENTURE;RENT
22;45000;3,0;10000;17,93;0,22;2;0,2222222222222222;1;5;1;0;0;0;1;0;0;0;0;1;0;0;0;0,1427055576481164;Muito Baixo;PERSONAL;RENT
23;25800;2,0;6000;13,48;0,23;4;0,2325581395348837;1;3;1;0;0;0;1;0;0;0;0;1;0;0;0;0,1963777399653073;Muito Baixo;PERSONAL;RENT
31;32000;0,0;4500;11,14;0,14;9;0,140625;1;2;0;0;0;0;1;0;0;1;0;0;0;1;1;0,8935974899432894;Muito Alto;HOMEIMPROVEMENT;RENT
30;30000;3,0;4400;11,99;0,15;5;0,1466666666666666;1;2;0;1;0;0;0;0;0;1;0;0;0;1;0;0,3697224808923199;Baixo;HOMEIMPROVEMENT;MORTGAGE
34;46000;18,0;6700;10,99;0,15;10;0,1456521739130434;0;2;0;1;0;0;0;1;0;0;0;0;0;0;0;0,0766107055083831;Muito Baixo;DEBTCONSOLIDATION;MORTGAGE
21;60000;3,0;5600;9,25;0,09;3;0,0933333333333333;0;2;0;0;0;0;1;1;0;0;0;0;0;0;0;0,0427471170360116;Muito Baixo;DEBTCONSOLIDATION;RENT
23;26400;3,0;5000;15,99;0,19;3;0,1893939393939394;1;4;0;0;0;0;1;0;1;0;0;0;0;0;0;0,4803691642622186;Moderado;EDUCATION;RENT
33;25700;3,0;6700;10,99;0,26;10;0,2607003891050584;0;2;0;0;0;0;1;0;1;0;0;0;0;0;0;0,086496585117338;Muito Baixo;EDUCATION;RENT
26;55000;7,0;10000;8,59;0,18;3;0,1818181818181818;0;1;0;0;0;0;1;0;0;0;1;0;0;0;0;0,0681506951447074;Muito Baixo;MEDICAL;RENT
22;41600;4,0;12000;12,42;0,29;2;0,2884615384615384;1;2;0;0;0;1;0;0;1;0;0;0;0;0;0;0,0008991780627115;Muito Baixo;EDUCATION;OWN
22;41000;6,0;2500;14,96;0,06;4;0,0609756097560975;1;4;1;0;0;1;0;0;0;0;1;0;0;0;0;0,0049926504071407;Muito Baixo;MEDICAL;OWN
29;115000;0,0;6500;10,65;0,06;10;0,0565217391304347;0;2;0;0;0;0;1;0;0;0;1;0;0;0;0;0,0181646599155178;Muito Baixo;MEDICAL;RENT
25;50000;8,0;4800;15,96;0,1;2;0,096;1;3;0;0;0;0;1;0;1;0;0;0;0;0;0;0,1141976018764834;Muito Baixo;EDUCATION;RENT
33;180000;17,0;13000;7,29;0,07;7;0,0722222222222222;0;1;0;1;0;0;0;1;0;0;0;0;0;0;0;0,0112781029749257;Muito Baixo;DEBTCONSOLIDATION;MORTGAGE
24;83004;0,0;28000;15,99;0,34;4;0,3373331405715387;1;4;1;0;0;0;1;0;0;0;0;0;1;1;1;0,99671900905587;Muito Alto;VENTURE;RENT
40;58500;3,0;5000;7,49;0,09;11;0,0854700854700854;0;1;0;0;0;0;1;0;1;0;0;0;0;0;0;0,0666100395372012;Muito Baixo;EDUCATION;RENT
22;54996;0,0;5000;12,54;0,09;3;0,0909157029602152;1;3;1;0;0;0;1;0;1;0;0;0;0;0;0;0,0639168768104876;Muito Baixo;EDUCATION;RENT
25;90000;9,0;10000;5,42;0,11;4;0,1111111111111111;0;1;0;1;0;0;0;0;0;1;0;0;0;0;0;0,0044075880231042;Muito Baixo;HOMEIMPROVEMENT;MORTGAGE
32;90000;2,0;10000;11,12;0,11;8;0,1111111111111111;1;2;0;0;0;0;1;1;0;0;0;0;0;0;0;0,0170343142334138;Muito Baixo;DEBTCONSOLIDATION;RENT
28;10000;12,0;3000;10,99;0,3;8;0,3;0;2;0;0;0;0;1;0;1;0;0;0;0;1;1;0,996428026647456;Muito Alto;EDUCATION;RENT
26;57000;10,0;4100;10,59;0,07;3;0,0719298245614035;0;2;0;0;0;0;1;0;0;0;1;0;0;0;0;0,0802441834769749;Muito Baixo;MEDICAL;RENT
28;44928;5,0;1000;13,06;0,02;8;0,0222578347578347;1;3;1;1;0;0;0;0;0;0;0;0;1;0;0;0,1007484339275926;Muito Baixo;VENTURE;MORTGAGE
36;57600;4,0;4000;7,49;0,07;15;0,0694444444444444;0;1;0;0;0;1;0;0;1;0;0;0;0;0;0;0,0003829125058853;Muito Baixo;EDUCATION;OWN
29;50000;6,0;4000;5,42;0,08;8;0,08;0;1;0;0;0;1;0;0;0;0;1;0;0;0;0;0,0002079117408638;Muito Baixo;MEDICAL;OWN
23;28000;5,0;4000;6,92;0,14;4;0,1428571428571428;0;1;0;1;0;0;0;0;1;0;0;0;0;0;0;0,0420516433086326;Muito Baixo;EDUCATION;MORTGAGE
30;97000;5,0;25000;16,32;0,26;5;0,2577319587628865;1;4;1;1;0;0;0;0;0;0;0;0;1;0;0;0,1903762108424364;Muito Baixo;VENTURE;MORTGAGE
23;54000;5,0;5200;13,99;0,1;3;0,0962962962962963;1;3;0;1;0;0;0;0;0;0;1;0;0;1;1;0,5101997171076814;Moderado;MEDICAL;MORTGAGE
39;47471;5,0;5000;7,51;0,11;14;0,1053274630827241;0;1;0;1;0;0;0;1;0;0;0;0;0;0;0;0,0405453487165658;Muito Baixo;DEBTCONSOLIDATION;MORTGAGE
26;185000;10,0;5000;7,68;0,03;2;0,027027027027027;0;1;0;0;0;1;0;0;0;0;0;1;0;0;0;0,0001333697383312;Muito Baixo;PERSONAL;OWN
25;121680;3,0;15000;10,37;0,12;3;0,1232741617357002;0;2;0;1;0;0;0;0;0;1;0;0;0;0;0;0,0248891952855156;Muito Baixo;HOMEIMPROVEMENT;MORTGAGE
30;73000;15,0;5500;9,99;0,08;5;0,0753424657534246;0;2;0;0;0;0;1;0;0;0;0;1;0;0;0;0,0907508197442666;Muito Baixo;PERSONAL;RENT
23;62000;0,0;18000;14,46;0,29;3;0,2903225806451613;1;4;1;1;0;0;0;0;0;0;0;0;1;0;0;0,2586331193172489;Baixo;VENTURE;MORTGAGE
25;49000;1,0;12000;13,49;0,24;4;0,2448979591836734;1;4;0;0;0;0;1;0;0;0;0;1;0;1;1;0,9183676036699396;Muito Alto;PERSONAL;RENT
27;73400;10,0;2100;6,76;0,03;5;0,0286103542234332;0;1;0;1;0;0;0;0;0;0;1;0;0;0;0;0,0130063523870436;Muito Baixo;MEDICAL;MORTGAGE
25;12000;0,0;1000;10,65;0,08;2;0,0833333333333333;0;2;0;0;0;0;1;0;1;0;0;0;0;0;0;0,3617311772827694;Baixo;EDUCATION;RENT
26;83000;6,0;7000;13,49;0,08;3;0,0843373493975903;1;3;1;0;0;0;1;0;0;0;1;0;0;0;0;0,0424885172452385;Muito Baixo;MEDICAL;RENT
25;40000;2,0;4500;10,99;0,11;3;0,1125;0;2;0;1;0;0;0;0;0;0;0;1;0;0;0;0,0749317963689935;Muito Baixo;PERSONAL;MORTGAGE
29;32000;5,0;3100;7,51;0,1;5;0,096875;0;1;0;1;0;0;0;0;0;0;1;0;0;1;0;0,0790284363609449;Muito Baixo;MEDICAL;MORTGAGE
31;34000;1,0;9000;11,48;0,26;5;0,2647058823529412;1;2;0;0;0;0;1;0;0;0;0;1;0;0;0;0,4875280155671115;Moderado;PERSONAL;RENT
25;44975;2,0;11000;6,99;0,24;4;0,244580322401334;0;1;0;0;0;0;1;0;0;0;1;0;0;0;0;0,0241865421080096;Muito Baixo;MEDICAL;RENT
34;45600;6,0;15000;11,48;0,33;9;0,3289473684210526;1;2;0;0;0;0;1;1;0;0;0;0;0;1;1;0,9894644362848632;Muito Alto;DEBTCONSOLIDATION;RENT
36;32004;3,0;5000;10,62;0,16;15;0,1562304711911011;0;2;0;0;0;0;1;0;0;0;0;0;1;0;0;0,0053813579497706;Muito Baixo;VENTURE;RENT
23;97000;4,0;16000;6,62;0,16;2;0,1649484536082474;0;1;0;1;0;0;0;1;0;0;0;0;0;0;0;0,0213440376734838;Muito Baixo;DEBTCONSOLIDATION;MORTGAGE
24;50000;1,0;5000;15,62;0,1;4;0,1;1;4;0;0;0;0;1;0;0;1;0;0;0;1;1;0,8245772030862388;Muito Alto;HOMEIMPROVEMENT;RENT
22;48000;6,0;15000;15,96;0,31;3;0,3125;1;3;0;0;0;0;1;0;1;0;0;0;0;1;1;0,9811408081185892;Muito Alto;EDUCATION;RENT
21;42000;3,0;13750;11,36;0,33;4;0,3273809523809524;1;2;0;1;0;0;0;0;1;0;0;0;0;0;0;0,082147054618998;Muito Baixo;EDUCATION;MORTGAGE
31;94350;5,0;15000;15,37;0,14;8;0,1589825119236884;1;4;0;1;0;0;0;0;0;0;1;0;0;1;1;0,9911580214735716;Muito Alto;MEDICAL;MORTGAGE
44;43200;4,0;6000;5,42;0,14;11;0,1388888888888889;0;1;0;0;0;0;1;0;0;0;1;0;0;0;0;0,0083706445285282;Muito Baixo;MEDICAL;RENT
36;44004;4,0;2000;13,61;0,05;13;0,0454504135987637;1;3;1;0;0;0;1;1;0;0;0;0;0;1;0;0,3748391811354342;Baixo;DEBTCONSOLIDATION;RENT
28;83000;6,0;5000;10,99;0,06;9;0,0602409638554216;0;2;0;1;0;0;0;1;0;0;0;0;0;0;0;0,085460473697121;Muito Baixo;DEBTCONSOLIDATION;MORTGAGE
28;80000;8,0;9600;7,51;0,12;6;0,12;0;1;0;1;0;0;0;0;1;0;0;0;0;0;0;0,0201508500256656;Muito Baixo;EDUCATION;MORTGAGE
32;25200;0,0;5000;7,91;0,2;8;0,1984126984126984;0;1;0;0;0;0;1;0;0;0;0;1;0;0;0;0,0907625441613559;Muito Baixo;PERSONAL;RENT
23;47000;7,0;16000;14,35;0,34;3;0,3404255319148936;1;3;1;1;0;0;0;0;0;0;1;0;0;1;0;0,3205202857159158;Baixo;MEDICAL;MORTGAGE
28;85000;8,0;12500;7,49;0,15;7;0,1470588235294117;0;1;0;1;0;0;0;0;0;0;0;1;0;0;0;0,0179327246164713;Muito Baixo;PERSONAL;MORTGAGE
34;128000;14,0;12325;8,49;0,1;5;0,0962890625;0;1;0;1;0;0;0;0;0;1;0;0;0;1;0;0,0194915838417256;Muito Baixo;HOMEIMPROVEMENT;MORTGAGE
35;80000;0,0;7050;8,88;0,09;10;0,088125;0;2;0;0;0;0;1;0;1;0;0;0;0;0;0;0,0175532610057619;Muito Baixo;EDUCATION;RENT
22;44004;0,0;6300;12,29;0,14;3;0,1431688028361058;1;3;1;1;0;0;0;0;0;0;0;1;0;0;0;0,2382678738186313;Baixo;PERSONAL;MORTGAGE
36;49000;0,0;8000;15,31;0,16;13;0,1632653061224489;1;4;1;0;0;0;1;1;0;0;0;0;0;1;1;0,9989646850441194;Muito Alto;DEBTCONSOLIDATION;RENT
25;52000;1,0;20000;11,36;0,38;4;0,3846153846153846;1;2;0;0;0;0;1;0;1;0;0;0;0;1;1;0,9930191112420402;Muito Alto;EDUCATION;RENT
23;37000;2,0;2000;11,14;0,05;4;0,054054054054054;1;2;0;0;0;0;1;0;0;0;0;1;0;0;0;0,1453153700733301;Muito Baixo;PERSONAL;RENT
28;46000;12,0;6000;8,0;0,13;7;0,1304347826086956;0;1;0;1;0;0;0;0;1;0;0;0;0;0;0;0,1568068288134588;Muito Baixo;EDUCATION;MORTGAGE
29;30000;1,0;15000;16,4;0,5;10;0,5;1;5;0;0;0;0;1;1;0;0;0;0;0;1;1;0,9998791872246414;Muito Alto;DEBTCONSOLIDATION;RENT
25;9600;4,0;1200;15,23;0,13;2;0,125;1;3;0;0;0;0;1;0;0;0;1;0;0;0;0;0,477768040089892;Moderado;MEDICAL;RENT
27;86875;5,0;8000;10,59;0,09;10;0,0920863309352518;0;2;0;1;0;0;0;0;0;0;0;0;1;0;0;0,0009258736074887;Muito Baixo;VENTURE;MORTGAGE
40;40000;2,0;10000;16,82;0,25;16;0,25;1;5;0;0;0;1;0;0;1;0;0;0;0;0;0;0,1580260494063308;Muito Baixo;EDUCATION;OWN
22;38272;6,0;4800;9,99;0,13;2;0,1254180602006689;0;2;0;0;0;1;0;0;0;0;1;0;0;0;0;0,0009987714901441;Muito Baixo;MEDICAL;OWN
27;120000;0,0;10000;12,61;0,08;6;0,0833333333333333;1;3;0;1;0;0;0;0;0;1;0;0;0;1;0;0,0619548509720179;Muito Baixo;HOMEIMPROVEMENT;MORTGAGE
26;60000;6,0;9000;6,91;0,15;3;0,15;0;1;0;1;0;0;0;0;1;0;0;0;0;0;0;0,0261580539086235;Muito Baixo;EDUCATION;MORTGAGE
27;32220;11,0;17725;11,49;0,55;8;0,5501241464928616;1;2;0;0;0;0;1;0;0;0;1;0;0;1;1;0,996265579591448;Muito Alto;MEDICAL;RENT
28;50000;3,0;3200;8,49;0,06;5;0,064;0;1;0;0;0;1;0;0;1;0;0;0;0;0;0;0,000399273324572;Muito Baixo;EDUCATION;OWN
25;27000;9,0;6000;11,86;0,22;3;0,2222222222222222;1;2;0;0;0;0;1;0;0;0;0;0;1;0;0;0,0111925420107108;Muito Baixo;VENTURE;RENT
27;127000;6,0;21000;10,99;0,17;5;0,1653543307086614;0;2;0;1;0;0;0;0;0;0;0;0;1;0;0;0,0009657664891612;Muito Baixo;VENTURE;MORTGAGE
38;114000;22,0;19000;9,99;0,17;12;0,1666666666666666;0;2;0;1;0;0;0;1;0;0;0;0;0;0;0;0,02370205581306;Muito Baixo;DEBTCONSOLIDATION;MORTGAGE
44;36000;0,0;1000;11,48;0,03;15;0,0277777777777777;1;2;0;1;0;0;0;0;0;0;0;0;1;0;0;0,0011771248693411;Muito Baixo;VENTURE;MORTGAGE
23;46000;7,0;5000;6,62;0,11;3;0,108695652173913;0;1;0;1;0;0;0;0;0;0;0;1;0;0;0;0,0845283018114278;Muito Baixo;PERSONAL;MORTGAGE
42;2039784;0,0;8450;12,29;0,0;15;0,0041425954905029;1;3;1;0;0;0;1;0;0;0;0;0;1;0;0;0,0619969469736624;Muito Baixo;VENTURE;RENT
23;100000;1,0;12000;13,57;0,12;3;0,12;1;3;0;0;0;0;1;0;1;0;0;0;0;0;0;0,0405917282722336;Muito Baixo;EDUCATION;RENT
28;110000;12,0;22400;10,99;0,2;6;0,2036363636363636;0;2;0;1;0;0;0;0;0;0;0;1;0;0;0;0,0794737082429981;Muito Baixo;PERSONAL;MORTGAGE
25;95000;4,0;8000;15,23;0,08;4;0,0842105263157894;1;3;0;0;0;0;1;0;0;0;0;1;0;0;0;0,0557353442657107;Muito Baixo;PERSONAL;RENT
21;14400;1,0;1000;16,29;0,07;4;0,0694444444444444;1;4;0;0;0;0;1;0;0;0;0;0;1;1;1;0,9656219447733032;Muito Alto;VENTURE;RENT
25;51541;0,0;6000;12,18;0,12;4;0,1164121767136842;1;2;0;0;0;0;1;1;0;0;0;0;0;0;0;0,0664719835710834;Muito Baixo;DEBTCONSOLIDATION;RENT
37;32400;0,0;8000;15,99;0,25;11;0,2469135802469135;1;4;0;0;0;1;0;0;0;1;0;0;0;0;0;0,0037385192997774;Muito Baixo;HOMEIMPROVEMENT;OWN
38;17280;0,0;1000;16,29;0,06;11;0,0578703703703703;1;4;0;0;0;1;0;0;0;1;0;0;0;0;0;0,0102330278861437;Muito Baixo;HOMEIMPROVEMENT;OWN
22;50000;1,0;11000;7,49;0,22;2;0,22;0;1;0;0;0;0;1;0;0;0;1;0;0;0;0;0,0266345108286636;Muito Baixo;MEDICAL;RENT
30;15000;4,0;2700;7,29;0,18;5;0,18;0;1;0;0;0;0;1;0;0;1;0;0;0;1;1;0,9987535650920684;Muito Alto;HOMEIMPROVEMENT;RENT
25;80000;9,0;12000;10,0;0,15;4;0,15;0;2;0;1;0;0;0;0;0;1;0;0;0;0;0;0,0272098605864407;Muito Baixo;HOMEIMPROVEMENT;MORTGAGE
41;37200;4,0;7000;9,32;0,19;16;0,1881720430107527;0;1;0;0;0;0;1;0;0;0;0;1;0;0;0;0,1402954766124625;Muito Baixo;PERSONAL;RENT
22;43000;2,0;22800;12,69;0,53;2;0,5302325581395348;1;2;0;0;0;1;0;0;0;0;0;0;1;0;0;0,0005883554108686;Muito Baixo;VENTURE;OWN
22;70000;6,0;8000;6,99;0,11;2;0,1142857142857142;0;1;0;0;0;0;1;0;1;0;0;0;0;0;0;0,0120572779298313;Muito Baixo;EDUCATION;RENT
28;60000;12,0;5000;15,7;0,08;7;0,0833333333333333;1;4;1;0;0;0;1;0;0;1;0;0;0;0;0;0,1726645634109724;Muito Baixo;HOMEIMPROVEMENT;RENT
25;42000;1,0;6000;10,99;0,14;4;0,1428571428571428;0;2;0;0;0;0;1;0;0;0;1;0;0;0;0;0,04452832752689;Muito Baixo;MEDICAL;RENT
25;36000;9,0;8400;18,64;0,23;4;0,2333333333333333;1;5;1;0;0;0;1;0;0;0;0;1;0;0;0;0,2841141721239126;Baixo;PERSONAL;RENT
25;150000;4,0;6000;7,66;0,04;3;0,04;0;1;0;1;0;0;0;0;1;0;0;0;0;0;0;0,011276793854704;Muito Baixo;EDUCATION;MORTGAGE
37;84000;4,0;5000;10,0;0,06;16;0,0595238095238095;0;2;0;0;0;0;1;0;0;1;0;0;0;0;0;0,0646710743628053;Muito Baixo;HOMEIMPROVEMENT;RENT
25;23000;4,0;8000;14,46;0,35;2;0,3478260869565217;1;4;1;0;0;0;1;0;0;1;0;0;0;1;1;0,9982359509764612;Muito Alto;HOMEIMPROVEMENT;RENT
30;240000;8,0;28000;16,49;0,12;7;0,1166666666666666;1;4;1;1;0;0;0;0;0;0;0;0;1;0;0;0,1098108993436335;Muito Baixo;VENTURE;MORTGAGE
23;56500;7,0;9800;7,49;0,17;2;0,1734513274336283;0;1;0;1;0;0;0;0;0;0;1;0;0;0;0;0,1998680532149654;Muito Baixo;MEDICAL;MORTGAGE
25;38400;5,0;5700;6,17;0,15;2;0,1484375;0;1;0;1;0;0;0;0;0;0;1;0;0;0;0;0,0208737609336828;Muito Baixo;MEDICAL;MORTGAGE
29;102000;13,0;6000;7,88;0,06;9;0,0588235294117647;0;1;0;1;0;0;0;0;0;0;1;0;0;0;0;0,0055099417746797;Muito Baixo;MEDICAL;MORTGAGE
28;50000;0,0;9000;7,49;0,18;10;0,18;0;1;0;1;0;0;0;0;0;0;1;0;0;0;0;0,0150578901078673;Muito Baixo;MEDICAL;MORTGAGE
22;119000;6,0;35000;16,49;0,29;3;0,2941176470588235;1;4;0;1;0;0;0;0;0;0;0;1;0;0;0;0,058889638156783;Muito Baixo;PERSONAL;MORTGAGE
35;45000;3,0;5500;6,92;0,12;6;0,1222222222222222;0;1;0;0;0;0;1;0;0;0;1;0;0;0;0;0,0121208977850723;Muito Baixo;MEDICAL;RENT
30;28000;14,0;14400;12,18;0,51;5;0,5142857142857142;1;2;0;0;0;1;0;0;0;0;1;0;0;0;0;0,0024664465880786;Muito Baixo;MEDICAL;OWN
28;33000;9,0;4000;7,9;0,12;8;0,1212121212121212;0;1;0;1;0;0;0;0;0;0;0;1;0;1;0;0,127794431487212;Muito Baixo;PERSONAL;MORTGAGE
23;51996;7,0;4000;13,98;0,08;2;0,0769289945380413;1;3;1;0;0;0;1;1;0;0;0;0;0;0;0;0,177735700788073;Muito Baixo;DEBTCONSOLIDATION;RENT
34;35000;3,0;10600;15,96;0,3;10;0,3028571428571429;1;3;0;0;0;0;1;0;0;0;1;0;0;0;0;0,1197671951612561;Muito Baixo;MEDICAL;RENT
30;22000;4,0;6000;11,89;0,27;8;0,2727272727272727;1;2;0;0;0;1;0;0;0;0;0;0;1;0;0;7,057002115380551e-05;Muito Baixo;VENTURE;OWN
41;95000;2,0;21600;13,92;0,23;12;0,2273684210526315;1;3;1;0;0;1;0;0;0;0;1;0;0;0;0;0,0006180311410274;Muito Baixo;MEDICAL;OWN
49;65000;0,0;12000;10,62;0,18;17;0,1846153846153846;0;2;0;1;0;0;0;0;0;0;0;1;0;0;0;0,0440128407101347;Muito Baixo;PERSONAL;MORTGAGE
45;48000;8,0;8000;9,63;0,17;13;0,1666666666666666;0;1;0;1;0;0;0;0;0;1;0;0;0;0;0;0,0571626051522673;Muito Baixo;HOMEIMPROVEMENT;MORTGAGE
29;75000;4,0;14400;13,92;0,19;9;0,192;1;3;0;1;0;0;0;1;0;0;0;0;0;0;0;0,2801805743727573;Baixo;DEBTCONSOLIDATION;MORTGAGE
42;35004;12,0;1500;7,37;0,04;12;0,0428522454576619;0;1;0;0;0;0;1;0;0;0;1;0;0;0;0;0,016662013931607;Muito Baixo;MEDICAL;RENT
24;53000;1,0;15000;16,77;0,28;2;0,2830188679245283;1;4;0;0;0;0;1;1;0;0;0;0;0;1;1;0,9987673173399444;Muito Alto;DEBTCONSOLIDATION;RENT
30;30000;11,0;1000;10,99;0,03;10;0,0333333333333333;0;2;0;0;0;0;1;0;0;0;1;0;0;1;0;0,116357338680621;Muito Baixo;MEDICAL;RENT
22;94342;4,0;2400;10,59;0,03;4;0,025439358928155;0;2;0;1;0;0;0;0;1;0;0;0;0;0;0;0,0132524157375242;Muito Baixo;EDUCATION;MORTGAGE
23;36000;5,0;10000;9,99;0,28;2;0,2777777777777778;0;2;0;0;0;0;1;0;1;0;0;0;0;0;0;0,0894517479709794;Muito Baixo;EDUCATION;RENT
31;40000;4,0;4625;12,42;0,12;5;0,115625;1;2;0;1;0;0;0;1;0;0;0;0;0;0;0;0,1490645564576386;Muito Baixo;DEBTCONSOLIDATION;MORTGAGE
34;91000;19,0;15000;10,99;0,16;8;0,1648351648351648;0;2;0;1;0;0;0;0;0;0;1;0;0;0;0;0,0380522577378219;Muito Baixo;MEDICAL;MORTGAGE
30;150000;8,0;5000;7,49;0,03;9;0,0333333333333333;0;1;0;1;0;0;0;0;0;0;0;1;0;0;0;0,0144260808625804;Muito Baixo;PERSONAL;MORTGAGE
24;96500;0,0;6000;7,66;0,06;2;0,0621761658031088;0;1;0;0;0;0;1;1;0;0;0;0;0;0;0;0,0115306890545611;Muito Baixo;DEBTCONSOLIDATION;RENT
27;65000;3,0;15000;10,75;0,23;5;0,2307692307692307;0;2;0;1;0;0;0;1;0;0;0;0;0;0;0;0,0499690180057776;Muito Baixo;DEBTCONSOLIDATION;MORTGAGE
23;35000;2,0;14000;10,99;0,4;3;0,4;0;2;0;0;0;1;0;0;0;0;0;0;1;0;0;7,79181949335199e-05;Muito Baixo;VENTURE;OWN
22;50000;5,0;2000;12,18;0,04;4;0,04;1;2;0;1;0;0;0;0;1;0;0;0;0;0;0;0,0482124754292316;Muito Baixo;EDUCATION;MORTGAGE
25;90000;7,0;6000;7,14;0,07;3;0,0666666666666666;0;1;0;1;0;0;0;1;0;0;0;0;0;0;0;0,0077808663109252;Muito Baixo;DEBTCONSOLIDATION;MORTGAGE
24;72000;3,0;13200;7,29;0,18;3;0,1833333333333333;0;1;0;0;0;0;1;0;0;1;0;0;0;0;0;0,0312737867166958;Muito Baixo;HOMEIMPROVEMENT;RENT
46;44782;14,0;6000;13,67;0,13;12;0,1339824036443213;1;4;1;1;0;0;0;0;0;0;0;1;0;0;0;0,2291815225610398;Baixo;PERSONAL;MORTGAGE
24;40000;6,0;5400;12,42;0,14;3;0,135;1;2;0;1;0;0;0;0;1;0;0;0;0;0;0;0,0998575695060335;Muito Baixo;EDUCATION;MORTGAGE
24;66766;4,0;9000;6,99;0,13;2;0,1347991492675913;0;1;0;1;0;0;0;0;0;1;0;0;0;0;0;0,0415091426032753;Muito Baixo;HOMEIMPROVEMENT;MORTGAGE
25;120000;9,0;21000;13,49;0,17;4;0,175;1;3;0;1;0;0;0;0;0;0;0;1;0;0;0;0,0413893570068548;Muito Baixo;PERSONAL;MORTGAGE
23;46000;2,0;12800;19,41;0,28;3;0,2782608695652174;1;6;1;0;0;0;1;0;1;0;0;0;0;1;1;0,9593364865901572;Muito Alto;EDUCATION;RENT
22;53000;5,0;25000;13,43;0,47;4;0,4716981132075472;1;3;1;0;0;0;1;0;1;0;0;0;0;1;1;0,9941809819730978;Muito Alto;EDUCATION;RENT
35;50000;11,0;16000;9,91;0,32;5;0,32;0;2;0;0;0;0;1;0;0;0;1;0;0;1;1;0,9849304269871844;Muito Alto;MEDICAL;RENT
31;30792;15,0;5000;8,32;0,16;9;0,1623798389191998;0;1;0;1;0;0;0;0;0;1;0;0;0;0;0;0,4164815990738451;Moderado;HOMEIMPROVEMENT;MORTGAGE
24;55160;0,0;3000;8,9;0,05;3;0,0543872371283538;0;1;0;0;0;0;1;0;1;0;0;0;0;1;0;0,1140242719484536;Muito Baixo;EDUCATION;RENT
37;91800;21,0;20000;14,84;0,19;12;0,2178649237472767;1;4;1;1;0;0;0;0;0;0;1;0;0;1;1;0,9865505223482656;Muito Alto;MEDICAL;MORTGAGE
23;64000;7,0;10000;7,49;0,16;4;0,15625;0;1;0;0;0;0;1;0;1;0;0;0;0;1;0;0,0583866303537375;Muito Baixo;EDUCATION;RENT
25;78000;3,0;5000;7,66;0,06;3;0,0641025641025641;0;1;0;0;0;0;1;1;0;0;0;0;0;0;0;0,0952867454748286;Muito Baixo;DEBTCONSOLIDATION;RENT
24;75000;4,0;25000;10,25;0,33;4;0,3333333333333333;0;2;0;0;0;0;1;0;1;0;0;0;0;1;1;0,991175933385569;Muito Alto;EDUCATION;RENT
26;125000;0,0;15500;7,88;0,12;2;0,124;0;1;0;0;0;0;1;0;1;0;0;0;0;0;0;0,0086846822595931;Muito Baixo;EDUCATION;RENT
34;55000;3,0;12800;5,42;0,23;9;0,2327272727272727;0;1;0;1;0;0;0;0;0;0;0;0;1;0;0;0,0004572422645914;Muito Baixo;VENTURE;MORTGAGE
24;55000;4,0;1600;13,79;0,03;2;0,029090909090909;1;3;0;1;0;0;0;1;0;0;0;0;0;0;0;0,172510132921641;Muito Baixo;DEBTCONSOLIDATION;MORTGAGE
44;50000;8,0;6000;11,99;0,12;17;0,12;1;2;0;1;0;0;0;1;0;0;0;0;0;0;0;0,063700801168988;Muito Baixo;DEBTCONSOLIDATION;MORTGAGE
29;104000;6,0;18000;7,66;0,17;7;0,173076923076923;0;1;0;1;0;0;0;0;0;1;0;0;0;0;0;0,0139235883731414;Muito Baixo;HOMEIMPROVEMENT;MORTGAGE
22;80000;7,0;1500;10,37;0,02;2;0,01875;0;2;0;1;0;0;0;0;1;0;0;0;0;0;0;0,0111564132474492;Muito Baixo;EDUCATION;MORTGAGE
24;90000;8,0;10000;10,99;0,11;2;0,1111111111111111;0;2;0;0;0;0;1;0;0;1;0;0;0;0;0;0,0409188403749249;Muito Baixo;HOMEIMPROVEMENT;RENT
23;45312;3,0;13500;7,88;0,3;3;0,2979343220338983;0;1;0;0;0;0;1;0;1;0;0;0;0;0;0;0,0279739345995215;Muito Baixo;EDUCATION;RENT
26;54000;0,0;13200;14,91;0,24;2;0,2444444444444444;1;4;1;0;0;0;1;0;0;0;1;0;0;1;1;0,9984399888010024;Muito Alto;MEDICAL;RENT
22;44720;6,0;6000;7,9;0,13;2;0,1341681574239713;0;1;0;1;0;0;0;0;0;0;0;1;0;0;0;0,0703079610926438;Muito Baixo;PERSONAL;MORTGAGE
37;45000;1,0;7000;7,49;0,16;15;0,1555555555555555;0;1;0;0;0;0;1;1;0;0;0;0;0;0;0;0,0162339692059247;Muito Baixo;DEBTCONSOLIDATION;RENT
23;32698;3,0;8000;18,43;0,24;3;0,2446632821579301;1;6;1;0;0;0;1;1;0;0;0;0;0;1;1;0,9955369620978058;Muito Alto;DEBTCONSOLIDATION;RENT
22;70000;4,0;10000;12,69;0,14;4;0,1428571428571428;1;2;0;0;0;0;1;0;1;0;0;0;0;0;0;0,0525636320260819;Muito Baixo;EDUCATION;RENT
23;50000;4,0;15250;15,95;0,3;3;0,305;1;5;0;1;0;0;0;0;0;0;0;0;1;0;0;0,1981457452718436;Muito Baixo;VENTURE;MORTGAGE
27;37440;7,0;2800;10,99;0,07;9;0,0747863247863247;0;2;0;0;0;0;1;0;0;0;0;1;0;0;0;0,2052265937604802;Baixo;PERSONAL;RENT
25;66420;1,0;4000;12,18;0,06;2;0,0602228244504667;1;2;0;1;0;0;0;0;1;0;0;0;0;0;0;0,1318240054718126;Muito Baixo;EDUCATION;MORTGAGE
21;30000;2,0;6300;11,71;0,21;3;0,21;1;2;0;0;0;0;1;1;0;0;0;0;0;0;0;0,2613125816469621;Baixo;DEBTCONSOLIDATION;RENT
48;128000;0,0;7500;17,49;0,06;11;0,05859375;1;4;1;0;0;0;1;0;1;0;0;0;0;1;1;0,901620042687707;Muito Alto;EDUCATION;RENT
44;58000;13,0;6400;16,29;0,11;13;0,1103448275862069;1;4;0;1;0;0;0;0;0;0;0;0;1;0;0;0,1717187850024177;Muito Baixo;VENTURE;MORTGAGE
35;100000;9,0;6000;9,99;0,06;7;0,06;0;2;0;1;0;0;0;0;1;0;0;0;0;0;0;0,022927598733288;Muito Baixo;EDUCATION;MORTGAGE
25;48000;6,0;7200;11,36;0,15;3;0,15;1;2;0;0;0;0;1;1;0;0;0;0;0;0;0;0,1075036899109375;Muito Baixo;DEBTCONSOLIDATION;RENT
36;43200;13,0;11000;10,99;0,25;12;0,2546296296296296;0;2;0;1;0;0;0;1;0;0;0;0;0;0;0;0,0397589036817235;Muito Baixo;DEBTCONSOLIDATION;MORTGAGE
25;46800;5,0;12000;13,11;0,26;4;0,2564102564102564;1;3;1;0;0;0;1;0;0;1;0;0;0;1;0;0,4928119272109846;Moderado;HOMEIMPROVEMENT;RENT
25;44000;5,0;2400;7,66;0,05;4;0,0545454545454545;0;1;0;0;0;0;1;0;0;0;1;0;0;0;0;0,1595221014750951;Muito Baixo;MEDICAL;RENT
33;65000;4,0;1000;7,49;0,02;9;0,0153846153846153;0;1;0;0;0;0;1;0;0;0;0;0;1;0;0;0,0009486757685635;Muito Baixo;VENTURE;RENT
24;33000;4,0;4800;14,91;0,15;4;0,1454545454545454;1;4;1;0;0;0;1;0;0;0;1;0;0;1;1;0,628337420363057;Alto;MEDICAL;RENT
23;108000;7,0;4000;13,48;0,04;2;0,037037037037037;1;3;0;1;0;0;0;1;0;0;0;0;0;1;0;0,0709832452160472;Muito Baixo;DEBTCONSOLIDATION;MORTGAGE
22;37800;7,0;7200;10,99;0,19;2;0,1904761904761904;0;2;0;1;0;0;0;0;1;0;0;0;0;0;0;0,1066641166939693;Muito Baixo;EDUCATION;MORTGAGE
31;15456;1,0;4000;8,9;0,26;5;0,2587991718426501;0;1;0;1;0;0;0;0;0;0;0;1;0;1;1;0,9868498519635748;Muito Alto;PERSONAL;MORTGAGE
31;53000;8,0;3000;15,23;0,06;5;0,0566037735849056;1;3;0;1;0;0;0;0;1;0;0;0;0;0;0;0,2277409714141359;Baixo;EDUCATION;MORTGAGE
25;230000;5,0;35000;13,99;0,15;4;0,1521739130434782;1;3;0;1;0;0;0;0;0;0;1;0;0;0;0;0,089883975850551;Muito Baixo;MEDICAL;MORTGAGE
24;49920;0,0;7200;13,06;0,14;3;0,1442307692307692;1;3;1;0;0;0;1;0;0;0;1;0;0;0;0;0,0276977766151564;Muito Baixo;MEDICAL;RENT
23;25000;1,0;4025;9,91;0,16;4;0,161;0;2;0;0;0;0;1;0;0;0;0;0;1;0;0;0,0040691197587607;Muito Baixo;VENTURE;RENT
36;140004;4,0;10000;6,92;0,07;11;0,0714265306705522;0;1;0;1;0;0;0;1;0;0;0;0;0;0;0;0,0158271997906733;Muito Baixo;DEBTCONSOLIDATION;MORTGAGE
45;110000;5,0;20000;11,11;0,18;16;0,1818181818181818;1;2;0;1;0;0;0;0;0;0;0;1;0;0;0;0,0248355641104351;Muito Baixo;PERSONAL;MORTGAGE
28;138996;3,0;20000;13,79;0,14;9;0,1438890327779216;1;3;1;1;0;0;0;0;0;0;0;1;0;0;0;0,0589801947367253;Muito Baixo;PERSONAL;MORTGAGE
24;13000;1,0;1200;11,89;0,09;2;0,0923076923076923;1;2;0;0;0;0;1;0;0;0;1;0;0;0;0;0,3458267339600983;Baixo;MEDICAL;RENT
23;36500;2,0;15000;15,65;0,41;3;0,410958904109589;1;4;0;0;0;0;1;0;0;1;0;0;0;1;1;0,9999662932184228;Muito Alto;HOMEIMPROVEMENT;RENT
22;64000;6,0;7000;5,79;0,11;3;0,109375;0;1;0;0;0;0;1;0;1;0;0;0;0;0;0;0,0176843077129533;Muito Baixo;EDUCATION;RENT
21;37500;5,0;6000;11,49;0,16;3;0,16;1;2;0;0;0;1;0;0;0;0;0;0;1;0;0;2,894580947453188e-05;Muito Baixo;VENTURE;OWN
23;45600;5,0;4250;13,48;0,09;2;0,0932017543859649;1;3;1;0;0;0;1;0;0;0;1;0;0;0;0;0,0452717541103064;Muito Baixo;MEDICAL;RENT
28;300000;11,0;10800;6,92;0,04;5;0,036;0;1;0;1;0;0;0;1;0;0;0;0;0;0;0;0,0331585981110961;Muito Baixo;DEBTCONSOLIDATION;MORTGAGE
23;30000;0,0;13000;10,99;0,43;2;0,4333333333333333;0;2;0;1;0;0;0;0;0;0;0;0;1;0;0;0,0229421961351288;Muito Baixo;VENTURE;MORTGAGE
29;72000;13,0;15900;13,04;0,22;10;0,2208333333333333;1;3;0;0;0;0;1;1;0;0;0;0;0;0;0;0,0762523244900971;Muito Baixo;DEBTCONSOLIDATION;RENT
32;110000;16,0;6700;6,92;0,06;7;0,0609090909090909;0;1;0;1;0;0;0;0;0;1;0;0;0;0;0;0,005674985033749;Muito Baixo;HOMEIMPROVEMENT;MORTGAGE
23;25000;6,0;8000;13,61;0,32;4;0,32;1;3;1;0;0;0;1;0;0;0;0;1;0;1;1;0,9901369801127896;Muito Alto;PERSONAL;RENT
23;215000;7,0;35000;14,79;0,16;3;0,1627906976744186;1;3;1;1;0;0;0;0;0;0;1;0;0;0;0;0,0981175473036563;Muito Baixo;MEDICAL;MORTGAGE
27;18000;0,0;2000;7,88;0,11;5;0,1111111111111111;0;1;0;1;0;0;0;0;0;0;0;0;1;0;0;0,0072202022250663;Muito Baixo;VENTURE;MORTGAGE
33;66000;17,0;5000;7,29;0,08;8;0,0757575757575757;0;1;0;0;0;0;1;0;1;0;0;0;0;0;0;0,0365009152367931;Muito Baixo;EDUCATION;RENT
27;170496;3,0;15000;11,83;0,09;10;0,0879786036036036;1;2;0;1;0;0;0;1;0;0;0;0;0;1;0;0,0267756373419493;Muito Baixo;DEBTCONSOLIDATION;MORTGAGE
29;20000;0,0;1000;10,65;0,05;10;0,05;0;2;0;0;0;0;1;0;0;0;0;1;0;0;0;0,3387467766346946;Baixo;PERSONAL;RENT
22;18000;1,0;6000;10,99;0,33;3;0,3333333333333333;0;2;0;0;0;0;1;0;0;0;1;0;0;1;1;0,9992989805847852;Muito Alto;MEDICAL;RENT
24;91000;5,0;15000;7,88;0,16;2;0,1648351648351648;0;1;0;1;0;0;0;1;0;0;0;0;0;0;0;0,0133694386020911;Muito Baixo;DEBTCONSOLIDATION;MORTGAGE
28;35600;3,0;4000;7,49;0,11;6;0,1123595505617977;0;1;0;0;0;0;1;0;1;0;0;0;0;0;0;0,0814077785820295;Muito Baixo;EDUCATION;RENT
28;206000;2,0;24000;13,48;0,12;10;0,116504854368932;1;3;0;0;0;0;1;0;0;1;0;0;0;0;0;0,101610732415884;Muito Baixo;HOMEIMPROVEMENT;RENT
27;108000;4,0;6000;10,65;0,06;7;0,0555555555555555;0;2;0;0;0;0;1;1;0;0;0;0;0;0;0;0,0259725567575183;Muito Baixo;DEBTCONSOLIDATION;RENT
27;180000;7,0;16000;7,49;0,09;8;0,0888888888888888;0;1;0;1;0;0;0;0;0;1;0;0;0;0;0;0,012973503250078;Muito Baixo;HOMEIMPROVEMENT;MORTGAGE
27;88000;11,0;9000;6,91;0,1;10;0,1022727272727272;0;1;0;0;0;0;1;1;0;0;0;0;0;0;0;0,0189430262893833;Muito Baixo;DEBTCONSOLIDATION;RENT
21;52700;4,0;26400;16,49;0,43;3;0,5009487666034156;1;4;0;1;0;0;0;0;0;0;1;0;0;1;1;0,9906753284600366;Muito Alto;MEDICAL;MORTGAGE
28;90000;0,0;4000;13,49;0,04;8;0,0444444444444444;1;3;0;0;0;0;1;0;0;0;0;0;1;0;0;0,0483232938691721;Muito Baixo;VENTURE;RENT
22;35000;4,0;5000;13,23;0,14;2;0,1428571428571428;1;3;0;0;0;0;1;0;0;0;0;1;0;0;0;0,1759394677278581;Muito Baixo;PERSONAL;RENT
27;83300;11,0;20000;16,0;0,2;5;0,2400960384153661;1;4;1;0;0;0;1;0;0;0;1;0;0;1;1;0,9764117044005832;Muito Alto;MEDICAL;RENT
25;69996;9,0;25000;15,21;0,36;4;0,3571632664723698;1;4;0;0;0;0;1;0;1;0;0;0;0;1;1;0,9893098477016096;Muito Alto;EDUCATION;RENT
24;28000;8,0;10000;6,91;0,36;3;0,3571428571428571;0;1;0;0;0;0;1;0;0;0;1;0;0;1;1;0,9816938524494024;Muito Alto;MEDICAL;RENT
38;55000;3,0;14000;13,22;0,25;13;0,2545454545454545;1;3;0;1;0;0;0;0;0;0;1;0;0;0;0;0,1312947481910448;Muito Baixo;MEDICAL;MORTGAGE
38;36156;1,0;8500;12,21;0,24;16;0,2350923774753844;1;2;0;1;0;0;0;0;0;1;0;0;0;0;0;0,1654019617368295;Muito Baixo;HOMEIMPROVEMENT;MORTGAGE
23;50000;0,0;19400;12,69;0,39;2;0,388;1;2;0;0;0;0;1;0;1;0;0;0;0;1;1;0,9885359216508663;Muito Alto;EDUCATION;RENT
38;65000;3,0;8000;10,62;0,12;14;0,123076923076923;0;2;0;0;0;1;0;0;0;0;0;1;0;0;0;0,0003319644734635;Muito Baixo;PERSONAL;OWN
24;63000;3,0;11500;14,79;0,18;2;0,1825396825396825;1;3;0;0;0;0;1;0;0;0;0;0;1;0;0;0,1253443150927456;Muito Baixo;VENTURE;RENT
26;39996;10,0;7000;13,57;0,18;3;0,175017501750175;1;3;1;0;0;1;0;0;0;0;0;0;1;0;0;0,0006748217567854;Muito Baixo;VENTURE;OWN
34;58650;7,0;12000;20,17;0,17;10;0,2046035805626598;1;7;1;1;0;0;0;0;0;0;1;0;0;1;1;0,999862308369009;Muito Alto;MEDICAL;MORTGAGE
22;33000;5,0;4000;7,88;0,12;4;0,1212121212121212;0;1;0;0;0;0;1;1;0;0;0;0;0;0;0;0,0905907873569989;Muito Baixo;DEBTCONSOLIDATION;RENT
24;54100;5,0;4500;7,14;0,08;4;0,0831792975970425;0;1;0;0;0;0;1;0;0;0;0;1;0;0;0;0,0467620751839558;Muito Baixo;PERSONAL;RENT
26;20000;9,0;6200;5,99;0,31;4;0,31;0;1;0;0;0;0;1;0;1;0;0;0;0;1;1;0,9767370565706076;Muito Alto;EDUCATION;RENT
25;86004;1,0;15000;12,53;0,17;4;0,1744104925352309;1;3;1;0;0;0;1;0;0;0;0;1;0;0;0;0,0769298430877384;Muito Baixo;PERSONAL;RENT
26;40000;4,0;5875;12,69;0,15;2;0,146875;1;2;0;0;0;0;1;0;0;0;0;0;1;0;0;0,0063611947333553;Muito Baixo;VENTURE;RENT
25;78600;0,0;8400;13,48;0,11;3;0,1068702290076335;1;3;1;0;0;0;1;1;0;0;0;0;0;0;0;0,0847811162223377;Muito Baixo;DEBTCONSOLIDATION;RENT
22;50000;7,0;4000;7,4;0,08;2;0,08;0;1;0;0;0;0;1;0;0;0;1;0;0;0;0;0,0316427390525656;Muito Baixo;MEDICAL;RENT
33;44400;3,0;2000;14,22;0,05;9;0,045045045045045;1;3;1;1;0;0;0;0;0;0;0;0;1;1;0;0,0526851546954213;Muito Baixo;VENTURE;MORTGAGE
23;37200;7,0;7000;10,59;0,19;2;0,1881720430107527;0;2;0;1;0;0;0;0;0;1;0;0;0;1;1;0,973171170680774;Muito Alto;HOMEIMPROVEMENT;MORTGAGE
29;44991;13,0;5000;14,72;0,11;8;0,1111333377786668;1;3;1;1;0;0;0;0;0;0;1;0;0;0;0;0,3287009287176359;Baixo;MEDICAL;MORTGAGE
30;100000;11,0;12800;6,92;0,13;8;0,128;0;1;0;1;0;0;0;0;1;0;0;0;0;0;0;0,0103112706884448;Muito Baixo;EDUCATION;MORTGAGE
32;45000;3,0;5000;5,79;0,11;5;0,1111111111111111;0;1;0;1;0;0;0;1;0;0;0;0;0;0;0;0,033694887786484;Muito Baixo;DEBTCONSOLIDATION;MORTGAGE
26;45000;10,0;8000;6,99;0,18;2;0,1777777777777777;0;1;0;1;0;0;0;0;0;1;0;0;0;0;0;0,077693839029211;Muito Baixo;HOMEIMPROVEMENT;MORTGAGE
25;39000;0,0;6000;13,49;0,15;2;0,1538461538461538;1;3;1;0;0;0;1;0;0;0;0;0;1;1;0;0,1576008287318532;Muito Baixo;VENTURE;RENT
33;56136;12,0;19000;15,68;0,34;5;0,3384637309391478;1;5;1;0;0;0;1;0;0;0;0;0;1;1;1;0,9921024715577292;Muito Alto;VENTURE;RENT
29;58000;0,0;20000;9,91;0,34;10;0,3448275862068966;0;2;0;0;0;0;1;0;1;0;0;0;0;1;1;0,9838032964787436;Muito Alto;EDUCATION;RENT
27;50000;0,0;8000;7,9;0,16;8;0,16;0;1;0;0;0;0;1;0;1;0;0;0;0;0;0;0,0272509821300817;Muito Baixo;EDUCATION;RENT
27;84000;3,0;7000;7,29;0,08;10;0,0833333333333333;0;1;0;1;0;0;0;1;0;0;0;0;0;0;0;0,0194183307352859;Muito Baixo;DEBTCONSOLIDATION;MORTGAGE
26;85000;1,0;15000;12,73;0,18;3;0,1764705882352941;1;3;0;1;0;0;0;1;0;0;0;0;0;0;0;0,0825761208154413;Muito Baixo;DEBTCONSOLIDATION;MORTGAGE
21;60000;3,0;10000;12,18;0,17;2;0,1666666666666666;1;2;0;0;0;0;1;0;0;0;1;0;0;0;0;0,0571387817193781;Muito Baixo;MEDICAL;RENT
23;39689;1,0;13000;13,57;0,33;2;0,3275466754012446;1;3;1;0;0;1;0;0;0;0;0;0;1;0;0;0,0007977844598096;Muito Baixo;VENTURE;OWN
22;79200;6,0;4750;10,25;0,06;3;0,0599747474747474;0;2;0;1;0;0;0;0;0;0;0;0;1;0;0;0,0031155572665965;Muito Baixo;VENTURE;MORTGAGE
22;24000;2,0;6000;12,18;0,25;3;0,25;1;2;0;0;0;0;1;0;0;1;0;0;0;1;1;0,9832449690058914;Muito Alto;HOMEIMPROVEMENT;RENT
30;90000;0,0;6000;10,38;0,07;8;0,0666666666666666;0;2;0;0;0;0;1;0;0;0;1;0;0;0;0;0,0089716178164177;Muito Baixo;MEDICAL;RENT
23;42000;4,0;2500;13,61;0,06;4;0,0595238095238095;1;3;0;0;0;0;1;0;1;0;0;0;0;0;0;0,1235676489502356;Muito Baixo;EDUCATION;RENT
31;75000;5,0;15000;12,69;0,2;5;0,2;1;2;0;0;0;0;1;1;0;0;0;0;0;0;0;0,0912112578737693;Muito Baixo;DEBTCONSOLIDATION;RENT
33;42000;8,0;2000;15,31;0,05;9;0,0476190476190476;1;4;1;0;0;0;1;0;0;0;1;0;0;0;1;0,5823109984929401;Moderado;MEDICAL;RENT
25;65004;1,0;4800;13,49;0,07;4;0,0738416097470924;1;3;1;0;0;0;1;0;0;0;0;1;0;0;0;0,0619558048281904;Muito Baixo;PERSONAL;RENT
22;27000;6,0;4000;7,14;0,15;2;0,1481481481481481;0;1;0;0;0;0;1;0;1;0;0;0;0;0;0;0,0710963197773548;Muito Baixo;EDUCATION;RENT
22;47748;5,0;4500;6,39;0,09;4;0,0942447851218899;0;1;0;1;0;0;0;0;0;0;0;1;0;0;0;0,056815070597084;Muito Baixo;PERSONAL;MORTGAGE
27;45000;1,0;10000;13,48;0,22;9;0,2222222222222222;1;3;0;0;0;0;1;0;1;0;0;0;0;0;0;0,0964093808556004;Muito Baixo;EDUCATION;RENT
23;36000;6,0;14000;12,99;0,39;3;0,3888888888888889;1;3;0;1;0;0;0;0;0;0;0;1;0;0;0;0,2643519980843579;Baixo;PERSONAL;MORTGAGE
33;82000;9,0;5000;7,51;0,06;8;0,0609756097560975;0;1;0;0;0;0;1;0;0;0;0;0;1;0;0;0,0010691485608153;Muito Baixo;VENTURE;RENT
25;50000;9,0;18650;7,9;0,37;4;0,373;0;1;0;1;0;0;0;0;0;0;0;0;1;0;0;0,0018153685711342;Muito Baixo;VENTURE;MORTGAGE
24;120000;8,0;16000;7,49;0,13;3;0,1333333333333333;0;1;0;1;0;0;0;0;0;0;0;1;0;0;0;0,0134569507624477;Muito Baixo;PERSONAL;MORTGAGE
24;72100;2,0;16000;10,25;0,22;4;0,2219140083217753;0;2;0;1;0;0;0;0;1;0;0;0;0;0;0;0,0664538075867933;Muito Baixo;EDUCATION;MORTGAGE
31;65800;15,0;25000;7,51;0,38;9;0,3799392097264438;0;1;0;0;0;0;1;1;0;0;0;0;0;1;1;0,992339109539186;Muito Alto;DEBTCONSOLIDATION;RENT
36;31000;3,0;7100;8,9;0,23;12;0,2290322580645161;0;1;0;0;0;0;1;0;0;0;0;0;1;0;0;0,0038641210706843;Muito Baixo;VENTURE;RENT
22;70000;1,0;8400;7,88;0,12;2;0,12;0;1;0;1;0;0;0;0;0;0;1;0;0;0;0;0,0117736019611158;Muito Baixo;MEDICAL;MORTGAGE
23;83954;7,0;6000;7,49;0,07;2;0,0714677085070395;0;1;0;0;0;0;1;0;1;0;0;0;0;0;0;0,0282926234537689;Muito Baixo;EDUCATION;RENT
21;20000;2,0;9000;7,51;0,45;4;0,45;0;1;0;0;0;0;1;0;0;0;1;0;0;1;1;0,9960263722431806;Muito Alto;MEDICAL;RENT
59;175000;3,0;12000;10,59;0,07;27;0,0685714285714285;0;2;0;0;0;0;1;0;0;0;0;1;0;0;0;0,0524931241868556;Muito Baixo;PERSONAL;RENT
29;70004;0,0;8000;9,63;0,11;9;0,1142791840466259;0;1;0;0;0;0;1;0;0;0;1;0;0;0;0;0,0133605325284685;Muito Baixo;MEDICAL;RENT
36;98240;4,0;20000;16,35;0,2;16;0,2035830618892508;1;5;0;1;0;0;0;0;0;0;0;1;0;0;0;0,0806598699870205;Muito Baixo;PERSONAL;MORTGAGE
25;76248;6,0;9750;14,27;0,13;3;0,1278722064841045;1;3;1;1;0;0;0;1;0;0;0;0;0;1;0;0,3712982720768504;Baixo;DEBTCONSOLIDATION;MORTGAGE
24;92000;1,0;25000;12,73;0,27;4;0,2717391304347826;1;3;1;0;0;0;1;0;0;0;0;0;1;0;0;0,157242656363389;Muito Baixo;VENTURE;RENT
23;50000;0,0;6500;7,49;0,13;4;0,13;0;1;0;1;0;0;0;0;0;0;0;1;0;0;0;0,0172594672344853;Muito Baixo;PERSONAL;MORTGAGE
29;153000;1,0;17600;8,7;0,12;7;0,115032679738562;0;2;0;0;0;0;1;1;0;0;0;0;0;0;0;0,0203101589584417;Muito Baixo;DEBTCONSOLIDATION;RENT
26;62400;10,0;11000;7,49;0,18;3;0,1762820512820513;0;1;0;1;0;0;0;1;0;0;0;0;0;0;0;0,0350547597669987;Muito Baixo;DEBTCONSOLIDATION;MORTGAGE
26;72996;1,0;15000;10,38;0,21;4;0,2054907118198257;0;2;0;1;0;0;0;0;1;0;0;0;0;0;0;0,1707736384269426;Muito Baixo;EDUCATION;MORTGAGE
25;77800;9,0;30000;10,99;0,39;4;0,3856041131105398;0;2;0;1;0;0;0;0;0;0;0;1;0;0;0;0,0917081443341542;Muito Baixo;PERSONAL;MORTGAGE
26;22884;2,0;7000;7,51;0,31;4;0,30589057857018;0;1;0;0;0;0;1;0;0;0;1;0;0;1;1;0,919176389149954;Muito Alto;MEDICAL;RENT
23;41000;7,0;6000;6,03;0,15;4;0,1463414634146341;0;1;0;1;0;0;0;0;1;0;0;0;0;0;0;0,0326428731960571;Muito Baixo;EDUCATION;MORTGAGE
32;110888;0,0;10400;9,91;0,09;6;0,0937883269605367;0;2;0;1;0;0;0;0;0;0;1;0;0;0;0;0,0557243229782813;Muito Baixo;MEDICAL;MORTGAGE
27;57240;4,0;15000;11,99;0,26;6;0,2620545073375262;1;2;0;0;0;1;0;0;0;0;0;0;1;0;0;4,7291030208059725e-05;Muito Baixo;VENTURE;OWN
23;29000;1,0;5000;18,535;0,17;3;0,1724137931034483;1;6;1;0;0;0;1;0;0;0;1;0;0;1;1;0,9992369204757776;Muito Alto;MEDICAL;RENT
46;92000;18,0;12925;7,49;0,14;17;0,1404891304347826;0;1;0;1;0;0;0;0;1;0;0;0;0;0;0;0,01025185491275;Muito Baixo;EDUCATION;MORTGAGE
23;36000;4,0;9000;11,11;0,25;3;0,25;1;2;0;0;0;0;1;1;0;0;0;0;0;0;0;0,1348987457667931;Muito Baixo;DEBTCONSOLIDATION;RENT
23;60000;3,0;4500;7,4;0,07;3;0,075;0;1;0;1;0;0;0;0;0;0;1;0;0;0;0;0,027324091679984;Muito Baixo;MEDICAL;MORTGAGE
22;48000;5,0;9600;7,51;0,2;4;0,2;0;1;0;1;0;0;0;0;1;0;0;0;0;0;0;0,0380727254059619;Muito Baixo;EDUCATION;MORTGAGE
24;35364;1,0;20000;12,53;0,57;4;0,5655468838366701;1;2;0;0;0;0;1;0;0;0;1;0;0;1;1;0,9937772291555922;Muito Alto;MEDICAL;RENT
32;43000;6,0;12000;7,88;0,28;7;0,2790697674418604;0;1;0;1;0;0;0;0;0;0;0;0;1;0;0;0,0007712327600928;Muito Baixo;VENTURE;MORTGAGE
22;50750;2,0;10000;9,63;0,2;4;0,1970443349753694;0;2;0;1;0;0;0;0;0;0;1;0;0;0;0;0,0817919561696991;Muito Baixo;MEDICAL;MORTGAGE
26;75000;2,0;4000;5,79;0,05;3;0,0533333333333333;0;1;0;1;0;0;0;0;0;0;0;0;1;0;0;0,0002424131835962;Muito Baixo;VENTURE;MORTGAGE
22;60000;5,0;12500;13,11;0,21;2;0,2083333333333333;1;3;1;1;0;0;0;1;0;0;0;0;0;0;0;0,0544320334272909;Muito Baixo;DEBTCONSOLIDATION;MORTGAGE
33;75000;6,0;6000;7,51;0,08;8;0,08;0;1;0;1;0;0;0;0;0;0;1;0;0;0;0;0,0101095443750884;Muito Baixo;MEDICAL;MORTGAGE
27;32200;1,0;6300;16,45;0,2;6;0,1956521739130435;1;5;0;0;0;0;1;0;1;0;0;0;0;1;1;0,9467972051154788;Muito Alto;EDUCATION;RENT
26;67000;2,0;7600;10,0;0,11;4;0,1134328358208955;0;2;0;0;0;0;1;0;0;0;0;0;1;0;0;0,0019085705406388;Muito Baixo;VENTURE;RENT
24;67000;5,0;20000;13,48;0,3;3;0,2985074626865671;1;3;1;0;0;0;1;0;0;0;0;1;0;0;0;0,0945764771132986;Muito Baixo;PERSONAL;RENT
25;31000;2,0;1800;8,32;0,06;2;0,0580645161290322;0;1;0;0;0;0;1;1;0;0;0;0;0;0;0;0,2431812827266016;Baixo;DEBTCONSOLIDATION;RENT
23;55000;3,0;19200;15,21;0,35;4;0,3490909090909091;1;4;0;0;0;0;1;0;1;0;0;0;0;1;1;0,9885690036262132;Muito Alto;EDUCATION;RENT
33;25000;0,0;3000;12,53;0,12;6;0,12;1;3;1;1;0;0;0;1;0;0;0;0;0;0;0;0,0617267150585153;Muito Baixo;DEBTCONSOLIDATION;MORTGAGE
22;175000;6,0;18000;10,99;0,1;3;0,1028571428571428;0;2;0;1;0;0;0;0;0;0;1;0;0;0;0;0,0358846140328047;Muito Baixo;MEDICAL;MORTGAGE
28;73992;2,0;20000;9,96;0,27;9;0,2702994918369553;0;2;0;0;0;0;1;0;0;1;0;0;0;0;0;0,2907338347335119;Baixo;HOMEIMPROVEMENT;RENT
21;18000;2,0;5800;14,72;0,32;4;0,3222222222222222;1;3;1;0;0;0;1;1;0;0;0;0;0;1;1;0,9971627090330863;Muito Alto;DEBTCONSOLIDATION;RENT
23;50000;6,0;3000;13,48;0,06;2;0,06;1;3;1;0;0;0;1;0;1;0;0;0;0;0;0;0,0398943499414592;Muito Baixo;EDUCATION;RENT
48;120000;18,0;3600;13,48;0,03;17;0,03;1;3;1;1;0;0;0;1;0;0;0;0;0;0;0;0,0163665298848435;Muito Baixo;DEBTCONSOLIDATION;MORTGAGE
30;36000;4,0;11500;13,57;0,32;8;0,3194444444444444;1;3;0;1;0;0;0;0;0;0;0;1;0;0;0;0,266985857754774;Baixo;PERSONAL;MORTGAGE
25;146990;0,0;28000;10,99;0,19;3;0,1904891489216953;0;2;0;1;0;0;0;0;0;0;0;0;1;0;0;0,0015868971184381;Muito Baixo;VENTURE;MORTGAGE
25;16800;4,0;1200;10,38;0,07;2;0,0714285714285714;0;2;0;0;0;0;1;0;0;0;1;0;0;0;0;0,2444954195069254;Baixo;MEDICAL;RENT
44;67000;28,0;3000;10,99;0,04;14;0,044776119402985;0;2;0;1;0;0;0;0;0;1;0;0;0;0;0;0,0838959465742961;Muito Baixo;HOMEIMPROVEMENT;MORTGAGE
29;50000;4,0;5050;12,73;0,1;5;0,101;1;3;0;0;0;0;1;1;0;0;0;0;0;0;0;0,1290457416790403;Muito Baixo;DEBTCONSOLIDATION;RENT
24;102960;2,0;16000;7,88;0,16;2;0,1554001554001554;0;1;0;1;0;0;0;1;0;0;0;0;0;0;0;0,0085937899255827;Muito Baixo;DEBTCONSOLIDATION;MORTGAGE
30;130000;3,0;33250;13,06;0,26;5;0,2557692307692307;1;3;1;1;0;0;0;0;1;0;0;0;0;0;0;0,0294665949991143;Muito Baixo;EDUCATION;MORTGAGE
64;105000;8,0;20000;18,64;0,19;30;0,1904761904761904;1;5;0;0;0;0;1;0;0;1;0;0;0;0;0;0,0602225132366008;Muito Baixo;HOMEIMPROVEMENT;RENT
29;18000;4,0;6400;10,37;0,36;5;0,3555555555555555;0;2;0;0;0;0;1;0;0;0;0;0;1;1;1;0,9998726452716048;Muito Alto;VENTURE;RENT
33;100000;1,0;25000;10,39;0,25;8;0,25;0;2;0;1;0;0;0;0;0;1;0;0;0;0;0;0,0522551556394816;Muito Baixo;HOMEIMPROVEMENT;MORTGAGE
24;24000;0,0;6825;5,42;0,28;4;0,284375;0;1;0;0;0;0;1;0;0;0;1;0;0;0;0;0,0152038116665875;Muito Baixo;MEDICAL;RENT
33;75000;13,0;25000;10,65;0,33;7;0,3333333333333333;0;2;0;1;0;0;0;0;0;0;1;0;0;0;0;0,0830069606069789;Muito Baixo;MEDICAL;MORTGAGE
22;28800;2,0;10000;16,49;0,35;2;0,3472222222222222;1;4;1;0;0;1;0;0;1;0;0;0;0;0;0;0,0026848293068279;Muito Baixo;EDUCATION;OWN
24;100000;5,0;7000;6,76;0,07;3;0,07;0;1;0;1;0;0;0;0;0;0;0;0;1;0;0;0,0003333425016754;Muito Baixo;VENTURE;MORTGAGE
40;108000;10,0;9000;11,86;0,08;12;0,0833333333333333;1;2;0;0;0;0;1;0;0;1;0;0;0;1;0;0,1471799470908547;Muito Baixo;HOMEIMPROVEMENT;RENT
58;100000;6,0;6000;5,42;0,06;19;0,06;0;1;0;1;0;0;0;0;0;0;0;1;0;0;0;0,0015127348980073;Muito Baixo;PERSONAL;MORTGAGE
23;31000;1,0;1500;8,94;0,05;3;0,0483870967741935;0;1;0;0;0;0;1;1;0;0;0;0;0;0;0;0,2710704095696308;Baixo;DEBTCONSOLIDATION;RENT
25;175000;3,0;20000;14,72;0,11;2;0,1142857142857142;1;3;1;0;0;0;1;1;0;0;0;0;0;0;0;0,1278763764186401;Muito Baixo;DEBTCONSOLIDATION;RENT
31;56000;15,0;3000;14,27;0,05;6;0,0535714285714285;1;3;0;0;0;0;1;1;0;0;0;0;0;0;0;0,2819212357468875;Baixo;DEBTCONSOLIDATION;RENT
31;36996;5,0;8000;7,49;0,22;6;0,2162395934695642;0;1;0;0;0;0;1;0;0;0;0;1;0;0;0;0,0973028858441192;Muito Baixo;PERSONAL;RENT
26;64000;4,0;1000;10,75;0,02;2;0,015625;0;2;0;0;0;0;1;1;0;0;0;0;0;0;0;0,0726821406341758;Muito Baixo;DEBTCONSOLIDATION;RENT
33;49000;2,0;3000;16,49;0,06;7;0,0612244897959183;1;4;0;0;0;0;1;0;0;1;0;0;0;1;1;0,982494741434926;Muito Alto;HOMEIMPROVEMENT;RENT
25;25000;4,0;8500;11,26;0,34;2;0,34;1;2;0;0;0;0;1;1;0;0;0;0;0;1;1;0,9844331160341984;Muito Alto;DEBTCONSOLIDATION;RENT
21;65004;5,0;5000;9,99;0,08;3;0,0769183434865546;0;2;0;1;0;0;0;1;0;0;0;0;0;0;0;0,0774096684985012;Muito Baixo;DEBTCONSOLIDATION;MORTGAGE
21;25200;1,0;4000;8,49;0,16;4;0,1587301587301587;0;1;0;0;0;0;1;0;0;0;0;1;0;0;0;0,2141860948242724;Baixo;PERSONAL;RENT
23;39000;8,0;10000;7,51;0,26;2;0,2564102564102564;0;1;0;1;0;0;0;0;1;0;0;0;0;0;0;0,1435426452575763;Muito Baixo;EDUCATION;MORTGAGE
24;34300;4,0;18500;10,71;0,54;2;0,5393586005830904;0;2;0;0;0;0;1;0;0;0;1;0;0;1;1;0,9955432027247276;Muito Alto;MEDICAL;RENT
24;50000;3,0;12000;10,99;0,24;3;0,24;0;2;0;1;0;0;0;0;0;1;0;0;0;0;0;0,0510961611110369;Muito Baixo;HOMEIMPROVEMENT;MORTGAGE
23;45000;0,0;1775;12,72;0,04;2;0,0394444444444444;1;3;0;0;0;0;1;0;1;0;0;0;0;0;0;0,0632217687043526;Muito Baixo;EDUCATION;RENT
28;57000;2,0;6000;12,73;0,11;10;0,1052631578947368;1;3;0;1;0;0;0;0;0;0;0;0;1;0;0;0,1335756257939187;Muito Baixo;VENTURE;MORTGAGE
24;42000;8,0;12000;10,38;0,29;4;0,2857142857142857;0;2;0;1;0;0;0;0;0;0;0;1;0;0;0;0,0979679198559539;Muito Baixo;PERSONAL;MORTGAGE
30;42600;13,0;12000;11,71;0,28;8;0,2816901408450704;1;2;0;0;0;0;1;0;0;0;0;0;1;0;0;0,0047022373857619;Muito Baixo;VENTURE;RENT
24;73000;1,0;11400;14,84;0,16;4;0,1561643835616438;1;4;1;0;0;0;1;1;0;0;0;0;0;1;1;0,998750889310132;Muito Alto;DEBTCONSOLIDATION;RENT
27;43000;2,0;8000;12,68;0,19;6;0,1860465116279069;1;3;0;0;0;0;1;0;0;0;1;0;0;0;0;0,0782169944199544;Muito Baixo;MEDICAL;RENT
27;48000;11,0;5650;5,42;0,12;8;0,1177083333333333;0;1;0;1;0;0;0;1;0;0;0;0;0;0;0;0,0649914467117482;Muito Baixo;DEBTCONSOLIDATION;MORTGAGE
23;24000;4,0;1500;11,49;0,06;2;0,0625;1;2;0;0;0;0;1;0;0;0;0;0;1;0;0;0,0090216261721802;Muito Baixo;VENTURE;RENT
22;100000;0,0;15000;13,85;0,15;3;0,15;1;3;0;1;0;0;0;0;0;0;0;0;1;0;0;0,0676629744092611;Muito Baixo;VENTURE;MORTGAGE
24;21600;4,0;10000;9,91;0,46;3;0,4629629629629629;0;2;0;0;0;0;1;0;1;0;0;0;0;1;1;0,9978164109314408;Muito Alto;EDUCATION;RENT
23;32000;4,0;10700;6,03;0,33;3;0,334375;0;1;0;0;0;0;1;0;0;0;0;1;0;1;1;0,9866217068216824;Muito Alto;PERSONAL;RENT
23;57600;6,0;4000;5,42;0,07;2;0,0694444444444444;0;1;0;1;0;0;0;1;0;0;0;0;0;0;0;0,036153958754448;Muito Baixo;DEBTCONSOLIDATION;MORTGAGE
23;71000;7,0;11300;7,49;0,16;3;0,1591549295774648;0;1;0;0;0;0;1;0;0;0;0;1;0;0;0;0,0370293078777439;Muito Baixo;PERSONAL;RENT
22;51000;2,0;3200;10,99;0,06;2;0,0627450980392156;0;2;0;0;0;0;1;0;1;0;0;0;0;0;0;0,0514182441611908;Muito Baixo;EDUCATION;RENT
24;52000;1,0;7000;7,74;0,13;4;0,1346153846153846;0;1;0;0;0;0;1;0;0;0;1;0;0;0;0;0,0245767230471226;Muito Baixo;MEDICAL;RENT
28;125000;1,0;4000;13,35;0,03;5;0,032;1;3;1;0;0;0;1;1;0;0;0;0;0;0;0;0,0184535531976661;Muito Baixo;DEBTCONSOLIDATION;RENT
27;30000;0,0;4500;14,65;0,15;9;0,15;1;3;0;0;0;0;1;0;0;0;1;0;0;0;0;0,1011711207576614;Muito Baixo;MEDICAL;RENT
37;55236;9,0;6500;6,03;0,12;16;0,1176768773987978;0;1;0;1;0;0;0;0;0;0;0;0;1;0;0;0,0007277205758234;Muito Baixo;VENTURE;MORTGAGE
22;32484;6,0;6250;7,51;0,19;4;0,1924024134958749;0;1;0;1;0;0;0;0;0;1;0;0;0;1;1;0,9472930513178522;Muito Alto;HOMEIMPROVEMENT;MORTGAGE
25;52000;2,0;7000;10,59;0,13;2;0,1346153846153846;0;2;0;0;0;0;1;0;0;1;0;0;0;0;0;0,1315547737344464;Muito Baixo;HOMEIMPROVEMENT;RENT
23;35000;6,0;8400;12,18;0,24;3;0,24;1;2;0;1;0;0;0;0;1;0;0;0;0;0;0;0,0516000488824834;Muito Baixo;EDUCATION;MORTGAGE
28;60000;5,0;7200;5,42;0,12;7;0,12;0;1;0;0;0;0;1;0;0;1;0;0;0;0;0;0,0178267121597543;Muito Baixo;HOMEIMPROVEMENT;RENT
22;52500;6,0;8000;15,23;0,15;4;0,1523809523809524;1;3;1;1;0;0;0;0;0;0;0;0;1;0;0;0,1347132310459987;Muito Baixo;VENTURE;MORTGAGE
24;91800;0,0;16000;14,22;0,15;4;0,1742919389978213;1;3;0;1;0;0;0;0;0;0;1;0;0;1;0;0,2860976805324772;Baixo;MEDICAL;MORTGAGE
32;40000;0,0;6000;12,69;0,15;8;0,15;1;2;0;0;0;0;1;0;0;0;1;0;0;0;0;0,0382425673450156;Muito Baixo;MEDICAL;RENT
22;56000;5,0;15000;16,0;0,27;4;0,2678571428571428;1;5;1;1;0;0;0;0;0;0;1;0;0;1;1;0,9891983904013808;Muito Alto;MEDICAL;MORTGAGE
26;24996;2,0;10000;10,99;0,4;4;0,4000640102416387;0;2;0;0;0;0;1;0;0;0;0;1;0;1;1;0,993959068161038;Muito Alto;PERSONAL;RENT
22;57600;4,0;1500;5,99;0,03;3;0,0260416666666666;0;1;0;0;0;1;0;0;1;0;0;0;0;0;0;8,390375501313129e-05;Muito Baixo;EDUCATION;OWN
21;30000;2,0;5000;14,96;0,17;4;0,1666666666666666;1;4;1;0;0;0;1;0;0;0;1;0;0;1;1;0,9947098354471516;Muito Alto;MEDICAL;RENT
31;55000;5,0;15850;15,31;0,29;7;0,2881818181818182;1;4;0;0;0;1;0;0;1;0;0;0;0;0;0;0,0006100571579491;Muito Baixo;EDUCATION;OWN
27;57996;11,0;7500;12,21;0,13;10;0,1293192633974756;1;2;0;0;0;0;1;0;1;0;0;0;0;0;0;0,2124406823020697;Baixo;EDUCATION;RENT
30;51372;4,0;4500;6,39;0,09;7;0,0875963559915907;0;1;0;0;0;0;1;0;0;1;0;0;0;0;0;0,1395350890286207;Muito Baixo;HOMEIMPROVEMENT;RENT
22;60000;5,0;8800;10,37;0,15;4;0,1466666666666666;0;2;0;1;0;0;0;0;1;0;0;0;0;0;0;0,0251231428141486;Muito Baixo;EDUCATION;MORTGAGE
40;59484;13,0;5500;7,14;0,09;14;0,0924618384775738;0;1;0;1;0;0;0;1;0;0;0;0;0;0;0;0,034927072193431;Muito Baixo;DEBTCONSOLIDATION;MORTGAGE
27;44000;0,0;6000;13,23;0,14;8;0,1363636363636363;1;3;1;1;0;0;0;0;1;0;0;0;0;1;0;0,2056945005071395;Baixo;EDUCATION;MORTGAGE
28;68496;8,0;10000;10,99;0,15;5;0,1459939266526512;0;2;0;0;0;0;1;0;0;0;0;1;0;0;0;0,0896935075642661;Muito Baixo;PERSONAL;RENT
34;180000;9,0;12900;12,99;0,07;7;0,0716666666666666;1;3;1;1;0;0;0;0;1;0;0;0;0;0;0;0,0629556473372468;Muito Baixo;EDUCATION;MORTGAGE
25;23000;0,0;2100;13,48;0,09;4;0,0913043478260869;1;3;1;0;0;0;1;0;1;0;0;0;0;0;0;0,136042721779551;Muito Baixo;EDUCATION;RENT
28;300000;1,0;9600;15,23;0,03;10;0,032;1;3;1;1;0;0;0;0;0;0;0;1;0;0;0;0,0371665750653818;Muito Baixo;PERSONAL;MORTGAGE
25;34000;4,0;10000;6,62;0,29;4;0,2941176470588235;0;1;0;0;0;0;1;0;0;0;0;1;0;1;1;0,60915091136108;Alto;PERSONAL;RENT
22;39000;6,0;3500;9,91;0,09;4;0,0897435897435897;0;2;0;0;0;0;1;0;0;0;1;0;0;0;0;0,1943139632787286;Muito Baixo;MEDICAL;RENT
38;90000;2,0;5000;8,49;0,06;15;0,0555555555555555;0;1;0;0;0;0;1;0;0;0;1;0;0;0;0;0,0114273869981676;Muito Baixo;MEDICAL;RENT
21;81600;6,0;14400;6,92;0,18;4;0,1764705882352941;0;1;0;1;0;0;0;0;1;0;0;0;0;0;0;0,0396838651298531;Muito Baixo;EDUCATION;MORTGAGE
25;75000;2,0;12000;13,48;0,16;3;0,16;1;3;1;1;0;0;0;1;0;0;0;0;0;0;0;0,0506684784376604;Muito Baixo;DEBTCONSOLIDATION;MORTGAGE
42;68000;3,0;8500;10,37;0,13;12;0,125;0;2;0;0;0;0;1;0;0;0;1;0;0;0;0;0,0251730175214767;Muito Baixo;MEDICAL;RENT
25;25200;0,0;6000;9,76;0,24;3;0,238095238095238;0;2;0;0;0;0;1;1;0;0;0;0;0;0;0;0,1028975738281767;Muito Baixo;DEBTCONSOLIDATION;RENT
25;90000;9,0;20000;6,54;0,22;3;0,2222222222222222;0;1;0;1;0;0;0;0;1;0;0;0;0;0;0;0,0197391608932616;Muito Baixo;EDUCATION;MORTGAGE
27;93000;5,0;16000;13,57;0,17;10;0,1720430107526881;1;3;1;1;0;0;0;1;0;0;0;0;0;0;0;0,0800217560489101;Muito Baixo;DEBTCONSOLIDATION;MORTGAGE
26;105000;0,0;10000;7,49;0,1;2;0,0952380952380952;0;1;0;0;0;1;0;0;1;0;0;0;0;0;0;0,0001607754166348;Muito Baixo;EDUCATION;OWN
32;51996;6,0;2100;13,48;0,04;7;0,0403877221324717;1;3;1;0;0;0;1;0;0;0;1;0;0;0;0;0,033508293173276;Muito Baixo;MEDICAL;RENT
25;45996;2,0;5000;20,16;0,11;4;0,108705104791721;1;7;1;0;0;0;1;1;0;0;0;0;0;1;1;0,9999014969354444;Muito Alto;DEBTCONSOLIDATION;RENT
24;16800;4,0;3900;7,49;0,23;3;0,2321428571428571;0;1;0;1;0;0;0;1;0;0;0;0;0;1;1;0,9679213527588708;Muito Alto;DEBTCONSOLIDATION;MORTGAGE
22;75000;6,0;10000;5,79;0,13;3;0,1333333333333333;0;1;0;0;0;0;1;0;0;0;0;0;1;0;0;0,0008695510402577;Muito Baixo;VENTURE;RENT
25;42000;4,0;3000;9,91;0,07;4;0,0714285714285714;0;2;0;1;0;0;0;1;0;0;0;0;0;0;0;0,1345866987479357;Muito Baixo;DEBTCONSOLIDATION;MORTGAGE
26;80000;5,0;5000;7,49;0,06;3;0,0625;0;1;0;1;0;0;0;0;0;0;1;0;0;0;0;0,0071357652584279;Muito Baixo;MEDICAL;MORTGAGE
22;60000;0,0;25475;10,99;0,42;3;0,4245833333333333;0;2;0;0;0;0;1;0;0;0;0;0;1;1;1;0,9969927290531536;Muito Alto;VENTURE;RENT
22;39860;6,0;8000;11,11;0,2;3;0,2007024586051179;1;2;0;0;0;0;1;0;0;0;0;1;0;0;0;0,2275379017759083;Baixo;PERSONAL;RENT
50;39204;4,0;10000;5,99;0,26;12;0,2550760126517702;0;1;0;0;0;0;1;0;0;0;0;0;1;0;0;0,0023178715095995;Muito Baixo;VENTURE;RENT
22;42000;6,0;25000;14,59;0,6;2;0,5952380952380952;1;4;1;0;0;0;1;0;0;0;1;0;0;1;1;0,9992039041295356;Muito Alto;MEDICAL;RENT
37;60000;1,0;10000;15,99;0,17;17;0,1666666666666666;1;4;1;0;0;0;1;0;0;0;1;0;0;1;1;0,9762678016085116;Muito Alto;MEDICAL;RENT
24;27500;0,0;5000;15,07;0,18;4;0,1818181818181818;1;5;1;0;0;0;1;0;0;0;0;1;0;1;1;0,9497295528466264;Muito Alto;PERSONAL;RENT
25;45000;8,0;4000;6,62;0,09;4;0,0888888888888888;0;1;0;1;0;0;0;1;0;0;0;0;0;0;0;0,0366729816131121;Muito Baixo;DEBTCONSOLIDATION;MORTGAGE
23;51000;6,0;13500;12,23;0,26;2;0,2647058823529412;1;3;1;0;0;0;1;1;0;0;0;0;0;0;0;0,1091092486316091;Muito Baixo;DEBTCONSOLIDATION;RENT
23;39996;0,0;6000;11,66;0,15;3;0,15001500150015;1;3;0;0;0;0;1;0;1;0;0;0;0;0;0;0,0670643016266427;Muito Baixo;EDUCATION;RENT
28;30000;6,0;4200;15,23;0,14;7;0,14;1;3;1;0;0;0;1;0;0;0;0;0;1;0;0;0,323838337880631;Baixo;VENTURE;RENT
32;40000;3,0;8000;9,62;0,2;9;0,2;0;2;0;0;0;0;1;1;0;0;0;0;0;0;0;0,0388942555708449;Muito Baixo;DEBTCONSOLIDATION;RENT
23;80000;7,0;7000;16,29;0,09;3;0,0875;1;4;1;1;0;0;0;0;1;0;0;0;0;0;0;0,0315773591075901;Muito Baixo;EDUCATION;MORTGAGE
26;200004;7,0;2500;13,61;0,01;2;0,0124997500049999;1;3;1;0;0;0;1;0;0;0;1;0;0;0;0;0,026973155466674;Muito Baixo;MEDICAL;RENT
29;128000;0,0;15000;9,63;0,12;9;0,1171875;0;1;0;0;0;0;1;0;1;0;0;0;0;1;0;0,0256061743818684;Muito Baixo;EDUCATION;RENT
24;142000;3,0;3000;7,88;0,02;2;0,0211267605633802;0;1;0;0;0;0;1;1;0;0;0;0;0;0;0;0,0153666359078026;Muito Baixo;DEBTCONSOLIDATION;RENT
35;48000;0,0;3400;13,06;0,07;9;0,0708333333333333;1;3;0;0;0;0;1;1;0;0;0;0;0;0;0;0,0589652225218565;Muito Baixo;DEBTCONSOLIDATION;RENT
27;170000;3,0;12075;12,42;0,07;10;0,0710294117647058;1;2;0;0;0;0;1;0;0;1;0;0;0;0;0;0,0763469314202943;Muito Baixo;HOMEIMPROVEMENT;RENT
29;37200;3,0;3000;19,29;0,08;5;0,0806451612903225;1;5;1;0;0;0;1;1;0;0;0;0;0;1;1;0,9943368316086774;Muito Alto;DEBTCONSOLIDATION;RENT
37;15000;0,0;5000;7,74;0,33;13;0,3333333333333333;0;1;0;0;0;1;0;0;0;0;0;0;1;1;1;0,9997421023002296;Muito Alto;VENTURE;OWN
27;44004;2,0;10000;6,92;0,23;6;0,2272520679938187;0;1;0;1;0;0;0;0;0;0;1;0;0;0;0;0,0972848797158844;Muito Baixo;MEDICAL;MORTGAGE
23;85000;7,0;7000;8,63;0,08;2;0,0823529411764705;0;1;0;1;0;0;0;1;0;0;0;0;0;0;0;0,0508077318690274;Muito Baixo;DEBTCONSOLIDATION;MORTGAGE
22;24605;3,0;10000;13,48;0,41;4;0,406421459053038;1;3;0;0;0;1;0;0;1;0;0;0;0;0;0;0,0016221798175881;Muito Baixo;EDUCATION;OWN
28;48500;0,0;15000;12,99;0,31;7;0,3092783505154639;1;3;1;0;0;0;1;0;0;0;1;0;0;1;1;0,9932026134527362;Muito Alto;MEDICAL;RENT
21;49000;5,0;12500;7,49;0,26;4;0,2551020408163265;0;1;0;0;0;0;1;0;0;0;0;0;1;0;0;0,0050546889656898;Muito Baixo;VENTURE;RENT
36;65458;4,0;8000;7,29;0,12;13;0,1222157719453695;0;1;0;1;0;0;0;0;0;0;1;0;0;0;0;0,0204484593848736;Muito Baixo;MEDICAL;MORTGAGE
26;30000;2,0;7000;10,71;0,23;4;0,2333333333333333;0;2;0;0;0;0;1;0;0;0;1;0;0;0;0;0,0997151360496537;Muito Baixo;MEDICAL;RENT
41;43439;4,0;15000;12,73;0,35;15;0,345311816570363;1;3;1;0;0;0;1;0;0;0;0;0;1;1;1;0,9884360941353326;Muito Alto;VENTURE;RENT
22;34000;1,0;6500;13,22;0,19;4;0,1911764705882352;1;3;0;0;0;0;1;0;0;0;0;0;1;1;1;0,515021378016507;Moderado;VENTURE;RENT
36;120000;12,0;14500;5,42;0,12;15;0,1208333333333333;0;1;0;1;0;0;0;1;0;0;0;0;0;0;0;0,0057619522604811;Muito Baixo;DEBTCONSOLIDATION;MORTGAGE
25;114000;4,0;10000;9,32;0,09;4;0,087719298245614;0;1;0;1;0;0;0;0;1;0;0;0;0;0;0;0,0368837570535026;Muito Baixo;EDUCATION;MORTGAGE
46;30000;15,0;10000;13,49;0,33;12;0,3333333333333333;1;3;0;0;0;0;1;1;0;0;0;0;0;1;1;0,9900306977487168;Muito Alto;DEBTCONSOLIDATION;RENT
31;69000;15,0;4050;7,51;0,06;7;0,058695652173913;0;1;0;1;0;0;0;0;1;0;0;0;0;1;0;0,072191446542028;Muito Baixo;EDUCATION;MORTGAGE
22;31200;4,0;6000;13,22;0,19;2;0,1923076923076923;1;3;0;0;0;0;1;0;1;0;0;0;0;0;0;0,215137676513195;Baixo;EDUCATION;RENT
21;40800;3,0;12000;15,21;0,29;2;0,2941176470588235;1;4;0;0;0;0;1;0;0;0;1;0;0;1;1;0,9584131800174236;Muito Alto;MEDICAL;RENT
28;115000;2,0;18000;10,59;0,16;10;0,1565217391304348;0;2;0;1;0;0;0;0;0;0;0;1;0;0;0;0,0319340821168665;Muito Baixo;PERSONAL;MORTGAGE
23;42000;1,0;4100;7,88;0,1;2;0,0976190476190476;0;1;0;0;0;0;1;0;0;0;1;0;0;0;0;0,0508930144197577;Muito Baixo;MEDICAL;RENT
23;40800;1,0;16000;10,99;0,39;4;0,392156862745098;0;2;0;1;0;0;0;0;1;0;0;0;0;0;0;0,1084289891302822;Muito Baixo;EDUCATION;MORTGAGE
21;12720;1,0;7500;7,05;0,59;4;0,589622641509434;0;1;0;0;0;0;1;0;1;0;0;0;0;1;1;0,9997436848382484;Muito Alto;EDUCATION;RENT
24;185000;7,0;25000;12,68;0,14;2;0,1351351351351351;1;3;1;0;0;0;1;0;0;1;0;0;0;0;0;0,1431818105315159;Muito Baixo;HOMEIMPROVEMENT;RENT
23;55550;7,0;8000;10,99;0,14;3;0,144014401440144;0;2;0;0;0;0;1;1;0;0;0;0;0;0;0;0,1015487845976774;Muito Baixo;DEBTCONSOLIDATION;RENT
38;65000;6,0;11500;13,92;0,18;16;0,1769230769230769;1;3;0;1;0;0;0;0;0;0;1;0;0;0;0;0,1391655492839884;Muito Baixo;MEDICAL;MORTGAGE
34;30000;6,0;4650;10,99;0,15;8;0,155;0;2;0;1;0;0;0;0;0;0;1;0;0;0;0;0,1224261331380337;Muito Baixo;MEDICAL;MORTGAGE
24;72444;7,0;25000;10,74;0,35;4;0,3450941416818508;0;2;0;1;0;0;0;0;0;1;0;0;0;0;0;0,1430543807634525;Muito Baixo;HOMEIMPROVEMENT;MORTGAGE
23;60000;4,0;20000;6,54;0,33;3;0,3333333333333333;0;1;0;1;0;0;0;0;0;0;0;1;0;0;0;0,0488484788392192;Muito Baixo;PERSONAL;MORTGAGE
40;120000;2,0;17000;10,51;0,14;15;0,1416666666666666;0;2;0;1;0;0;0;0;0;0;0;0;1;0;0;0,0007972124228308;Muito Baixo;VENTURE;MORTGAGE
28;64000;3,0;7200;7,29;0,11;8;0,1125;0;1;0;1;0;0;0;0;0;0;0;0;1;0;0;0,0011980658948412;Muito Baixo;VENTURE;MORTGAGE
32;75000;0,0;10000;11,89;0,13;5;0,1333333333333333;1;2;0;1;0;0;0;0;1;0;0;0;0;0;0;0,0743464649282918;Muito Baixo;EDUCATION;MORTGAGE
30;36000;7,0;15000;11,83;0,42;10;0,4166666666666667;1;2;0;1;0;0;0;1;0;0;0;0;0;0;0;0,1662395391062155;Muito Baixo;DEBTCONSOLIDATION;MORTGAGE
36;69000;0,0;15600;10,99;0,23;16;0,2260869565217391;0;2;0;0;0;0;1;0;0;0;1;0;0;0;0;0,0361980722578312;Muito Baixo;MEDICAL;RENT
27;63000;2,0;9500;8,07;0,15;6;0,1507936507936507;0;1;0;0;0;1;0;0;0;0;1;0;0;0;0;0,0013403121311162;Muito Baixo;MEDICAL;OWN
26;50200;1,0;9000;7,66;0,18;3;0,1792828685258964;0;1;0;0;0;0;1;0;0;1;0;0;0;0;0;0,0514648166406986;Muito Baixo;HOMEIMPROVEMENT;RENT
22;43000;7,0;24000;13,85;0,56;3;0,5581395348837209;1;3;1;0;0;0;1;1;0;0;0;0;0;1;1;0,9932021755766284;Muito Alto;DEBTCONSOLIDATION;RENT
36;70000;11,0;25000;12,84;0,36;16;0,3571428571428571;1;3;1;1;0;0;0;0;0;0;0;1;0;0;0;0,1033574503865447;Muito Baixo;PERSONAL;MORTGAGE
26;94500;6,0;14400;10,37;0,15;3;0,1523809523809524;0;2;0;0;0;0;1;0;0;1;0;0;0;0;0;0,0660998733139352;Muito Baixo;HOMEIMPROVEMENT;RENT
24;58000;6,0;12000;13,11;0,21;2;0,2068965517241379;1;3;0;0;0;0;1;0;1;0;0;0;0;0;0;0,1238188610738278;Muito Baixo;EDUCATION;RENT
25;55315;3,0;15000;10,74;0,27;2;0,2711741842176625;0;2;0;0;0;0;1;0;1;0;0;0;0;0;0;0,1148300077334689;Muito Baixo;EDUCATION;RENT
23;100300;3,0;8400;14,84;0,07;2;0,0837487537387836;1;4;0;0;0;0;1;0;0;0;1;0;0;1;1;0,9872759191646068;Muito Alto;MEDICAL;RENT
33;40000;15,0;15000;9,88;0,38;5;0,375;0;2;0;0;0;0;1;0;0;0;0;1;0;1;1;0,995668077451336;Muito Alto;PERSONAL;RENT
23;39000;1,0;6000;15,99;0,15;3;0,1538461538461538;1;4;0;0;0;0;1;0;1;0;0;0;0;1;1;0,9617581986928052;Muito Alto;EDUCATION;RENT
24;120000;3,0;4800;5,99;0,04;4;0,04;0;1;0;1;0;0;0;0;0;0;1;0;0;0;0;0,0019463198434539;Muito Baixo;MEDICAL;MORTGAGE
37;110000;12,0;25000;10,99;0,23;12;0,2272727272727272;0;2;0;0;0;0;1;0;1;0;0;0;0;0;0;0,0462512167443068;Muito Baixo;EDUCATION;RENT
23;44390;3,0;14300;10,99;0,32;2;0,3221446271682811;0;2;0;0;0;1;0;0;1;0;0;0;0;0;0;0,0011089166289647;Muito Baixo;EDUCATION;OWN
43;80000;5,0;10000;11,49;0,13;12;0,125;1;2;0;0;0;0;1;0;0;1;0;0;0;0;0;0,0380209882625321;Muito Baixo;HOMEIMPROVEMENT;RENT
25;30000;2,0;5200;17,19;0,17;2;0,1733333333333333;1;5;1;0;0;0;1;0;0;0;0;0;1;1;1;0,9443574019550892;Muito Alto;VENTURE;RENT
35;57996;0,0;6000;13,57;0,1;8;0,1034554107179805;1;3;1;0;0;0;1;0;0;1;0;0;0;0;0;0,2046889166021225;Baixo;HOMEIMPROVEMENT;RENT
22;60000;3,0;14000;13,48;0,23;3;0,2333333333333333;1;3;1;0;0;0;1;1;0;0;0;0;0;0;0;0,0369801363680338;Muito Baixo;DEBTCONSOLIDATION;RENT
26;45000;0,0;7750;12,53;0,17;4;0,1722222222222222;1;3;0;1;0;0;0;1;0;0;0;0;0;0;0;0,0971677415476698;Muito Baixo;DEBTCONSOLIDATION;MORTGAGE
21;27600;5,0;7000;5,99;0,25;2;0,2536231884057971;0;1;0;0;0;0;1;0;1;0;0;0;0;0;0;0,0484336006363026;Muito Baixo;EDUCATION;RENT
39;44000;2,0;8000;9,63;0,18;17;0,1818181818181818;0;2;0;1;0;0;0;0;0;0;1;0;0;0;0;0,1441732292403056;Muito Baixo;MEDICAL;MORTGAGE
30;103000;14,0;6400;7,49;0,06;9;0,062135922330097;0;1;0;1;0;0;0;0;0;0;0;1;0;0;0;0,0151541332364963;Muito Baixo;PERSONAL;MORTGAGE
42;69996;1,0;10000;7,66;0,14;12;0,1428653065889479;0;1;0;1;0;0;0;0;0;0;0;1;0;0;0;0,0176599870262206;Muito Baixo;PERSONAL;MORTGAGE
23;97781;7,0;15000;6,54;0,15;3;0,1534040355488285;0;1;0;1;0;0;0;0;0;0;0;0;1;0;0;0,0010771096122823;Muito Baixo;VENTURE;MORTGAGE
22;51000;6,0;7500;5,99;0,15;2;0,1470588235294117;0;1;0;0;0;0;1;0;0;0;0;1;0;0;0;0,0254434241489722;Muito Baixo;PERSONAL;RENT
24;116300;6,0;5000;14,96;0,04;4;0,0429922613929492;1;4;1;0;0;0;1;0;0;1;0;0;0;0;0;0,1668991395671134;Muito Baixo;HOMEIMPROVEMENT;RENT
24;120000;8,0;10000;6,03;0,08;4;0,0833333333333333;0;1;0;1;0;0;0;0;1;0;0;0;0;0;0;0,007891908563681;Muito Baixo;EDUCATION;MORTGAGE
37;52188;14,0;10000;5,79;0,19;17;0,1916149306353951;0;1;0;1;0;0;0;0;0;1;0;0;0;0;0;0,0159486696042752;Muito Baixo;HOMEIMPROVEMENT;MORTGAGE
22;27000;1,0;5000;10,08;0,19;2;0,1851851851851851;0;2;0;0;0;0;1;0;0;0;0;0;1;0;0;0,0047983387011103;Muito Baixo;VENTURE;RENT
25;43800;0,0;13000;10,38;0,3;4;0,2968036529680365;0;2;0;1;0;0;0;0;1;0;0;0;0;0;0;0,1366974260027194;Muito Baixo;EDUCATION;MORTGAGE
23;49000;7,0;5000;15,21;0,1;2;0,1020408163265306;1;4;0;1;0;0;0;0;0;0;1;0;0;1;1;0,9962928423925445;Muito Alto;MEDICAL;MORTGAGE
34;61200;18,0;30000;11,71;0,49;8;0,4901960784313725;1;2;0;0;0;0;1;0;0;0;1;0;0;1;1;0,995226802306872;Muito Alto;MEDICAL;RENT
35;54996;12,0;20000;6,62;0,36;9;0,3636628118408611;0;1;0;0;0;0;1;0;0;1;0;0;0;1;1;0,972490969388307;Muito Alto;HOMEIMPROVEMENT;RENT
24;80000;8,0;5000;15,62;0,06;2;0,0625;1;4;0;1;0;0;0;0;0;0;0;0;1;0;0;0,0507322566442076;Muito Baixo;VENTURE;MORTGAGE
23;42000;7,0;8000;5,42;0,19;3;0,1904761904761904;0;1;0;1;0;0;0;0;0;0;0;0;1;0;0;0,0006396152247782;Muito Baixo;VENTURE;MORTGAGE
22;19000;6,0;3625;8,49;0,19;3;0,1907894736842105;0;1;0;0;0;1;0;0;0;0;1;0;0;1;1;0,998202425080623;Muito Alto;MEDICAL;OWN
27;38000;11,0;4000;7,68;0,11;9;0,1052631578947368;0;1;0;0;0;1;0;0;0;1;0;0;0;0;0;0,00147843313905;Muito Baixo;HOMEIMPROVEMENT;OWN
43;55000;17,0;2000;12,53;0,04;11;0,0363636363636363;1;2;0;0;0;1;0;0;0;0;0;0;1;0;0;3,2400261711623945e-05;Muito Baixo;VENTURE;OWN
27;44000;5,0;13650;10,65;0,31;5;0,3102272727272727;0;2;0;0;0;0;1;0;1;0;0;0;0;1;1;0,9933523424006424;Muito Alto;EDUCATION;RENT
25;130000;5,0;20000;13,48;0,15;2;0,1538461538461538;1;3;0;1;0;0;0;0;0;0;0;0;1;0;0;0,0453772698710866;Muito Baixo;VENTURE;MORTGAGE
34;35000;2,0;15000;10,99;0,43;10;0,4285714285714285;0;2;0;0;0;0;1;0;0;0;0;1;0;1;1;0,9896030706597634;Muito Alto;PERSONAL;RENT
30;160000;4,0;7000;13,98;0,04;5;0,04375;1;3;0;1;0;0;0;0;1;0;0;0;0;0;0;0,0702243528981318;Muito Baixo;EDUCATION;MORTGAGE
22;25200;1,0;7000;13,92;0,28;3;0,2777777777777778;1;3;0;1;0;0;0;0;0;0;0;1;0;0;0;0,2782369464239362;Baixo;PERSONAL;MORTGAGE
26;75000;4,0;12000;6,92;0,16;3;0,16;0;1;0;1;0;0;0;0;0;1;0;0;0;0;0;0,0190371906072317;Muito Baixo;HOMEIMPROVEMENT;MORTGAGE
24;79000;4,0;5000;15,33;0,06;2;0,0632911392405063;1;4;0;1;0;0;0;0;0;1;0;0;0;1;0;0,227296078822069;Baixo;HOMEIMPROVEMENT;MORTGAGE
31;117516;3,0;21000;13,49;0,18;5;0,178699070764832;1;3;0;1;0;0;0;0;0;0;1;0;0;0;0;0,0747855699407728;Muito Baixo;MEDICAL;MORTGAGE
22;120000;4,0;6000;8,9;0,05;3;0,05;0;1;0;1;0;0;0;0;1;0;0;0;0;0;0;0,0148647315402931;Muito Baixo;EDUCATION;MORTGAGE
22;29004;6,0;6200;15,23;0,21;4;0,2137636188111984;1;3;1;0;0;0;1;1;0;0;0;0;0;0;1;0,7144075629157749;Alto;DEBTCONSOLIDATION;RENT
23;60000;4,0;7500;7,66;0,13;2;0,125;0;1;0;0;0;0;1;0;0;0;0;1;0;0;0;0,0321742280452279;Muito Baixo;PERSONAL;RENT
22;43200;1,0;8400;16,77;0,19;4;0,1944444444444444;1;4;0;1;0;0;0;0;0;0;0;1;0;0;0;0,2054997211978675;Baixo;PERSONAL;MORTGAGE
23;85000;6,0;25000;10,75;0,29;4;0,2941176470588235;0;2;0;1;0;0;0;0;0;0;0;1;0;0;0;0,050436335858364;Muito Baixo;PERSONAL;MORTGAGE
23;108000;2,0;35000;8,49;0,32;4;0,324074074074074;0;1;0;0;0;1;0;0;0;0;0;0;1;0;0;0,0001067399238714;Muito Baixo;VENTURE;OWN
24;46000;0,0;4800;8,9;0,1;2;0,1043478260869565;0;1;0;0;0;0;1;0;0;0;0;1;0;0;0;0,0844223227325034;Muito Baixo;PERSONAL;RENT
31;70000;4,0;8000;10,99;0,11;6;0,1142857142857142;0;2;0;0;0;0;1;0;1;0;0;0;0;0;0;0,0725210523632206;Muito Baixo;EDUCATION;RENT
23;73000;7,0;7000;10,74;0,1;3;0,0958904109589041;0;2;0;1;0;0;0;0;0;0;0;0;1;0;0;0,002403541654211;Muito Baixo;VENTURE;MORTGAGE
28;59600;2,0;5000;5,79;0,08;10;0,0838926174496644;0;1;0;0;0;0;1;0;0;1;0;0;0;0;0;0,1209260773982102;Muito Baixo;HOMEIMPROVEMENT;RENT
22;60000;6,0;12000;13,99;0,2;3;0,2;1;3;1;1;0;0;0;0;0;0;0;1;0;0;0;0,0725316310314218;Muito Baixo;PERSONAL;MORTGAGE
23;92000;7,0;15000;11,26;0,16;2;0,1630434782608695;1;2;0;1;0;0;0;0;0;0;0;1;0;0;0;0,0665043640306623;Muito Baixo;PERSONAL;MORTGAGE
31;84000;12,0;10000;5,99;0,12;8;0,119047619047619;0;1;0;1;0;0;0;0;0;1;0;0;0;0;0;0,0075027279359444;Muito Baixo;HOMEIMPROVEMENT;MORTGAGE
26;46800;6,0;7500;9,99;0,16;3;0,1602564102564102;0;2;0;0;0;0;1;1;0;0;0;0;0;0;0;0,0834352996144383;Muito Baixo;DEBTCONSOLIDATION;RENT
30;70000;15,0;10000;10,75;0,14;6;0,1428571428571428;0;2;0;1;0;0;0;1;0;0;0;0;0;0;0;0,0576345614299688;Muito Baixo;DEBTCONSOLIDATION;MORTGAGE
23;42000;3,0;1500;10,71;0,04;2;0,0357142857142857;0;2;0;0;0;0;1;1;0;0;0;0;0;0;0;0,0855304983874738;Muito Baixo;DEBTCONSOLIDATION;RENT
21;104740;5,0;19200;11,99;0,18;2;0,1833110559480618;1;2;0;1;0;0;0;0;1;0;0;0;0;0;0;0,0280229626608406;Muito Baixo;EDUCATION;MORTGAGE
30;60000;2,0;10000;7,49;0,17;7;0,1666666666666666;0;1;0;0;0;0;1;0;0;0;0;1;0;0;0;0,0189300208941995;Muito Baixo;PERSONAL;RENT
24;58000;5,0;5000;7,49;0,09;2;0,0862068965517241;0;1;0;0;0;0;1;0;0;0;1;0;0;0;0;0,0499710574120766;Muito Baixo;MEDICAL;RENT
23;31200;0,0;3200;13,49;0,1;2;0,1025641025641025;1;3;1;0;0;0;1;0;0;0;0;1;0;0;0;0,2395581395622198;Baixo;PERSONAL;RENT
37;900000;5,0;25000;12,87;0,03;13;0,0277777777777777;1;3;1;1;0;0;0;0;0;0;0;1;0;0;0;0,1997660677280357;Muito Baixo;PERSONAL;MORTGAGE
38;18000;4,0;3000;13,23;0,17;14;0,1666666666666666;1;3;1;0;0;0;1;0;1;0;0;0;0;1;1;0,976096662220802;Muito Alto;EDUCATION;RENT
24;30000;2,0;14000;7,9;0,47;2;0,4666666666666667;0;1;0;0;0;0;1;1;0;0;0;0;0;1;1;0,9908095554649272;Muito Alto;DEBTCONSOLIDATION;RENT
26;37225;4,0;2500;13,48;0,07;3;0,0671591672263264;1;3;0;0;0;0;1;0;0;0;0;1;0;0;0;0,2056031173908287;Baixo;PERSONAL;RENT
28;84000;8,0;25000;7,9;0,3;7;0,2976190476190476;0;1;0;0;0;1;0;0;0;0;0;0;1;0;0;2,327705698333732e-05;Muito Baixo;VENTURE;OWN
33;170000;15,0;21000;14,26;0,12;5;0,1235294117647058;1;3;0;0;0;1;0;0;0;1;0;0;0;0;0;0,0006683194421596;Muito Baixo;HOMEIMPROVEMENT;OWN
22;70000;0,0;9600;15,37;0,14;2;0,1371428571428571;1;4;0;1;0;0;0;0;1;0;0;0;0;0;0;0,0839513773397976;Muito Baixo;EDUCATION;MORTGAGE
25;30000;4,0;1400;13,11;0,05;2;0,0466666666666666;1;3;0;0;0;0;1;0;0;0;1;0;0;0;0;0,3042975547880749;Baixo;MEDICAL;RENT
23;65000;4,0;7500;8,59;0,12;3;0,1153846153846153;0;1;0;1;0;0;0;0;1;0;0;0;0;0;0;0,0290874204386031;Muito Baixo;EDUCATION;MORTGAGE
29;48000;5,0;10000;12,73;0,21;7;0,2083333333333333;1;3;1;1;0;0;0;0;1;0;0;0;0;0;0;0,1408374909894486;Muito Baixo;EDUCATION;MORTGAGE
22;98000;5,0;25000;14,46;0,26;3;0,2551020408163265;1;4;0;1;0;0;0;0;1;0;0;0;0;0;0;0,144089191362189;Muito Baixo;EDUCATION;MORTGAGE
36;26880;0,0;4500;7,66;0,17;11;0,1674107142857142;0;1;0;0;0;1;0;0;0;0;1;0;0;0;0;0,0003723234901379;Muito Baixo;MEDICAL;OWN
21;23000;2,0;7000;8,9;0,3;4;0,3043478260869565;0;1;0;1;0;0;0;1;0;0;0;0;0;0;0;0,0472559760718176;Muito Baixo;DEBTCONSOLIDATION;MORTGAGE
37;155000;11,0;20000;6,54;0,13;15;0,1290322580645161;0;1;0;1;0;0;0;0;0;1;0;0;0;0;0;0,0217599815736799;Muito Baixo;HOMEIMPROVEMENT;MORTGAGE
24;55000;1,0;7500;12,53;0,14;2;0,1363636363636363;1;2;0;0;0;0;1;0;0;1;0;0;0;0;0;0,1675157698095032;Muito Baixo;HOMEIMPROVEMENT;RENT
27;34000;0,0;10000;15,37;0,29;5;0,2941176470588235;1;4;1;0;0;0;1;0;0;0;0;1;0;1;1;0,9912629811504998;Muito Alto;PERSONAL;RENT
23;88000;4,0;4000;7,14;0,05;4;0,0454545454545454;0;1;0;0;0;0;1;0;0;1;0;0;0;1;1;0,755076645585205;Alto;HOMEIMPROVEMENT;RENT
33;63996;4,0;3200;10,74;0,05;9;0,0500031251953247;0;2;0;0;0;0;1;0;1;0;0;0;0;0;0;0,1570611121377839;Muito Baixo;EDUCATION;RENT
35;99800;9,0;8000;7,14;0,08;9;0,0801603206412825;0;1;0;1;0;0;0;0;0;0;0;1;0;0;0;0,0108506274531975;Muito Baixo;PERSONAL;MORTGAGE
26;54000;2,0;16000;14,83;0,3;2;0,2962962962962963;1;4;0;0;0;0;1;0;0;0;0;0;1;1;1;0,955130873817546;Muito Alto;VENTURE;RENT
39;76644;2,0;6400;7,49;0,08;15;0,0835029486978758;0;1;0;0;0;0;1;0;0;0;0;0;1;0;0;0,0010353756511206;Muito Baixo;VENTURE;RENT
26;30000;3,0;4200;9,91;0,14;4;0,14;0;2;0;0;0;0;1;0;0;0;0;1;0;0;0;0,2186883467828292;Baixo;PERSONAL;RENT
31;85000;0,0;25000;11,89;0,29;6;0,2941176470588235;1;2;0;0;0;0;1;0;0;0;0;1;0;0;0;0,1231289959000249;Muito Baixo;PERSONAL;RENT
29;35000;1,0;10625;7,9;0,3;6;0,3035714285714285;0;1;0;0;0;0;1;0;0;0;0;1;0;0;0;0,0877197937530387;Muito Baixo;PERSONAL;RENT
25;32000;1,0;6000;12,92;0,19;3;0,1875;1;4;1;0;0;0;1;0;0;0;0;1;0;1;1;0,9414258064445182;Muito Alto;PERSONAL;RENT
31;58000;15,0;16000;16,82;0,28;8;0,2758620689655172;1;5;0;1;0;0;0;1;0;0;0;0;0;1;1;0,997758289299561;Muito Alto;DEBTCONSOLIDATION;MORTGAGE
29;50004;1,0;1500;13,11;0,03;8;0,0299976001919846;1;3;0;1;0;0;0;0;0;0;1;0;0;0;0;0,09315231682202;Muito Baixo;MEDICAL;MORTGAGE
26;34000;5,0;7500;7,9;0,22;4;0,2205882352941176;0;1;0;0;0;0;1;0;0;0;0;0;1;0;0;0,0128783359724982;Muito Baixo;VENTURE;RENT
25;111996;9,0;24250;15,31;0,22;3;0,2165255901996499;1;4;0;0;0;0;1;0;0;0;0;1;0;0;0;0,0954853994862359;Muito Baixo;PERSONAL;RENT
31;56000;6,0;11500;7,49;0,21;9;0,2053571428571428;0;1;0;0;0;1;0;0;0;0;0;0;1;0;0;2,3919520682200625e-05;Muito Baixo;VENTURE;OWN
28;52524;11,0;9200;9,32;0,18;7;0,1751580229990099;0;1;0;1;0;0;0;0;0;0;1;0;0;0;0;0,1956093576865365;Muito Baixo;MEDICAL;MORTGAGE
26;24000;10,0;4500;12,42;0,19;4;0,1875;1;2;0;0;0;0;1;0;0;0;1;0;0;0;0;0,0958845204884341;Muito Baixo;MEDICAL;RENT
27;62000;11,0;4150;18,39;0,07;5;0,0669354838709677;1;5;0;1;0;0;0;0;1;0;0;0;0;0;0;0,3807930909778309;Baixo;EDUCATION;MORTGAGE
22;46000;3,0;11000;10,59;0,24;2;0,2391304347826087;0;2;0;0;0;0;1;1;0;0;0;0;0;0;0;0,0631676476703829;Muito Baixo;DEBTCONSOLIDATION;RENT
25;38014;4,0;10000;8,49;0,26;3;0,2630609775345925;0;1;0;1;0;0;0;0;0;1;0;0;0;0;0;0,1719576973962963;Muito Baixo;HOMEIMPROVEMENT;MORTGAGE
24;75000;7,0;12000;13,49;0,16;4;0,16;1;3;1;1;0;0;0;0;0;1;0;0;0;0;0;0,0677485967964959;Muito Baixo;HOMEIMPROVEMENT;MORTGAGE
23;167300;1,0;20000;12,21;0,12;2;0,1195457262402869;1;2;0;1;0;0;0;0;1;0;0;0;0;0;0;0,022703768172074;Muito Baixo;EDUCATION;MORTGAGE
29;28080;1,0;2500;10,99;0,09;8;0,089031339031339;0;2;0;0;0;0;1;0;0;0;1;0;0;0;0;0,0797255412565648;Muito Baixo;MEDICAL;RENT
34;75500;0,0;19200;16,77;0,25;10;0,2543046357615894;1;4;0;0;0;0;1;0;1;0;0;0;0;1;1;0,9328024235985676;Muito Alto;EDUCATION;RENT
34;60100;6,0;1500;6,03;0,02;6;0,0249584026622296;0;1;0;1;0;0;0;0;1;0;0;0;0;0;0;0,0741767682607042;Muito Baixo;EDUCATION;MORTGAGE
22;93600;0,0;6000;7,49;0,06;2;0,0641025641025641;0;1;0;1;0;0;0;1;0;0;0;0;0;0;0;0,0049701339828893;Muito Baixo;DEBTCONSOLIDATION;MORTGAGE
22;30000;3,0;6000;10,37;0,2;2;0,2;0;2;0;0;0;0;1;0;0;0;0;1;0;0;0;0,2831199219926723;Baixo;PERSONAL;RENT
23;50000;3,0;1500;11,49;0,03;2;0,03;1;2;0;0;0;1;0;0;0;0;0;1;0;0;0;0,0003443267416731;Muito Baixo;PERSONAL;OWN
30;60000;11,0;5500;7,51;0,09;10;0,0916666666666666;0;1;0;0;0;0;1;1;0;0;0;0;0;0;0;0,0271407617901131;Muito Baixo;DEBTCONSOLIDATION;RENT
23;40000;1,0;4600;10,59;0,12;3;0,115;0;2;0;0;0;0;1;0;0;0;0;0;1;0;0;0,0015622352317011;Muito Baixo;VENTURE;RENT
28;62496;1,0;13000;10,37;0,21;8;0,2080133128520225;0;2;0;0;0;0;1;1;0;0;0;0;0;0;0;0,0408853684197721;Muito Baixo;DEBTCONSOLIDATION;RENT
23;60000;3,0;8000;10,25;0,13;3;0,1333333333333333;0;2;0;0;0;0;1;0;1;0;0;0;0;0;0;0,0211115972074117;Muito Baixo;EDUCATION;RENT
24;65000;0,0;4800;7,88;0,07;4;0,0738461538461538;0;1;0;0;0;0;1;0;0;0;0;1;0;0;0;0,0311815893974837;Muito Baixo;PERSONAL;RENT
32;45996;2,0;1800;11,58;0,04;9;0,0391338377250195;1;2;0;0;0;0;1;0;0;0;1;0;0;0;0;0,0549178886531974;Muito Baixo;MEDICAL;RENT
26;125000;3,0;6000;12,53;0,05;2;0,048;1;2;0;0;0;0;1;0;1;0;0;0;0;0;0;0,0721351046064143;Muito Baixo;EDUCATION;RENT
27;59004;3,0;10000;16,32;0,17;6;0,1694800352518473;1;4;1;0;0;0;1;0;1;0;0;0;0;0;0;0,4188677625207754;Moderado;EDUCATION;RENT
23;104000;7,0;9000;10,65;0,09;2;0,0865384615384615;0;2;0;1;0;0;0;0;0;0;0;1;0;0;0;0,0693202118892276;Muito Baixo;PERSONAL;MORTGAGE
29;67027;4,0;5000;7,51;0,06;10;0,0745968042729049;0;1;0;0;0;0;1;0;0;0;1;0;0;1;0;0,0383929956227572;Muito Baixo;MEDICAL;RENT
23;108000;7,0;18000;11,26;0,17;2;0,1666666666666666;1;2;0;1;0;0;0;0;0;1;0;0;0;1;1;0,9551821596898976;Muito Alto;HOMEIMPROVEMENT;MORTGAGE
25;160000;3,0;20000;13,47;0,13;2;0,125;1;3;1;1;0;0;0;0;0;0;0;0;1;0;0;0,0246238062628915;Muito Baixo;VENTURE;MORTGAGE
24;26400;2,0;6400;10,37;0,24;3;0,2424242424242424;0;2;0;0;0;0;1;0;0;0;1;0;0;0;0;0,0532859575809947;Muito Baixo;MEDICAL;RENT
25;39000;9,0;3000;13,99;0,08;3;0,0769230769230769;1;3;1;1;0;0;0;0;0;1;0;0;0;0;1;0,5809798504539111;Moderado;HOMEIMPROVEMENT;MORTGAGE
27;50000;3,0;10000;12,84;0,2;10;0,2;1;3;0;1;0;0;0;1;0;0;0;0;0;0;0;0,0618730472097974;Muito Baixo;DEBTCONSOLIDATION;MORTGAGE
24;52000;6,0;9000;5,79;0,17;2;0,173076923076923;0;1;0;1;0;0;0;0;0;0;0;0;1;0;0;0,0004973825214804;Muito Baixo;VENTURE;MORTGAGE
22;28500;1,0;8500;7,68;0,3;4;0,2982456140350877;0;1;0;1;0;0;0;1;0;0;0;0;0;0;0;0,06310644674816;Muito Baixo;DEBTCONSOLIDATION;MORTGAGE
32;31000;16,0;3000;7,51;0,1;7;0,0967741935483871;0;1;0;1;0;0;0;1;0;0;0;0;0;1;0;0,084167028596653;Muito Baixo;DEBTCONSOLIDATION;MORTGAGE
30;185000;8,0;15000;10,99;0,08;7;0,081081081081081;0;2;0;1;0;0;0;0;0;0;0;0;1;0;0;0,0012861273201706;Muito Baixo;VENTURE;MORTGAGE
24;75000;0,0;25000;14,7;0,33;3;0,3333333333333333;1;5;1;0;0;0;1;0;0;0;0;0;1;1;1;0,9955683769409516;Muito Alto;VENTURE;RENT
24;50000;3,0;3000;13,48;0,06;2;0,06;1;3;0;0;0;0;1;0;0;0;1;0;0;1;0;0,0336210452892385;Muito Baixo;MEDICAL;RENT
26;120000;3,0;4600;6,39;0,04;2;0,0383333333333333;0;1;0;1;0;0;0;0;0;0;0;1;0;0;0;0,0078207925897866;Muito Baixo;PERSONAL;MORTGAGE
24;33000;8,0;5000;13,48;0,15;3;0,1515151515151515;1;3;0;0;0;0;1;0;0;0;1;0;0;0;0;0,1403628095846336;Muito Baixo;MEDICAL;RENT
28;30000;12,0;2000;5,42;0,07;5;0,0666666666666666;0;1;0;0;0;0;1;0;1;0;0;0;0;0;0;0,0962527480868451;Muito Baixo;EDUCATION;RENT
27;12000;0,0;4000;14,22;0,33;7;0,3333333333333333;1;3;1;0;0;0;1;0;0;0;0;0;1;1;1;0,9991321365991837;Muito Alto;VENTURE;RENT
27;96000;0,0;4375;8,88;0,05;7;0,0455729166666666;0;2;0;0;0;0;1;1;0;0;0;0;0;0;0;0,0113460213362517;Muito Baixo;DEBTCONSOLIDATION;RENT
25;60000;0,0;1200;7,66;0,02;3;0,02;0;1;0;0;0;0;1;0;0;0;1;0;0;0;0;0,0093573309528727;Muito Baixo;MEDICAL;RENT
24;24000;1,0;2400;7,49;0,1;2;0,1;0;1;0;0;0;1;0;0;1;0;0;0;0;0;0;0,0006935848257441;Muito Baixo;EDUCATION;OWN
23;65000;2,0;14000;9,99;0,22;2;0,2153846153846154;0;2;0;0;0;0;1;1;0;0;0;0;0;0;0;0,0252678996259854;Muito Baixo;DEBTCONSOLIDATION;RENT
26;95000;0,0;6000;10,99;0,06;2;0,0631578947368421;0;2;0;0;0;0;1;0;0;0;1;0;0;0;0;0,0175411531478515;Muito Baixo;MEDICAL;RENT
40;36100;9,0;15250;12,53;0,42;16;0,4224376731301939;1;2;0;0;0;0;1;0;0;0;0;0;1;1;1;0,9984883132601224;Muito Alto;VENTURE;RENT
41;57600;6,0;8000;6,03;0,14;12;0,1388888888888889;0;1;0;0;0;0;1;0;0;0;0;1;0;0;0;0,0124793831330587;Muito Baixo;PERSONAL;RENT
35;95142;18,0;12000;14,84;0,13;9;0,1261272624077694;1;4;1;1;0;0;0;0;0;0;0;1;0;0;0;0,0446826751894358;Muito Baixo;PERSONAL;MORTGAGE
29;67171;13,0;1600;8,9;0,02;7;0,0238198031888761;0;1;0;0;0;0;1;0;0;0;1;0;0;0;0;0,1523775405340155;Muito Baixo;MEDICAL;RENT
28;31000;1,0;7500;15,31;0,24;5;0,2419354838709677;1;4;1;0;0;0;1;0;0;1;0;0;0;1;1;0,9969140084430252;Muito Alto;HOMEIMPROVEMENT;RENT
27;56525;4,0;12000;15,95;0,18;7;0,2122954444935869;1;4;1;1;0;0;0;0;0;0;1;0;0;1;1;0,9922670440397644;Muito Alto;MEDICAL;MORTGAGE
33;97000;4,0;7000;12,98;0,07;5;0,0721649484536082;1;3;0;0;0;0;1;0;0;1;0;0;0;0;0;0,1024691182026095;Muito Baixo;HOMEIMPROVEMENT;RENT
25;24000;4,0;4000;11,71;0,17;3;0,1666666666666666;1;2;0;0;0;0;1;0;0;0;0;1;0;0;0;0,1858340493625366;Muito Baixo;PERSONAL;RENT
26;39996;0,0;12000;10,99;0,3;3;0,3000300030003;0;2;0;0;0;0;1;0;0;0;1;0;0;0;0;0,0281403504584015;Muito Baixo;MEDICAL;RENT
25;27500;4,0;9000;7,49;0,33;4;0,3272727272727272;0;1;0;1;0;0;0;0;1;0;0;0;0;0;0;0,1656804688000358;Muito Baixo;EDUCATION;MORTGAGE
22;20400;5,0;3250;14,26;0,16;2;0,159313725490196;1;3;1;0;0;0;1;0;0;0;1;0;0;1;0;0,0881308955622402;Muito Baixo;MEDICAL;RENT
22;27996;0,0;2200;15,95;0,08;2;0,0785826546649521;1;4;1;0;0;0;1;0;0;1;0;0;0;1;1;0,9997484089943448;Muito Alto;HOMEIMPROVEMENT;RENT
23;44000;5,0;8000;13,49;0,18;2;0,1818181818181818;1;3;1;0;0;0;1;0;1;0;0;0;0;1;0;0,2016782910139276;Baixo;EDUCATION;RENT
27;145000;11,0;5000;12,69;0,03;7;0,0344827586206896;1;2;0;0;0;0;1;0;0;0;1;0;0;0;0;0,0436552527169471;Muito Baixo;MEDICAL;RENT
27;114000;7,0;20000;13,06;0,18;8;0,175438596491228;1;3;1;1;0;0;0;0;1;0;0;0;0;0;0;0,0710404319683723;Muito Baixo;EDUCATION;MORTGAGE
24;39600;4,0;12000;8,9;0,3;4;0,303030303030303;0;1;0;0;0;0;1;0;0;0;0;0;1;0;0;0,0032605930675858;Muito Baixo;VENTURE;RENT
45;225000;9,0;10000;13,48;0,04;11;0,0444444444444444;1;3;1;1;0;0;0;0;0;0;0;1;0;0;0;0,0311931963516578;Muito Baixo;PERSONAL;MORTGAGE
23;66661;7,0;1500;11,49;0,02;2;0,0225019126625763;1;2;0;1;0;0;0;0;0;0;0;1;0;0;0;0,1343140450091949;Muito Baixo;PERSONAL;MORTGAGE
34;75000;14,0;10000;11,11;0,13;10;0,1333333333333333;1;2;0;1;0;0;0;0;0;0;1;0;0;0;0;0,0269924030210522;Muito Baixo;MEDICAL;MORTGAGE
23;77705;4,0;11700;6,17;0,15;3;0,1505694614246187;0;1;0;1;0;0;0;1;0;0;0;0;0;0;0;0,0203571815030857;Muito Baixo;DEBTCONSOLIDATION;MORTGAGE
33;50000;7,0;10000;9,99;0,2;7;0,2;0;2;0;1;0;0;0;0;0;1;0;0;0;0;0;0,0488087246525605;Muito Baixo;HOMEIMPROVEMENT;MORTGAGE
33;43337;17,0;10000;6,92;0,23;6;0,2307497057941251;0;1;0;0;0;0;1;0;0;0;0;1;0;0;0;0,0434233190198759;Muito Baixo;PERSONAL;RENT
36;48000;17,0;10000;9,63;0,21;14;0,2083333333333333;0;1;0;1;0;0;0;0;0;0;0;0;1;0;0;0,0007729062294702;Muito Baixo;VENTURE;MORTGAGE
27;78000;5,0;9600;17,14;0,12;7;0,123076923076923;1;5;1;0;0;0;1;0;1;0;0;0;0;0;0;0,3189877015036741;Baixo;EDUCATION;RENT
29;60000;0,0;16000;16,0;0,27;8;0,2666666666666666;1;4;1;0;0;1;0;0;0;1;0;0;0;0;0;0,0004775662082986;Muito Baixo;HOMEIMPROVEMENT;OWN
22;41838;0,0;6600;16,89;0,16;3;0,1577513265452459;1;4;0;0;0;0;1;0;0;0;0;1;0;1;1;0,955000436891514;Muito Alto;PERSONAL;RENT
23;59500;1,0;20000;11,83;0,29;4;0,3361344537815126;1;2;0;1;0;0;0;0;0;0;1;0;0;1;0;0,4313954694175794;Moderado;MEDICAL;MORTGAGE
37;30960;5,0;4800;11,49;0,16;16;0,1550387596899224;1;2;0;0;0;0;1;0;0;0;0;0;1;0;0;0,0044322411773119;Muito Baixo;VENTURE;RENT
26;72000;10,0;10000;7,74;0,14;4;0,1388888888888889;0;1;0;0;0;1;0;0;0;0;1;0;0;0;0;0,0002334351291555;Muito Baixo;MEDICAL;OWN
23;36000;7,0;6400;11,49;0,18;3;0,1777777777777777;1;2;0;1;0;0;0;1;0;0;0;0;0;0;0;0,1569346322534764;Muito Baixo;DEBTCONSOLIDATION;MORTGAGE
32;49000;16,0;6300;9,91;0,13;8;0,1285714285714285;0;2;0;0;0;0;1;0;0;0;1;0;0;0;0;0,0527885267647776;Muito Baixo;MEDICAL;RENT
22;24996;4,0;12000;9,63;0,48;3;0,4800768122899664;0;2;0;0;0;0;1;0;0;0;0;1;0;1;1;0,9978078793188236;Muito Alto;PERSONAL;RENT
29;22000;0,0;8000;10,99;0,36;7;0,3636363636363636;0;2;0;0;0;0;1;0;1;0;0;0;0;1;1;0,994404806156153;Muito Alto;EDUCATION;RENT
38;117000;5,0;10700;14,27;0,09;14;0,0914529914529914;1;3;1;1;0;0;0;0;0;1;0;0;0;0;0;0,0789178886087353;Muito Baixo;HOMEIMPROVEMENT;MORTGAGE
31;175000;3,0;7500;19,69;0,04;9;0,0428571428571428;1;5;0;1;0;0;0;0;1;0;0;0;0;0;0;0,2085018290407155;Baixo;EDUCATION;MORTGAGE
28;85000;6,0;14000;14,65;0,16;9;0,1647058823529411;1;3;1;0;0;0;1;0;0;0;0;1;0;0;0;0,0636435598745201;Muito Baixo;PERSONAL;RENT
23;33000;3,0;8325;15,99;0,25;3;0,2522727272727272;1;4;0;1;0;0;0;0;0;0;0;1;0;0;0;0,2564615745025033;Baixo;PERSONAL;MORTGAGE
31;70000;3,0;8400;6,91;0,12;9;0,12;0;1;0;1;0;0;0;0;0;0;0;1;0;0;0;0,019141366320404;Muito Baixo;PERSONAL;MORTGAGE
25;40800;4,0;1000;15,57;0,02;2;0,0245098039215686;1;4;0;0;0;0;1;1;0;0;0;0;0;1;1;0,9965501642310898;Muito Alto;DEBTCONSOLIDATION;RENT
23;79200;6,0;8000;7,88;0,1;4;0,101010101010101;0;1;0;1;0;0;0;0;1;0;0;0;0;0;0;0,0404832606486436;Muito Baixo;EDUCATION;MORTGAGE
36;78000;7,0;9600;13,98;0,12;13;0,123076923076923;1;3;1;1;0;0;0;1;0;0;0;0;0;1;0;0,3521154722626194;Baixo;DEBTCONSOLIDATION;MORTGAGE
29;65000;1,0;9600;5,79;0,15;5;0,1476923076923077;0;1;0;1;0;0;0;0;0;1;0;0;0;0;0;0,0135081300071772;Muito Baixo;HOMEIMPROVEMENT;MORTGAGE
26;14400;2,0;2500;13,47;0,17;4;0,1736111111111111;1;3;1;0;0;0;1;0;0;0;0;0;1;1;1;0,9684888324290988;Muito Alto;VENTURE;RENT
25;62400;7,0;2300;11,71;0,04;3;0,0368589743589743;1;2;0;0;0;0;1;0;0;0;1;0;0;0;0;0,1505282679598638;Muito Baixo;MEDICAL;RENT
26;79200;8,0;6075;6,03;0,08;2;0,0767045454545454;0;1;0;1;0;0;0;0;0;0;1;0;0;0;0;0,0161915093513457;Muito Baixo;MEDICAL;MORTGAGE
30;38400;14,0;16750;7,88;0,44;5;0,4361979166666667;0;1;0;1;0;0;0;1;0;0;0;0;0;0;0;0,1084400630242057;Muito Baixo;DEBTCONSOLIDATION;MORTGAGE
24;80000;0,0;18000;7,51;0,23;3;0,225;0;1;0;1;0;0;0;0;1;0;0;0;0;0;0;0,0127265706591914;Muito Baixo;EDUCATION;MORTGAGE
24;40040;0,0;7000;13,23;0,17;3;0,1748251748251748;1;3;1;0;0;0;1;0;0;0;1;0;0;0;0;0,0750028732843093;Muito Baixo;MEDICAL;RENT
32;28000;7,0;6000;15,21;0,21;9;0,2142857142857142;1;4;0;1;0;0;0;0;0;0;1;0;0;1;1;0,944786898440724;Muito Alto;MEDICAL;MORTGAGE
21;25200;5,0;6000;8,94;0,24;3;0,238095238095238;0;1;0;0;0;0;1;0;0;0;0;0;1;0;0;0,0031206717495292;Muito Baixo;VENTURE;RENT
22;56000;4,0;2800;15,31;0,05;2;0,05;1;4;1;0;0;0;1;0;0;0;0;0;1;0;0;0,2149096266456718;Baixo;VENTURE;RENT
24;54996;7,0;17500;17,19;0,32;3;0,3182049603607535;1;5;0;0;0;0;1;0;1;0;0;0;0;1;1;0,989615211970696;Muito Alto;EDUCATION;RENT
23;54000;7,0;15550;11,71;0,29;4;0,287962962962963;1;2;0;0;0;0;1;1;0;0;0;0;0;0;0;0,3487452755948644;Baixo;DEBTCONSOLIDATION;RENT
33;68000;15,0;18000;7,9;0,26;10;0,2647058823529412;0;1;0;1;0;0;0;0;0;0;0;1;0;0;0;0,0230819619113881;Muito Baixo;PERSONAL;MORTGAGE
22;55000;2,0;12000;6,54;0,22;4;0,2181818181818181;0;1;0;1;0;0;0;0;1;0;0;0;0;0;0;0,0181139588842956;Muito Baixo;EDUCATION;MORTGAGE
45;26000;17,0;10000;8,49;0,38;13;0,3846153846153846;0;1;0;0;0;0;1;0;0;0;1;0;0;1;1;0,99170518259835;Muito Alto;MEDICAL;RENT
23;122000;5,0;12000;7,29;0,1;3;0,0983606557377049;0;1;0;1;0;0;0;0;0;0;0;1;0;0;0;0,0127279123647528;Muito Baixo;PERSONAL;MORTGAGE
25;44500;0,0;3900;10,99;0,09;2;0,0876404494382022;0;2;0;0;0;0;1;0;0;0;0;0;1;0;0;0,0037259373443827;Muito Baixo;VENTURE;RENT
32;30000;0,0;9000;5,42;0,3;9;0,3;0;1;0;1;0;0;0;0;0;0;0;0;1;0;0;0,0030932266299687;Muito Baixo;VENTURE;MORTGAGE
41;50780;14,0;6000;10,99;0,12;17;0,1181567546278062;0;2;0;1;0;0;0;0;0;0;0;1;0;0;0;0,0469510396865554;Muito Baixo;PERSONAL;MORTGAGE
56;150000;5,0;15000;11,48;0,1;26;0,1;1;2;0;1;0;0;0;0;0;0;0;1;0;0;0;0,0189266098876791;Muito Baixo;PERSONAL;MORTGAGE
23;88000;0,0;12000;14,61;0,14;4;0,1363636363636363;1;4;1;0;0;0;1;0;0;0;0;1;0;1;1;0,9750763560844362;Muito Alto;PERSONAL;RENT
36;108000;1,0;7000;7,74;0,06;14;0,0648148148148148;0;1;0;1;0;0;0;0;0;0;1;0;0;0;0;0,0073172485209218;Muito Baixo;MEDICAL;MORTGAGE
24;33996;2,0;5000;12,92;0,15;4;0,1470761266031297;1;4;0;0;0;0;1;0;0;0;0;0;1;1;1;0,945623295552907;Muito Alto;VENTURE;RENT
30;24000;14,0;5000;11,11;0,21;9;0,2083333333333333;1;2;0;0;0;0;1;0;1;0;0;0;0;1;0;0,1812546031590717;Muito Baixo;EDUCATION;RENT
24;38400;3,0;5000;10,99;0,13;2;0,1302083333333333;0;2;0;0;0;0;1;0;0;0;1;0;0;0;0;0,0818112252087101;Muito Baixo;MEDICAL;RENT
29;44000;3,0;5500;10,99;0,13;7;0,125;0;2;0;1;0;0;0;0;1;0;0;0;0;0;0;0,1634280952016845;Muito Baixo;EDUCATION;MORTGAGE
32;29100;3,0;10000;15,95;0,34;9;0,3436426116838488;1;4;1;1;0;0;0;0;0;0;1;0;0;1;1;0,9654302527416904;Muito Alto;MEDICAL;MORTGAGE
23;96000;7,0;4000;5,42;0,04;2;0,0416666666666666;0;1;0;1;0;0;0;0;1;0;0;0;0;0;0;0,0019256012651445;Muito Baixo;EDUCATION;MORTGAGE
27;52000;0,0;6225;14,35;0,12;7;0,1197115384615384;1;3;0;0;0;0;1;0;0;0;0;1;0;0;0;0,0828293038170468;Muito Baixo;PERSONAL;RENT
37;50000;1,0;3000;11,58;0,06;14;0,06;1;2;0;0;0;0;1;0;0;0;0;0;1;0;0;0,0012320251578024;Muito Baixo;VENTURE;RENT
25;34000;2,0;15450;11,22;0,45;4;0,4544117647058823;1;3;0;1;0;0;0;0;0;0;0;0;1;1;0;0,3336033955088281;Baixo;VENTURE;MORTGAGE
22;44000;3,0;4500;5,79;0,1;3;0,1022727272727272;0;1;0;0;0;0;1;0;0;0;0;1;0;1;0;0,0662352552298326;Muito Baixo;PERSONAL;RENT
30;36000;14,0;7000;10,65;0,19;5;0,1944444444444444;0;2;0;1;0;0;0;0;0;1;0;0;0;0;0;0,2072455060189498;Baixo;HOMEIMPROVEMENT;MORTGAGE
27;72000;11,0;7000;11,49;0,1;8;0,0972222222222222;1;2;0;1;0;0;0;0;0;0;0;1;0;0;0;0,0998973584916957;Muito Baixo;PERSONAL;MORTGAGE
24;45000;0,0;5000;6,62;0,11;3;0,1111111111111111;0;1;0;1;0;0;0;0;0;0;0;0;1;0;0;0,0004732909104531;Muito Baixo;VENTURE;MORTGAGE
23;70000;2,0;4800;13,48;0,07;2;0,0685714285714285;1;3;0;0;0;0;1;0;0;0;0;1;0;0;0;0,0604217274396004;Muito Baixo;PERSONAL;RENT
30;45600;0,0;6400;8,94;0,14;7;0,1403508771929824;0;1;0;1;0;0;0;0;0;0;0;1;0;0;0;0,0514237106292353;Muito Baixo;PERSONAL;MORTGAGE
28;29004;0,0;4000;16,45;0,14;10;0,137912012136257;1;5;0;0;0;0;1;0;0;0;0;1;0;1;1;0,9874317852977788;Muito Alto;PERSONAL;RENT
23;95000;7,0;6000;7,68;0,06;3;0,0631578947368421;0;1;0;1;0;0;0;0;0;0;0;1;0;0;0;0,0117694473452584;Muito Baixo;PERSONAL;MORTGAGE
50;19200;2,0;4000;18,535;0,21;11;0,2083333333333333;1;6;0;0;0;0;1;1;0;0;0;0;0;1;1;0,9998519444588015;Muito Alto;DEBTCONSOLIDATION;RENT
25;65454;9,0;8400;11,99;0,13;2;0,1283344027866899;1;2;0;1;0;0;0;1;0;0;0;0;0;0;0;0,1351956332882315;Muito Baixo;DEBTCONSOLIDATION;MORTGAGE
22;43000;6,0;13500;10,95;0,31;3;0,313953488372093;0;2;0;0;0;0;1;0;0;0;0;1;0;1;1;0,9954012277567446;Muito Alto;PERSONAL;RENT
23;30000;3,0;10000;7,49;0,33;2;0,3333333333333333;0;1;0;0;0;0;1;1;0;0;0;0;0;1;1;0,9893598656407212;Muito Alto;DEBTCONSOLIDATION;RENT
28;25000;1,0;12000;9,83;0,48;9;0,48;0;2;0;0;0;0;1;0;0;0;1;0;0;1;1;0,9979272928461504;Muito Alto;MEDICAL;RENT
32;68000;16,0;5000;15,7;0,07;7;0,0735294117647058;1;4;0;0;0;0;1;0;0;0;0;0;1;0;0;0,1093250629684959;Muito Baixo;VENTURE;RENT
25;73200;7,0;5000;7,49;0,07;2;0,0683060109289617;0;1;0;1;0;0;0;1;0;0;0;0;0;0;0;0,0883654397710982;Muito Baixo;DEBTCONSOLIDATION;MORTGAGE
25;48000;2,0;6000;10,37;0,13;4;0,125;0;2;0;0;0;0;1;0;0;0;0;1;0;0;0;0,0601767884604106;Muito Baixo;PERSONAL;RENT
24;78000;8,0;25000;12,18;0,32;4;0,3205128205128205;1;2;0;0;0;1;0;0;1;0;0;0;0;0;0;0,0015933865869169;Muito Baixo;EDUCATION;OWN
26;45000;1,0;1500;7,05;0,03;2;0,0333333333333333;0;1;0;1;0;0;0;1;0;0;0;0;0;0;0;0,0179115766442798;Muito Baixo;DEBTCONSOLIDATION;MORTGAGE
25;85000;0,0;14000;5,79;0,16;2;0,1647058823529411;0;1;0;1;0;0;0;0;1;0;0;0;0;0;0;0,0060065245332334;Muito Baixo;EDUCATION;MORTGAGE
30;36000;2,0;4200;14,27;0,12;5;0,1166666666666666;1;3;1;0;0;0;1;0;1;0;0;0;0;0;0;0,2279241624858241;Baixo;EDUCATION;RENT
24;61000;7,0;3000;15,62;0,05;3;0,0491803278688524;1;4;0;1;0;0;0;0;0;0;0;1;0;0;0;0,1208862210519261;Muito Baixo;PERSONAL;MORTGAGE
22;70000;6,0;11000;11,36;0,16;3;0,1571428571428571;1;2;0;1;0;0;0;0;0;0;1;0;0;0;0;0,0357242658101091;Muito Baixo;MEDICAL;MORTGAGE
40;61500;3,0;8000;11,48;0,13;17;0,1300813008130081;1;2;0;0;0;0;1;0;0;0;0;1;0;0;0;0,0598097417052935;Muito Baixo;PERSONAL;RENT
39;170000;9,0;17000;12,99;0,1;14;0,1;1;3;0;0;0;0;1;1;0;0;0;0;0;0;0;0,0712504591656886;Muito Baixo;DEBTCONSOLIDATION;RENT
25;87000;6,0;13000;7,29;0,15;2;0,1494252873563218;0;1;0;0;0;0;1;1;0;0;0;0;0;0;0;0,016717718050961;Muito Baixo;DEBTCONSOLIDATION;RENT
29;82000;5,0;20000;10,99;0,24;7;0,2439024390243902;0;2;0;1;0;0;0;0;0;0;1;0;0;0;0;0,0479923826447679;Muito Baixo;MEDICAL;MORTGAGE
32;24000;2,0;2500;10,37;0,1;5;0,1041666666666666;0;2;0;0;0;0;1;0;0;0;1;0;0;0;0;0,0956927598691223;Muito Baixo;MEDICAL;RENT
22;37000;2,0;10000;8,59;0,27;2;0,2702702702702703;0;1;0;0;0;0;1;0;1;0;0;0;0;0;0;0,1023500544791797;Muito Baixo;EDUCATION;RENT
36;103000;6,0;25000;12,53;0,24;15;0,2427184466019417;1;3;1;0;0;0;1;0;0;0;0;0;1;1;0;0,0838547850510242;Muito Baixo;VENTURE;RENT
21;89610;3,0;5600;6,54;0,06;4;0,0624930253319942;0;1;0;0;0;0;1;1;0;0;0;0;0;0;0;0,0037356993837017;Muito Baixo;DEBTCONSOLIDATION;RENT
23;287000;3,0;24250;12,53;0,08;3;0,0844947735191637;1;2;0;0;0;0;1;0;1;0;0;0;0;0;0;0,0407246893443159;Muito Baixo;EDUCATION;RENT
27;45000;3,0;18000;12,87;0,4;8;0,4;1;3;0;1;0;0;0;0;0;0;1;0;0;0;0;0,3612651167162135;Baixo;MEDICAL;MORTGAGE
32;98000;16,0;15000;10,95;0,15;5;0,1530612244897959;0;2;0;1;0;0;0;1;0;0;0;0;0;1;0;0,1005021750499734;Muito Baixo;DEBTCONSOLIDATION;MORTGAGE
24;54000;8,0;3000;7,05;0,06;2;0,0555555555555555;0;1;0;1;0;0;0;1;0;0;0;0;0;0;0;0,0846249803196377;Muito Baixo;DEBTCONSOLIDATION;MORTGAGE
30;40000;9,0;9000;16,77;0,23;5;0,225;1;4;1;0;0;0;1;0;1;0;0;0;0;0;0;0,169162881397188;Muito Baixo;EDUCATION;RENT
30;51000;6,0;6600;6,92;0,13;9;0,1294117647058823;0;1;0;1;0;0;0;0;0;1;0;0;0;0;0;0,0836076976905255;Muito Baixo;HOMEIMPROVEMENT;MORTGAGE
24;45000;8,0;4000;11,83;0,09;2;0,0888888888888888;1;2;0;0;0;0;1;0;0;0;1;0;0;0;0;0,0870829331697818;Muito Baixo;MEDICAL;RENT
