person_age,person_income,person_emp_length,loan_amnt,loan_int_rate,loan_percent_income,cb_person_cred_hist_length,dti_ratio,taxa_juros_alta,loan_grade_num,cb_default_flag,home_MORTGAGE,home_OTHER,home_OWN,home_RENT,intent_DEBTCONSOLIDATION,intent_EDUCATION,intent_HOMEIMPROVEMENT,intent_MEDICAL,intent_PERSONAL,intent_VENTURE,loan_status_real,loan_status_pred,probabilidade_default,risco_categoria
30,67000,6.0,10000,6.99,0.15,6,0.1492537313432835,0,1,0,1,0,0,0,0,0,1,0,0,0,0,0,0.03232400020802883,Muito Baixo
29,32000,5.0,9000,16.77,0.28,5,0.28125,1,4,0,0,0,0,1,0,0,0,0,1,0,0,0,0.4020640294535437,Moderado
23,92004,2.0,8000,11.49,0.09,4,0.0869527411851658,1,2,0,0,0,0,1,1,0,0,0,0,0,0,0,0.022784813527979918,Muito Baixo
24,13200,6.0,4000,15.65,0.3,3,0.303030303030303,1,4,1,0,0,0,1,0,0,0,0,0,1,1,1,0.9429439274693044,Muito Alto
31,116400,3.0,8900,10.0,0.08,5,0.0764604810996563,0,2,0,0,0,0,1,0,0,0,0,0,1,0,0,0.002707860368156512,Muito Baixo
25,64800,1.0,7000,12.73,0.11,2,0.1080246913580246,1,3,0,0,0,0,1,0,0,0,0,1,0,0,0,0.07784424082296217,Muito Baixo
55,75000,3.0,10000,7.51,0.13,20,0.1333333333333333,0,1,0,1,0,0,0,0,0,0,0,1,0,0,0,0.019169414627633444,Muito Baixo
27,231252,1.0,2000,9.91,0.01,10,0.0086485738501721,0,2,0,1,0,0,0,0,0,0,0,1,0,0,0,0.010013213965272013,Muito Baixo
24,74900,8.0,3500,6.39,0.05,3,0.0467289719626168,0,1,0,1,0,0,0,0,0,1,0,0,0,0,0,0.03387353547156669,Muito Baixo
23,50000,0.0,2800,10.59,0.06,2,0.056,0,2,0,0,0,1,0,0,0,0,0,0,1,0,0,7.513454312613295e-06,Muito Baixo
29,92000,5.0,7000,9.32,0.08,10,0.0760869565217391,0,1,0,0,0,0,1,0,0,0,0,0,1,0,0,0.0009775387235364341,Muito Baixo
33,30000,14.0,7500,11.86,0.25,8,0.25,1,2,0,0,0,0,1,0,0,0,1,0,0,1,0,0.1362042672585276,Muito Baixo
38,110000,5.0,16000,11.99,0.15,17,0.1454545454545454,1,2,0,1,0,0,0,0,0,0,0,1,0,0,0,0.031403674799312956,Muito Baixo
46,57359,3.0,9000,6.92,0.16,14,0.1569065011593647,0,1,0,1,0,0,0,1,0,0,0,0,0,0,0,0.016464561502700287,Muito Baixo
23,30000,0.0,4800,10.99,0.16,4,0.16,0,2,0,0,0,0,1,0,1,0,0,0,0,0,0,0.11444374298287306,Muito Baixo
29,72072,4.0,12000,8.49,0.17,8,0.1665001665001665,0,1,0,1,0,0,0,1,0,0,0,0,0,0,0,0.09005080704263518,Muito Baixo
28,56004,12.0,5525,12.68,0.1,9,0.0986536675951717,1,3,0,0,0,0,1,0,0,0,1,0,0,0,0,0.2213553098064622,Baixo
24,36000,3.0,8000,13.61,0.22,2,0.2222222222222222,1,3,0,1,0,0,0,0,0,0,1,0,0,0,0,0.193466413124243,Muito Baixo
30,30000,6.0,2800,12.68,0.09,7,0.0933333333333333,1,3,1,0,0,0,1,0,0,0,1,0,0,0,0,0.125138372611253,Muito Baixo
25,45000,5.0,10400,10.25,0.23,3,0.2311111111111111,0,2,0,0,0,1,0,0,0,0,0,0,1,0,0,1.3116177625053515e-05,Muito Baixo
27,90000,11.0,16000,8.88,0.18,9,0.1777777777777777,0,2,0,0,0,0,1,0,0,0,0,1,0,0,0,0.04238751594492358,Muito Baixo
22,48996,5.0,5000,7.9,0.1,4,0.1020491468691321,0,1,0,1,0,0,0,0,0,0,1,0,0,0,0,0.18165029179443032,Muito Baixo
25,118000,9.0,2000,7.12,0.02,2,0.0169491525423728,0,1,0,1,0,0,0,1,0,0,0,0,0,0,0,0.004003502607223381,Muito Baixo
25,30000,1.0,5000,13.48,0.17,3,0.1666666666666666,1,3,1,0,0,1,0,0,0,0,0,0,1,0,0,0.0014978983948632613,Muito Baixo
44,140000,14.0,21500,11.83,0.15,14,0.1535714285714285,1,2,0,0,0,1,0,0,0,0,0,0,1,0,0,1.9913552813276967e-05,Muito Baixo
23,96000,5.0,1500,6.62,0.02,3,0.015625,0,1,0,1,0,0,0,0,0,0,0,1,0,0,0,0.005285397387274128,Muito Baixo
23,65000,7.0,7425,6.03,0.11,4,0.1142307692307692,0,1,0,1,0,0,0,1,0,0,0,0,0,0,0,0.018783230817544776,Muito Baixo
38,100000,2.0,16000,7.49,0.16,11,0.16,0,1,0,0,0,0,1,0,0,1,0,0,0,0,0,0.00930255518224478,Muito Baixo
27,69960,3.0,10000,7.49,0.14,9,0.1429388221841052,0,1,0,1,0,0,0,0,0,0,0,1,0,0,0,0.023559481162634597,Muito Baixo
25,58000,8.0,17500,13.11,0.3,4,0.3017241379310345,1,3,1,1,0,0,0,0,0,1,0,0,0,0,0,0.15773363511336647,Muito Baixo
27,18000,0.0,6000,7.49,0.33,5,0.3333333333333333,0,1,0,0,0,0,1,1,0,0,0,0,0,1,1,0.9993510969123224,Muito Alto
23,61200,4.0,20000,11.14,0.28,2,0.326797385620915,1,2,0,0,0,0,1,0,0,0,1,0,0,1,1,0.8896434513140341,Muito Alto
24,32000,1.0,1500,13.92,0.05,4,0.046875,1,3,1,0,0,0,1,0,1,0,0,0,0,0,0,0.34474867843775076,Baixo
42,150000,19.0,18400,13.48,0.12,17,0.1226666666666666,1,3,0,0,0,0,1,0,0,0,1,0,0,0,0,0.07393309185563798,Muito Baixo
26,32496,8.0,4200,16.02,0.13,3,0.1292466765140325,1,4,0,1,0,0,0,1,0,0,0,0,0,1,1,0.9952954452726076,Muito Alto
39,43680,9.0,16000,10.99,0.37,16,0.3663003663003663,0,2,0,0,0,0,1,0,0,0,1,0,0,1,1,0.9955791001995987,Muito Alto
29,77040,1.0,9500,12.84,0.12,9,0.1233125649013499,1,3,1,0,0,0,1,0,1,0,0,0,0,0,0,0.11895359434625229,Muito Baixo
27,150000,11.0,25000,10.36,0.17,7,0.1666666666666666,0,2,0,1,0,0,0,0,0,0,0,1,0,0,0,0.04594559128473557,Muito Baixo
28,25000,0.0,5175,18.43,0.21,6,0.207,1,6,1,0,0,0,1,0,0,1,0,0,0,1,1,0.9946691090561269,Muito Alto
41,88712,2.0,16000,10.95,0.18,15,0.1803589142393362,0,2,0,0,0,0,1,0,0,0,0,0,1,0,0,0.004479650156640382,Muito Baixo
30,75000,2.0,10000,7.29,0.13,9,0.1333333333333333,0,1,0,0,0,0,1,0,0,1,0,0,0,0,0,0.02316315207204737,Muito Baixo
37,46996,2.0,13750,13.98,0.29,13,0.2925780917524895,1,3,0,1,0,0,0,0,1,0,0,0,0,0,0,0.16315474404973065,Muito Baixo
21,26000,5.0,6000,5.79,0.23,2,0.2307692307692307,0,1,0,0,0,1,0,0,1,0,0,0,0,0,0,0.0006747337357301704,Muito Baixo
22,74000,6.0,2500,6.62,0.03,3,0.0337837837837837,0,1,0,1,0,0,0,0,0,0,1,0,0,0,0,0.023433158133521714,Muito Baixo
25,65000,6.0,7500,13.47,0.12,4,0.1153846153846153,1,3,0,1,0,0,0,0,0,0,0,1,0,0,0,0.09337975183067938,Muito Baixo
23,59000,5.0,13000,5.42,0.22,4,0.2203389830508474,0,1,0,1,0,0,0,0,1,0,0,0,0,0,0,0.02488152985658665,Muito Baixo
23,120000,7.0,12000,5.42,0.1,3,0.1,0,1,0,1,0,0,0,0,1,0,0,0,0,0,0,0.002949526618145776,Muito Baixo
23,34600,5.0,6800,12.69,0.2,4,0.1965317919075144,1,2,0,1,0,0,0,0,1,0,0,0,0,0,0,0.10238923141493193,Muito Baixo
44,65000,16.0,2000,7.9,0.03,14,0.0307692307692307,0,1,0,0,0,0,1,0,0,0,1,0,0,0,0,0.025257778340712644,Muito Baixo
22,54000,3.0,15750,6.62,0.29,4,0.2916666666666667,0,1,0,1,0,0,0,0,0,0,0,1,0,0,0,0.07017412489747349,Muito Baixo
28,65000,2.0,7200,13.98,0.11,5,0.1107692307692307,1,3,1,0,0,0,1,0,0,1,0,0,0,0,0,0.1156194834825932,Muito Baixo
22,54000,1.0,10000,14.61,0.19,4,0.1851851851851851,1,4,1,1,0,0,0,0,0,1,0,0,0,1,1,0.9952162808488703,Muito Alto
26,30000,5.0,5000,7.49,0.17,4,0.1666666666666666,0,1,0,0,0,1,0,0,0,0,0,0,1,0,0,3.0651627833427264e-05,Muito Baixo
21,30000,6.0,9200,6.62,0.31,3,0.3066666666666666,0,1,0,0,0,0,1,1,0,0,0,0,0,1,1,0.9833031841081481,Muito Alto
22,50000,7.0,8800,11.11,0.18,4,0.176,1,2,0,1,0,0,0,0,0,0,0,0,1,0,0,0.000892479473669129,Muito Baixo
22,43000,4.0,18550,11.83,0.43,4,0.4313953488372093,1,2,0,0,0,0,1,1,0,0,0,0,0,1,1,0.9932509693271854,Muito Alto
24,51500,6.0,4000,7.51,0.08,2,0.0776699029126213,0,1,0,1,0,0,0,0,0,0,1,0,0,0,0,0.08127111114747083,Muito Baixo
24,29000,1.0,20000,10.62,0.69,3,0.6896551724137931,0,2,0,1,0,0,0,0,0,1,0,0,0,0,1,0.5003328242643935,Moderado
46,63000,18.0,10000,10.51,0.16,11,0.1587301587301587,0,2,0,0,0,0,1,0,0,1,0,0,0,0,0,0.08866495359066981,Muito Baixo
25,138000,9.0,21600,10.99,0.16,4,0.1565217391304348,0,2,0,0,0,1,0,0,0,0,1,0,0,0,0,0.0008610199759271431,Muito Baixo
42,24000,10.0,5000,7.49,0.21,11,0.2083333333333333,0,1,0,0,0,1,0,0,0,0,1,0,0,0,0,0.000435191571379878,Muito Baixo
25,66000,9.0,12000,16.89,0.18,2,0.1818181818181818,1,4,0,0,0,0,1,0,0,0,0,1,0,1,0,0.15451154059880137,Muito Baixo
24,42000,1.0,7500,10.51,0.18,3,0.1785714285714285,0,2,0,0,0,1,0,0,0,0,0,0,1,0,0,1.68120120024925e-05,Muito Baixo
23,29000,2.0,9000,11.71,0.31,2,0.3103448275862069,1,2,0,0,0,0,1,0,1,0,0,0,0,1,1,0.9918794061473564,Muito Alto
26,132750,8.0,12000,11.49,0.09,4,0.0903954802259887,1,2,0,1,0,0,0,0,0,1,0,0,0,0,0,0.04743151788595146,Muito Baixo
30,105000,0.0,6000,14.72,0.06,10,0.0571428571428571,1,3,1,1,0,0,0,0,0,0,0,0,1,0,0,0.01635415216318216,Muito Baixo
28,67000,4.0,12000,7.49,0.18,7,0.1791044776119403,0,1,0,0,0,0,1,0,1,0,0,0,0,0,0,0.04617164449278036,Muito Baixo
36,52000,8.0,2275,11.86,0.04,12,0.04375,1,2,0,1,0,0,0,1,0,0,0,0,0,0,0,0.15350112123834372,Muito Baixo
22,30000,0.0,3600,12.21,0.12,3,0.12,1,2,0,0,0,0,1,0,0,0,0,0,1,0,0,0.014854799753930323,Muito Baixo
32,75000,8.0,14000,6.03,0.19,10,0.1866666666666666,0,1,0,1,0,0,0,0,0,0,1,0,0,0,0,0.003935950245960516,Muito Baixo
29,40000,9.0,1400,14.26,0.04,5,0.035,1,3,1,1,0,0,0,0,1,0,0,0,0,0,0,0.09311385989283345,Muito Baixo
44,83000,2.0,12000,16.0,0.14,12,0.144578313253012,1,4,1,0,1,0,0,0,0,0,0,1,0,1,0,0.3282632411165385,Baixo
29,66000,4.0,8200,17.04,0.12,7,0.1242424242424242,1,5,1,1,0,0,0,1,0,0,0,0,0,1,1,0.9969178457790431,Muito Alto
32,50000,2.0,8000,10.62,0.16,8,0.16,0,2,0,0,0,0,1,0,0,0,1,0,0,0,0,0.019803871768927003,Muito Baixo
27,106000,3.0,16000,14.96,0.15,9,0.1509433962264151,1,4,1,0,0,1,0,0,0,0,0,1,0,0,0,0.0002806183124541786,Muito Baixo
25,34000,4.0,8200,12.21,0.24,4,0.2411764705882353,1,2,0,0,0,0,1,0,0,0,0,0,1,0,0,0.04461909658102055,Muito Baixo
25,55000,4.0,2500,7.88,0.05,2,0.0454545454545454,0,1,0,0,0,0,1,0,0,0,0,1,0,0,0,0.04629227004487308,Muito Baixo
22,54000,3.0,22750,15.31,0.42,2,0.4212962962962963,1,4,1,1,0,0,0,1,0,0,0,0,0,1,1,0.9967731075497382,Muito Alto
22,58000,6.0,20000,11.99,0.34,4,0.3448275862068966,1,2,0,0,0,1,0,0,0,0,1,0,0,0,0,0.0014136200802431862,Muito Baixo
32,29000,16.0,9450,16.29,0.33,8,0.3258620689655172,1,4,0,0,0,0,1,1,0,0,0,0,0,1,1,0.9998628614207892,Muito Alto
27,40000,9.0,2000,10.75,0.05,6,0.05,0,2,0,0,0,0,1,1,0,0,0,0,0,0,0,0.09738641690389878,Muito Baixo
24,68000,7.0,6000,7.88,0.09,2,0.088235294117647,0,1,0,1,0,0,0,0,1,0,0,0,0,0,0,0.054022173591209185,Muito Baixo
30,72000,14.0,3000,9.99,0.04,9,0.0416666666666666,0,2,0,1,0,0,0,0,0,1,0,0,0,0,0,0.08639378416686276,Muito Baixo
44,36000,1.0,12000,13.99,0.33,12,0.3333333333333333,1,3,0,1,0,0,0,0,0,1,0,0,0,0,0,0.2802451316090251,Baixo
24,59000,5.0,15000,14.79,0.25,3,0.2542372881355932,1,3,1,0,0,0,1,0,1,0,0,0,0,1,0,0.21785864677691402,Baixo
21,100000,5.0,5000,7.14,0.05,3,0.05,0,1,0,0,0,1,0,0,0,0,0,1,0,0,0,0.0001925372036277901,Muito Baixo
28,81000,11.0,6000,6.17,0.07,8,0.074074074074074,0,1,0,1,0,0,0,0,0,0,0,1,0,0,0,0.04122350630915445,Muito Baixo
30,62256,1.0,9000,15.05,0.14,10,0.1445643793369314,1,4,1,1,0,0,0,0,0,1,0,0,0,0,0,0.19441066659809808,Muito Baixo
23,14000,2.0,4000,15.31,0.29,3,0.2857142857142857,1,4,0,0,0,1,0,1,0,0,0,0,0,1,1,0.9985153418227941,Muito Alto
24,50000,8.0,3000,13.47,0.06,2,0.06,1,3,0,1,0,0,0,0,1,0,0,0,0,0,0,0.10835652270433299,Muito Baixo
25,48000,3.0,1400,14.79,0.03,3,0.0291666666666666,1,3,0,1,0,0,0,1,0,0,0,0,0,0,0,0.16080704403686719,Muito Baixo
23,60000,5.0,16000,14.27,0.27,4,0.2666666666666666,1,3,1,0,0,1,0,0,1,0,0,0,0,0,0,0.00040677778123176774,Muito Baixo
22,130000,1.0,13000,8.94,0.1,4,0.1,0,1,0,1,0,0,0,0,0,0,0,0,1,0,0,0.0005481472156067949,Muito Baixo
22,60000,5.0,2100,13.43,0.04,2,0.035,1,3,0,0,0,0,1,0,0,0,0,0,1,0,0,0.03257090489415347,Muito Baixo
24,36396,8.0,5000,6.03,0.14,3,0.1373777338169029,0,1,0,0,0,0,1,1,0,0,0,0,0,0,0,0.07379745644443889,Muito Baixo
24,110000,8.0,8000,6.76,0.07,4,0.0727272727272727,0,1,0,1,0,0,0,0,1,0,0,0,0,0,0,0.01496579384901976,Muito Baixo
27,31200,0.0,6000,13.49,0.19,7,0.1923076923076923,1,3,1,0,0,0,1,0,0,0,0,0,1,0,0,0.22496189475933595,Baixo
25,69000,0.0,15000,16.7,0.22,3,0.217391304347826,1,5,1,0,0,0,1,0,0,1,0,0,0,1,1,0.9109489657074141,Muito Alto
30,40000,13.0,12000,9.2,0.3,8,0.3,0,2,0,0,0,0,1,0,1,0,0,0,0,0,0,0.07069132544635645,Muito Baixo
24,121000,8.0,18000,18.3,0.15,3,0.1487603305785124,1,6,0,0,0,0,1,0,0,0,0,1,0,0,0,0.1504474165130521,Muito Baixo
33,96053,3.0,12000,15.68,0.11,6,0.1249310276618117,1,5,0,0,0,0,1,0,0,0,1,0,0,1,1,0.9774311915228705,Muito Alto
23,74400,3.0,9000,7.66,0.12,2,0.1209677419354838,0,1,0,1,0,0,0,0,0,1,0,0,0,1,1,0.892631877695244,Muito Alto
30,36000,3.0,24250,12.61,0.67,7,0.6736111111111112,1,3,1,0,0,0,1,1,0,0,0,0,0,1,1,0.9925064969763844,Muito Alto
23,50000,5.0,10000,7.51,0.2,3,0.2,0,1,0,0,0,0,1,0,1,0,0,0,0,0,0,0.02308618585228564,Muito Baixo
21,53000,3.0,9600,15.31,0.18,4,0.1811320754716981,1,4,1,0,0,0,1,0,0,0,0,1,0,0,0,0.12915490093030166,Muito Baixo
23,46776,7.0,15000,13.24,0.32,4,0.3206772703950744,1,4,0,0,0,1,0,1,0,0,0,0,0,0,0,0.0036417312648359774,Muito Baixo
23,150000,0.0,24000,7.49,0.16,4,0.16,0,1,0,0,0,0,1,0,1,0,0,0,0,0,0,0.01006111430969326,Muito Baixo
47,47000,9.0,7500,6.62,0.16,12,0.1595744680851064,0,1,0,1,0,0,0,0,0,0,0,1,0,0,0,0.054266546215677,Muito Baixo
23,92000,7.0,10000,11.71,0.11,4,0.108695652173913,1,2,0,0,0,0,1,0,0,0,0,0,1,0,0,0.0032422022902980764,Muito Baixo
22,43000,5.0,7000,10.62,0.16,4,0.1627906976744186,0,2,0,1,0,0,0,0,0,0,1,0,0,0,0,0.10756303746552517,Muito Baixo
32,189996,4.0,8400,9.32,0.04,8,0.044211457083307,0,1,0,0,0,0,1,0,0,0,0,1,0,0,0,0.043357859360128516,Muito Baixo
22,35100,0.0,1000,13.98,0.03,2,0.0284900284900284,1,3,0,0,0,0,1,1,0,0,0,0,0,0,0,0.08294893651826026,Muito Baixo
25,55000,9.0,8500,10.99,0.15,2,0.1545454545454545,0,2,0,1,0,0,0,0,0,1,0,0,0,0,0,0.10422922739869725,Muito Baixo
32,44500,3.0,15000,7.51,0.34,5,0.3370786516853932,0,1,0,0,0,1,0,0,1,0,0,0,0,0,0,0.0016250558531960794,Muito Baixo
34,30000,2.0,4000,7.51,0.13,7,0.1333333333333333,0,1,0,0,0,0,1,0,0,0,0,1,0,0,0,0.09656174887759236,Muito Baixo
25,34000,0.0,6650,8.9,0.2,3,0.1955882352941176,0,1,0,0,0,0,1,0,0,0,0,0,1,0,0,0.009636926938847944,Muito Baixo
25,34000,10.0,20000,8.88,0.59,2,0.5882352941176471,0,2,0,0,0,0,1,1,0,0,0,0,0,1,1,0.9971666826183937,Muito Alto
28,43200,5.0,12250,9.99,0.28,6,0.2835648148148148,0,2,0,0,0,1,0,0,0,0,0,1,0,0,0,0.0006263038257770398,Muito Baixo
31,15000,2.0,4000,11.49,0.27,6,0.2666666666666666,1,2,0,0,0,0,1,0,0,0,0,0,1,1,1,0.9945769119504763,Muito Alto
27,225000,11.0,25000,15.31,0.11,5,0.1111111111111111,1,4,0,1,0,0,0,0,0,0,0,0,1,0,0,0.09731283290179694,Muito Baixo
27,56000,1.0,2500,11.72,0.04,5,0.0446428571428571,1,3,0,0,0,0,1,1,0,0,0,0,0,1,0,0.0930730855471246,Muito Baixo
38,50000,5.0,4000,7.88,0.08,12,0.08,0,1,0,0,0,0,1,0,0,0,0,0,1,0,0,0.0004311584075832732,Muito Baixo
34,48000,9.0,5600,15.96,0.12,7,0.1166666666666666,1,3,1,1,0,0,0,0,0,0,0,0,1,0,0,0.13558380162284167,Muito Baixo
25,52000,9.0,16000,13.98,0.31,4,0.3076923076923077,1,3,0,0,0,0,1,0,0,0,0,0,1,1,1,0.9909649984786457,Muito Alto
28,34000,0.0,2600,15.62,0.08,9,0.0764705882352941,1,4,0,0,0,0,1,0,0,0,0,1,0,1,1,0.9788481252387153,Muito Alto
21,59000,5.0,5000,9.99,0.08,3,0.0847457627118644,0,2,0,1,0,0,0,0,1,0,0,0,0,1,0,0.15809332478406513,Muito Baixo
26,55000,10.0,8400,8.94,0.15,3,0.1527272727272727,0,1,0,0,0,0,1,0,0,0,1,0,0,0,0,0.0547455114391447,Muito Baixo
22,27302,6.0,3725,12.69,0.14,2,0.1364368910702512,1,2,0,1,0,0,0,0,0,0,1,0,0,0,0,0.1909016987730652,Muito Baixo
22,60000,6.0,4000,7.51,0.07,3,0.0666666666666666,0,1,0,0,0,0,1,0,1,0,0,0,0,0,0,0.02010961101268882,Muito Baixo
22,60000,0.0,6600,10.59,0.11,2,0.11,0,2,0,0,0,0,1,1,0,0,0,0,0,0,0,0.02213995089727747,Muito Baixo
25,34800,4.0,9450,5.99,0.27,4,0.271551724137931,0,1,0,1,0,0,0,1,0,0,0,0,0,0,0,0.07266077184669804,Muito Baixo
24,54000,5.0,10000,10.37,0.19,2,0.1851851851851851,0,2,0,0,0,0,1,0,0,0,0,1,0,1,0,0.2545927847762654,Baixo
30,60000,0.0,12000,11.71,0.2,9,0.2,1,2,0,0,0,0,1,0,0,0,0,1,0,0,0,0.035317607702865454,Muito Baixo
23,28000,4.0,5000,13.72,0.18,4,0.1785714285714285,1,3,0,0,0,0,1,1,0,0,0,0,0,1,0,0.36754856689516396,Baixo
35,36000,2.0,3000,15.31,0.08,10,0.0833333333333333,1,4,0,0,0,0,1,0,0,0,0,1,0,1,1,0.9465676941857958,Muito Alto
23,92000,0.0,6500,8.0,0.07,3,0.0706521739130434,0,1,0,0,0,0,1,0,1,0,0,0,0,0,0,0.012111156510814347,Muito Baixo
22,12000,5.0,5500,10.36,0.46,4,0.4583333333333333,0,2,0,0,0,0,1,0,1,0,0,0,0,1,1,0.999565584640428,Muito Alto
33,29000,0.0,10000,13.06,0.34,7,0.3448275862068966,1,3,1,0,0,0,1,0,1,0,0,0,0,1,1,0.9986860407519356,Muito Alto
24,42000,4.0,18250,16.82,0.43,4,0.4345238095238095,1,5,1,1,0,0,0,0,0,0,0,1,0,1,0,0.30271666914717943,Baixo
22,25000,0.0,2500,11.14,0.1,3,0.1,1,2,0,0,0,0,1,1,0,0,0,0,0,0,0,0.13796852654278538,Muito Baixo
25,50000,3.0,17000,6.03,0.34,2,0.34,0,1,0,1,0,0,0,1,0,0,0,0,0,0,0,0.02442461447478486,Muito Baixo
22,41800,3.0,3100,6.76,0.07,4,0.0741626794258373,0,1,0,1,0,0,0,0,0,0,0,0,1,0,0,0.0006876097479079177,Muito Baixo
27,75905,0.0,18000,17.26,0.2,8,0.2371385284236875,1,6,0,0,0,1,0,0,0,0,1,0,0,1,1,0.6925932263792162,Alto
23,29700,2.0,4000,10.74,0.13,4,0.1346801346801346,0,2,0,0,0,0,1,0,0,0,0,0,1,0,0,0.004577424194266776,Muito Baixo
25,69000,10.0,15000,14.54,0.22,3,0.217391304347826,1,4,1,1,0,0,0,1,0,0,0,0,0,1,1,0.9949760721274199,Muito Alto
23,135000,1.0,12500,15.99,0.09,2,0.0925925925925925,1,4,0,1,0,0,0,0,0,0,0,0,1,0,0,0.27603744141584,Baixo
23,61615,4.0,13000,10.62,0.21,3,0.210987584192161,0,2,0,1,0,0,0,0,0,0,1,0,0,0,0,0.13578083384917566,Muito Baixo
25,120000,5.0,21000,7.9,0.17,2,0.175,0,1,0,1,0,0,0,0,0,1,0,0,0,0,0,0.014303272237074035,Muito Baixo
26,35000,9.0,2000,13.99,0.06,2,0.0571428571428571,1,3,0,0,0,0,1,0,0,0,1,0,0,0,0,0.060529710979390715,Muito Baixo
33,100000,16.0,15000,11.71,0.15,9,0.15,1,2,0,1,0,0,0,0,0,0,1,0,0,0,0,0.04042396149707812,Muito Baixo
27,54000,0.0,12000,16.49,0.22,5,0.2222222222222222,1,4,0,1,0,0,0,0,0,0,0,1,0,1,0,0.42223173378697476,Moderado
26,107496,9.0,20000,12.69,0.19,4,0.1860534345464017,1,2,0,1,0,0,0,1,0,0,0,0,0,0,0,0.10507595984369288,Muito Baixo
26,81000,10.0,21000,16.95,0.26,2,0.2592592592592592,1,5,0,0,0,0,1,0,0,0,0,0,1,1,0,0.2664583456868806,Baixo
29,30288,13.0,13000,14.35,0.43,8,0.4292128895932382,1,3,0,0,0,0,1,0,0,0,0,1,0,1,1,0.9921854881981287,Muito Alto
31,24000,2.0,1800,8.59,0.07,6,0.075,0,1,0,0,0,0,1,0,0,0,1,0,0,0,0,0.08312191997185006,Muito Baixo
36,50400,7.0,12700,7.29,0.25,13,0.251984126984127,0,1,0,1,0,0,0,0,0,1,0,0,0,0,0,0.017693019355828354,Muito Baixo
25,93080,3.0,8450,13.49,0.09,2,0.0907821229050279,1,3,1,1,0,0,0,1,0,0,0,0,0,0,0,0.033276061157923725,Muito Baixo
49,23004,6.0,3250,15.21,0.14,12,0.1412797774300121,1,4,0,0,0,0,1,0,0,0,0,1,0,0,0,0.1855999531536053,Muito Baixo
37,100000,13.0,18400,5.99,0.18,15,0.184,0,1,0,1,0,0,0,0,0,0,0,0,1,0,0,6.984531844290104e-05,Muito Baixo
34,48000,4.0,10800,10.99,0.23,7,0.225,0,2,0,0,0,0,1,1,0,0,0,0,0,0,0,0.06646493914039317,Muito Baixo
25,40000,2.0,18000,13.11,0.45,3,0.45,1,3,1,0,0,0,1,0,0,0,1,0,0,1,1,0.9969742805344064,Muito Alto
23,88000,2.0,6625,11.22,0.08,3,0.0752840909090909,1,3,1,1,0,0,0,0,0,0,1,0,0,0,0,0.07822035362468742,Muito Baixo
25,35000,0.0,13750,7.51,0.39,4,0.3928571428571428,0,1,0,0,0,0,1,1,0,0,0,0,0,1,1,0.9779777935702848,Muito Alto
23,41000,3.0,6000,10.99,0.15,2,0.1463414634146341,0,2,0,0,0,0,1,0,0,0,1,0,0,0,0,0.07937324302590416,Muito Baixo
30,28800,9.0,2000,11.48,0.07,10,0.0694444444444444,1,2,0,0,0,0,1,0,0,0,1,0,0,0,0,0.051246086171269994,Muito Baixo
27,92000,11.0,18000,11.48,0.2,7,0.1956521739130435,1,2,0,1,0,0,0,0,1,0,0,0,0,0,0,0.037929593872398165,Muito Baixo
25,128000,4.0,10000,11.58,0.08,2,0.078125,1,2,0,1,0,0,0,0,0,1,0,0,0,1,0,0.05130640103925012,Muito Baixo
23,70000,4.0,12000,7.49,0.17,2,0.1714285714285714,0,1,0,0,0,0,1,0,0,0,1,0,0,0,0,0.014250041526503561,Muito Baixo
22,74476,6.0,5000,8.49,0.07,2,0.0671357215747354,0,1,0,1,0,0,0,0,1,0,0,0,0,1,0,0.15679508426020689,Muito Baixo
26,37850,1.0,6400,9.88,0.17,2,0.1690885072655218,0,2,0,0,0,0,1,0,0,0,0,1,0,0,0,0.10599825515253142,Muito Baixo
25,52000,1.0,10000,5.79,0.19,3,0.1923076923076923,0,1,0,0,0,0,1,0,0,0,0,0,1,0,0,0.0007467235647350881,Muito Baixo
25,48000,0.0,6000,10.65,0.13,2,0.125,0,2,0,0,0,1,0,0,0,0,0,1,0,0,0,0.00047296596994091583,Muito Baixo
36,140000,13.0,20800,11.48,0.15,11,0.1485714285714285,1,2,0,0,0,1,0,0,0,0,0,0,1,0,0,1.3541666522579372e-05,Muito Baixo
32,31000,2.0,7400,16.77,0.24,9,0.2387096774193548,1,4,1,0,0,0,1,0,0,1,0,0,0,1,1,0.9968006668047663,Muito Alto
36,62000,9.0,4800,8.0,0.08,12,0.0774193548387096,0,1,0,1,0,0,0,0,1,0,0,0,0,0,0,0.042805974679411204,Muito Baixo
22,33996,1.0,8000,10.51,0.24,3,0.2353218025650076,0,2,0,0,0,0,1,1,0,0,0,0,0,1,0,0.3715886249345446,Baixo
24,60000,8.0,21000,13.48,0.35,4,0.35,1,3,1,1,0,0,0,0,0,0,1,0,0,0,0,0.24151881440097947,Baixo
32,62900,6.0,16000,14.96,0.22,5,0.2543720190779014,1,4,0,0,0,0,1,0,0,0,1,0,0,1,1,0.9818373175945402,Muito Alto
29,180000,2.0,20000,7.49,0.11,10,0.1111111111111111,0,1,0,1,0,0,0,0,0,0,1,0,0,0,0,0.006498596772282341,Muito Baixo
70,132000,0.0,14000,7.49,0.11,24,0.106060606060606,0,1,0,1,0,0,0,0,0,0,0,1,0,0,0,0.0019382060501662549,Muito Baixo
24,54400,4.0,2500,11.14,0.04,2,0.0459558823529411,1,2,0,0,0,0,1,0,0,0,1,0,0,1,0,0.1323800984765806,Muito Baixo
21,63000,5.0,4800,16.82,0.08,4,0.0761904761904762,1,5,1,1,0,0,0,0,0,0,0,0,1,0,0,0.19677078627416178,Muito Baixo
28,86000,13.0,8000,5.99,0.09,10,0.0930232558139534,0,1,0,0,0,0,1,0,0,0,1,0,0,0,0,0.0032951036435579497,Muito Baixo
28,30000,4.0,12000,6.62,0.4,7,0.4,0,1,0,0,0,0,1,1,0,0,0,0,0,1,1,0.9942252233388565,Muito Alto
45,118000,11.0,9600,13.99,0.08,12,0.0813559322033898,1,3,1,1,0,0,0,0,1,0,0,0,0,1,0,0.13560752441628995,Muito Baixo
39,50000,1.0,8000,7.68,0.16,14,0.16,0,1,0,1,0,0,0,0,1,0,0,0,0,0,0,0.016103636036288747,Muito Baixo
25,52000,1.0,3000,12.99,0.06,4,0.0576923076923076,1,3,1,0,0,0,1,1,0,0,0,0,0,0,0,0.03767152183674941,Muito Baixo
30,110000,15.0,12000,13.61,0.11,10,0.109090909090909,1,3,0,1,0,0,0,0,0,0,0,1,0,0,0,0.047954845921191216,Muito Baixo
33,60000,17.0,7000,5.42,0.12,8,0.1166666666666666,0,1,0,1,0,0,0,0,0,0,1,0,0,0,0,0.012492658183799637,Muito Baixo
42,21120,12.0,6400,11.14,0.3,14,0.303030303030303,1,2,0,0,0,0,1,0,0,0,0,0,1,0,0,0.001684702244781771,Muito Baixo
22,72000,3.0,7500,11.41,0.1,3,0.1041666666666666,1,3,0,0,0,0,1,0,1,0,0,0,0,0,0,0.03846626936855476,Muito Baixo
29,17004,8.0,2200,9.32,0.13,5,0.1293813220418725,0,1,0,0,0,0,1,0,0,1,0,0,0,1,1,0.9575539935323494,Muito Alto
24,54731,2.0,3200,11.83,0.06,2,0.058467778772542,1,2,0,0,0,0,1,1,0,0,0,0,0,0,0,0.04747169326301188,Muito Baixo
32,25200,17.0,4000,6.54,0.16,6,0.1587301587301587,0,1,0,0,0,1,0,0,0,0,1,0,0,0,0,0.0009114805331147951,Muito Baixo
35,72000,3.0,12800,6.62,0.18,10,0.1777777777777777,0,1,0,1,0,0,0,0,0,0,1,0,0,0,0,0.00543111653821094,Muito Baixo
24,138000,4.0,5000,13.23,0.04,4,0.036231884057971,1,3,1,0,0,0,1,0,0,0,0,1,0,1,0,0.13558193360230666,Muito Baixo
29,99855,2.0,20000,17.06,0.2,8,0.2002904211106103,1,5,0,0,0,0,1,0,0,0,0,0,1,1,1,0.8818612189629407,Muito Alto
23,86400,0.0,16000,11.86,0.19,3,0.1851851851851851,1,4,0,0,0,1,0,0,1,0,0,0,0,0,0,0.0015534705069463162,Muito Baixo
29,21996,4.0,2500,13.11,0.11,8,0.1136570285506455,1,3,1,0,0,0,1,1,0,0,0,0,0,1,0,0.1956796192624768,Muito Baixo
41,100000,3.0,12000,10.74,0.12,14,0.12,0,2,0,0,0,0,1,0,0,0,0,1,0,0,0,0.028732143693079918,Muito Baixo
43,11340,4.0,1950,13.48,0.17,11,0.1719576719576719,1,3,0,0,0,0,1,0,1,0,0,0,0,1,1,0.9912623910228051,Muito Alto
34,45000,17.0,12000,6.03,0.27,9,0.2666666666666666,0,1,0,0,0,0,1,0,0,0,0,0,1,0,0,0.0009132011531372616,Muito Baixo
25,48000,9.0,4800,10.99,0.1,4,0.1,0,2,0,0,0,0,1,0,0,0,0,1,0,0,0,0.10325570754710507,Muito Baixo
25,34000,7.0,9600,14.54,0.28,2,0.2823529411764706,1,4,0,0,0,0,1,0,0,0,0,1,0,1,1,0.648581652827016,Alto
21,37740,0.0,9600,13.11,0.25,4,0.2543720190779014,1,3,1,0,0,0,1,1,0,0,0,0,0,0,0,0.09155092987247569,Muito Baixo
23,38000,7.0,12000,11.71,0.32,2,0.3157894736842105,1,2,0,0,0,0,1,0,0,0,0,1,0,1,1,0.9962702062768763,Muito Alto
27,75288,12.0,18050,10.0,0.24,10,0.2397460418659016,0,2,0,1,0,0,0,0,0,0,1,0,0,0,0,0.02245311225839151,Muito Baixo
30,504000,4.0,3000,11.36,0.01,9,0.0059523809523809,1,2,0,0,0,0,1,1,0,0,0,0,0,0,0,0.01635045577021833,Muito Baixo
21,50400,4.0,8000,15.62,0.16,2,0.1587301587301587,1,4,1,0,0,0,1,0,0,0,0,0,1,0,0,0.2981934961563663,Baixo
24,140000,8.0,16000,10.38,0.11,2,0.1142857142857142,0,2,0,1,0,0,0,0,0,0,1,0,0,0,0,0.04348086986216738,Muito Baixo
31,25000,0.0,4800,11.54,0.19,10,0.192,1,3,1,0,0,0,1,0,0,0,1,0,0,0,0,0.035849973415557825,Muito Baixo
22,75000,4.0,3000,8.9,0.04,2,0.04,0,1,0,0,0,0,1,0,1,0,0,0,0,0,0,0.05864943469723155,Muito Baixo
22,24000,2.0,3975,13.87,0.17,3,0.165625,1,4,0,1,0,0,0,0,1,0,0,0,0,0,0,0.10395674573894709,Muito Baixo
21,60000,0.0,10000,13.48,0.17,4,0.1666666666666666,1,3,1,1,0,0,0,0,0,0,1,0,0,0,0,0.04736473819914633,Muito Baixo
26,77100,6.0,8350,6.99,0.11,3,0.1083009079118028,0,1,0,0,0,0,1,1,0,0,0,0,0,0,0,0.03520787362794166,Muito Baixo
39,82000,7.0,8000,19.42,0.1,17,0.0975609756097561,1,5,1,1,0,0,0,0,0,1,0,0,0,0,0,0.14425195812862904,Muito Baixo
27,84906,11.0,4500,7.51,0.05,10,0.0529997880008479,0,1,0,1,0,0,0,1,0,0,0,0,0,0,0,0.01325524584573751,Muito Baixo
23,38500,2.0,3000,7.49,0.08,2,0.0779220779220779,0,1,0,1,0,0,0,1,0,0,0,0,0,0,0,0.04742335782399829,Muito Baixo
24,47480,8.0,6900,9.88,0.15,2,0.145324347093513,0,2,0,0,0,0,1,0,0,0,1,0,0,0,0,0.09242545122137787,Muito Baixo
30,17280,0.0,2000,13.48,0.12,7,0.1157407407407407,1,3,0,1,0,0,0,0,0,0,0,1,0,0,0,0.4920080016460805,Moderado
23,86000,6.0,13000,10.62,0.15,3,0.1511627906976744,0,2,0,0,0,0,1,0,1,0,0,0,0,0,0,0.032335835433933355,Muito Baixo
21,15300,5.0,2500,6.03,0.16,2,0.1633986928104575,0,1,0,0,0,1,0,0,0,0,1,0,0,1,1,0.9959062641687721,Muito Alto
25,59000,9.0,6000,15.23,0.1,3,0.1016949152542373,1,3,0,0,0,0,1,0,0,0,0,0,1,1,0,0.4064658165235816,Moderado
23,38376,4.0,8400,13.8,0.22,2,0.2188868042526579,1,3,1,0,0,1,0,0,0,0,0,0,1,0,0,0.0005854607821508202,Muito Baixo
27,58000,7.0,2800,11.99,0.05,8,0.0482758620689655,1,2,0,1,0,0,0,0,0,0,0,0,1,0,0,0.0030473519507517068,Muito Baixo
24,50000,2.0,6000,7.51,0.12,3,0.12,0,1,0,1,0,0,0,0,0,0,0,1,0,0,0,0.022733637756968895,Muito Baixo
26,100000,5.0,24000,10.99,0.24,4,0.24,0,2,0,1,0,0,0,1,0,0,0,0,0,0,0,0.038799095018259136,Muito Baixo
21,30000,0.0,1000,7.49,0.03,3,0.0333333333333333,0,1,0,0,0,0,1,1,0,0,0,0,0,0,0,0.11902571138873858,Muito Baixo
26,56950,10.0,7550,9.99,0.11,3,0.1325724319578577,0,2,0,0,0,0,1,0,0,0,1,0,0,1,0,0.19966490504722587,Muito Baixo
24,168288,5.0,1800,11.12,0.01,3,0.0106959498003422,1,2,0,0,0,0,1,0,0,1,0,0,0,0,0,0.03893902479395944,Muito Baixo
46,40452,4.0,4000,11.71,0.1,17,0.0988826263225551,1,2,0,0,0,1,0,0,1,0,0,0,0,0,0,0.0011943702745855589,Muito Baixo
36,28000,1.0,3075,15.62,0.11,12,0.1098214285714285,1,4,1,1,0,0,0,0,0,0,0,0,1,1,0,0.24223317945856318,Baixo
54,20000,2.0,5000,13.48,0.25,28,0.25,1,3,0,0,0,0,1,0,0,0,1,0,0,0,0,0.04067984200402368,Muito Baixo
25,34000,9.0,10000,12.42,0.29,3,0.2941176470588235,1,2,0,1,0,0,0,1,0,0,0,0,0,0,0,0.4386034381616661,Moderado
26,65000,4.0,8000,6.92,0.12,4,0.123076923076923,0,1,0,0,0,0,1,0,0,0,0,1,0,0,0,0.025168793186027622,Muito Baixo
30,310000,13.0,14000,10.99,0.05,10,0.0451612903225806,0,2,0,1,0,0,0,1,0,0,0,0,0,0,0,0.029014642777583036,Muito Baixo
23,39000,7.0,2200,10.99,0.06,4,0.0564102564102564,0,2,0,0,0,0,1,1,0,0,0,0,0,0,0,0.3292955603255671,Baixo
21,21600,4.0,7125,6.99,0.33,3,0.3298611111111111,0,1,0,0,0,1,0,0,0,0,0,0,1,0,0,0.0003181885481386712,Muito Baixo
31,40800,6.0,9000,7.49,0.22,6,0.2205882352941176,0,1,0,0,0,0,1,0,0,0,0,1,0,0,0,0.08382269446968997,Muito Baixo
29,30796,13.0,5000,14.96,0.16,8,0.1623587478893362,1,4,1,0,0,0,1,0,0,0,1,0,0,0,1,0.7988875869463486,Alto
23,60000,8.0,3600,9.99,0.06,3,0.06,0,2,0,0,0,0,1,0,0,0,0,0,1,0,0,0.0015875704675723462,Muito Baixo
32,104000,12.0,17000,14.82,0.16,7,0.1634615384615384,1,5,1,1,0,0,0,0,0,0,0,0,1,0,0,0.08125540846373398,Muito Baixo
27,64000,3.0,3600,7.49,0.06,5,0.05625,0,1,0,0,0,0,1,0,0,0,0,1,0,1,0,0.04890136725796078,Muito Baixo
28,56052,8.0,7200,11.28,0.13,8,0.1284521515735388,1,3,1,0,0,0,1,0,0,0,0,0,1,0,0,0.09324483049102425,Muito Baixo
24,78000,1.0,18500,15.33,0.24,2,0.2371794871794871,1,6,0,0,0,0,1,0,0,0,0,0,1,1,1,0.9697444679797379,Muito Alto
30,48996,2.0,3000,10.36,0.06,10,0.0612294881214793,0,2,0,0,0,0,1,0,1,0,0,0,0,0,0,0.16347679699306983,Muito Baixo
22,39000,1.0,6000,8.0,0.15,3,0.1538461538461538,0,1,0,0,0,0,1,0,1,0,0,0,0,0,0,0.09117146392745999,Muito Baixo
32,60000,2.0,6000,11.36,0.1,8,0.1,1,2,0,0,0,0,1,0,0,0,0,1,0,0,0,0.03276392292705064,Muito Baixo
23,30996,2.0,5000,11.86,0.16,4,0.161311136920893,1,2,0,0,0,1,0,0,0,0,0,0,1,0,0,6.918013661620088e-05,Muito Baixo
26,145992,0.0,20000,15.31,0.14,2,0.1369938078798838,1,4,1,1,0,0,0,0,0,0,0,1,0,0,0,0.1573825124146488,Muito Baixo
26,120000,10.0,6000,9.88,0.05,2,0.05,0,2,0,0,0,0,1,0,0,0,0,0,1,0,0,0.0021147293802168086,Muito Baixo
22,62000,6.0,5000,6.03,0.08,4,0.0806451612903225,0,1,0,1,0,0,0,0,0,0,0,1,0,0,0,0.02138251882330405,Muito Baixo
30,45000,11.0,5000,12.73,0.11,8,0.1111111111111111,1,3,1,0,0,0,1,0,0,0,1,0,0,1,0,0.15428346691300585,Muito Baixo
25,19200,2.0,1000,10.99,0.05,3,0.0520833333333333,0,2,0,0,0,1,0,0,0,0,0,0,1,0,0,0.00015865478410667598,Muito Baixo
38,65000,6.0,11500,13.92,0.18,14,0.1769230769230769,1,3,0,1,0,0,0,0,0,0,0,1,0,0,0,0.05962143178860725,Muito Baixo
22,110500,1.0,12250,11.26,0.11,4,0.1108597285067873,1,2,0,1,0,0,0,0,0,0,1,0,0,0,0,0.03333105889434348,Muito Baixo
27,51600,4.0,12000,6.99,0.23,9,0.2325581395348837,0,1,0,0,0,0,1,0,0,0,0,0,1,0,0,0.00225811730477995,Muito Baixo
23,33017,1.0,5000,10.99,0.15,4,0.1514371384438319,0,2,0,0,0,0,1,0,0,0,0,1,0,0,0,0.23878107327880413,Baixo
45,90000,3.0,2500,11.99,0.03,13,0.0277777777777777,1,2,0,1,0,0,0,0,0,0,0,0,1,0,0,0.0012674638516468899,Muito Baixo
27,90000,4.0,20000,12.42,0.22,10,0.2222222222222222,1,2,0,1,0,0,0,0,0,1,0,0,0,0,0,0.06848183694155667,Muito Baixo
51,80000,3.0,18000,18.78,0.23,20,0.225,1,6,1,0,0,0,1,0,0,1,0,0,0,0,0,0.12630071507838467,Muito Baixo
23,30000,0.0,6000,13.49,0.2,3,0.2,1,3,1,0,0,0,1,0,1,0,0,0,0,0,0,0.17013992307896608,Muito Baixo
38,30000,0.0,15000,14.61,0.5,15,0.5,1,4,1,0,0,0,1,0,0,0,0,1,0,1,1,0.9975232276677433,Muito Alto
25,39000,6.0,16000,15.65,0.41,3,0.4102564102564102,1,4,1,0,0,0,1,0,0,0,0,0,1,1,1,0.9917001766164394,Muito Alto
22,31200,3.0,4200,13.57,0.13,2,0.1346153846153846,1,3,1,0,0,0,1,0,0,0,0,0,1,0,0,0.19060024052521443,Muito Baixo
30,72000,2.0,23000,12.18,0.32,6,0.3194444444444444,1,2,0,0,0,0,1,0,1,0,0,0,0,1,1,0.9940257776464323,Muito Alto
21,249996,5.0,5000,8.59,0.02,3,0.02000032000512,0,1,0,1,0,0,0,0,0,0,0,1,0,0,0,0.018210808093968554,Muito Baixo
28,33000,12.0,8000,14.65,0.24,9,0.2424242424242424,1,3,0,0,0,0,1,0,0,0,0,1,0,1,0,0.37427135053743626,Baixo
30,70000,9.0,7000,8.9,0.1,8,0.1,0,1,0,1,0,0,0,0,0,0,0,1,0,0,0,0.07011350424422662,Muito Baixo
27,45000,9.0,12000,6.03,0.27,5,0.2666666666666666,0,1,0,0,0,1,0,0,0,0,0,1,0,0,0,0.000373960433738055,Muito Baixo
35,110000,4.0,4000,13.79,0.04,6,0.0363636363636363,1,3,0,1,0,0,0,0,0,0,1,0,0,0,0,0.07653538220502623,Muito Baixo
23,126000,0.0,8000,13.23,0.06,3,0.0634920634920634,1,3,0,0,0,0,1,0,0,0,0,1,0,0,0,0.052891052186454436,Muito Baixo
24,26400,4.0,8875,6.62,0.34,4,0.3361742424242424,0,1,0,0,0,0,1,0,0,0,1,0,0,1,1,0.9886912958448864,Muito Alto
22,95000,2.0,5000,10.59,0.05,2,0.0526315789473684,0,2,0,1,0,0,0,0,0,0,1,0,0,0,0,0.03331301125715508,Muito Baixo
25,25000,3.0,3000,11.12,0.12,4,0.12,1,2,0,0,0,0,1,1,0,0,0,0,0,0,0,0.1651638009113694,Muito Baixo
29,54996,8.0,3600,9.63,0.07,5,0.065459306131355,0,1,0,0,0,0,1,1,0,0,0,0,0,0,0,0.04438675799077839,Muito Baixo
26,75000,2.0,16000,13.35,0.21,2,0.2133333333333333,1,3,1,0,0,0,1,0,0,0,0,1,0,0,0,0.0669975628872414,Muito Baixo
48,83000,2.0,12000,10.99,0.14,17,0.144578313253012,0,2,0,0,0,0,1,0,0,0,0,0,1,0,0,0.001968601501452038,Muito Baixo
23,32000,5.0,10000,7.29,0.31,3,0.3125,0,1,0,0,0,0,1,0,0,0,1,0,0,1,1,0.9889965870636782,Muito Alto
28,57360,3.0,23000,10.99,0.4,8,0.400976290097629,0,2,0,1,0,0,0,0,0,0,0,1,0,0,0,0.14422001085070094,Muito Baixo
23,39325,3.0,2800,12.87,0.07,4,0.0712015257469803,1,3,0,1,0,0,0,0,1,0,0,0,0,1,0,0.11595717728560745,Muito Baixo
27,22000,1.0,4000,6.39,0.18,10,0.1818181818181818,0,1,0,0,0,0,1,0,1,0,0,0,0,0,0,0.06609512285565884,Muito Baixo
25,120000,3.0,12000,9.01,0.1,2,0.1,0,2,0,0,0,0,1,0,0,0,0,1,0,0,0,0.026295073576096114,Muito Baixo
23,50000,7.0,3000,6.03,0.06,4,0.06,0,1,0,1,0,0,0,0,1,0,0,0,0,0,0,0.011060421822534368,Muito Baixo
37,20004,0.0,5000,10.99,0.25,12,0.2499500099980004,0,2,0,0,0,0,1,1,0,0,0,0,0,0,0,0.07419871639386237,Muito Baixo
37,45000,1.0,9000,11.71,0.2,16,0.2,1,2,0,0,0,0,1,1,0,0,0,0,0,1,0,0.05642764612982034,Muito Baixo
24,30000,4.0,10000,15.99,0.33,2,0.3333333333333333,1,4,1,1,0,0,0,0,0,0,1,0,0,1,1,0.9256683163428358,Muito Alto
22,87000,6.0,15000,10.62,0.17,2,0.1724137931034483,0,2,0,0,0,0,1,0,0,0,0,1,0,0,0,0.09083074287009099,Muito Baixo
65,76000,3.0,35000,10.99,0.46,27,0.4605263157894737,0,2,0,0,0,0,1,0,1,0,0,0,0,1,1,0.9966071383122749,Muito Alto
25,50000,6.0,12800,7.49,0.26,4,0.256,0,1,0,1,0,0,0,0,0,0,0,1,0,1,0,0.04289745148561136,Muito Baixo
21,85000,2.0,15000,10.95,0.18,3,0.1764705882352941,0,2,0,0,0,0,1,0,0,0,0,0,1,0,0,0.001216462418261916,Muito Baixo
26,134400,3.0,10000,12.68,0.07,3,0.0744047619047619,1,3,0,1,0,0,0,0,0,0,1,0,0,0,0,0.06243290576038215,Muito Baixo
30,90000,5.0,10000,5.79,0.11,7,0.1111111111111111,0,1,0,1,0,0,0,0,0,0,0,1,0,0,0,0.0030602541056801644,Muito Baixo
29,48000,6.0,8000,13.49,0.17,9,0.1666666666666666,1,3,1,0,0,1,0,0,0,1,0,0,0,0,0,0.001957721296941643,Muito Baixo
26,60996,2.0,12000,12.21,0.2,4,0.1967342120794806,1,2,0,1,0,0,0,0,0,0,0,1,0,0,0,0.05499713879543939,Muito Baixo
23,33800,4.0,13000,15.31,0.38,4,0.3846153846153846,1,4,1,0,0,1,0,0,1,0,0,0,0,0,0,0.0018893755791387404,Muito Baixo
30,110000,14.0,25000,10.36,0.23,8,0.2272727272727272,0,2,0,1,0,0,0,1,0,0,0,0,0,0,0,0.09592765484641601,Muito Baixo
22,65416,6.0,8000,6.92,0.12,2,0.1222942399412987,0,1,0,1,0,0,0,0,1,0,0,0,0,0,0,0.017431474836962422,Muito Baixo
22,50000,6.0,6400,6.92,0.13,4,0.128,0,1,0,0,0,1,0,0,0,0,0,0,1,0,0,1.1226468130137259e-05,Muito Baixo
22,75000,6.0,24000,12.69,0.32,4,0.32,1,2,0,0,0,0,1,0,1,0,0,0,0,1,1,0.9896789429748906,Muito Alto
27,45000,1.0,6000,10.65,0.13,8,0.1333333333333333,0,2,0,0,0,0,1,0,1,0,0,0,0,0,0,0.0525090444279448,Muito Baixo
33,97200,4.0,20000,12.29,0.21,9,0.205761316872428,1,3,0,1,0,0,0,0,0,0,0,1,0,0,0,0.08938969675692147,Muito Baixo
46,70000,5.0,8000,7.29,0.11,13,0.1142857142857142,0,1,0,1,0,0,0,0,0,0,0,1,0,0,0,0.014876506532178656,Muito Baixo
27,57600,3.0,3000,11.11,0.05,6,0.0520833333333333,1,2,0,1,0,0,0,0,0,0,1,0,0,0,0,0.17141149175132558,Muito Baixo
64,56000,0.0,10000,16.82,0.18,18,0.1785714285714285,1,5,1,0,0,0,1,1,0,0,0,0,0,1,1,0.9964111829165455,Muito Alto
26,78000,4.0,12000,7.14,0.15,2,0.1538461538461538,0,1,0,0,0,0,1,1,0,0,0,0,0,0,0,0.06216086790219142,Muito Baixo
22,16000,4.0,6250,9.91,0.39,2,0.390625,0,2,0,0,0,0,1,0,0,0,0,0,1,1,1,0.9999119440959299,Muito Alto
24,48000,3.0,4800,9.99,0.1,2,0.1,0,2,0,1,0,0,0,1,0,0,0,0,0,0,0,0.06107753247139759,Muito Baixo
22,56004,6.0,6000,11.86,0.11,3,0.1071352046282408,1,2,0,1,0,0,0,0,0,0,1,0,0,0,0,0.37885395878600864,Baixo
33,36000,5.0,12200,9.99,0.34,6,0.3388888888888889,0,2,0,0,0,0,1,0,1,0,0,0,0,1,1,0.9916843042239633,Muito Alto
25,49000,1.0,12000,13.49,0.24,2,0.2448979591836734,1,4,0,0,0,0,1,1,0,0,0,0,0,1,1,0.9961518167237566,Muito Alto
21,32400,5.0,5000,16.0,0.15,2,0.1543209876543209,1,5,0,1,0,0,0,0,0,0,0,1,0,1,0,0.24212483777548185,Baixo
24,56500,1.0,10000,10.99,0.18,4,0.1769911504424778,0,2,0,0,0,0,1,0,0,1,0,0,0,0,0,0.14158540558716365,Muito Baixo
22,49000,6.0,10000,16.45,0.2,2,0.2040816326530612,1,5,0,0,0,0,1,0,0,0,0,1,0,1,0,0.31994898649376313,Baixo
55,75000,2.0,20000,11.83,0.27,23,0.2666666666666666,1,2,0,0,0,0,1,0,0,0,1,0,0,0,0,0.040045159788910184,Muito Baixo
24,75360,4.0,7000,7.49,0.09,3,0.0928874734607218,0,1,0,0,0,1,0,0,0,0,0,0,1,0,0,1.3301141140463678e-05,Muito Baixo
34,85800,11.0,5000,7.4,0.06,6,0.0582750582750582,0,1,0,0,0,1,0,0,0,0,0,0,1,0,0,1.3309872092995706e-05,Muito Baixo
21,102000,5.0,10000,15.31,0.1,3,0.0980392156862745,1,4,1,0,0,0,1,0,0,0,0,0,1,0,0,0.10133895405863907,Muito Baixo
66,42000,2.0,6475,9.99,0.15,24,0.1541666666666666,0,2,0,0,0,0,1,0,0,0,1,0,0,0,0,0.005552738534242279,Muito Baixo
24,42000,2.0,6000,14.96,0.14,3,0.1428571428571428,1,4,1,0,0,0,1,0,0,1,0,0,0,1,1,0.9770505203835945,Muito Alto
21,82000,3.0,11000,7.49,0.13,3,0.1341463414634146,0,1,0,1,0,0,0,0,0,0,0,1,0,0,0,0.02892249815083358,Muito Baixo
34,20000,5.0,5000,8.9,0.25,5,0.25,0,1,0,0,0,0,1,0,0,0,1,0,0,0,0,0.03632446541264416,Muito Baixo
24,80000,6.0,7250,5.42,0.09,2,0.090625,0,1,0,0,0,0,1,0,0,0,0,0,1,0,0,0.00048222857969832837,Muito Baixo
29,62200,3.0,12000,19.03,0.19,6,0.1929260450160771,1,5,0,0,0,0,1,0,0,0,0,1,0,0,0,0.17973870901282782,Muito Baixo
25,95000,5.0,18000,10.99,0.19,3,0.1894736842105263,0,2,0,1,0,0,0,1,0,0,0,0,0,0,0,0.03220809295744004,Muito Baixo
28,75000,3.0,6000,11.48,0.08,8,0.08,1,2,0,1,0,0,0,0,0,1,0,0,0,0,0,0.04570875568272823,Muito Baixo
27,88000,8.0,14400,11.71,0.16,6,0.1636363636363636,1,2,0,1,0,0,0,0,0,0,0,1,0,0,0,0.1925754600306849,Muito Baixo
25,102211,3.0,15000,11.58,0.15,2,0.1467552416080461,1,2,0,1,0,0,0,1,0,0,0,0,0,0,0,0.058588924141818266,Muito Baixo
29,72000,13.0,2000,14.59,0.03,8,0.0277777777777777,1,4,1,0,0,0,1,1,0,0,0,0,0,1,1,0.9744534639942715,Muito Alto
34,44000,2.0,4000,10.36,0.09,9,0.0909090909090909,0,2,0,0,0,0,1,0,0,0,0,0,1,0,0,0.004110533486106571,Muito Baixo
31,55000,0.0,4500,7.14,0.08,6,0.0818181818181818,0,1,0,1,0,0,0,0,0,0,0,0,1,0,0,0.0004400216297777852,Muito Baixo
22,35000,2.0,7000,18.09,0.2,2,0.2,1,6,1,0,0,0,1,0,0,0,1,0,0,1,1,0.9929131393552905,Muito Alto
28,60000,0.0,7500,5.79,0.13,8,0.125,0,1,0,1,0,0,0,0,0,1,0,0,0,0,0,0.03694469150801432,Muito Baixo
26,49680,1.0,5875,12.99,0.12,3,0.118256843800322,1,3,1,0,0,0,1,0,0,0,1,0,0,0,0,0.07003035185855706,Muito Baixo
31,73000,3.0,15000,10.99,0.21,8,0.2054794520547945,0,2,0,1,0,0,0,0,0,1,0,0,0,0,0,0.09466137982590009,Muito Baixo
54,33600,0.0,1000,10.65,0.03,29,0.0297619047619047,0,2,0,0,0,0,1,1,0,0,0,0,0,1,0,0.17690350217440015,Muito Baixo
24,54000,8.0,4000,9.99,0.07,4,0.074074074074074,0,2,0,1,0,0,0,0,0,1,0,0,0,0,0,0.2722356906916847,Baixo
24,30000,0.0,6000,13.22,0.2,3,0.2,1,3,0,1,0,0,0,0,0,0,0,0,1,0,0,0.19076448114999608,Muito Baixo
32,28800,4.0,14500,16.7,0.5,10,0.5034722222222222,1,5,0,0,0,0,1,0,0,0,0,1,0,1,1,0.9979190007033234,Muito Alto
22,175000,6.0,18000,10.99,0.1,2,0.1028571428571428,0,2,0,1,0,0,0,0,1,0,0,0,0,0,0,0.0228682887160191,Muito Baixo
27,44000,2.0,15000,11.48,0.34,5,0.3409090909090909,1,2,0,0,0,0,1,0,0,0,1,0,0,1,1,0.9960257752451775,Muito Alto
41,30840,8.0,6000,10.59,0.19,13,0.1945525291828793,0,2,0,0,0,0,1,0,0,0,1,0,0,0,0,0.1606742242800112,Muito Baixo
36,68000,2.0,7200,9.63,0.11,15,0.1058823529411764,0,1,0,0,1,0,0,0,0,0,0,1,0,0,0,0.04710233651577495,Muito Baixo
26,31303,7.0,12000,7.49,0.38,2,0.3833498386736095,0,1,0,1,0,0,0,0,0,0,1,0,0,0,0,0.35513202044234415,Baixo
23,82000,2.0,20900,12.69,0.25,2,0.2548780487804878,1,2,0,0,0,0,1,0,0,0,0,1,0,0,0,0.10339590247608642,Muito Baixo
24,25000,6.0,2000,6.62,0.08,4,0.08,0,1,0,0,0,0,1,0,0,0,0,1,0,0,0,0.2669136278012021,Baixo
40,116000,3.0,12000,13.48,0.1,16,0.1034482758620689,1,3,0,1,0,0,0,0,0,0,0,0,1,0,0,0.05256155018391216,Muito Baixo
37,61260,2.0,6350,7.51,0.1,14,0.103656545870062,0,1,0,1,0,0,0,0,0,0,1,0,0,0,0,0.02954265264796378,Muito Baixo
23,42000,2.0,3000,6.62,0.07,3,0.0714285714285714,0,1,0,0,0,0,1,0,0,0,1,0,0,0,0,0.03125703175490669,Muito Baixo
30,46000,5.0,6000,6.99,0.13,5,0.1304347826086956,0,1,0,0,0,0,1,0,0,0,1,0,0,0,0,0.028146186654035704,Muito Baixo
40,45760,8.0,13650,10.25,0.3,13,0.2982954545454545,0,2,0,0,0,0,1,0,0,0,1,0,0,0,0,0.026720909891671533,Muito Baixo
34,69996,13.0,32000,10.99,0.46,8,0.4571689810846334,0,2,0,0,0,0,1,0,0,0,1,0,0,1,1,0.9905211479501186,Muito Alto
27,115000,1.0,5000,8.49,0.04,6,0.0434782608695652,0,1,0,1,0,0,0,1,0,0,0,0,0,0,0,0.0281244793449672,Muito Baixo
33,63996,15.0,3200,5.42,0.05,8,0.0500031251953247,0,1,0,1,0,0,0,0,1,0,0,0,0,0,0,0.015079878535978771,Muito Baixo
23,70000,4.0,10500,7.51,0.15,2,0.15,0,1,0,1,0,0,0,0,1,0,0,0,0,0,0,0.016364781521685495,Muito Baixo
22,37000,2.0,13000,7.88,0.35,4,0.3513513513513513,0,1,0,1,0,0,0,1,0,0,0,0,0,0,0,0.0741783979201851,Muito Baixo
51,72800,0.0,5700,7.66,0.08,28,0.0782967032967033,0,1,0,1,0,0,0,0,0,0,0,1,0,0,0,0.03461568321830044,Muito Baixo
25,33600,5.0,1000,11.86,0.03,2,0.0297619047619047,1,2,0,0,0,0,1,1,0,0,0,0,0,0,0,0.2552610737343165,Baixo
27,75000,4.0,20150,11.36,0.27,6,0.2686666666666666,1,2,0,1,0,0,0,0,0,0,0,1,0,0,0,0.08015877234004874,Muito Baixo
26,38244,6.0,18000,9.63,0.47,3,0.4706620646375902,0,1,0,1,0,0,0,1,0,0,0,0,0,0,0,0.11823225276523308,Muito Baixo
24,69000,0.0,20000,14.82,0.29,4,0.2898550724637681,1,5,0,0,0,0,1,0,0,1,0,0,0,1,1,0.9554137194212312,Muito Alto
25,30780,4.0,5500,8.49,0.18,4,0.1786874593892137,0,1,0,1,0,0,0,0,0,0,1,0,0,1,0,0.12632840259998468,Muito Baixo
22,82000,6.0,12000,13.55,0.15,4,0.1463414634146341,1,4,0,0,0,0,1,0,1,0,0,0,0,0,0,0.11903409131166248,Muito Baixo
44,100000,5.0,13500,8.9,0.14,17,0.135,0,1,0,0,0,0,1,0,1,0,0,0,0,0,0,0.017907622786631515,Muito Baixo
28,110000,0.0,15000,16.32,0.14,5,0.1363636363636363,1,5,1,1,0,0,0,0,0,0,0,0,1,0,0,0.14778248231363048,Muito Baixo
26,61000,4.0,8000,7.49,0.13,2,0.1311475409836065,0,1,0,1,0,0,0,0,0,0,0,1,0,0,0,0.036355689703402035,Muito Baixo
23,55812,4.0,21825,11.36,0.39,2,0.39104493657278,1,2,0,1,0,0,0,0,0,0,1,0,0,0,0,0.4238808130384723,Moderado
35,66000,4.0,3000,6.03,0.05,10,0.0454545454545454,0,1,0,1,0,0,0,0,1,0,0,0,0,0,0,0.012412106498840439,Muito Baixo
26,38004,3.0,10000,13.48,0.26,3,0.2631301968213872,1,3,0,0,0,0,1,0,0,0,1,0,0,0,0,0.08290465859636825,Muito Baixo
32,110000,16.0,9000,11.48,0.08,10,0.0818181818181818,1,2,0,0,0,1,0,0,1,0,0,0,0,0,0,0.0006119871671778693,Muito Baixo
28,36000,2.0,12000,5.42,0.33,10,0.3333333333333333,0,1,0,0,0,0,1,0,0,0,0,0,1,1,1,0.9975339526122688,Muito Alto
29,28000,0.0,10000,12.84,0.36,7,0.3571428571428571,1,3,1,0,0,0,1,0,0,0,1,0,0,1,1,0.9841313245475837,Muito Alto
23,98000,3.0,10000,8.94,0.1,3,0.1020408163265306,0,1,0,1,0,0,0,0,0,0,0,0,1,0,0,0.001313107119324021,Muito Baixo
23,39000,1.0,7000,16.77,0.18,3,0.1794871794871795,1,4,0,0,0,0,1,0,0,0,0,0,1,1,1,0.9625650911857285,Muito Alto
25,125000,1.0,30000,14.27,0.24,4,0.24,1,3,0,1,0,0,0,0,0,0,1,0,0,0,0,0.08296440828492774,Muito Baixo
23,54000,1.0,10000,14.42,0.19,3,0.1851851851851851,1,4,0,0,0,0,1,0,1,0,0,0,0,1,1,0.9396352521236032,Muito Alto
42,50426,0.0,4200,7.49,0.08,11,0.0832903660809899,0,1,0,0,0,0,1,0,0,0,0,1,0,0,0,0.01146757668930291,Muito Baixo
34,25000,0.0,10000,7.29,0.4,9,0.4,0,1,0,0,0,0,1,0,0,0,1,0,0,1,1,0.9948603806730254,Muito Alto
31,29400,2.0,10000,13.87,0.34,6,0.3401360544217687,1,4,0,0,0,0,1,0,0,0,1,0,0,1,1,0.9994542763324352,Muito Alto
52,52000,1.0,17000,7.88,0.33,18,0.3269230769230769,0,1,0,1,0,0,0,0,0,0,1,0,0,1,0,0.07480232392538329,Muito Baixo
27,183000,12.0,15000,19.03,0.08,6,0.081967213114754,1,5,1,0,0,0,1,0,1,0,0,0,0,0,0,0.2846860494157136,Baixo
26,54000,6.0,10000,7.9,0.19,3,0.1851851851851851,0,1,0,0,0,0,1,0,0,0,0,0,1,0,0,0.004258424016363943,Muito Baixo
39,108000,3.0,12000,6.99,0.11,13,0.1111111111111111,0,1,0,1,0,0,0,0,0,1,0,0,0,1,0,0.011846455631179578,Muito Baixo
24,69996,6.0,5000,10.2,0.07,2,0.0714326532944739,0,2,0,1,0,0,0,0,0,1,0,0,0,0,0,0.08265498416891436,Muito Baixo
28,99518,10.0,6500,5.99,0.07,6,0.0653148174199642,0,1,0,1,0,0,0,1,0,0,0,0,0,0,0,0.0025661543738790655,Muito Baixo
25,39000,3.0,7600,12.84,0.19,3,0.1948717948717948,1,3,0,0,0,0,1,0,0,0,1,0,0,1,0,0.18940396134489357,Muito Baixo
28,64500,1.0,4000,13.79,0.06,8,0.0620155038759689,1,3,1,1,0,0,0,0,0,0,0,0,1,1,0,0.057001913803950414,Muito Baixo
28,60000,7.0,12000,7.51,0.2,5,0.2,0,1,0,0,0,1,0,0,0,0,1,0,0,0,0,0.0007165777462432377,Muito Baixo
34,39996,1.0,5000,7.51,0.13,6,0.125012501250125,0,1,0,0,0,0,1,0,0,0,0,1,0,0,0,0.025679685119426112,Muito Baixo
22,74000,3.0,10000,11.83,0.14,3,0.1351351351351351,1,2,0,1,0,0,0,0,0,0,0,1,0,1,0,0.15407487305925355,Muito Baixo
22,78700,6.0,7000,7.68,0.09,3,0.0889453621346886,0,1,0,1,0,0,0,0,0,0,0,1,0,1,0,0.13897296767583397,Muito Baixo
29,40404,4.0,14000,8.49,0.35,10,0.3465003465003465,0,1,0,0,0,0,1,0,0,0,0,0,1,1,1,0.9969575761307895,Muito Alto
33,70000,10.0,9500,7.49,0.14,5,0.1357142857142857,0,1,0,0,0,0,1,1,0,0,0,0,0,0,0,0.013010746080500667,Muito Baixo
34,113900,5.0,35000,18.64,0.26,10,0.3072870939420544,1,5,0,1,0,0,0,0,0,0,1,0,0,1,1,0.997323901199704,Muito Alto
28,86004,12.0,3000,9.99,0.03,5,0.0348820985070461,0,2,0,1,0,0,0,0,0,0,0,0,1,0,0,0.0013066233421726527,Muito Baixo
23,60000,6.0,7000,6.54,0.12,2,0.1166666666666666,0,1,0,1,0,0,0,0,0,0,0,1,0,0,0,0.02611363456012132,Muito Baixo
23,36000,7.0,4000,10.99,0.11,3,0.1111111111111111,0,2,0,0,0,0,1,0,0,0,0,1,0,1,0,0.1967831749775355,Muito Baixo
25,48996,8.0,5000,9.88,0.1,2,0.1020491468691321,0,2,0,1,0,0,0,0,0,0,0,1,0,1,0,0.1737743172804915,Muito Baixo
22,43000,4.0,3800,6.99,0.09,4,0.0883720930232558,0,1,0,0,0,0,1,0,1,0,0,0,0,0,0,0.03128142754428877,Muito Baixo
29,55000,5.0,12000,7.49,0.22,8,0.2181818181818181,0,1,0,1,0,0,0,1,0,0,0,0,0,0,0,0.024350445542766927,Muito Baixo
22,62000,2.0,8000,12.68,0.13,4,0.1290322580645161,1,3,1,0,0,0,1,0,1,0,0,0,0,0,0,0.03312433129104249,Muito Baixo
27,38500,1.0,3000,11.48,0.08,10,0.0779220779220779,1,2,0,0,0,0,1,0,0,0,0,0,1,0,0,0.004375135918203298,Muito Baixo
24,85000,3.0,12000,7.51,0.14,4,0.1411764705882353,0,1,0,1,0,0,0,0,0,1,0,0,0,0,0,0.00852685110907941,Muito Baixo
41,70800,25.0,12000,6.62,0.17,11,0.1694915254237288,0,1,0,1,0,0,0,0,0,0,0,1,0,0,0,0.00972201700029447,Muito Baixo
36,31000,2.0,8000,14.11,0.26,14,0.2580645161290322,1,4,0,0,0,0,1,0,0,0,0,1,0,1,1,0.9274807422594679,Muito Alto
21,20000,2.0,2500,13.79,0.13,3,0.125,1,3,1,0,0,0,1,0,0,0,0,1,0,0,0,0.3787774304253453,Baixo
25,62000,6.0,6000,7.88,0.1,4,0.0967741935483871,0,1,0,1,0,0,0,1,0,0,0,0,0,0,0,0.03414757337576905,Muito Baixo
21,31680,5.0,15000,12.61,0.47,4,0.4734848484848485,1,3,1,0,0,0,1,0,0,0,1,0,0,1,1,0.9961860980377648,Muito Alto
23,58000,0.0,16000,12.21,0.28,4,0.2758620689655172,1,2,0,0,1,0,0,0,0,0,0,0,1,0,0,0.003717689462932419,Muito Baixo
32,74400,16.0,25000,10.38,0.34,8,0.336021505376344,0,2,0,0,0,0,1,0,0,0,1,0,0,1,1,0.9947547315434959,Muito Alto
31,48000,5.0,11200,10.99,0.23,5,0.2333333333333333,0,2,0,0,0,0,1,0,1,0,0,0,0,0,0,0.09776155743274144,Muito Baixo
24,35000,0.0,1800,7.14,0.05,2,0.0514285714285714,0,1,0,0,0,0,1,0,0,0,1,0,0,0,0,0.017350010872025486,Muito Baixo
29,70000,7.0,4000,11.86,0.06,5,0.0571428571428571,1,2,0,1,0,0,0,0,0,0,1,0,0,0,0,0.030954410568033,Muito Baixo
32,125000,2.0,20000,11.12,0.16,9,0.16,1,2,0,1,0,0,0,0,0,0,0,1,0,0,0,0.03118690843411593,Muito Baixo
24,98000,2.0,15000,14.93,0.15,2,0.1530612244897959,1,5,0,0,0,0,1,1,0,0,0,0,0,1,1,0.9988593738214547,Muito Alto
23,23136,4.0,4800,6.17,0.21,2,0.2074688796680498,0,1,0,0,0,0,1,0,1,0,0,0,0,0,0,0.028131828951155766,Muito Baixo
29,150000,1.0,10000,13.49,0.07,10,0.0666666666666666,1,3,0,1,0,0,0,0,0,0,1,0,0,0,0,0.032612914393912125,Muito Baixo
22,60000,4.0,12000,7.51,0.2,3,0.2,0,1,0,1,0,0,0,0,1,0,0,0,0,0,0,0.01736975675117154,Muito Baixo
23,16000,7.0,2000,6.39,0.13,3,0.125,0,1,0,0,0,1,0,0,0,0,0,1,0,0,0,0.0026318972486931865,Muito Baixo
24,67200,4.0,5000,10.99,0.07,4,0.0744047619047619,0,2,0,0,0,0,1,0,1,0,0,0,0,0,0,0.11107483838218078,Muito Baixo
35,148000,19.0,25000,14.62,0.17,10,0.1689189189189189,1,4,1,1,0,0,0,1,0,0,0,0,0,1,1,0.9939807568965396,Muito Alto
50,90000,2.0,24000,11.36,0.27,13,0.2666666666666666,1,2,0,1,0,0,0,0,0,0,0,0,1,0,0,0.00416230119847926,Muito Baixo
33,69930,5.0,6300,7.14,0.09,10,0.09009009009009,0,1,0,1,0,0,0,1,0,0,0,0,0,0,0,0.013086632019649677,Muito Baixo
22,45000,0.0,4000,12.98,0.09,3,0.0888888888888888,1,3,1,0,0,0,1,0,1,0,0,0,0,0,0,0.044603605855396876,Muito Baixo
30,79000,5.0,15000,18.535,0.19,7,0.189873417721519,1,6,0,0,0,0,1,0,1,0,0,0,0,0,0,0.4166797936167809,Moderado
24,100300,3.0,7500,11.49,0.07,4,0.0747756729810568,1,2,0,0,0,0,1,0,0,0,1,0,0,0,0,0.02431394553084619,Muito Baixo
24,50500,7.0,9600,7.49,0.19,4,0.1900990099009901,0,1,0,0,0,0,1,0,1,0,0,0,0,0,0,0.0722996634855676,Muito Baixo
22,18000,4.0,2000,11.49,0.11,3,0.1111111111111111,1,2,0,0,0,1,0,0,0,0,0,0,1,0,0,0.00013256271907316754,Muito Baixo
24,48000,2.0,5500,11.36,0.11,3,0.1145833333333333,1,2,0,1,0,0,0,0,1,0,0,0,0,0,0,0.1150786512621764,Muito Baixo
24,33600,1.0,7800,16.49,0.23,4,0.2321428571428571,1,4,0,0,0,0,1,0,0,0,0,1,0,1,1,0.9717634764228847,Muito Alto
28,47004,12.0,10000,13.61,0.21,10,0.2127478512467024,1,3,0,1,0,0,0,0,0,0,1,0,0,1,0,0.21050710683197857,Baixo
46,192000,1.0,25000,14.79,0.13,14,0.1302083333333333,1,3,1,1,0,0,0,0,0,0,0,0,1,0,0,0.13780906575002852,Muito Baixo
22,75000,6.0,6000,7.74,0.08,4,0.08,0,1,0,1,0,0,0,1,0,0,0,0,0,0,0,0.0442265493380352,Muito Baixo
73,75000,0.0,7800,7.49,0.1,24,0.104,0,1,0,0,0,0,1,0,0,0,1,0,0,0,0,0.0006956398600174332,Muito Baixo
21,80000,3.0,15000,7.49,0.19,2,0.1875,0,1,0,0,0,0,1,0,0,0,0,0,1,0,0,0.0008505518271389384,Muito Baixo
22,41000,0.0,7750,9.88,0.19,3,0.1890243902439024,0,2,0,1,0,0,0,1,0,0,0,0,0,0,0,0.058459006449776245,Muito Baixo
30,16000,2.0,7275,5.42,0.45,10,0.4546875,0,1,0,1,0,0,0,0,0,0,1,0,0,1,1,0.9200559742952319,Muito Alto
30,42312,1.0,5500,8.59,0.13,6,0.1299867649839289,0,1,0,0,0,0,1,0,1,0,0,0,0,0,0,0.08650048677851135,Muito Baixo
24,110000,8.0,16000,12.73,0.15,4,0.1454545454545454,1,3,0,0,0,1,0,0,0,0,0,0,1,0,0,0.00032370456189328913,Muito Baixo
23,37000,7.0,11000,6.62,0.3,3,0.2972972972972973,0,1,0,0,0,0,1,0,1,0,0,0,0,0,0,0.09393441219775393,Muito Baixo
40,150000,5.0,12000,10.37,0.08,15,0.08,0,2,0,1,0,0,0,0,0,0,0,1,0,0,0,0.03571776853658947,Muito Baixo
28,46000,3.0,12000,10.99,0.26,8,0.2608695652173913,0,2,0,0,0,0,1,0,0,0,1,0,0,0,0,0.06272049713676688,Muito Baixo
27,30000,1.0,7200,7.29,0.24,7,0.24,0,1,0,0,0,0,1,0,0,0,0,1,0,0,0,0.2549613190669506,Baixo
24,20400,3.0,7550,14.79,0.37,4,0.3700980392156863,1,3,0,0,0,0,1,0,0,0,0,0,1,1,1,0.9909726019835118,Muito Alto
37,48000,0.0,14725,10.99,0.31,11,0.3067708333333333,0,2,0,0,0,0,1,1,0,0,0,0,0,1,1,0.9758613452961299,Muito Alto
31,35000,0.0,6000,12.84,0.17,7,0.1714285714285714,1,3,0,0,0,0,1,0,0,0,1,0,0,0,0,0.044551034363512584,Muito Baixo
30,44500,2.0,13000,16.32,0.29,6,0.2921348314606741,1,5,0,0,0,0,1,0,0,0,1,0,0,1,1,0.9954203941169565,Muito Alto
26,21000,4.0,8000,13.79,0.38,3,0.3809523809523809,1,3,1,0,0,1,0,0,1,0,0,0,0,0,0,0.0015209688836743973,Muito Baixo
31,20743,0.0,5000,7.51,0.24,5,0.2410451718652075,0,1,0,0,0,0,1,0,0,0,1,0,0,0,0,0.042281351868292114,Muito Baixo
34,85000,6.0,24000,11.49,0.28,7,0.2823529411764706,1,2,0,1,0,0,0,0,0,1,0,0,0,0,0,0.060320048318065096,Muito Baixo
27,74700,7.0,5000,11.49,0.07,6,0.0669344042838018,1,2,0,1,0,0,0,0,0,1,0,0,0,1,0,0.18622044262449247,Muito Baixo
25,210000,9.0,8000,9.91,0.04,4,0.0380952380952381,0,2,0,1,0,0,0,0,0,1,0,0,0,0,0,0.026997299607160453,Muito Baixo
24,36000,4.0,6500,5.42,0.18,2,0.1805555555555555,0,1,0,0,0,1,0,0,1,0,0,0,0,0,0,0.0004690491528595299,Muito Baixo
24,100000,2.0,7700,10.74,0.08,2,0.077,0,2,0,1,0,0,0,0,1,0,0,0,0,0,0,0.03422642348585872,Muito Baixo
24,37000,3.0,5500,9.2,0.15,3,0.1486486486486486,0,2,0,0,0,0,1,0,0,0,0,0,1,0,0,0.0022358168436193465,Muito Baixo
22,56000,1.0,12000,6.91,0.21,2,0.2142857142857142,0,1,0,0,0,0,1,0,1,0,0,0,0,0,0,0.0345433538928332,Muito Baixo
33,62000,3.0,10000,7.88,0.16,6,0.1612903225806451,0,1,0,1,0,0,0,0,1,0,0,0,0,0,0,0.01848809611150033,Muito Baixo
26,44470,2.0,4000,6.76,0.09,2,0.0899482797391499,0,1,0,1,0,0,0,1,0,0,0,0,0,0,0,0.05559628592232082,Muito Baixo
22,62322,7.0,10000,10.99,0.16,2,0.1604569814832643,0,2,0,0,0,0,1,0,1,0,0,0,0,0,0,0.05846428609521794,Muito Baixo
22,24600,1.0,4750,10.0,0.19,4,0.1930894308943089,0,2,0,0,0,1,0,0,0,0,0,1,0,0,0,0.0010515169413603774,Muito Baixo
23,113000,1.0,12000,15.28,0.11,3,0.1061946902654867,1,4,1,0,0,0,1,0,0,0,0,1,0,1,1,0.9449676435907389,Muito Alto
33,37200,3.0,3000,6.92,0.08,5,0.0806451612903225,0,1,0,1,0,0,0,0,1,0,0,0,0,0,0,0.05759422392623958,Muito Baixo
23,60000,5.0,10000,11.71,0.17,4,0.1666666666666666,1,2,0,1,0,0,0,1,0,0,0,0,0,0,0,0.0642098416121608,Muito Baixo
26,57600,10.0,1800,12.42,0.03,3,0.03125,1,2,0,1,0,0,0,0,0,0,1,0,0,0,0,0.16283777782935982,Muito Baixo
24,49000,7.0,3500,7.88,0.07,3,0.0714285714285714,0,1,0,1,0,0,0,0,0,0,1,0,0,0,0,0.06080891556212908,Muito Baixo
26,39000,2.0,2000,12.98,0.05,4,0.0512820512820512,1,3,0,0,0,0,1,0,1,0,0,0,0,0,0,0.2670918549088072,Baixo
26,59000,2.0,8500,11.83,0.14,4,0.1440677966101695,1,2,0,0,0,0,1,0,0,0,0,1,0,0,0,0.18885111277694108,Muito Baixo
22,62000,4.0,2000,15.27,0.03,2,0.032258064516129,1,3,0,0,0,0,1,0,1,0,0,0,0,0,0,0.07692864315651846,Muito Baixo
50,60000,13.0,10000,13.49,0.17,12,0.1666666666666666,1,3,0,0,0,0,1,0,0,0,0,0,1,0,0,0.02652589966044378,Muito Baixo
44,37000,0.0,3500,12.87,0.09,13,0.0945945945945946,1,3,1,0,0,0,1,0,0,0,1,0,0,0,0,0.08598104649151102,Muito Baixo
24,54996,4.0,10000,10.37,0.18,4,0.1818314059204305,0,2,0,0,0,1,0,0,1,0,0,0,0,0,0,0.00046228374695213975,Muito Baixo
22,46000,4.0,11000,7.49,0.24,4,0.2391304347826087,0,1,0,0,0,0,1,0,0,0,0,1,0,0,0,0.07366281853678704,Muito Baixo
28,64000,5.0,12000,6.03,0.19,8,0.1875,0,1,0,1,0,0,0,0,0,0,0,0,1,0,0,0.0005746631334497804,Muito Baixo
24,45000,0.0,6000,7.88,0.13,3,0.1333333333333333,0,1,0,1,0,0,0,0,0,0,0,0,1,0,0,0.0005604375852750815,Muito Baixo
21,45432,4.0,5000,9.88,0.11,4,0.1100545870751893,0,2,0,1,0,0,0,0,1,0,0,0,0,0,0,0.058449678606482154,Muito Baixo
23,96000,0.0,20000,11.11,0.21,2,0.2083333333333333,1,2,0,1,0,0,0,0,0,0,0,0,1,0,0,0.000608866363786707,Muito Baixo
35,26400,4.0,8000,10.99,0.3,8,0.303030303030303,0,2,0,0,0,0,1,0,0,0,0,1,0,0,0,0.3185925955414771,Baixo
22,69000,6.0,10000,15.62,0.14,3,0.144927536231884,1,4,0,1,0,0,0,1,0,0,0,0,0,1,1,0.9969121179747215,Muito Alto
22,26400,2.0,4400,11.49,0.17,4,0.1666666666666666,1,2,0,1,0,0,0,1,0,0,0,0,0,0,0,0.08269926218783175,Muito Baixo
31,19200,0.0,4075,8.32,0.21,6,0.2122395833333333,0,1,0,0,0,0,1,0,0,0,1,0,0,1,1,0.9716444976556833,Muito Alto
24,40000,1.0,3825,10.0,0.1,3,0.095625,0,2,0,0,0,0,1,0,0,0,0,0,1,0,0,0.0014221114370828408,Muito Baixo
33,70000,17.0,24000,7.49,0.34,6,0.3428571428571428,0,1,0,0,0,1,0,0,0,0,0,0,1,0,0,0.0002214588055114497,Muito Baixo
23,34000,5.0,12000,12.84,0.35,4,0.3529411764705882,1,3,0,0,0,0,1,1,0,0,0,0,0,1,1,0.991798185326331,Muito Alto
29,55000,11.0,4000,10.99,0.07,8,0.0727272727272727,0,2,0,1,0,0,0,0,0,0,0,1,0,0,0,0.08570076246370024,Muito Baixo
25,85000,4.0,6000,10.0,0.07,3,0.0705882352941176,0,2,0,0,0,0,1,0,0,0,1,0,0,0,0,0.018677794093383982,Muito Baixo
28,42240,2.0,12000,11.86,0.28,6,0.2840909090909091,1,2,0,0,0,1,0,0,0,0,1,0,0,0,0,0.000633082729759817,Muito Baixo
26,80000,10.0,25000,10.99,0.31,3,0.3125,0,2,0,1,0,0,0,0,0,0,0,0,1,0,0,0.002169375677513802,Muito Baixo
29,31200,2.0,6000,11.46,0.19,10,0.1923076923076923,1,2,0,0,0,0,1,0,0,0,0,1,0,1,0,0.3083469417520662,Baixo
23,30000,8.0,4375,6.62,0.15,2,0.1458333333333333,0,1,0,1,0,0,0,0,0,0,0,0,1,0,0,0.0024238966246933956,Muito Baixo
21,35000,5.0,5000,10.65,0.14,3,0.1428571428571428,0,2,0,0,0,0,1,0,0,0,1,0,0,0,0,0.08260270954833174,Muito Baixo
49,74880,6.0,14300,7.51,0.19,16,0.1909722222222222,0,1,0,0,0,0,1,0,0,0,1,0,0,0,0,0.015733034466857067,Muito Baixo
22,82000,6.0,10000,12.87,0.12,2,0.1219512195121951,1,3,1,1,0,0,0,1,0,0,0,0,0,0,0,0.10469826802792019,Muito Baixo
25,74004,2.0,7500,12.61,0.1,4,0.1013458731960434,1,4,1,0,0,0,1,1,0,0,0,0,0,1,1,0.9950484686199539,Muito Alto
22,53808,5.0,6000,8.9,0.11,2,0.111507582515611,0,1,0,1,0,0,0,0,0,0,0,0,1,0,0,0.0012357261689566216,Muito Baixo
40,86000,0.0,20000,14.54,0.23,13,0.2325581395348837,1,4,1,0,0,0,1,0,1,0,0,0,0,1,1,0.9023794007012121,Muito Alto
22,36000,3.0,15000,13.85,0.42,3,0.4166666666666667,1,3,0,0,0,0,1,0,0,0,0,0,1,1,1,0.994054762911937,Muito Alto
25,30000,2.0,8000,10.65,0.27,4,0.2666666666666666,0,2,0,1,0,0,0,0,0,0,0,0,1,0,0,0.002004297756309662,Muito Baixo
25,54000,8.0,19000,13.48,0.35,2,0.3518518518518518,1,3,1,0,0,0,1,1,0,0,0,0,0,1,1,0.9963468245035136,Muito Alto
22,62000,2.0,10000,5.99,0.16,4,0.1612903225806451,0,1,0,1,0,0,0,0,1,0,0,0,0,0,0,0.01130054354827049,Muito Baixo
27,120000,0.0,10000,6.62,0.08,10,0.0833333333333333,0,1,0,1,0,0,0,0,0,1,0,0,0,0,0,0.008048788944206525,Muito Baixo
38,21000,5.0,3000,13.43,0.14,17,0.1428571428571428,1,3,1,1,0,0,0,0,0,1,0,0,0,0,0,0.1168198502254988,Muito Baixo
27,88000,4.0,14000,12.42,0.16,10,0.1590909090909091,1,2,0,1,0,0,0,0,0,0,0,0,1,0,0,0.0049662057098081285,Muito Baixo
21,15996,3.0,4800,15.37,0.3,3,0.3000750187546886,1,4,1,0,0,0,1,0,0,0,1,0,0,1,1,0.9987784208201184,Muito Alto
31,36000,12.0,1450,10.99,0.04,7,0.0402777777777777,0,2,0,0,0,0,1,0,0,0,0,0,1,0,0,0.0037094058149477194,Muito Baixo
29,70000,1.0,10000,7.49,0.14,8,0.1428571428571428,0,1,0,0,0,0,1,0,0,1,0,0,0,0,0,0.02818804452093082,Muito Baixo
25,5000,0.0,1000,9.64,0.2,4,0.2,0,2,0,0,0,0,1,0,0,0,0,0,1,1,1,0.9899725167095451,Muito Alto
26,80000,5.0,3000,8.0,0.04,3,0.0375,0,1,0,1,0,0,0,0,0,1,0,0,0,0,0,0.030123603977226823,Muito Baixo
23,70000,0.0,3600,10.59,0.05,4,0.0514285714285714,0,2,0,0,0,1,0,0,1,0,0,0,0,0,0,0.00038222463609097185,Muito Baixo
21,24000,5.0,2000,11.14,0.08,4,0.0833333333333333,1,2,0,0,0,0,1,0,0,0,0,0,1,0,0,0.004398578587340256,Muito Baixo
30,50000,3.0,4500,13.11,0.09,7,0.09,1,3,1,0,0,0,1,0,0,0,0,0,1,0,0,0.049863655914356875,Muito Baixo
24,16800,3.0,2400,13.98,0.14,4,0.1428571428571428,1,3,1,0,0,0,1,0,0,0,1,0,0,1,0,0.07159359353674416,Muito Baixo
23,40308,1.0,5000,7.68,0.12,4,0.1240448546194303,0,1,0,1,0,0,0,0,1,0,0,0,0,0,0,0.042850198184140625,Muito Baixo
22,87000,5.0,20000,13.85,0.23,4,0.2298850574712643,1,3,0,0,0,0,1,0,1,0,0,0,0,0,0,0.06928106168707385,Muito Baixo
33,39504,17.0,3000,7.37,0.08,5,0.0759416767922235,0,1,0,1,0,0,0,0,1,0,0,0,0,0,0,0.1985619359746112,Muito Baixo
27,90000,11.0,15600,12.69,0.17,9,0.1733333333333333,1,2,0,0,0,0,1,0,0,0,0,1,0,0,0,0.058529958644307614,Muito Baixo
33,65000,4.0,10000,11.99,0.15,9,0.1538461538461538,1,2,0,0,0,0,1,0,0,0,1,0,0,0,0,0.033493544602115954,Muito Baixo
27,235000,5.0,28000,15.96,0.12,5,0.1191489361702127,1,3,0,1,0,0,0,0,0,0,0,0,1,0,0,0.07386576840299158,Muito Baixo
22,38400,4.0,16000,11.54,0.42,3,0.4166666666666667,1,3,1,0,0,0,1,0,0,0,0,0,1,1,1,0.9969718588200305,Muito Alto
48,33500,1.0,1500,14.74,0.04,11,0.044776119402985,1,4,0,0,0,0,1,0,0,1,0,0,0,1,1,0.9910599493880669,Muito Alto
23,35500,5.0,3500,10.99,0.1,3,0.0985915492957746,0,2,0,0,0,0,1,0,1,0,0,0,0,0,0,0.07459273639196481,Muito Baixo
22,20000,2.0,5000,11.86,0.25,2,0.25,1,2,0,0,0,0,1,0,0,0,0,0,1,0,0,0.01204325761329941,Muito Baixo
28,24000,2.0,3500,14.72,0.15,6,0.1458333333333333,1,3,1,0,0,0,1,0,0,1,0,0,0,1,1,0.9313639525169092,Muito Alto
33,90000,15.0,18000,11.58,0.2,10,0.2,1,2,0,0,0,0,1,0,0,0,0,1,0,1,0,0.028685887849527296,Muito Baixo
23,124000,3.0,6800,6.03,0.05,2,0.0548387096774193,0,1,0,0,0,0,1,1,0,0,0,0,0,0,0,0.0024747370030395194,Muito Baixo
24,55000,2.0,15000,7.49,0.27,2,0.2727272727272727,0,1,0,0,0,0,1,0,0,0,0,1,0,0,0,0.05386159511670859,Muito Baixo
38,37500,0.0,1375,6.91,0.04,11,0.0366666666666666,0,1,0,0,0,0,1,0,0,0,0,0,1,0,0,0.0011760559772596762,Muito Baixo
26,84000,4.0,15000,10.14,0.18,4,0.1785714285714285,0,2,0,0,0,0,1,1,0,0,0,0,0,0,0,0.12360408714863044,Muito Baixo
34,42240,3.0,8775,13.06,0.21,6,0.2077414772727272,1,3,1,0,0,0,1,0,0,0,0,1,0,0,0,0.07191257342234103,Muito Baixo
22,28800,6.0,8000,11.49,0.28,2,0.2777777777777778,1,2,0,0,0,0,1,0,1,0,0,0,0,0,0,0.16194290962411595,Muito Baixo
23,41496,4.0,7200,16.82,0.17,2,0.1735106998264893,1,5,0,0,0,1,0,0,0,0,0,0,1,0,0,0.4501866865952015,Moderado
35,38400,0.0,5000,7.49,0.13,9,0.1302083333333333,0,1,0,1,0,0,0,0,1,0,0,0,0,0,0,0.04850002249923184,Muito Baixo
25,44400,6.0,14125,12.99,0.32,2,0.3181306306306306,1,3,0,1,0,0,0,0,0,0,0,0,1,0,0,0.2992736905723513,Baixo
27,81500,2.0,20000,17.51,0.25,8,0.2453987730061349,1,5,1,0,0,0,1,0,0,1,0,0,0,1,1,0.9368701536647026,Muito Alto
25,39000,4.0,4000,7.88,0.1,4,0.1025641025641025,0,1,0,0,0,0,1,0,0,0,1,0,0,0,0,0.11214722174180466,Muito Baixo
29,85000,9.0,15000,10.65,0.18,9,0.1764705882352941,0,2,0,1,0,0,0,0,0,0,1,0,0,0,0,0.04167803486650055,Muito Baixo
39,55059,16.0,24000,12.53,0.44,11,0.4358960387947475,1,2,0,0,0,0,1,0,0,1,0,0,0,1,1,0.9935352218329403,Muito Alto
25,24996,3.0,7500,12.98,0.3,3,0.300048007681229,1,3,1,0,0,0,1,0,1,0,0,0,0,0,0,0.10673871953331461,Muito Baixo
28,74000,13.0,7800,10.99,0.11,7,0.1054054054054054,0,2,0,1,0,0,0,0,0,0,0,1,0,0,0,0.16942559843125374,Muito Baixo
22,64999,6.0,2500,14.61,0.04,2,0.0384621301866182,1,4,0,1,0,0,0,0,0,0,0,0,1,0,0,0.07396028012354973,Muito Baixo
26,46000,8.0,7000,9.99,0.15,3,0.1521739130434782,0,2,0,1,0,0,0,0,0,1,0,0,0,1,0,0.21332810679350722,Baixo
29,85000,12.0,8000,10.62,0.09,8,0.0941176470588235,0,2,0,0,0,0,1,0,0,0,0,1,0,0,0,0.05341374543634371,Muito Baixo
25,17400,0.0,3000,11.83,0.17,4,0.1724137931034483,1,2,0,0,0,0,1,0,1,0,0,0,0,1,1,0.9805157125333748,Muito Alto
25,70000,6.0,14000,5.42,0.2,3,0.2,0,1,0,1,0,0,0,0,0,0,0,0,1,0,0,0.0006887046972782459,Muito Baixo
32,155000,8.0,8000,13.48,0.05,6,0.0516129032258064,1,3,1,1,0,0,0,0,0,0,1,0,0,0,0,0.027691841725555073,Muito Baixo
37,71400,7.0,3100,20.69,0.04,14,0.0434173669467787,1,5,1,1,0,0,0,0,0,0,1,0,0,1,1,0.9822407510739027,Muito Alto
22,67000,3.0,12000,8.59,0.18,2,0.1791044776119403,0,1,0,0,0,1,0,0,1,0,0,0,0,0,0,0.0005411261011056871,Muito Baixo
24,24996,0.0,4000,9.45,0.16,2,0.1600256040966554,0,2,0,0,0,0,1,0,1,0,0,0,0,0,0,0.09072555275477333,Muito Baixo
25,54000,1.0,3600,7.49,0.07,3,0.0666666666666666,0,1,0,0,0,0,1,0,0,0,0,1,0,1,0,0.06673767085813608,Muito Baixo
33,56000,1.0,6500,6.76,0.12,6,0.1160714285714285,0,1,0,0,0,0,1,0,1,0,0,0,0,0,0,0.04203833522140281,Muito Baixo
41,108800,2.0,15000,17.88,0.12,16,0.1378676470588235,1,5,0,1,0,0,0,0,0,0,1,0,0,1,1,0.9910214084677189,Muito Alto
26,55000,2.0,11300,7.29,0.21,4,0.2054545454545454,0,1,0,1,0,0,0,0,0,0,1,0,0,0,0,0.039356622342708404,Muito Baixo
26,80000,0.0,8000,5.99,0.1,2,0.1,0,1,0,0,0,0,1,0,0,1,0,0,0,0,0,0.006016735241889436,Muito Baixo
23,90000,4.0,20000,14.65,0.22,3,0.2222222222222222,1,3,1,1,0,0,0,0,0,0,0,1,0,0,0,0.05391078629403232,Muito Baixo
29,92004,12.0,10000,9.63,0.11,9,0.1086909264814573,0,2,0,1,0,0,0,0,0,0,1,0,0,0,0,0.04061580002448459,Muito Baixo
26,74000,2.0,8000,13.92,0.11,3,0.1081081081081081,1,3,0,0,0,0,1,0,1,0,0,0,0,0,0,0.3467620114881399,Baixo
28,85000,1.0,5000,6.92,0.06,8,0.0588235294117647,0,1,0,1,0,0,0,0,0,0,1,0,0,0,0,0.005621454456680162,Muito Baixo
24,35004,3.0,9600,7.88,0.27,3,0.2742543709290367,0,1,0,1,0,0,0,0,0,0,0,1,0,0,0,0.05562930343026968,Muito Baixo
27,75000,2.0,8000,10.95,0.11,7,0.1066666666666666,0,2,0,1,0,0,0,0,0,0,0,0,1,0,0,0.0008773586069586164,Muito Baixo
25,75000,4.0,13000,11.48,0.17,4,0.1733333333333333,1,2,0,0,0,0,1,1,0,0,0,0,0,0,0,0.06961499356396231,Muito Baixo
22,110500,2.0,9000,5.79,0.08,4,0.0814479638009049,0,1,0,0,0,0,1,0,1,0,0,0,0,0,0,0.004031738687748841,Muito Baixo
24,82000,8.0,3500,15.31,0.04,4,0.0426829268292682,1,4,0,1,0,0,0,0,1,0,0,0,0,0,0,0.12068508211072729,Muito Baixo
21,42000,5.0,11200,16.77,0.27,4,0.2666666666666666,1,4,0,0,0,0,1,0,0,0,0,0,1,0,1,0.5010518838726176,Moderado
26,26004,2.0,10000,11.14,0.38,3,0.3845562221196739,1,2,0,1,0,0,0,0,0,1,0,0,0,0,0,0.2788599009566083,Baixo
32,140000,9.0,11000,5.42,0.08,8,0.0785714285714285,0,1,0,1,0,0,0,0,1,0,0,0,0,0,0,0.004662553261170059,Muito Baixo
30,95000,0.0,4000,7.14,0.04,10,0.0421052631578947,0,1,0,1,0,0,0,1,0,0,0,0,0,0,0,0.00301811553271213,Muito Baixo
25,19200,3.0,6000,7.14,0.31,3,0.3125,0,1,0,0,0,0,1,0,0,0,1,0,0,1,1,0.9992605942250177,Muito Alto
22,89800,6.0,20000,12.53,0.22,2,0.22271714922049,1,2,0,1,0,0,0,1,0,0,0,0,0,0,0,0.08458963773737221,Muito Baixo
29,50400,6.0,7000,6.17,0.14,8,0.1388888888888889,0,1,0,0,0,0,1,1,0,0,0,0,0,0,0,0.030561469465001923,Muito Baixo
24,30000,0.0,3500,5.99,0.12,2,0.1166666666666666,0,1,0,0,0,0,1,0,0,0,1,0,0,0,0,0.015572168764831824,Muito Baixo
23,48880,2.0,5500,10.99,0.11,3,0.1125204582651391,0,2,0,0,0,0,1,0,1,0,0,0,0,0,0,0.05210654293782445,Muito Baixo
26,85757,0.0,7800,11.83,0.09,3,0.0909546742539967,1,2,0,0,0,0,1,0,0,0,1,0,0,0,0,0.04167213529874073,Muito Baixo
28,24996,6.0,6000,5.99,0.24,7,0.2400384061449832,0,1,0,1,0,0,0,0,0,0,0,1,0,0,0,0.06985238005276691,Muito Baixo
26,48000,10.0,4500,11.11,0.09,4,0.09375,1,2,0,0,0,0,1,1,0,0,0,0,0,0,0,0.1004834381263494,Muito Baixo
27,73000,11.0,13000,6.03,0.18,9,0.1780821917808219,0,1,0,1,0,0,0,1,0,0,0,0,0,0,0,0.027853759550625953,Muito Baixo
21,30000,6.0,3000,5.99,0.1,4,0.1,0,1,0,1,0,0,0,0,0,0,0,1,0,0,0,0.08789846089200452,Muito Baixo
36,37000,5.0,3000,18.39,0.08,15,0.081081081081081,1,5,1,1,0,0,0,0,0,0,1,0,0,1,1,0.942854017477974,Muito Alto
34,103363,4.0,15000,10.99,0.15,5,0.1451196269458123,0,2,0,1,0,0,0,0,0,0,0,0,1,0,0,0.0010904362762152113,Muito Baixo
22,35000,2.0,10000,10.99,0.29,2,0.2857142857142857,0,2,0,0,0,0,1,0,0,0,0,0,1,0,0,0.00122496499426084,Muito Baixo
23,60000,7.0,10750,7.88,0.18,3,0.1791666666666666,0,1,0,1,0,0,0,0,1,0,0,0,0,0,0,0.023538466856134158,Muito Baixo
31,85000,4.0,16000,11.89,0.19,10,0.188235294117647,1,2,0,0,1,0,0,0,0,1,0,0,0,0,0,0.01879883584005954,Muito Baixo
25,24000,1.0,12000,12.17,0.5,4,0.5,1,4,1,0,0,0,1,1,0,0,0,0,0,1,1,0.9999617184118295,Muito Alto
31,90000,11.0,6000,11.71,0.07,8,0.0666666666666666,1,2,0,1,0,0,0,1,0,0,0,0,0,0,0,0.023642677364842987,Muito Baixo
32,32496,4.0,5000,15.31,0.15,6,0.1538650910881339,1,4,0,0,0,0,1,0,1,0,0,0,0,0,0,0.2812113818393572,Baixo
29,61848,13.0,5000,10.38,0.08,10,0.0808433579097141,0,2,0,0,0,1,0,0,0,0,0,0,1,0,0,2.6181648958196296e-05,Muito Baixo
22,160000,6.0,20000,7.49,0.13,4,0.125,0,1,0,0,0,0,1,0,0,0,0,1,0,0,0,0.015077207542085112,Muito Baixo
38,200000,2.0,25000,7.9,0.13,13,0.125,0,1,0,1,0,0,0,0,0,0,0,1,0,0,0,0.009290681611452805,Muito Baixo
31,17000,3.0,4575,11.48,0.27,7,0.2691176470588235,1,2,0,0,0,0,1,0,0,0,0,0,1,1,1,0.9950374052834298,Muito Alto
47,204000,6.0,10000,13.06,0.05,13,0.0490196078431372,1,3,1,1,0,0,0,0,1,0,0,0,0,0,0,0.07245730654914999,Muito Baixo
33,62800,3.0,16000,13.11,0.25,5,0.2547770700636942,1,3,1,0,0,0,1,0,0,0,0,1,0,0,0,0.0809972269203432,Muito Baixo
24,63000,8.0,11400,13.79,0.18,4,0.1809523809523809,1,3,0,1,0,0,0,0,0,0,0,1,0,0,0,0.1408607911958039,Muito Baixo
30,45000,11.0,10000,14.74,0.22,6,0.2222222222222222,1,4,0,1,0,0,0,0,0,0,0,1,0,1,0,0.15418557967948238,Muito Baixo
36,85000,3.0,3825,5.42,0.04,15,0.045,0,1,0,0,0,0,1,0,0,0,1,0,0,0,0,0.002493462018422092,Muito Baixo
23,48000,3.0,12000,6.03,0.25,2,0.25,0,1,0,0,0,0,1,0,0,0,0,1,0,0,0,0.0236805065015867,Muito Baixo
22,32400,6.0,9250,14.46,0.29,4,0.2854938271604938,1,4,1,0,0,0,1,0,0,0,1,0,0,1,1,0.933402103217475,Muito Alto
22,35000,5.0,3000,10.01,0.09,2,0.0857142857142857,0,2,0,0,0,0,1,0,1,0,0,0,0,0,0,0.0524910711991372,Muito Baixo
29,92000,2.0,20000,13.72,0.22,8,0.217391304347826,1,3,1,0,0,0,1,0,0,0,0,1,0,0,0,0.09472634613413385,Muito Baixo
30,39600,5.0,3000,10.38,0.08,10,0.0757575757575757,0,2,0,1,0,0,0,1,0,0,0,0,0,0,0,0.18704744579158536,Muito Baixo
24,65000,0.0,3000,12.73,0.05,3,0.0461538461538461,1,3,0,1,0,0,0,1,0,0,0,0,0,0,0,0.061405866544721584,Muito Baixo
22,24000,3.0,3000,10.99,0.13,4,0.125,0,2,0,0,0,0,1,0,0,0,0,1,0,0,0,0.21195755141570113,Baixo
22,33000,6.0,10000,12.42,0.3,3,0.303030303030303,1,2,0,0,0,0,1,0,0,0,0,1,0,1,0,0.42402410133635315,Moderado
27,85000,0.0,2000,14.22,0.02,9,0.0235294117647058,1,3,1,0,0,0,1,1,0,0,0,0,0,0,0,0.03748357375077781,Muito Baixo
48,140000,4.0,18000,9.99,0.13,12,0.1285714285714285,0,2,0,1,0,0,0,0,1,0,0,0,0,0,0,0.05419720571645397,Muito Baixo
40,16800,8.0,5000,8.94,0.3,17,0.2976190476190476,0,1,0,0,0,0,1,0,0,0,0,1,0,1,1,0.982709192774601,Muito Alto
28,47000,4.0,2800,6.99,0.06,7,0.0595744680851063,0,1,0,0,0,0,1,0,0,0,0,1,0,0,0,0.05139861003100567,Muito Baixo
37,74400,21.0,7500,7.05,0.1,11,0.1008064516129032,0,1,0,0,0,1,0,0,0,0,0,0,1,0,0,2.6456993840522908e-05,Muito Baixo
35,85000,0.0,20000,12.21,0.24,9,0.2352941176470588,1,2,0,1,0,0,0,1,0,0,0,0,0,0,0,0.07364358171747884,Muito Baixo
24,41600,0.0,10000,8.94,0.24,2,0.2403846153846154,0,1,0,1,0,0,0,0,0,1,0,0,0,0,0,0.12808632030035175,Muito Baixo
26,52000,7.0,6500,10.74,0.13,2,0.125,0,2,0,1,0,0,0,0,0,0,0,0,1,0,0,0.0008968780143934677,Muito Baixo
27,48000,4.0,4200,10.74,0.09,5,0.0875,0,2,0,0,0,0,1,1,0,0,0,0,0,0,0,0.08805024112142,Muito Baixo
24,80004,1.0,12000,7.29,0.15,3,0.1499925003749812,0,1,0,0,0,0,1,0,0,0,0,0,1,0,0,0.000983115719525884,Muito Baixo
31,20500,4.0,1000,6.76,0.05,6,0.048780487804878,0,1,0,1,0,0,0,0,0,1,0,0,0,0,0,0.3158523758929894,Baixo
31,70000,0.0,10000,13.48,0.14,8,0.1428571428571428,1,3,1,0,0,0,1,0,0,0,0,1,0,0,0,0.04467404167895502,Muito Baixo
22,13200,0.0,2500,9.91,0.19,4,0.1893939393939394,0,2,0,0,0,0,1,0,0,0,0,0,1,1,1,0.9878562622045328,Muito Alto
30,96600,3.0,16750,10.62,0.17,5,0.1733954451345755,0,2,0,0,0,0,1,0,0,0,0,0,1,0,0,0.0035324708689890407,Muito Baixo
25,66420,1.0,4000,12.18,0.06,3,0.0602228244504667,1,2,0,1,0,0,0,0,0,0,1,0,0,0,0,0.14720693008785357,Muito Baixo
25,67000,9.0,5000,13.92,0.07,4,0.0746268656716417,1,3,1,0,0,0,1,0,0,0,0,1,0,1,0,0.13841752240508667,Muito Baixo
23,62000,4.0,9600,9.2,0.15,2,0.1548387096774193,0,2,0,1,0,0,0,0,0,0,0,0,1,0,0,0.0010761775908127204,Muito Baixo
36,60996,8.0,15000,9.63,0.25,14,0.2459177650993508,0,2,0,1,0,0,0,1,0,0,0,0,0,0,0,0.0426266965408075,Muito Baixo
35,45000,3.0,15000,13.48,0.33,8,0.3333333333333333,1,3,0,0,0,0,1,1,0,0,0,0,0,1,1,0.9879601426851302,Muito Alto
31,52000,0.0,8000,7.51,0.15,5,0.1538461538461538,0,1,0,0,0,0,1,0,0,0,0,0,1,0,0,0.0008650299578459007,Muito Baixo
25,38400,9.0,8500,10.99,0.22,2,0.2213541666666666,0,2,0,0,0,0,1,0,0,0,0,0,1,0,0,0.0035436264767031932,Muito Baixo
28,65000,3.0,7000,8.49,0.11,6,0.1076923076923077,0,1,0,0,0,0,1,0,0,1,0,0,0,0,0,0.05681653042578761,Muito Baixo
25,46645,9.0,2000,12.69,0.04,3,0.0428770500589559,1,2,0,1,0,0,0,0,0,0,0,1,0,1,0,0.10738075530612676,Muito Baixo
23,35004,1.0,6000,10.99,0.17,2,0.1714089818306479,0,2,0,0,0,0,1,0,1,0,0,0,0,0,0,0.060564924981289084,Muito Baixo
27,95000,11.0,18000,13.48,0.19,5,0.1894736842105263,1,3,0,1,0,0,0,0,0,0,0,0,1,0,0,0.036382311372146287,Muito Baixo
24,72000,8.0,14000,7.9,0.19,4,0.1944444444444444,0,1,0,0,0,0,1,0,1,0,0,0,0,0,0,0.06804215908913619,Muito Baixo
35,20000,0.0,8500,15.05,0.42,10,0.425,1,4,1,0,0,0,1,0,1,0,0,0,0,1,1,0.9991936184030171,Muito Alto
45,68000,13.0,11200,13.48,0.16,17,0.1647058823529411,1,3,0,0,0,0,1,0,0,0,0,1,0,0,0,0.06332735410083183,Muito Baixo
28,70000,4.0,20000,12.18,0.29,6,0.2857142857142857,1,2,0,1,0,0,0,0,0,1,0,0,0,0,0,0.14445593526567319,Muito Baixo
24,50000,3.0,10000,7.49,0.2,2,0.2,0,1,0,0,0,0,1,0,0,0,0,1,0,0,0,0.02312590320182756,Muito Baixo
36,52660,2.0,15000,13.16,0.28,13,0.284846183061147,1,3,1,1,0,0,0,0,0,1,0,0,0,0,0,0.11956821735057925,Muito Baixo
25,62400,7.0,20000,11.48,0.32,2,0.3205128205128205,1,2,0,0,0,0,1,0,0,0,0,0,1,1,1,0.9984891420902545,Muito Alto
32,45000,6.0,15000,7.51,0.33,5,0.3333333333333333,0,1,0,1,0,0,0,0,0,0,0,1,0,0,0,0.11419786765062834,Muito Baixo
27,51000,0.0,7000,7.49,0.14,6,0.1372549019607843,0,1,0,1,0,0,0,0,1,0,0,0,0,0,0,0.07000435800868893,Muito Baixo
26,100000,11.0,2000,5.42,0.02,2,0.02,0,1,0,1,0,0,0,0,0,1,0,0,0,0,0,0.0026219053289659815,Muito Baixo
30,70000,6.0,18000,10.99,0.26,7,0.2571428571428571,0,2,0,1,0,0,0,0,0,1,0,0,0,0,0,0.05993495302816871,Muito Baixo
22,46500,4.0,5000,10.37,0.11,4,0.1075268817204301,0,2,0,0,0,0,1,0,0,0,0,0,1,0,0,0.002503621035026237,Muito Baixo
27,80000,5.0,35000,13.48,0.44,8,0.4375,1,3,0,1,0,0,0,0,0,0,0,1,0,0,0,0.07684952567892019,Muito Baixo
38,140000,0.0,25000,9.99,0.18,13,0.1785714285714285,0,2,0,1,0,0,0,0,0,0,0,0,1,0,0,0.0005261641956458526,Muito Baixo
21,27024,4.0,8000,8.49,0.3,3,0.2960331557134399,0,1,0,0,0,0,1,0,1,0,0,0,0,0,0,0.11096129690664662,Muito Baixo
22,83004,6.0,24000,7.88,0.29,2,0.2891426919184617,0,1,0,1,0,0,0,0,1,0,0,0,0,0,0,0.031644891577283556,Muito Baixo
30,28000,5.0,12000,14.22,0.43,8,0.4285714285714285,1,3,0,0,0,0,1,0,0,0,0,1,0,1,1,0.9977469013796264,Muito Alto
28,75000,6.0,10500,7.49,0.14,9,0.14,0,1,0,1,0,0,0,0,0,1,0,0,0,0,0,0.028688086577132586,Muito Baixo
26,40000,0.0,4500,7.74,0.11,2,0.1125,0,1,0,0,0,0,1,0,0,0,1,0,0,0,0,0.022413569744908407,Muito Baixo
26,33000,2.0,3000,11.49,0.09,3,0.0909090909090909,1,2,0,0,0,0,1,0,0,0,1,0,0,1,0,0.09780103205499042,Muito Baixo
24,125000,3.0,3000,14.72,0.02,3,0.024,1,3,1,0,0,0,1,1,0,0,0,0,0,0,0,0.09965332624784436,Muito Baixo
22,55000,6.0,6000,6.99,0.11,3,0.109090909090909,0,1,0,0,0,0,1,1,0,0,0,0,0,0,0,0.02917756440722535,Muito Baixo
31,36000,5.0,13000,20.3,0.36,5,0.3611111111111111,1,5,1,0,0,0,1,0,0,1,0,0,0,1,1,0.9983965747334499,Muito Alto
26,168000,1.0,20000,11.36,0.12,4,0.119047619047619,1,2,0,0,0,0,1,0,0,0,0,0,1,0,0,0.0023472533506122156,Muito Baixo
31,54000,4.0,6000,7.66,0.11,6,0.1111111111111111,0,1,0,1,0,0,0,0,0,0,0,0,1,0,0,0.0014818001353187264,Muito Baixo
25,138000,0.0,5000,11.86,0.04,4,0.036231884057971,1,2,0,1,0,0,0,0,0,0,1,0,0,0,0,0.07497321386735341,Muito Baixo
23,105000,8.0,10000,7.49,0.1,3,0.0952380952380952,0,1,0,1,0,0,0,0,0,0,0,0,1,0,0,0.0004176967313319199,Muito Baixo
29,38400,14.0,11000,7.49,0.29,7,0.2864583333333333,0,1,0,0,0,0,1,0,1,0,0,0,0,0,0,0.1137139992059564,Muito Baixo
24,98004,0.0,16000,16.32,0.16,4,0.1632586425043875,1,4,1,0,0,0,1,0,0,0,0,0,1,1,1,0.9331861329607595,Muito Alto
24,96000,6.0,7000,9.91,0.07,2,0.0729166666666666,0,2,0,0,0,0,1,1,0,0,0,0,0,0,0,0.02490833806363196,Muito Baixo
43,19440,1.0,7500,9.01,0.39,11,0.3858024691358024,0,2,0,0,0,0,1,0,0,1,0,0,0,1,1,0.9998278485621828,Muito Alto
34,135000,6.0,20000,17.74,0.15,5,0.1481481481481481,1,5,1,0,0,0,1,0,0,0,0,0,1,0,0,0.21292688228661752,Baixo
32,113000,5.0,12000,16.29,0.11,5,0.1061946902654867,1,4,0,0,0,0,1,0,0,1,0,0,0,1,0,0.2385592825705698,Baixo
27,28968,1.0,5000,13.16,0.17,5,0.1726042529687931,1,3,1,0,0,0,1,0,0,0,0,1,0,0,1,0.54369743032377,Moderado
24,31000,8.0,5000,5.42,0.16,2,0.1612903225806451,0,1,0,1,0,0,0,0,1,0,0,0,0,0,0,0.09684643546188672,Muito Baixo
27,37000,3.0,5000,9.91,0.14,6,0.1351351351351351,0,2,0,0,0,1,0,0,0,0,1,0,0,0,0,0.0009729293585404508,Muito Baixo
23,62471,4.0,12000,6.91,0.19,4,0.1920891293560211,0,1,0,1,0,0,0,0,0,0,0,1,0,0,0,0.034818807212941026,Muito Baixo
27,149616,0.0,15000,11.03,0.1,10,0.1002566570420275,1,3,0,0,0,1,0,0,0,0,1,0,0,0,0,0.0003371704509713056,Muito Baixo
32,50000,3.0,2500,13.49,0.05,10,0.05,1,3,0,0,0,0,1,0,0,0,1,0,0,0,0,0.021432637207165102,Muito Baixo
22,36000,4.0,6000,10.36,0.17,3,0.1666666666666666,0,2,0,0,0,0,1,0,1,0,0,0,0,0,0,0.12934210379480585,Muito Baixo
24,31200,3.0,1950,13.11,0.06,4,0.0625,1,3,1,0,0,0,1,0,0,0,1,0,0,0,0,0.125453856927929,Muito Baixo
21,40000,5.0,5000,6.62,0.13,2,0.125,0,1,0,1,0,0,0,0,0,0,0,1,0,0,0,0.03131790868205816,Muito Baixo
43,34000,4.0,9800,7.49,0.29,17,0.288235294117647,0,1,0,1,0,0,0,0,0,1,0,0,0,0,0,0.36640246793672804,Baixo
22,41000,0.0,8400,8.94,0.2,2,0.2048780487804878,0,1,0,0,0,0,1,0,1,0,0,0,0,0,0,0.07118177128495577,Muito Baixo
29,33000,6.0,5000,8.9,0.15,7,0.1515151515151515,0,1,0,0,0,0,1,0,0,0,1,0,0,0,0,0.0895139994849424,Muito Baixo
30,200000,5.0,20000,11.48,0.1,7,0.1,1,2,0,1,0,0,0,0,0,0,0,1,0,0,0,0.0356996959405043,Muito Baixo
26,58650,5.0,14000,6.17,0.2,4,0.2387041773231031,0,1,0,1,0,0,0,0,0,0,1,0,0,1,0,0.143121226956108,Muito Baixo
24,96000,8.0,4200,5.99,0.04,3,0.04375,0,1,0,1,0,0,0,0,0,0,0,0,1,0,0,9.911766074723993e-05,Muito Baixo
30,55840,6.0,6000,10.25,0.11,5,0.1074498567335243,0,2,0,0,0,0,1,0,0,0,1,0,0,0,0,0.08966608532542994,Muito Baixo
48,64430,14.0,15000,15.31,0.2,12,0.2328108024212323,1,4,1,1,0,0,0,0,0,0,1,0,0,1,1,0.9933925398297799,Muito Alto
28,30000,4.0,6000,6.03,0.2,8,0.2,0,1,0,1,0,0,0,0,0,0,0,0,1,0,0,0.001701306548562503,Muito Baixo
33,27996,0.0,4800,9.63,0.17,8,0.1714530647235319,0,1,0,0,0,0,1,0,0,0,0,0,1,0,0,0.0017266406446965557,Muito Baixo
22,30000,2.0,5500,11.86,0.18,3,0.1833333333333333,1,2,0,0,0,0,1,0,0,0,0,1,0,0,0,0.25045356993919965,Baixo
41,36684,0.0,7500,10.96,0.2,14,0.2044488060189728,0,2,0,0,0,0,1,0,0,0,1,0,0,0,0,0.038150227064349534,Muito Baixo
31,52249,7.0,7000,7.49,0.13,7,0.1339738559589657,0,1,0,0,0,0,1,0,0,1,0,0,0,0,0,0.14089357808838673,Muito Baixo
48,55000,9.0,10200,13.92,0.19,16,0.1854545454545454,1,3,0,0,0,0,1,0,0,0,1,0,0,0,0,0.12447299418883566,Muito Baixo
23,44064,0.0,9500,11.26,0.22,2,0.2155954974582425,1,2,0,0,0,0,1,0,1,0,0,0,0,0,0,0.19140125244659256,Muito Baixo
22,57900,3.0,4850,8.49,0.08,2,0.0837651122625215,0,1,0,1,0,0,0,0,1,0,0,0,0,0,0,0.06818569015589532,Muito Baixo
38,57000,4.0,15000,17.27,0.26,16,0.2631578947368421,1,4,0,0,0,1,0,0,0,1,0,0,0,0,0,0.0011155886299156394,Muito Baixo
22,69000,5.0,8650,11.49,0.13,3,0.1253623188405797,1,2,0,0,0,0,1,0,0,0,1,0,0,0,0,0.044798196486998995,Muito Baixo
22,31200,4.0,2000,7.29,0.06,3,0.0641025641025641,0,1,0,1,0,0,0,0,0,0,1,0,0,0,0,0.08578909138435047,Muito Baixo
22,31200,4.0,4800,10.37,0.15,4,0.1538461538461538,0,2,0,0,0,0,1,0,0,0,0,0,1,0,0,0.004791792892801259,Muito Baixo
25,85000,6.0,4000,6.54,0.05,3,0.0470588235294117,0,1,0,1,0,0,0,0,0,1,0,0,0,0,0,0.012071350173769754,Muito Baixo
23,35000,3.0,12000,10.0,0.34,4,0.3428571428571428,0,2,0,0,0,0,1,1,0,0,0,0,0,1,1,0.9765277168980995,Muito Alto
24,72000,8.0,14000,14.65,0.19,4,0.1944444444444444,1,3,1,1,0,0,0,0,1,0,0,0,0,1,0,0.15131349330638094,Muito Baixo
30,56952,3.0,25000,11.36,0.44,9,0.4389661469307487,1,2,0,0,0,0,1,0,0,0,1,0,0,1,1,0.9959558368385772,Muito Alto
29,32000,5.0,9000,16.77,0.28,8,0.28125,1,4,0,0,0,0,1,0,0,0,0,1,0,0,0,0.46654846449272297,Moderado
31,63000,4.0,5000,6.03,0.08,5,0.0793650793650793,0,1,0,0,0,1,0,0,0,0,1,0,0,0,0,0.000498346824035168,Muito Baixo
24,45336,8.0,10000,5.99,0.22,2,0.2205752602788071,0,1,0,1,0,0,0,0,0,0,1,0,0,0,0,0.03153581804905542,Muito Baixo
26,78000,1.0,15000,12.42,0.19,3,0.1923076923076923,1,2,0,0,0,0,1,1,0,0,0,0,0,1,0,0.19308868973472634,Muito Baixo
31,106000,5.0,15000,7.88,0.14,7,0.1415094339622641,0,1,0,1,0,0,0,1,0,0,0,0,0,0,0,0.016186105420788018,Muito Baixo
24,39000,1.0,10000,14.11,0.26,3,0.2564102564102564,1,4,0,0,0,0,1,1,0,0,0,0,0,1,1,0.9984941244921116,Muito Alto
28,157000,12.0,12000,13.92,0.08,9,0.0764331210191082,1,3,1,0,0,1,0,0,0,0,0,0,1,0,0,0.00043522541451014216,Muito Baixo
45,42320,6.0,7475,13.49,0.18,13,0.1766304347826087,1,3,0,1,0,0,0,0,0,1,0,0,0,0,0,0.10569895859897963,Muito Baixo
31,90000,15.0,10000,12.53,0.11,8,0.1111111111111111,1,3,0,1,0,0,0,0,1,0,0,0,0,0,0,0.05643829102929224,Muito Baixo
24,21600,0.0,2000,14.84,0.09,2,0.0925925925925925,1,4,0,1,0,0,0,1,0,0,0,0,0,1,1,0.9941735631973001,Muito Alto
29,75000,6.0,6500,10.74,0.09,9,0.0866666666666666,0,2,0,0,0,0,1,0,0,1,0,0,0,0,0,0.07360011177016998,Muito Baixo
27,90000,5.0,20500,14.96,0.23,8,0.2277777777777777,1,4,1,1,0,0,0,0,0,0,0,0,1,0,0,0.09670923038149017,Muito Baixo
38,46150,6.0,6500,6.03,0.14,15,0.1408450704225352,0,1,0,1,0,0,0,0,0,0,0,0,1,0,0,0.0008239464453731819,Muito Baixo
23,30000,0.0,4000,10.36,0.13,4,0.1333333333333333,0,2,0,0,0,0,1,0,0,0,1,0,0,0,0,0.07597674513400843,Muito Baixo
28,83137,12.0,3600,14.72,0.04,9,0.0433020195580788,1,3,0,1,0,0,0,0,0,0,1,0,0,0,0,0.24466887979286242,Baixo
26,35000,0.0,12000,10.91,0.34,2,0.3428571428571428,0,3,1,0,0,0,1,0,1,0,0,0,0,1,1,0.990335386985576,Muito Alto
31,43000,15.0,13350,12.42,0.31,9,0.3104651162790697,1,2,0,0,0,0,1,0,0,0,1,0,0,1,1,0.9876418186429247,Muito Alto
26,74000,4.0,3500,13.48,0.05,4,0.0472972972972973,1,3,1,1,0,0,0,0,0,0,0,0,1,0,0,0.1685820126908718,Muito Baixo
26,36000,10.0,10000,9.88,0.28,3,0.2777777777777778,0,2,0,1,0,0,0,0,0,0,0,1,0,0,0,0.1167583423271406,Muito Baixo
22,19800,4.0,4800,10.99,0.24,2,0.2424242424242424,0,2,0,0,0,0,1,1,0,0,0,0,0,1,1,0.9757706024672056,Muito Alto
21,98132,5.0,15000,11.36,0.15,4,0.1528553377083927,1,2,0,1,0,0,0,0,0,0,1,0,0,0,0,0.05752094579510293,Muito Baixo
26,126000,3.0,11000,7.14,0.09,4,0.0873015873015873,0,1,0,1,0,0,0,0,0,0,0,1,0,0,0,0.01449507136134089,Muito Baixo
23,47496,7.0,3500,12.69,0.07,2,0.0736904160350345,1,2,0,0,0,0,1,0,1,0,0,0,0,0,0,0.1334900667950478,Muito Baixo
29,87600,4.0,12000,11.49,0.14,8,0.136986301369863,1,2,0,1,0,0,0,0,0,0,0,1,0,0,0,0.142207218063363,Muito Baixo
30,60000,5.0,7000,7.49,0.12,8,0.1166666666666666,0,1,0,1,0,0,0,0,0,1,0,0,0,0,0,0.0191641074694273,Muito Baixo
23,38004,5.0,5000,6.91,0.13,2,0.1315650984106936,0,1,0,0,0,0,1,0,0,0,0,0,1,0,0,0.002478474725503694,Muito Baixo
23,21000,3.0,10000,12.21,0.48,4,0.4761904761904761,1,2,0,0,0,0,1,0,0,0,0,1,0,1,1,0.9968435105682751,Muito Alto
21,69000,0.0,15000,15.28,0.22,4,0.217391304347826,1,4,1,0,0,0,1,0,0,1,0,0,0,1,1,0.9993188950948826,Muito Alto
27,57240,4.0,15000,11.99,0.26,10,0.2620545073375262,1,2,0,0,0,1,0,0,0,0,1,0,0,0,0,0.0017670796220990547,Muito Baixo
23,30000,3.0,3800,5.79,0.13,3,0.1266666666666666,0,1,0,1,0,0,0,1,0,0,0,0,0,0,0,0.045274904516728005,Muito Baixo
29,30000,3.0,6000,5.79,0.2,8,0.2,0,1,0,1,0,0,0,0,0,0,0,0,1,0,0,0.0019399004633696391,Muito Baixo
33,170004,17.0,12000,7.51,0.07,9,0.0705865744335427,0,1,0,1,0,0,0,0,0,0,0,1,0,0,0,0.020542327090252874,Muito Baixo
78,48000,41.0,3000,7.51,0.06,25,0.0625,0,1,0,0,0,0,1,0,0,0,1,0,0,0,0,0.01159485927744525,Muito Baixo
31,118320,1.0,24250,12.53,0.2,5,0.2049526707234618,1,2,0,0,0,0,1,0,0,1,0,0,0,0,0,0.2491024264910341,Baixo
37,32000,4.0,10000,13.79,0.31,15,0.3125,1,3,0,0,0,0,1,1,0,0,0,0,0,1,1,0.9888621206522522,Muito Alto
31,25000,0.0,2400,14.42,0.1,8,0.096,1,4,1,0,0,1,0,1,0,0,0,0,0,0,0,0.0083122804169313,Muito Baixo
29,150000,14.0,12000,5.42,0.08,9,0.08,0,1,0,1,0,0,0,0,0,0,0,0,1,0,0,0.00022023088309551625,Muito Baixo
31,47000,6.0,20000,13.49,0.43,5,0.425531914893617,1,3,0,1,0,0,0,0,0,0,1,0,0,0,0,0.46529025284525927,Moderado
34,18000,4.0,2400,14.79,0.13,10,0.1333333333333333,1,3,0,0,0,0,1,0,0,0,1,0,0,0,0,0.23266473156939088,Baixo
26,55000,10.0,12000,12.42,0.22,3,0.2181818181818181,1,2,0,0,0,0,1,0,0,0,0,1,0,0,0,0.056892383676516174,Muito Baixo
25,36228,4.0,2500,7.66,0.07,2,0.0690073975930219,0,1,0,0,0,0,1,0,0,0,1,0,0,1,0,0.04336984144819095,Muito Baixo
23,50000,3.0,7000,13.48,0.14,2,0.14,1,3,1,1,0,0,0,0,0,0,0,0,1,0,0,0.0405142745848332,Muito Baixo
24,30000,2.0,1500,14.22,0.05,4,0.05,1,3,1,0,0,0,1,1,0,0,0,0,0,0,0,0.4285254813241055,Moderado
22,30000,0.0,9000,13.49,0.3,4,0.3,1,3,1,0,0,0,1,0,0,1,0,0,0,1,1,0.9920193354304898,Muito Alto
32,288000,8.0,25000,14.83,0.09,10,0.0868055555555555,1,4,1,1,0,0,0,1,0,0,0,0,0,1,1,0.9802391139650932,Muito Alto
24,70000,8.0,25000,9.62,0.36,2,0.3571428571428571,0,2,0,1,0,0,0,0,0,0,0,0,1,0,0,0.0022094151923199457,Muito Baixo
37,26500,11.0,2000,13.16,0.08,12,0.0754716981132075,1,3,0,0,0,0,1,0,0,0,1,0,0,0,0,0.10536208920328373,Muito Baixo
23,60000,7.0,21000,11.71,0.35,4,0.35,1,2,0,1,0,0,0,1,0,0,0,0,0,0,0,0.09384136908564669,Muito Baixo
37,85000,3.0,10000,14.27,0.12,14,0.1176470588235294,1,3,0,0,0,0,1,0,1,0,0,0,0,0,0,0.06335835861195838,Muito Baixo
22,69000,1.0,17000,15.27,0.25,3,0.2463768115942029,1,3,0,1,0,0,0,0,1,0,0,0,0,1,0,0.1868194433442255,Muito Baixo
36,30000,0.0,4000,17.99,0.13,15,0.1333333333333333,1,5,0,0,0,0,1,0,0,0,0,0,1,1,1,0.9127088989629214,Muito Alto
28,216000,12.0,15000,16.02,0.07,8,0.0694444444444444,1,4,1,1,0,0,0,0,0,0,0,0,1,0,0,0.12601501989723873,Muito Baixo
32,24000,4.0,3500,11.86,0.15,10,0.1458333333333333,1,2,0,0,0,0,1,0,0,0,1,0,0,0,0,0.06619079149858456,Muito Baixo
22,48000,1.0,4100,11.99,0.09,3,0.0854166666666666,1,2,0,0,0,0,1,1,0,0,0,0,0,0,0,0.08276947726333385,Muito Baixo
26,73000,3.0,14400,13.8,0.2,3,0.1972602739726027,1,3,1,1,0,0,0,0,0,1,0,0,0,1,0,0.1519800135119258,Muito Baixo
22,78000,3.0,10000,12.42,0.13,2,0.1282051282051282,1,2,0,0,0,0,1,0,0,0,0,0,1,0,0,0.009606411250265406,Muito Baixo
23,38000,0.0,7500,7.88,0.2,4,0.1973684210526315,0,1,0,0,0,0,1,0,0,0,1,0,0,0,0,0.049203774979508896,Muito Baixo
54,79864,5.0,1800,9.88,0.02,21,0.0225383151357307,0,2,0,1,0,0,0,0,0,0,0,1,0,0,0,0.047165928289603,Muito Baixo
34,53500,0.0,3200,6.76,0.06,10,0.0598130841121495,0,1,0,0,0,0,1,0,0,0,1,0,0,0,0,0.014469565936662394,Muito Baixo
27,76000,7.0,6400,10.65,0.08,7,0.0842105263157894,0,2,0,1,0,0,0,0,1,0,0,0,0,0,0,0.12636249127762822,Muito Baixo
27,105000,5.0,20000,11.48,0.19,6,0.1904761904761904,1,2,0,1,0,0,0,0,1,0,0,0,0,0,0,0.04479342387471401,Muito Baixo
25,90000,6.0,15000,8.49,0.17,2,0.1666666666666666,0,1,0,1,0,0,0,1,0,0,0,0,0,0,0,0.035282095013815525,Muito Baixo
25,43500,0.0,4500,6.76,0.1,2,0.1034482758620689,0,1,0,0,0,0,1,0,0,0,1,0,0,0,0,0.02415949720452928,Muito Baixo
36,32000,0.0,1200,7.14,0.04,16,0.0375,0,1,0,0,0,1,0,0,1,0,0,0,0,0,0,0.0005348670026269285,Muito Baixo
31,30000,2.0,10000,8.63,0.33,5,0.3333333333333333,0,1,0,0,0,0,1,1,0,0,0,0,0,1,1,0.9880482987417819,Muito Alto
39,86000,19.0,6000,14.84,0.07,13,0.0697674418604651,1,4,1,0,0,0,1,0,0,1,0,0,0,0,0,0.11543583835502215,Muito Baixo
30,122000,11.0,11200,5.42,0.09,9,0.0918032786885245,0,1,0,1,0,0,0,0,0,1,0,0,0,0,0,0.005829197194227962,Muito Baixo
24,18200,8.0,4500,8.94,0.25,2,0.2472527472527472,0,1,0,0,0,0,1,0,1,0,0,0,0,1,1,0.9857917826994632,Muito Alto
22,60000,6.0,3200,11.71,0.05,2,0.0533333333333333,1,2,0,0,0,0,1,0,0,0,1,0,0,0,0,0.06287769450202463,Muito Baixo
23,76500,3.0,18000,10.65,0.24,4,0.2352941176470588,0,2,0,0,0,0,1,1,0,0,0,0,0,1,0,0.052508689245047764,Muito Baixo
25,43000,5.0,10000,7.88,0.23,3,0.2325581395348837,0,1,0,1,0,0,0,1,0,0,0,0,0,0,0,0.04470053560923173,Muito Baixo
23,66000,3.0,3000,5.99,0.05,2,0.0454545454545454,0,1,0,0,0,0,1,0,1,0,0,0,0,0,0,0.005376392764092243,Muito Baixo
40,55182,0.0,6000,6.99,0.11,13,0.1087311079699902,0,1,0,0,0,0,1,0,0,0,0,0,1,0,0,0.0006741723229104071,Muito Baixo
26,24856,0.0,3000,9.32,0.12,4,0.1206952043772127,0,1,0,0,0,0,1,1,0,0,0,0,0,0,0,0.16025893268580743,Muito Baixo
28,73008,2.0,14000,12.73,0.19,6,0.1917598071444225,1,3,1,1,0,0,0,0,1,0,0,0,0,0,0,0.17262492674376193,Muito Baixo
24,60516,8.0,18000,11.26,0.3,4,0.297441998810232,1,2,0,0,1,0,0,1,0,0,0,0,0,1,0,0.09610922230345308,Muito Baixo
22,60000,1.0,4800,7.49,0.08,3,0.08,0,1,0,1,0,0,0,0,1,0,0,0,0,0,0,0.012429538938870664,Muito Baixo
29,80000,2.0,4500,6.76,0.06,10,0.05625,0,1,0,1,0,0,0,0,0,1,0,0,0,0,0,0.007179988129170914,Muito Baixo
25,86000,3.0,8000,7.29,0.09,2,0.0930232558139534,0,1,0,1,0,0,0,0,1,0,0,0,0,0,0,0.025130830551998443,Muito Baixo
30,130500,1.0,25000,15.33,0.19,6,0.1915708812260536,1,4,0,1,0,0,0,1,0,0,0,0,0,1,1,0.9931356728231128,Muito Alto
22,33000,2.0,4500,7.88,0.14,3,0.1363636363636363,0,1,0,0,0,0,1,0,0,0,0,1,0,0,0,0.13108677077208292,Muito Baixo
29,250000,13.0,20000,13.79,0.08,8,0.08,1,3,0,1,0,0,0,0,1,0,0,0,0,0,0,0.12409583415934294,Muito Baixo
22,68670,5.0,20000,6.91,0.29,3,0.291247997670016,0,1,0,1,0,0,0,0,1,0,0,0,0,0,0,0.016083510520596988,Muito Baixo
23,75000,0.0,5000,14.65,0.07,4,0.0666666666666666,1,3,0,0,0,1,0,0,1,0,0,0,0,0,0,0.0004738900840233077,Muito Baixo
22,36000,4.0,12000,11.71,0.33,2,0.3333333333333333,1,2,0,1,0,0,0,0,0,0,1,0,0,0,0,0.20512125323524533,Baixo
23,294000,6.0,15000,8.9,0.05,4,0.0510204081632653,0,1,0,1,0,0,0,0,1,0,0,0,0,0,0,0.06442580545839374,Muito Baixo
23,70200,3.0,5000,7.14,0.07,2,0.0712250712250712,0,1,0,1,0,0,0,0,0,0,1,0,0,0,0,0.0119926955073265,Muito Baixo
22,59004,3.0,5000,11.11,0.08,3,0.0847400176259236,1,2,0,0,0,0,1,0,1,0,0,0,0,1,0,0.06879279683646879,Muito Baixo
28,65000,12.0,15000,9.99,0.23,10,0.2307692307692307,0,2,0,1,0,0,0,0,1,0,0,0,0,0,0,0.03318468457151475,Muito Baixo
25,115000,7.0,18000,7.51,0.16,2,0.1565217391304348,0,1,0,1,0,0,0,0,0,0,0,1,0,0,0,0.01689377833521607,Muito Baixo
25,48000,3.0,4800,10.74,0.1,4,0.1,0,2,0,1,0,0,0,1,0,0,0,0,0,0,0,0.06658904294800602,Muito Baixo
26,105000,0.0,15000,8.94,0.14,4,0.1428571428571428,0,1,0,1,0,0,0,0,0,0,1,0,0,0,0,0.02589467297790438,Muito Baixo
26,33600,4.0,6000,10.71,0.18,3,0.1785714285714285,0,2,0,0,0,0,1,1,0,0,0,0,0,0,0,0.20703871455141518,Baixo
31,83000,3.0,7500,7.66,0.09,10,0.0903614457831325,0,1,0,1,0,0,0,0,1,0,0,0,0,0,0,0.02274459745632704,Muito Baixo
25,100000,9.0,20000,13.06,0.2,2,0.2,1,3,0,0,0,0,1,0,0,1,0,0,0,0,0,0.13147593900591165,Muito Baixo
32,108000,16.0,6125,5.99,0.06,5,0.0567129629629629,0,1,0,0,0,0,1,0,0,0,0,1,0,1,0,0.0032276083684471854,Muito Baixo
28,47831,8.0,16000,13.85,0.33,7,0.3345110911333654,1,3,0,0,0,0,1,1,0,0,0,0,0,1,1,0.9920811159845836,Muito Alto
37,780000,9.0,7500,12.18,0.01,13,0.0096153846153846,1,2,0,0,0,0,1,0,0,0,0,0,1,0,0,0.0029355254456663138,Muito Baixo
26,34000,6.0,6000,12.69,0.18,4,0.1764705882352941,1,2,0,0,0,0,1,1,0,0,0,0,0,0,0,0.350846653724516,Baixo
35,106000,8.0,15000,15.96,0.14,8,0.1415094339622641,1,3,0,1,0,0,0,1,0,0,0,0,0,0,0,0.39188613693437224,Baixo
42,125000,5.0,35000,7.9,0.28,12,0.28,0,1,0,1,0,0,0,0,0,0,1,0,0,0,0,0.011398979066642757,Muito Baixo
26,21000,4.0,8000,13.79,0.38,2,0.3809523809523809,1,3,0,0,0,1,0,0,0,0,0,0,1,0,0,0.0009504904270958204,Muito Baixo
31,88560,16.0,9000,7.29,0.1,8,0.1016260162601626,0,1,0,1,0,0,0,0,1,0,0,0,0,0,0,0.032516014113448934,Muito Baixo
23,63000,8.0,7300,7.49,0.12,2,0.1158730158730158,0,1,0,1,0,0,0,0,1,0,0,0,0,0,0,0.023253222095154246,Muito Baixo
24,123000,8.0,24250,12.87,0.2,4,0.1971544715447154,1,3,1,1,0,0,0,1,0,0,0,0,0,1,0,0.04049927081975125,Muito Baixo
21,104740,5.0,19200,11.99,0.18,3,0.1833110559480618,1,2,0,1,0,0,0,0,0,0,1,0,0,0,0,0.046590503516750904,Muito Baixo
28,54996,12.0,6400,7.49,0.12,5,0.1163720997890755,0,1,0,1,0,0,0,0,0,0,0,1,0,0,0,0.046129791846558396,Muito Baixo
45,65993,3.0,9000,14.59,0.14,15,0.1363781007076508,1,4,0,1,0,0,0,0,1,0,0,0,0,0,0,0.28880175303000166,Baixo
27,57500,0.0,5000,7.49,0.09,6,0.0869565217391304,0,1,0,0,0,0,1,0,0,0,1,0,0,0,0,0.05961951186510034,Muito Baixo
23,65000,3.0,14000,10.65,0.22,4,0.2153846153846154,0,2,0,0,0,0,1,0,0,0,0,1,0,0,0,0.04855407422561796,Muito Baixo
24,35200,1.0,4000,16.0,0.11,3,0.1136363636363636,1,4,1,0,0,0,1,0,0,0,1,0,0,1,1,0.9777267395049786,Muito Alto
42,62000,26.0,10000,8.49,0.16,14,0.1612903225806451,0,1,0,0,0,0,1,0,0,0,0,0,1,0,0,0.0017577559609069213,Muito Baixo
25,31200,3.0,10000,9.91,0.32,4,0.3205128205128205,0,2,0,0,0,0,1,0,0,0,1,0,0,1,1,0.990760499676077,Muito Alto
28,59000,2.0,14000,10.36,0.24,5,0.2372881355932203,0,2,0,1,0,0,0,0,0,0,0,0,1,0,0,0.0022341012843976006,Muito Baixo
33,88000,3.0,9000,14.54,0.1,9,0.1022727272727272,1,4,0,0,0,0,1,0,0,0,0,0,1,0,0,0.3919963161282756,Baixo
28,35000,12.0,12000,5.99,0.34,8,0.3428571428571428,0,1,0,1,0,0,0,0,1,0,0,0,0,0,0,0.03867763021624272,Muito Baixo
26,24000,10.0,5000,7.66,0.21,3,0.2083333333333333,0,1,0,1,0,0,0,0,0,0,1,0,0,1,0,0.10001172349469865,Muito Baixo
40,42996,15.0,15000,16.0,0.35,17,0.3488696622941669,1,4,1,0,0,1,0,0,1,0,0,0,0,0,0,0.000875118679319177,Muito Baixo
21,45000,3.0,7200,9.38,0.16,4,0.16,0,1,0,0,0,0,1,0,0,0,0,1,0,0,0,0.05997835222520461,Muito Baixo
24,85100,3.0,15000,13.48,0.18,2,0.1762632197414806,1,3,1,0,0,0,1,0,1,0,0,0,0,0,0,0.0674872951195103,Muito Baixo
24,28800,1.0,8500,7.49,0.3,2,0.2951388888888889,0,1,0,0,0,0,1,1,0,0,0,0,0,0,0,0.10372335798697331,Muito Baixo
24,59000,3.0,6800,12.53,0.12,4,0.1152542372881356,1,3,1,1,0,0,0,1,0,0,0,0,0,1,0,0.1534342741532232,Muito Baixo
25,84000,8.0,6000,10.62,0.07,4,0.0714285714285714,0,2,0,1,0,0,0,0,0,0,0,0,1,0,0,0.001713683358319381,Muito Baixo
28,75000,6.0,10000,7.9,0.13,5,0.1333333333333333,0,1,0,0,0,0,1,0,0,0,0,0,1,0,0,0.0010706625413330602,Muito Baixo
29,51000,8.0,25000,11.49,0.49,10,0.4901960784313725,1,2,0,1,0,0,0,0,0,0,0,1,0,0,0,0.14860037088528752,Muito Baixo
42,57000,4.0,15000,13.43,0.26,12,0.2631578947368421,1,3,1,0,0,0,1,0,0,0,1,0,0,0,0,0.18506494884385427,Muito Baixo
24,51000,5.0,3600,7.14,0.07,2,0.0705882352941176,0,1,0,1,0,0,0,0,0,1,0,0,0,0,0,0.051232903784266544,Muito Baixo
36,20000,0.0,5075,11.48,0.25,11,0.25375,1,2,0,0,0,0,1,0,0,0,0,1,0,1,0,0.16600241614122585,Muito Baixo
23,25000,0.0,5000,6.91,0.2,3,0.2,0,1,0,0,0,0,1,1,0,0,0,0,0,0,0,0.0698866362504783,Muito Baixo
30,140000,6.0,5000,8.9,0.04,6,0.0357142857142857,0,1,0,1,0,0,0,0,0,0,0,1,0,0,0,0.048711771774642885,Muito Baixo
26,53000,3.0,2800,6.03,0.05,3,0.0528301886792452,0,1,0,1,0,0,0,0,0,0,0,0,1,0,0,0.0006735512123025848,Muito Baixo
26,97333,3.0,10000,5.99,0.1,2,0.102740077876979,0,1,0,0,0,1,0,0,0,1,0,0,0,0,0,0.00018172434866841103,Muito Baixo
34,187000,3.0,12000,7.9,0.06,10,0.0641711229946524,0,1,0,0,0,0,1,0,0,0,0,0,1,0,0,0.0006536136766363559,Muito Baixo
33,58000,0.0,14400,9.91,0.25,5,0.2482758620689655,0,2,0,0,0,0,1,0,0,0,0,0,1,0,0,0.002015472581732172,Muito Baixo
23,59497,0.0,20000,16.0,0.29,3,0.3361514025917273,1,5,0,0,0,0,1,0,0,0,1,0,0,1,1,0.9998369287235748,Muito Alto
24,58650,6.0,6300,14.91,0.09,2,0.1074168797953964,1,4,1,0,0,0,1,0,0,0,1,0,0,1,1,0.9951443812018054,Muito Alto
29,480000,6.0,6500,5.42,0.01,9,0.0135416666666666,0,1,0,1,0,0,0,1,0,0,0,0,0,0,0,0.0026972626806159657,Muito Baixo
23,102000,7.0,25000,11.71,0.25,4,0.2450980392156862,1,2,0,1,0,0,0,1,0,0,0,0,0,0,0,0.0779961899156275,Muito Baixo
26,45000,5.0,14650,7.49,0.33,2,0.3255555555555555,0,1,0,1,0,0,0,0,0,0,0,1,0,0,0,0.11570642646595025,Muito Baixo
26,36000,3.0,3000,7.88,0.08,4,0.0833333333333333,0,1,0,0,0,0,1,0,1,0,0,0,0,0,0,0.10413571233637862,Muito Baixo
22,39996,2.0,8000,7.14,0.2,4,0.2000200020002,0,1,0,0,0,0,1,0,0,0,0,1,0,0,0,0.04106912591369001,Muito Baixo
31,41053,1.0,12000,7.49,0.29,7,0.2923050690570725,0,1,0,1,0,0,0,0,0,0,0,1,0,0,0,0.045092598804919705,Muito Baixo
26,157200,1.0,20000,12.18,0.13,3,0.1272264631043257,1,2,0,1,0,0,0,1,0,0,0,0,0,0,0,0.06340615748303081,Muito Baixo
30,96000,4.0,14400,10.99,0.15,8,0.15,0,2,0,0,0,0,1,0,0,0,0,1,0,0,0,0.0428432633495358,Muito Baixo
26,80000,5.0,7000,13.22,0.09,2,0.0875,1,3,1,0,0,1,0,0,0,0,0,1,0,0,0,0.0004037440877880073,Muito Baixo
27,74800,1.0,21000,10.59,0.28,7,0.2807486631016043,0,2,0,1,0,0,0,0,0,0,1,0,0,0,0,0.07221719520873279,Muito Baixo
23,65000,0.0,6000,9.63,0.09,3,0.0923076923076923,0,1,0,0,0,0,1,0,1,0,0,0,0,0,0,0.02249584560650723,Muito Baixo
22,110000,0.0,12000,7.14,0.11,2,0.109090909090909,0,1,0,1,0,0,0,0,1,0,0,0,0,0,0,0.005985337477235657,Muito Baixo
29,48000,3.0,9000,11.99,0.19,5,0.1875,1,2,0,1,0,0,0,0,1,0,0,0,0,0,0,0.11601830500384919,Muito Baixo
27,60000,6.0,10000,7.49,0.17,7,0.1666666666666666,0,1,0,1,0,0,0,0,0,0,0,1,0,0,0,0.03140412494740331,Muito Baixo
22,75000,7.0,8000,12.21,0.11,2,0.1066666666666666,1,2,0,1,0,0,0,1,0,0,0,0,0,0,0,0.15401724475089112,Muito Baixo
26,97188,7.0,16000,12.8,0.16,3,0.1646293781125241,1,4,0,0,0,0,1,0,0,0,0,0,1,0,0,0.3654626001781416,Baixo
28,20000,0.0,5000,8.59,0.25,7,0.25,0,1,0,1,0,0,0,0,0,1,0,0,0,0,0,0.17872976688873904,Muito Baixo
23,38667,2.0,4800,11.91,0.12,4,0.1241368608891302,1,3,0,1,0,0,0,0,0,0,1,0,0,0,0,0.29713990117019184,Baixo
42,110000,5.0,6000,8.9,0.05,14,0.0545454545454545,0,1,0,0,0,0,1,0,0,0,1,0,0,0,0,0.012872039922373003,Muito Baixo
23,97500,0.0,9600,10.37,0.1,3,0.0984615384615384,0,2,0,0,0,0,1,1,0,0,0,0,0,0,0,0.04150972372625283,Muito Baixo
23,108000,7.0,4500,7.14,0.04,3,0.0416666666666666,0,1,0,1,0,0,0,1,0,0,0,0,0,0,0,0.011781115371193874,Muito Baixo
23,55000,3.0,5400,11.99,0.1,2,0.0981818181818181,1,2,0,0,0,0,1,0,0,0,0,0,1,0,0,0.003345108663383601,Muito Baixo
31,20000,5.0,5000,11.83,0.25,5,0.25,1,2,0,0,0,1,0,0,0,0,0,0,1,0,0,7.348241629727303e-05,Muito Baixo
25,34800,0.0,1000,13.98,0.03,3,0.028735632183908,1,3,1,0,0,0,1,0,0,0,1,0,0,0,0,0.041167179414765824,Muito Baixo
29,51500,2.0,3200,14.96,0.06,7,0.062135922330097,1,4,1,0,0,0,1,0,1,0,0,0,0,1,1,0.9119091605271165,Muito Alto
22,33000,6.0,8875,10.65,0.27,4,0.2689393939393939,0,2,0,1,0,0,0,0,0,0,0,0,1,0,0,0.0027509333725299835,Muito Baixo
24,55000,8.0,4800,6.92,0.09,3,0.0872727272727272,0,1,0,0,0,0,1,0,0,0,0,1,0,0,0,0.03102793174844269,Muito Baixo
25,73000,8.0,20000,13.12,0.27,4,0.273972602739726,1,4,1,1,0,0,0,0,0,0,0,1,0,1,0,0.278823936781926,Baixo
45,38400,4.0,1000,14.72,0.03,12,0.0260416666666666,1,3,1,0,0,0,1,1,0,0,0,0,0,0,0,0.23628329833244668,Baixo
24,100000,1.0,10200,12.99,0.1,4,0.102,1,3,1,0,0,0,1,0,0,0,0,1,0,0,0,0.048567873721181314,Muito Baixo
26,51500,7.0,11000,10.99,0.21,3,0.2135922330097087,0,2,0,1,0,0,0,0,0,0,0,0,1,0,0,0.0015436708879780225,Muito Baixo
27,60000,2.0,8800,11.36,0.15,10,0.1466666666666666,1,2,0,0,0,0,1,0,0,1,0,0,0,0,0,0.050492455919708495,Muito Baixo
22,23400,2.0,8000,8.59,0.34,2,0.3418803418803419,0,1,0,0,0,0,1,0,0,0,1,0,0,1,1,0.9887548318570444,Muito Alto
28,98000,6.0,4000,7.51,0.04,7,0.0408163265306122,0,1,0,0,0,0,1,0,1,0,0,0,0,1,0,0.023102261078790574,Muito Baixo
31,72000,15.0,1900,7.51,0.03,6,0.0263888888888888,0,1,0,1,0,0,0,0,0,0,1,0,0,0,0,0.01912381988338907,Muito Baixo
31,99000,15.0,12000,14.26,0.12,10,0.1212121212121212,1,3,0,0,0,0,1,0,0,1,0,0,0,0,0,0.1319411334311178,Muito Baixo
33,75000,6.0,10000,10.99,0.13,10,0.1333333333333333,0,2,0,1,0,0,0,1,0,0,0,0,0,0,0,0.045060475128747876,Muito Baixo
28,135996,12.0,12500,8.59,0.09,6,0.0919144680725903,0,1,0,1,0,0,0,0,0,1,0,0,0,0,0,0.07986257857408746,Muito Baixo
27,90000,4.0,10000,7.49,0.11,10,0.1111111111111111,0,1,0,0,0,0,1,0,0,1,0,0,0,0,0,0.011694241601071879,Muito Baixo
21,26400,5.0,4750,12.23,0.18,3,0.1799242424242424,1,3,0,0,0,0,1,0,0,0,0,1,0,0,0,0.16553952974957128,Muito Baixo
34,69000,0.0,5800,14.59,0.08,5,0.0840579710144927,1,4,1,0,0,0,1,0,0,0,0,0,1,1,1,0.9473726655780521,Muito Alto
29,120000,7.0,20000,12.42,0.17,6,0.1666666666666666,1,2,0,1,0,0,0,1,0,0,0,0,0,0,0,0.07159695465566891,Muito Baixo
25,55000,9.0,10200,8.94,0.19,3,0.1854545454545454,0,1,0,1,0,0,0,0,0,0,0,1,0,0,0,0.07222027924735348,Muito Baixo
31,39996,3.0,9600,11.26,0.24,7,0.24002400240024,1,2,0,1,0,0,0,0,0,0,0,0,1,0,0,0.001163763726647392,Muito Baixo
21,90000,3.0,4800,9.62,0.05,2,0.0533333333333333,0,2,0,0,0,0,1,0,1,0,0,0,0,0,0,0.016093035237095456,Muito Baixo
26,60000,3.0,30000,14.27,0.5,4,0.5,1,3,0,1,0,0,0,0,1,0,0,0,0,0,0,0.0956889600175507,Muito Baixo
29,108800,1.0,18500,17.8,0.14,10,0.1700367647058823,1,6,0,1,0,0,0,0,0,0,1,0,0,1,1,0.9978542780514549,Muito Alto
28,25000,1.0,5000,7.51,0.2,9,0.2,0,1,0,0,0,0,1,0,0,0,0,0,1,0,0,0.004414187940812704,Muito Baixo
24,90474,8.0,15000,10.38,0.17,3,0.1657934876318058,0,2,0,1,0,0,0,0,1,0,0,0,0,0,0,0.03970286233066856,Muito Baixo
30,50000,0.0,7000,14.65,0.14,9,0.14,1,3,0,0,0,0,1,1,0,0,0,0,0,0,0,0.12464586223125937,Muito Baixo
23,60000,5.0,4000,7.14,0.07,3,0.0666666666666666,0,1,0,1,0,0,0,1,0,0,0,0,0,0,0,0.014020569895363462,Muito Baixo
23,113316,7.0,3000,10.99,0.03,3,0.026474637297469,0,2,0,1,0,0,0,0,1,0,0,0,0,0,0,0.021668615502770414,Muito Baixo
33,24000,2.0,1875,10.99,0.08,9,0.078125,0,2,0,0,0,1,0,0,0,1,0,0,0,0,0,0.0015478736734603974,Muito Baixo
24,76000,6.0,16000,10.99,0.21,3,0.2105263157894736,0,2,0,0,0,0,1,0,0,1,0,0,0,0,0,0.11406417637381702,Muito Baixo
36,80000,4.0,10000,6.62,0.13,14,0.125,0,1,0,1,0,0,0,0,0,0,0,0,1,0,0,0.00028473759496546304,Muito Baixo
38,49000,10.0,7250,11.99,0.15,11,0.1479591836734693,1,2,0,1,0,0,0,1,0,0,0,0,0,0,0,0.19738332778301465,Muito Baixo
22,105000,6.0,7500,7.49,0.07,2,0.0714285714285714,0,1,0,1,0,0,0,0,1,0,0,0,0,0,0,0.011521876422000555,Muito Baixo
25,42000,6.0,6850,10.99,0.16,4,0.1630952380952381,0,2,0,0,0,0,1,0,0,0,0,0,1,0,0,0.0025781853349777896,Muito Baixo
21,41900,2.0,16000,12.84,0.38,2,0.3818615751789976,1,3,1,0,0,0,1,0,0,0,0,0,1,1,1,0.9926672391684719,Muito Alto
31,36000,3.0,8000,8.49,0.22,8,0.2222222222222222,0,1,0,0,0,0,1,0,0,0,0,1,0,0,0,0.12908774268646508,Muito Baixo
26,53000,4.0,12000,14.59,0.23,3,0.2264150943396226,1,4,1,0,0,0,1,0,0,0,0,1,0,0,0,0.14512163867111058,Muito Baixo
35,100000,3.0,12000,7.88,0.12,6,0.12,0,1,0,0,0,0,1,0,0,0,0,1,0,0,0,0.008883790562791573,Muito Baixo
33,49548,6.0,2800,12.84,0.06,5,0.056510858157746,1,3,1,0,0,0,1,1,0,0,0,0,0,0,0,0.07948875416547556,Muito Baixo
25,45996,3.0,11500,12.53,0.25,3,0.2500217410209583,1,3,1,0,0,0,1,1,0,0,0,0,0,0,0,0.08287373046979728,Muito Baixo
24,51600,1.0,3000,12.68,0.06,4,0.0581395348837209,1,3,1,0,0,0,1,0,0,1,0,0,0,0,0,0.16090232151401662,Muito Baixo
25,159600,0.0,30000,17.27,0.19,4,0.18796992481203,1,4,1,0,0,0,1,0,0,0,0,1,0,1,1,0.9061187976628412,Muito Alto
29,160000,9.0,14700,13.43,0.09,5,0.091875,1,3,1,1,0,0,0,0,0,0,0,1,0,0,0,0.05270554397086317,Muito Baixo
23,30000,3.0,3600,5.99,0.12,2,0.12,0,1,0,0,0,0,1,0,0,0,0,1,0,0,0,0.053127905546516634,Muito Baixo
32,120000,9.0,8000,7.51,0.07,7,0.0666666666666666,0,1,0,1,0,0,0,0,0,0,0,0,1,0,0,0.0002733840510311619,Muito Baixo
24,37000,8.0,10000,10.99,0.27,4,0.2702702702702703,0,2,0,1,0,0,0,0,0,0,0,0,1,0,0,0.0014142924619078277,Muito Baixo
41,65000,6.0,20000,12.21,0.31,13,0.3076923076923077,1,2,0,1,0,0,0,0,0,1,0,0,0,0,0,0.04963188811618212,Muito Baixo
24,70000,2.0,17000,7.51,0.24,4,0.2428571428571428,0,1,0,1,0,0,0,0,0,1,0,0,0,0,0,0.021161921655808782,Muito Baixo
22,140000,0.0,10000,9.99,0.07,2,0.0714285714285714,0,2,0,0,0,0,1,0,1,0,0,0,0,0,0,0.029817977808801355,Muito Baixo
23,24000,0.0,8000,5.79,0.33,3,0.3333333333333333,0,1,0,0,0,1,0,0,0,0,0,1,0,0,0,0.0004425872159682049,Muito Baixo
24,76597,5.0,22000,9.25,0.29,4,0.2872175150462812,0,2,0,0,0,0,1,0,0,0,0,1,0,0,0,0.08156069105240839,Muito Baixo
46,17496,6.0,1500,11.14,0.09,13,0.0857338820301783,1,2,0,0,0,0,1,0,0,1,0,0,0,1,1,0.7917055570438848,Alto
24,140000,7.0,20000,6.54,0.14,4,0.1428571428571428,0,1,0,1,0,0,0,0,0,1,0,0,0,0,0,0.018262529258039333,Muito Baixo
25,51000,1.0,15000,13.48,0.29,4,0.2941176470588235,1,3,1,0,0,0,1,0,0,0,0,0,1,0,0,0.16043732697198104,Muito Baixo
23,120000,4.0,8000,14.61,0.07,4,0.0666666666666666,1,4,1,0,0,0,1,0,1,0,0,0,0,0,0,0.03854366676426055,Muito Baixo
24,19200,1.0,4000,14.35,0.21,4,0.2083333333333333,1,3,1,0,0,0,1,0,0,0,1,0,0,1,1,0.9474641451380056,Muito Alto
24,29000,5.0,6000,15.27,0.21,2,0.2068965517241379,1,3,0,0,0,0,1,0,0,0,1,0,0,0,0,0.3639116073896754,Baixo
43,42000,4.0,7000,14.96,0.17,16,0.1666666666666666,1,4,1,0,0,0,1,0,1,0,0,0,0,0,0,0.19015562398555827,Muito Baixo
23,75000,7.0,5400,12.69,0.07,2,0.072,1,2,0,1,0,0,0,0,0,0,0,0,1,0,0,0.004356060984259927,Muito Baixo
29,60000,3.0,7200,7.88,0.12,7,0.12,0,1,0,1,0,0,0,0,0,0,0,1,0,0,0,0.021488955950526707,Muito Baixo
27,44000,3.0,5700,13.23,0.13,9,0.1295454545454545,1,3,1,1,0,0,0,0,1,0,0,0,0,0,0,0.1705170632029,Muito Baixo
30,54000,2.0,5000,15.13,0.09,9,0.0925925925925925,1,5,0,0,0,0,1,0,0,0,0,0,1,1,1,0.9710816469496586,Muito Alto
22,65000,6.0,1500,9.32,0.02,2,0.023076923076923,0,1,0,1,0,0,0,0,0,0,0,0,1,0,0,0.0013951768180247525,Muito Baixo
23,80000,6.0,16000,7.49,0.2,2,0.2,0,1,0,0,0,0,1,0,1,0,0,0,0,0,0,0.016967374943690557,Muito Baixo
23,60000,0.0,8000,11.14,0.13,3,0.1333333333333333,1,2,0,0,0,0,1,0,0,0,0,0,1,0,0,0.0008517828471013736,Muito Baixo
22,50000,7.0,4000,10.95,0.08,4,0.08,0,2,0,1,0,0,0,0,1,0,0,0,0,0,0,0.05869961397739214,Muito Baixo
21,24000,5.0,10000,7.49,0.42,2,0.4166666666666667,0,1,0,0,0,0,1,0,1,0,0,0,0,1,1,0.9939225762763553,Muito Alto
39,63000,0.0,15000,7.49,0.24,15,0.238095238095238,0,1,0,1,0,0,0,0,0,0,0,1,0,0,0,0.014060064993761601,Muito Baixo
33,135000,0.0,10000,7.51,0.07,10,0.074074074074074,0,1,0,1,0,0,0,0,0,0,0,0,1,0,0,0.00022072444613305397,Muito Baixo
32,73000,5.0,6000,15.62,0.08,8,0.0821917808219178,1,4,0,1,0,0,0,0,0,1,0,0,0,0,0,0.2015611125258426,Baixo
24,29120,0.0,5000,10.99,0.17,4,0.1717032967032967,0,2,0,0,0,0,1,0,0,0,0,0,1,0,0,0.005053223413522588,Muito Baixo
25,50000,4.0,25000,5.99,0.5,2,0.5,0,1,0,0,0,0,1,0,0,1,0,0,0,1,1,0.9884471010611687,Muito Alto
23,26000,7.0,2000,10.36,0.08,2,0.0769230769230769,0,2,0,0,0,1,0,0,0,0,0,1,0,0,0,0.0013947739643875154,Muito Baixo
24,87000,6.0,6000,10.65,0.07,4,0.0689655172413793,0,2,0,1,0,0,0,0,0,0,0,1,0,0,0,0.08976790556096129,Muito Baixo
22,20000,7.0,3200,12.21,0.16,4,0.16,1,2,0,0,0,1,0,0,0,0,0,1,0,0,0,0.013999112175278354,Muito Baixo
22,32112,4.0,15000,13.98,0.47,3,0.4671150971599402,1,3,0,1,0,0,0,0,0,0,0,1,0,0,0,0.3717146746917491,Baixo
22,38423,6.0,2000,8.49,0.05,3,0.052052156260573,0,1,0,1,0,0,0,0,1,0,0,0,0,0,0,0.11650340826597794,Muito Baixo
22,40058,5.0,6000,9.91,0.15,2,0.1497828149183683,0,2,0,1,0,0,0,0,0,0,0,0,1,0,0,0.0008744981538188984,Muito Baixo
24,32000,8.0,12000,12.87,0.38,2,0.375,1,3,1,0,0,0,1,1,0,0,0,0,0,1,1,0.9909520996963591,Muito Alto
25,60000,1.0,7600,12.21,0.13,4,0.1266666666666666,1,2,0,0,0,0,1,0,0,1,0,0,0,0,0,0.07977942192583372,Muito Baixo
27,50000,1.0,9900,14.35,0.2,5,0.198,1,3,0,0,0,0,1,0,0,0,0,1,0,0,0,0.06778125125976661,Muito Baixo
33,150000,17.0,20000,11.48,0.13,7,0.1333333333333333,1,2,0,0,0,1,0,0,0,0,0,1,0,0,0,0.000626921544172114,Muito Baixo
49,74000,20.0,12000,17.99,0.16,15,0.1621621621621621,1,5,0,1,0,0,0,1,0,0,0,0,0,1,1,0.9969404139523667,Muito Alto
24,21600,4.0,6500,14.79,0.3,4,0.3009259259259259,1,3,1,0,0,0,1,0,0,0,0,0,1,1,0,0.18070488796789275,Muito Baixo
27,35004,7.0,5000,10.75,0.14,8,0.1428408181922066,0,2,0,0,0,0,1,0,0,0,1,0,0,0,0,0.06710790032066871,Muito Baixo
36,35000,1.0,6000,11.49,0.17,13,0.1714285714285714,1,2,0,0,0,1,0,0,0,0,0,0,1,0,0,1.3943350348047899e-05,Muito Baixo
23,23421,3.0,4500,17.99,0.19,3,0.1921352632253106,1,5,1,0,0,0,1,0,0,0,1,0,0,1,1,0.9693812961069683,Muito Alto
21,49200,4.0,6000,13.72,0.12,3,0.1219512195121951,1,3,0,0,0,0,1,0,1,0,0,0,0,0,0,0.1087745637264395,Muito Baixo
23,54000,1.0,10000,13.67,0.19,3,0.1851851851851851,1,4,1,0,0,0,1,0,1,0,0,0,0,1,1,0.9435794688178368,Muito Alto
22,96384,6.0,18000,10.25,0.19,3,0.1867529880478087,0,2,0,1,0,0,0,0,0,0,0,0,1,0,0,0.002612497008452149,Muito Baixo
30,57996,2.0,8400,12.98,0.14,7,0.1448375750051727,1,3,0,0,0,0,1,0,0,1,0,0,0,0,0,0.2079433814061957,Baixo
31,62000,4.0,6550,5.79,0.11,10,0.1056451612903225,0,1,0,1,0,0,0,0,0,0,1,0,0,0,0,0.015508670887793598,Muito Baixo
24,30000,1.0,3600,8.49,0.12,3,0.12,0,1,0,0,0,0,1,0,0,0,0,0,1,0,0,0.004447233899729165,Muito Baixo
55,94000,11.0,4000,6.62,0.04,26,0.0425531914893617,0,1,0,1,0,0,0,0,0,0,0,1,0,0,0,0.0101755441779896,Muito Baixo
29,60000,0.0,5000,14.22,0.08,9,0.0833333333333333,1,3,0,0,0,0,1,0,0,0,1,0,0,1,0,0.12063516093454564,Muito Baixo
24,55000,0.0,4000,11.26,0.07,3,0.0727272727272727,1,2,0,0,0,0,1,1,0,0,0,0,0,0,0,0.04226744884844471,Muito Baixo
38,60000,7.0,8000,10.99,0.13,13,0.1333333333333333,0,2,0,1,0,0,0,1,0,0,0,0,0,0,0,0.05589388675818055,Muito Baixo
25,31200,7.0,3500,6.92,0.11,3,0.1121794871794871,0,1,0,0,0,0,1,0,0,0,1,0,0,0,0,0.08540629587867143,Muito Baixo
26,32000,6.0,10000,6.99,0.31,3,0.3125,0,1,0,0,0,0,1,0,0,0,0,1,0,1,1,0.9933592388230592,Muito Alto
34,28880,2.0,3000,11.78,0.1,9,0.1038781163434903,1,3,0,0,0,0,1,0,0,0,0,0,1,0,0,0.4012534598074458,Moderado
39,138000,3.0,20000,11.14,0.14,12,0.144927536231884,1,2,0,1,0,0,0,0,0,1,0,0,0,1,0,0.13466478761762377,Muito Baixo
22,44500,1.0,16750,10.75,0.38,4,0.3764044943820224,0,2,0,0,0,0,1,1,0,0,0,0,0,1,1,0.9934395869737684,Muito Alto
33,82000,5.0,15000,14.35,0.18,7,0.1829268292682926,1,3,0,0,0,0,1,0,0,0,0,0,1,0,0,0.07470448704747866,Muito Baixo
22,115000,4.0,4800,7.88,0.04,2,0.0417391304347826,0,1,0,0,0,0,1,0,0,0,1,0,0,0,0,0.01952950561440492,Muito Baixo
30,68000,11.0,6000,10.59,0.09,7,0.088235294117647,0,2,0,1,0,0,0,0,1,0,0,0,0,0,0,0.11500066962695181,Muito Baixo
23,26000,3.0,7800,10.59,0.3,3,0.3,0,2,0,1,0,0,0,1,0,0,0,0,0,0,0,0.0699349891689866,Muito Baixo
32,155000,3.0,7500,11.59,0.05,5,0.0483870967741935,1,3,1,0,0,0,1,0,0,0,0,1,0,0,0,0.055441154762335125,Muito Baixo
26,123996,10.0,2000,5.42,0.02,4,0.0161295525662118,0,1,0,1,0,0,0,0,0,0,1,0,0,0,0,0.0009963430367891128,Muito Baixo
23,38000,0.0,8000,6.17,0.21,2,0.2105263157894736,0,1,0,0,0,0,1,0,0,0,1,0,0,0,0,0.023562616574235154,Muito Baixo
25,55000,3.0,5000,13.48,0.09,4,0.0909090909090909,1,3,1,0,0,0,1,1,0,0,0,0,0,0,0,0.05415308042049116,Muito Baixo
23,170000,7.0,12000,11.11,0.07,2,0.0705882352941176,1,2,0,0,0,0,1,0,1,0,0,0,0,0,0,0.04169847029613647,Muito Baixo
25,110000,2.0,5000,9.99,0.05,4,0.0454545454545454,0,2,0,0,0,0,1,0,0,0,0,0,1,0,0,0.0010662730002029925,Muito Baixo
23,66000,1.0,13200,11.14,0.2,4,0.2,1,2,0,1,0,0,0,0,1,0,0,0,0,0,0,0.04115296603848759,Muito Baixo
25,81000,5.0,25000,7.29,0.31,3,0.3086419753086419,0,1,0,0,0,0,1,1,0,0,0,0,0,1,1,0.9795562017844434,Muito Alto
28,49000,6.0,4800,15.99,0.1,5,0.0979591836734693,1,4,0,0,0,0,1,1,0,0,0,0,0,1,1,0.996576449944578,Muito Alto
23,24000,1.0,5600,9.63,0.23,3,0.2333333333333333,0,2,0,1,0,0,0,0,1,0,0,0,0,0,0,0.06253562122195522,Muito Baixo
28,215662,12.0,21000,11.99,0.1,6,0.0973745954317404,1,2,0,1,0,0,0,0,0,1,0,0,0,0,0,0.12878777100333233,Muito Baixo
22,28080,4.0,4200,9.91,0.15,4,0.1495726495726495,0,2,0,0,0,0,1,0,0,0,1,0,0,1,0,0.10367289732771642,Muito Baixo
26,43860,6.0,5600,9.63,0.13,2,0.1276789785681714,0,2,0,0,0,0,1,0,0,0,0,0,1,0,0,0.004478854548694345,Muito Baixo
22,47000,3.0,15000,7.66,0.32,2,0.3191489361702128,0,1,0,1,0,0,0,0,0,0,1,0,0,0,0,0.1335746292216704,Muito Baixo
24,48000,3.0,2800,12.53,0.06,4,0.0583333333333333,1,3,1,0,0,1,0,0,0,1,0,0,0,0,0,0.0015800276036757796,Muito Baixo
22,29654,3.0,7000,14.22,0.24,3,0.2360558440682538,1,3,0,0,0,0,1,0,1,0,0,0,0,1,0,0.30926130048013795,Baixo
26,45600,5.0,2000,7.49,0.04,3,0.043859649122807,0,1,0,0,0,0,1,0,0,0,0,0,1,0,0,0.0009593696065914088,Muito Baixo
30,63000,2.0,8000,10.25,0.13,6,0.1269841269841269,0,2,0,1,0,0,0,0,1,0,0,0,0,0,0,0.055275060727808384,Muito Baixo
22,22000,0.0,2000,7.29,0.09,3,0.0909090909090909,0,1,0,0,0,0,1,0,0,0,0,0,1,0,0,0.002590942592347641,Muito Baixo
23,87000,2.0,18000,11.89,0.21,2,0.2068965517241379,1,2,0,0,0,0,1,0,1,0,0,0,0,0,0,0.054217742309405896,Muito Baixo
26,34000,3.0,5500,16.89,0.16,3,0.1617647058823529,1,4,1,0,0,0,1,0,0,0,0,1,0,0,0,0.3893171361124781,Baixo
23,64000,0.0,7500,13.55,0.12,3,0.1171875,1,4,0,0,0,0,1,0,0,1,0,0,0,1,1,0.9987787016436311,Muito Alto
25,48000,5.0,16750,13.48,0.35,4,0.3489583333333333,1,3,1,1,0,0,0,0,1,0,0,0,0,0,0,0.127195044136425,Muito Baixo
29,24000,7.0,10000,7.49,0.42,6,0.4166666666666667,0,1,0,1,0,0,0,0,0,0,1,0,0,0,0,0.2676052129338689,Baixo
24,50160,2.0,6000,15.62,0.12,2,0.1196172248803827,1,4,0,1,0,0,0,0,1,0,0,0,0,1,0,0.11905896341707252,Muito Baixo
27,60000,6.0,6000,8.94,0.1,9,0.1,0,1,0,0,0,0,1,0,0,0,0,1,0,0,0,0.05554737358443567,Muito Baixo
23,38400,0.0,5000,9.25,0.13,3,0.1302083333333333,0,2,0,1,0,0,0,0,0,0,0,1,0,0,0,0.07978865430525083,Muito Baixo
31,62050,0.0,3600,15.95,0.05,9,0.0580177276390008,1,4,0,0,0,0,1,0,0,0,1,0,0,1,1,0.9953908306544599,Muito Alto
25,99473,9.0,8500,11.58,0.09,2,0.0854503232032812,1,2,0,1,0,0,0,0,0,0,0,1,0,0,0,0.06546197245274708,Muito Baixo
27,68000,10.0,16500,7.88,0.24,7,0.2426470588235294,0,1,0,0,0,0,1,1,0,0,0,0,0,0,0,0.04099447595977129,Muito Baixo
26,41892,8.0,11300,13.22,0.27,4,0.2697412393774467,1,3,0,0,0,0,1,0,1,0,0,0,0,0,0,0.2113078861419885,Baixo
24,238000,2.0,7000,7.66,0.03,2,0.0294117647058823,0,1,0,1,0,0,0,1,0,0,0,0,0,1,0,0.008025376240356204,Muito Baixo
42,29000,1.0,5000,16.49,0.17,13,0.1724137931034483,1,4,1,0,0,0,1,0,0,0,0,1,0,1,1,0.9790639737852174,Muito Alto
32,33600,0.0,8000,16.02,0.24,8,0.238095238095238,1,4,0,0,0,1,0,0,0,0,0,0,1,0,0,0.0021820677748299916,Muito Baixo
24,69996,1.0,9600,11.71,0.14,4,0.13715069432539,1,2,0,0,0,0,1,0,1,0,0,0,0,0,0,0.06985267867482255,Muito Baixo
26,136000,2.0,12000,14.72,0.09,2,0.088235294117647,1,3,1,0,0,0,1,0,0,0,0,1,0,0,0,0.15736183957762986,Muito Baixo
29,28550,6.0,4000,10.59,0.14,10,0.1401050788091068,0,2,0,0,0,0,1,1,0,0,0,0,0,0,0,0.21505772396112505,Baixo
27,29000,2.0,6000,15.27,0.21,6,0.2068965517241379,1,3,1,0,0,0,1,0,0,0,0,0,1,0,1,0.7728840938134727,Alto
21,27000,3.0,2600,13.22,0.1,2,0.0962962962962963,1,3,1,0,0,0,1,0,0,0,0,1,0,0,0,0.2154795397496803,Baixo
22,42996,7.0,12000,13.79,0.28,4,0.2790957298353335,1,3,0,1,0,0,0,0,0,1,0,0,0,1,1,0.9764559535163224,Muito Alto
33,75000,5.0,17000,6.54,0.23,5,0.2266666666666666,0,1,0,0,0,1,0,0,0,1,0,0,0,0,0,0.00020950918097123667,Muito Baixo
32,32004,10.0,10400,15.27,0.32,9,0.3249593800774903,1,3,0,0,0,0,1,1,0,0,0,0,0,1,1,0.9843025293714877,Muito Alto
33,33000,0.0,7500,11.34,0.23,9,0.2272727272727272,1,3,0,0,0,0,1,0,0,0,0,1,0,0,0,0.272479815112257,Baixo
34,74000,13.0,10000,15.96,0.14,10,0.1351351351351351,1,3,1,1,0,0,0,0,0,0,0,0,1,1,0,0.22170977441429918,Baixo
25,62400,7.0,4000,18.39,0.06,2,0.0641025641025641,1,5,1,0,0,1,0,0,0,0,0,1,0,1,0,0.3030121282005456,Baixo
38,36000,1.0,8400,13.22,0.23,16,0.2333333333333333,1,3,0,0,0,0,1,0,0,0,1,0,0,0,0,0.09947788528641878,Muito Baixo
35,153000,13.0,9500,11.99,0.06,10,0.0620915032679738,1,2,0,1,0,0,0,0,0,0,0,1,0,0,0,0.03970594730450762,Muito Baixo
45,28320,1.0,3000,10.99,0.11,11,0.1059322033898305,0,2,0,0,0,0,1,0,0,0,1,0,0,0,0,0.05023776844617489,Muito Baixo
40,44000,0.0,6000,7.49,0.14,12,0.1363636363636363,0,1,0,0,0,0,1,0,0,0,0,1,0,1,0,0.10805224083380378,Muito Baixo
23,81600,7.0,9000,7.49,0.11,4,0.1102941176470588,0,1,0,1,0,0,0,1,0,0,0,0,0,0,0,0.03988065789564319,Muito Baixo
33,118000,12.0,35000,17.49,0.3,7,0.2966101694915254,1,4,1,1,0,0,0,1,0,0,0,0,0,1,1,0.995293692534157,Muito Alto
23,77705,4.0,4000,16.77,0.05,4,0.0514767389485876,1,5,1,1,0,0,0,0,1,0,0,0,0,0,0,0.09911827280055895,Muito Baixo
23,120000,2.0,6000,6.76,0.05,3,0.05,0,1,0,1,0,0,0,0,1,0,0,0,0,0,0,0.004405171954727142,Muito Baixo
26,60996,6.0,3000,12.22,0.05,4,0.0491835530198701,1,3,1,0,0,0,1,0,0,1,0,0,0,0,0,0.11656103254899948,Muito Baixo
21,59000,5.0,25000,9.99,0.42,4,0.423728813559322,0,2,0,1,0,0,0,0,0,0,1,0,0,1,0,0.29777067572536026,Baixo
25,32500,5.0,7350,13.43,0.23,3,0.2261538461538461,1,3,1,0,0,0,1,0,0,0,1,0,0,0,0,0.1512619257060798,Muito Baixo
25,57000,5.0,6000,8.0,0.11,3,0.1052631578947368,0,1,0,0,0,0,1,0,0,0,0,1,0,0,0,0.06884034987609511,Muito Baixo
25,80000,9.0,23000,13.48,0.29,2,0.2875,1,3,0,0,0,0,1,0,0,0,0,0,1,0,0,0.06809443935131602,Muito Baixo
41,82000,18.0,12000,7.51,0.15,17,0.1463414634146341,0,1,0,1,0,0,0,0,0,1,0,0,0,0,0,0.00941321249272286,Muito Baixo
26,46800,0.0,5000,12.87,0.11,4,0.1068376068376068,1,3,0,1,0,0,0,0,0,0,1,0,0,1,0,0.25839236927048653,Baixo
32,45000,16.0,6000,7.49,0.13,6,0.1333333333333333,0,1,0,1,0,0,0,0,0,0,0,1,0,0,0,0.03206774756641866,Muito Baixo
41,17000,0.0,1500,15.23,0.09,13,0.088235294117647,1,3,0,0,0,0,1,0,0,0,0,1,0,1,1,0.7455170883325021,Alto
27,40000,4.0,3500,9.63,0.09,9,0.0875,0,1,0,1,0,0,0,0,1,0,0,0,0,0,0,0.07796657840614123,Muito Baixo
26,139992,0.0,14400,10.99,0.1,4,0.1028630207440425,0,2,0,1,0,0,0,0,1,0,0,0,0,0,0,0.03895787628204151,Muito Baixo
23,54000,7.0,12000,13.48,0.22,3,0.2222222222222222,1,3,1,0,0,0,1,0,0,0,0,1,0,0,0,0.27235076303673666,Baixo
25,80004,4.0,12000,10.36,0.15,3,0.1499925003749812,0,2,0,0,0,0,1,0,0,1,0,0,0,0,0,0.07980453822894996,Muito Baixo
34,41600,16.0,17500,6.17,0.42,8,0.4206730769230769,0,1,0,1,0,0,0,1,0,0,0,0,0,0,0,0.05313674009213558,Muito Baixo
22,50000,4.0,6000,10.65,0.12,2,0.12,0,2,0,0,0,0,1,0,0,0,1,0,0,0,0,0.040857574746037136,Muito Baixo
28,140000,12.0,15000,8.88,0.11,5,0.1071428571428571,0,2,0,1,0,0,0,0,0,0,1,0,0,0,0,0.03269743210649883,Muito Baixo
33,57500,2.0,2000,10.99,0.03,5,0.0347826086956521,0,2,0,0,0,0,1,1,0,0,0,0,0,0,0,0.03756956553957598,Muito Baixo
26,33800,4.0,13000,13.57,0.38,4,0.3846153846153846,1,3,0,0,0,0,1,0,1,0,0,0,0,1,1,0.9967621410003401,Muito Alto
22,60000,6.0,2500,15.99,0.04,3,0.0416666666666666,1,4,0,1,0,0,0,0,1,0,0,0,0,0,0,0.06352782323781657,Muito Baixo
22,48000,7.0,7200,12.69,0.15,2,0.15,1,2,0,0,0,0,1,0,0,0,0,1,0,0,0,0.11515221870881953,Muito Baixo
28,95000,9.0,5000,13.48,0.05,7,0.0526315789473684,1,3,1,1,0,0,0,0,0,0,1,0,0,0,0,0.026479496953248003,Muito Baixo
30,65000,3.0,10000,12.73,0.15,6,0.1538461538461538,1,3,1,0,0,0,1,0,0,0,0,1,0,0,0,0.0489306606743279,Muito Baixo
32,44500,16.0,6000,8.9,0.13,9,0.1348314606741573,0,1,0,1,0,0,0,0,0,0,0,0,1,0,0,0.0011825007528822565,Muito Baixo
25,84000,8.0,8500,11.83,0.1,3,0.1011904761904761,1,2,0,1,0,0,0,0,0,0,0,1,0,0,0,0.13027433101400124,Muito Baixo
27,125000,7.0,20000,15.31,0.16,5,0.16,1,4,1,1,0,0,0,0,0,1,0,0,0,0,0,0.09153255739286721,Muito Baixo
22,40000,2.0,10000,6.03,0.25,3,0.25,0,1,0,1,0,0,0,0,1,0,0,0,0,0,0,0.014412331567948761,Muito Baixo
32,65000,6.0,5600,11.58,0.09,5,0.0861538461538461,1,2,0,1,0,0,0,0,0,0,0,1,0,0,0,0.07474590042435005,Muito Baixo
53,85000,2.0,8000,7.74,0.09,26,0.0941176470588235,0,1,0,0,0,0,1,0,0,0,0,1,0,0,0,0.016997474390364448,Muito Baixo
48,94050,1.0,23000,14.96,0.24,16,0.2445507708665603,1,4,1,1,0,0,0,1,0,0,0,0,0,1,1,0.9985800284814925,Muito Alto
23,51000,7.0,10000,7.14,0.2,2,0.196078431372549,0,1,0,1,0,0,0,0,0,0,1,0,0,0,0,0.09893901796986895,Muito Baixo
29,124000,13.0,8100,7.51,0.07,7,0.0653225806451612,0,1,0,1,0,0,0,0,0,0,1,0,0,0,0,0.008100651269023476,Muito Baixo
38,24000,0.0,4400,14.09,0.18,14,0.1833333333333333,1,4,0,0,0,0,1,0,0,1,0,0,0,1,1,0.9809445363511665,Muito Alto
29,89000,1.0,28800,7.49,0.32,6,0.3235955056179775,0,1,0,0,0,0,1,0,1,0,0,0,0,1,1,0.9893496699251841,Muito Alto
26,175000,2.0,3000,8.94,0.02,3,0.0171428571428571,0,1,0,1,0,0,0,1,0,0,0,0,0,0,0,0.007340887704890945,Muito Baixo
25,33000,9.0,3200,5.42,0.1,4,0.0969696969696969,0,1,0,0,0,0,1,0,0,0,1,0,0,0,0,0.03525648243400442,Muito Baixo
23,60495,8.0,6000,7.49,0.1,3,0.0991817505578973,0,1,0,0,0,0,1,0,0,0,1,0,0,0,0,0.02707407163995163,Muito Baixo
22,28000,5.0,8500,6.17,0.3,2,0.3035714285714285,0,1,0,1,0,0,0,0,1,0,0,0,0,0,0,0.03240745428718525,Muito Baixo
32,51250,2.0,11000,7.29,0.21,5,0.2146341463414634,0,1,0,0,0,0,1,0,0,0,1,0,0,0,0,0.03565582640544569,Muito Baixo
22,70000,6.0,6000,7.14,0.09,4,0.0857142857142857,0,1,0,1,0,0,0,0,1,0,0,0,0,0,0,0.013308581928906712,Muito Baixo
36,50700,2.0,8000,10.99,0.16,17,0.1577909270216962,0,2,0,0,0,0,1,0,0,1,0,0,0,0,0,0.06175408566776575,Muito Baixo
33,82000,2.0,20000,10.99,0.24,10,0.2439024390243902,0,2,0,1,0,0,0,0,0,0,0,1,0,0,0,0.045422184635640586,Muito Baixo
52,36000,8.0,11200,12.18,0.31,29,0.3111111111111111,1,2,0,0,0,0,1,1,0,0,0,0,0,1,1,0.9935706901324824,Muito Alto
24,48000,0.0,4400,11.83,0.09,2,0.0916666666666666,1,2,0,1,0,0,0,0,1,0,0,0,0,0,0,0.11557762060395634,Muito Baixo
40,120000,6.0,9600,10.59,0.08,14,0.08,0,2,0,1,0,0,0,0,0,0,0,1,0,0,0,0.0559991613474701,Muito Baixo
33,130050,0.0,10000,14.61,0.07,7,0.0768935024990388,1,4,1,1,0,0,0,0,0,0,1,0,0,1,1,0.997381155327656,Muito Alto
25,57200,1.0,2400,7.49,0.04,2,0.0419580419580419,0,1,0,1,0,0,0,0,1,0,0,0,0,0,0,0.05604327446008884,Muito Baixo
24,75000,6.0,15000,11.71,0.2,4,0.2,1,2,0,0,0,0,1,0,0,0,0,1,0,0,0,0.08983728423950621,Muito Baixo
23,56000,4.0,6000,5.99,0.11,2,0.1071428571428571,0,1,0,1,0,0,0,0,0,0,0,0,1,0,0,0.0006242982205929918,Muito Baixo
24,63996,8.0,14400,9.63,0.23,4,0.2250140633789611,0,1,0,1,0,0,0,0,0,0,1,0,0,0,0,0.4115028077629136,Moderado
25,42000,2.0,4800,13.22,0.11,4,0.1142857142857142,1,3,0,0,0,0,1,1,0,0,0,0,0,0,0,0.15142660426094576,Muito Baixo
31,21000,15.0,11000,8.59,0.52,6,0.5238095238095238,0,1,0,0,0,0,1,0,0,0,1,0,0,1,1,0.9955144392471524,Muito Alto
31,30000,0.0,6600,16.49,0.22,8,0.22,1,4,1,0,0,0,1,0,1,0,0,0,0,1,1,0.9559359872837603,Muito Alto
28,48000,4.0,3500,15.21,0.07,10,0.0729166666666666,1,4,1,0,0,0,1,0,0,0,1,0,0,0,0,0.4745871987809646,Moderado
26,28000,6.0,5100,11.89,0.18,4,0.1821428571428571,1,2,0,0,0,0,1,0,1,0,0,0,0,0,0,0.17256550666052342,Muito Baixo
23,85000,4.0,16000,6.03,0.19,3,0.188235294117647,0,1,0,0,0,0,1,0,0,0,0,0,1,0,0,0.00041943404948490136,Muito Baixo
30,52000,2.0,18500,10.91,0.36,7,0.3557692307692308,0,3,0,1,0,0,0,0,0,0,0,1,0,0,0,0.1661986451305127,Muito Baixo
30,68000,5.0,16000,14.09,0.24,5,0.2352941176470588,1,4,0,0,0,0,1,0,1,0,0,0,0,0,0,0.2300467581794717,Baixo
23,24000,2.0,2800,11.49,0.12,3,0.1166666666666666,1,2,0,0,0,0,1,0,0,0,1,0,0,1,0,0.2019184778043731,Baixo
23,55000,7.0,5200,8.9,0.09,4,0.0945454545454545,0,1,0,1,0,0,0,0,0,0,0,0,1,0,0,0.0010961960398380014,Muito Baixo
25,65000,0.0,10000,10.95,0.15,2,0.1538461538461538,0,2,0,0,0,0,1,0,1,0,0,0,0,0,0,0.03850808754011368,Muito Baixo
21,30000,4.0,6000,7.51,0.2,3,0.2,0,1,0,0,0,0,1,0,0,0,1,0,0,0,0,0.1259493458541779,Muito Baixo
34,68000,5.0,14400,8.59,0.21,5,0.2117647058823529,0,1,0,0,0,0,1,0,0,1,0,0,0,0,0,0.08789346353413004,Muito Baixo
23,66000,1.0,20000,14.11,0.3,3,0.303030303030303,1,4,0,0,0,0,1,0,0,0,0,0,1,1,1,0.9365621698177258,Muito Alto
33,125000,8.0,10975,6.99,0.09,9,0.0878,0,1,0,1,0,0,0,0,0,1,0,0,0,0,0,0.010445839051764836,Muito Baixo
24,120000,1.0,25000,13.99,0.21,4,0.2083333333333333,1,4,0,1,0,0,0,0,1,0,0,0,0,0,0,0.14907495616551622,Muito Baixo
23,45000,2.0,1700,14.72,0.04,2,0.0377777777777777,1,3,0,0,0,0,1,0,1,0,0,0,0,0,0,0.11211517092889085,Muito Baixo
29,84000,8.0,10000,7.49,0.12,8,0.119047619047619,0,1,0,1,0,0,0,0,0,0,0,0,1,0,0,0.0006914924757076243,Muito Baixo
23,20400,3.0,3125,12.61,0.15,3,0.1531862745098039,1,3,0,0,0,0,1,0,0,0,0,1,0,0,0,0.2559828596222077,Baixo
23,36000,2.0,12000,10.74,0.33,4,0.3333333333333333,0,2,0,1,0,0,0,0,0,0,0,0,1,0,0,0.0050923027057775275,Muito Baixo
25,35196,2.0,6000,14.54,0.17,3,0.1704739174906239,1,4,0,0,0,0,1,0,0,0,1,0,0,1,1,0.9773485981068083,Muito Alto
29,88000,9.0,25000,14.46,0.28,10,0.2840909090909091,1,4,1,0,0,0,1,0,0,0,0,1,0,1,0,0.20953871395468474,Baixo
30,62000,7.0,9600,11.99,0.15,8,0.1548387096774193,1,2,0,1,0,0,0,0,0,0,0,1,0,0,0,0.10381133228560871,Muito Baixo
25,82560,6.0,4500,7.42,0.05,4,0.0545058139534883,0,1,0,0,0,0,1,1,0,0,0,0,0,0,0,0.028756025444336978,Muito Baixo
37,74400,21.0,7500,7.05,0.1,14,0.1008064516129032,0,1,0,0,0,1,0,0,0,0,0,0,1,0,0,2.8925833133816956e-05,Muito Baixo
31,66000,9.0,22000,16.63,0.33,5,0.3333333333333333,1,5,1,1,0,0,0,0,0,0,0,0,1,0,0,0.2588009674693998,Baixo
23,78000,0.0,10000,6.62,0.13,2,0.1282051282051282,0,1,0,1,0,0,0,0,0,0,1,0,0,0,0,0.020608140606366284,Muito Baixo
27,52000,8.0,1800,12.98,0.03,8,0.0346153846153846,1,3,0,1,0,0,0,0,0,0,0,0,1,0,0,0.07814752862306104,Muito Baixo
34,78000,5.0,18000,8.9,0.23,9,0.2307692307692307,0,1,0,0,0,0,1,0,1,0,0,0,0,0,0,0.09311813735617848,Muito Baixo
23,54860,0.0,5000,14.17,0.09,4,0.0911410864017499,1,3,0,0,0,0,1,0,0,0,0,1,0,0,0,0.085380056197389,Muito Baixo
29,62000,4.0,20000,13.48,0.32,10,0.3225806451612903,1,3,1,1,0,0,0,0,0,1,0,0,0,0,0,0.17023188748742357,Muito Baixo
28,58650,5.0,20000,14.91,0.29,10,0.3410059676044331,1,4,1,1,0,0,0,0,0,0,1,0,0,1,1,0.9948277597488235,Muito Alto
26,69000,6.0,4200,6.62,0.06,3,0.0608695652173913,0,1,0,0,0,0,1,0,0,1,0,0,0,0,0,0.04766724033329691,Muito Baixo
24,61080,8.0,25000,10.59,0.41,3,0.4092992796332678,0,2,0,1,0,0,0,0,0,0,0,0,1,0,0,0.0032265842960768833,Muito Baixo
23,36000,4.0,9000,11.11,0.25,4,0.25,1,2,0,0,0,0,1,1,0,0,0,0,0,0,0,0.13489874576679312,Muito Baixo
27,52000,11.0,3000,15.96,0.06,6,0.0576923076923076,1,3,1,1,0,0,0,0,0,1,0,0,0,1,0,0.2520590068244877,Baixo
33,43200,6.0,11350,7.88,0.26,7,0.2627314814814814,0,1,0,0,0,0,1,1,0,0,0,0,0,0,0,0.04253077715632567,Muito Baixo
28,115000,11.0,5000,7.51,0.04,7,0.0434782608695652,0,1,0,1,0,0,0,0,0,1,0,0,0,0,0,0.0290865035442034,Muito Baixo
26,41682,7.0,18000,13.22,0.43,3,0.4318410824816467,1,3,1,1,0,0,0,1,0,0,0,0,0,1,0,0.37111686892549234,Baixo
22,34000,5.0,7200,7.9,0.21,4,0.2117647058823529,0,1,0,0,0,0,1,0,0,0,0,0,1,0,0,0.012520440822254512,Muito Baixo
28,110000,3.0,4000,12.18,0.04,9,0.0363636363636363,1,2,0,0,0,0,1,1,0,0,0,0,0,0,0,0.03787401926267089,Muito Baixo
29,78996,0.0,15000,15.7,0.19,7,0.1898830320522558,1,4,1,0,0,0,1,0,0,1,0,0,0,1,1,0.8750398795080285,Muito Alto
26,98700,6.0,9600,13.06,0.1,3,0.0972644376899696,1,3,0,1,0,0,0,0,0,1,0,0,0,0,0,0.09574679878419314,Muito Baixo
26,40000,4.0,6000,10.99,0.15,2,0.15,0,2,0,0,0,0,1,0,1,0,0,0,0,0,0,0.08277636317062703,Muito Baixo
24,40000,2.0,6000,10.99,0.15,3,0.15,0,2,0,0,0,0,1,0,0,0,1,0,0,0,0,0.03379635859447192,Muito Baixo
25,125000,9.0,6500,14.61,0.05,3,0.052,1,4,0,0,0,0,1,0,0,0,0,0,1,0,0,0.147193662342058,Muito Baixo
23,60000,3.0,12000,15.27,0.2,4,0.2,1,3,1,1,0,0,0,0,0,0,0,1,0,0,0,0.04425370291413361,Muito Baixo
33,105000,6.0,5150,12.41,0.05,9,0.049047619047619,1,3,1,1,0,0,0,0,0,0,0,1,0,0,0,0.06477503386753826,Muito Baixo
33,55000,5.0,15000,6.54,0.27,6,0.2727272727272727,0,1,0,1,0,0,0,0,0,0,0,1,0,0,0,0.02833929443141387,Muito Baixo
27,117000,2.0,10000,8.0,0.09,10,0.0854700854700854,0,1,0,0,0,0,1,0,1,0,0,0,0,0,0,0.02025361791058438,Muito Baixo
23,75000,4.0,16800,13.47,0.22,4,0.224,1,3,0,1,0,0,0,0,0,0,1,0,0,0,0,0.08111205309566884,Muito Baixo
27,151000,11.0,20000,14.74,0.13,9,0.1324503311258278,1,4,1,1,0,0,0,1,0,0,0,0,0,1,1,0.9918191868904247,Muito Alto
25,38000,1.0,18800,10.99,0.49,3,0.4947368421052631,0,2,0,1,0,0,0,0,0,0,0,0,1,0,0,0.004351697829522961,Muito Baixo
25,58000,5.0,6900,7.66,0.12,4,0.1189655172413793,0,1,0,0,0,0,1,0,0,0,0,0,1,0,0,0.0011425278688440709,Muito Baixo
44,65004,3.0,25000,11.86,0.38,17,0.3845917174327734,1,2,0,1,0,0,0,0,1,0,0,0,0,0,0,0.2717604284301958,Baixo
30,50000,3.0,10000,13.22,0.2,7,0.2,1,3,0,0,0,0,1,0,0,0,0,1,0,0,0,0.04185280945395556,Muito Baixo
29,84996,13.0,6000,7.68,0.07,8,0.0705915572497529,0,1,0,1,0,0,0,1,0,0,0,0,0,0,0,0.01704521686784415,Muito Baixo
28,34000,1.0,4800,11.49,0.14,7,0.1411764705882353,1,2,0,0,0,0,1,0,0,0,0,0,1,0,0,0.01661817771656472,Muito Baixo
22,34000,4.0,3800,18.25,0.11,3,0.1117647058823529,1,4,1,0,0,0,1,0,0,0,1,0,0,1,1,0.988904935892934,Muito Alto
21,62500,6.0,13200,7.9,0.21,3,0.2112,0,1,0,1,0,0,0,0,1,0,0,0,0,0,0,0.027433648987478684,Muito Baixo
22,50000,7.0,4250,12.69,0.09,4,0.085,1,2,0,0,0,0,1,0,0,0,1,0,0,0,0,0.07975416781764877,Muito Baixo
37,68480,2.0,3600,15.23,0.05,11,0.0525700934579439,1,3,1,0,0,0,1,0,0,0,1,0,0,0,0,0.10834870240992057,Muito Baixo
21,35368,0.0,5100,12.99,0.14,2,0.1441981452160144,1,3,0,0,0,0,1,1,0,0,0,0,0,0,0,0.10046113097924379,Muito Baixo
22,22000,3.0,6500,7.49,0.3,4,0.2954545454545454,0,1,0,1,0,0,0,0,0,0,0,0,1,0,0,0.0005279524422320008,Muito Baixo
27,90000,3.0,10000,7.66,0.11,7,0.1111111111111111,0,1,0,0,0,0,1,1,0,0,0,0,0,0,0,0.008409613185716126,Muito Baixo
29,24996,2.0,8000,9.99,0.32,7,0.3200512081933109,0,2,0,0,0,1,0,0,0,0,0,0,1,0,0,0.0001361938320134726,Muito Baixo
22,110000,7.0,8000,13.85,0.07,2,0.0727272727272727,1,3,0,1,0,0,0,1,0,0,0,0,0,0,0,0.125576606196963,Muito Baixo
24,30300,0.0,5000,7.74,0.17,2,0.165016501650165,0,1,0,1,0,0,0,0,0,0,1,0,0,0,0,0.06284106845886296,Muito Baixo
22,24000,4.0,1300,5.42,0.05,3,0.0541666666666666,0,1,0,1,0,0,0,0,1,0,0,0,0,0,0,0.056642240837644756,Muito Baixo
26,60000,10.0,1200,7.4,0.02,4,0.02,0,1,0,1,0,0,0,0,0,0,0,1,0,0,0,0.010884838524992883,Muito Baixo
32,74280,4.0,6400,10.99,0.09,10,0.0861604738826063,0,2,0,1,0,0,0,1,0,0,0,0,0,0,0,0.10200326403512353,Muito Baixo
23,38400,7.0,4000,10.59,0.1,2,0.1041666666666666,0,2,0,0,0,0,1,0,0,0,0,1,0,0,0,0.18627648857526974,Muito Baixo
36,160000,20.0,24000,14.96,0.15,14,0.15,1,4,1,0,0,1,0,0,0,0,0,0,1,0,0,0.00033218616585080325,Muito Baixo
25,60000,3.0,7200,13.48,0.12,4,0.12,1,3,1,0,0,0,1,0,0,1,0,0,0,0,0,0.05335085121663275,Muito Baixo
27,35088,7.0,12000,8.94,0.34,8,0.3419972640218878,0,1,0,1,0,0,0,0,0,0,0,0,1,0,0,0.0016200623634548333,Muito Baixo
24,52000,8.0,5000,10.99,0.1,3,0.0961538461538461,0,2,0,1,0,0,0,0,0,0,0,1,0,0,0,0.07674624156516498,Muito Baixo
51,94368,4.0,5000,7.49,0.05,30,0.0529840623940318,0,1,0,1,0,0,0,0,0,0,0,1,0,0,0,0.012206268615562137,Muito Baixo
22,67200,6.0,4800,16.7,0.07,2,0.0714285714285714,1,5,1,0,0,0,1,1,0,0,0,0,0,1,1,0.9906363287687782,Muito Alto
27,53000,6.0,5000,7.49,0.09,5,0.0943396226415094,0,1,0,1,0,0,0,0,0,0,0,1,0,0,0,0.063848006966661,Muito Baixo
25,58000,3.0,6000,12.18,0.1,4,0.1034482758620689,1,2,0,0,0,0,1,0,0,0,1,0,0,0,0,0.15443950262944964,Muito Baixo
34,41300,18.0,10000,13.48,0.24,6,0.2421307506053268,1,3,1,0,0,0,1,0,1,0,0,0,0,0,0,0.17577947080791198,Muito Baixo
21,31000,5.0,7500,5.42,0.24,4,0.2419354838709677,0,1,0,1,0,0,0,0,1,0,0,0,0,0,0,0.06987615841131249,Muito Baixo
22,67000,6.0,4000,6.76,0.06,3,0.0597014925373134,0,1,0,1,0,0,0,0,0,0,0,0,1,0,0,0.0005813694267000277,Muito Baixo
26,38400,7.0,3200,13.49,0.08,2,0.0833333333333333,1,3,0,0,0,0,1,0,0,0,0,1,0,0,0,0.2272654485872177,Baixo
25,140000,10.0,22000,8.88,0.16,3,0.1571428571428571,0,2,0,1,0,0,0,0,0,0,1,0,0,0,0,0.01809393306278993,Muito Baixo
22,57000,2.0,5950,13.49,0.1,3,0.1043859649122807,1,3,1,1,0,0,0,0,0,0,1,0,0,0,0,0.19611114309561897,Muito Baixo
36,62000,0.0,6000,12.99,0.1,13,0.0967741935483871,1,3,0,1,0,0,0,0,0,0,0,0,1,0,0,0.06595050203741427,Muito Baixo
39,134000,4.0,25000,10.25,0.19,17,0.1865671641791045,0,2,0,1,0,0,0,0,0,0,0,0,1,0,0,0.0008165437139284129,Muito Baixo
26,110000,2.0,12000,10.74,0.11,4,0.109090909090909,0,2,0,1,0,0,0,0,0,1,0,0,0,0,0,0.03083207896493343,Muito Baixo
24,56100,7.0,25000,16.49,0.38,4,0.445632798573975,1,4,0,0,0,0,1,0,0,0,1,0,0,1,1,0.9997808616589664,Muito Alto
31,52000,7.0,5000,7.51,0.1,8,0.0961538461538461,0,1,0,1,0,0,0,1,0,0,0,0,0,0,0,0.04862889302270641,Muito Baixo
28,165000,5.0,12400,11.26,0.08,8,0.0751515151515151,1,2,0,1,0,0,0,1,0,0,0,0,0,0,0,0.06791950960823817,Muito Baixo
29,50000,3.0,4200,9.91,0.08,5,0.084,0,2,0,0,0,1,0,0,0,1,0,0,0,0,0,0.0005784138276515268,Muito Baixo
31,96713,3.0,7000,8.0,0.07,6,0.0723791010515649,0,1,0,1,0,0,0,1,0,0,0,0,0,0,0,0.014118674508931364,Muito Baixo
30,96000,4.0,12900,14.79,0.13,9,0.134375,1,3,0,0,0,0,1,0,0,0,0,1,0,0,0,0.05977917279010052,Muito Baixo
25,108000,8.0,15000,6.62,0.14,2,0.1388888888888889,0,1,0,1,0,0,0,0,0,0,0,0,1,0,0,0.0005975119096684072,Muito Baixo
42,75000,12.0,14000,6.03,0.19,14,0.1866666666666666,0,1,0,0,0,0,1,0,0,1,0,0,0,0,0,0.016399235759766557,Muito Baixo
26,57240,3.0,9000,7.51,0.16,3,0.1572327044025157,0,1,0,0,0,0,1,0,0,0,0,0,1,0,0,0.001586254739354835,Muito Baixo
26,50004,10.0,5000,9.32,0.1,2,0.0999920006399488,0,1,0,1,0,0,0,0,1,0,0,0,0,0,0,0.0933129464273389,Muito Baixo
51,38000,7.0,13000,12.42,0.34,18,0.3421052631578947,1,2,0,0,0,0,1,0,0,0,0,1,0,1,1,0.9955861384698805,Muito Alto
27,48000,2.0,4000,6.03,0.08,6,0.0833333333333333,0,1,0,0,0,0,1,0,0,1,0,0,0,1,0,0.27780271185858035,Baixo
27,40000,4.0,10000,15.31,0.25,10,0.25,1,4,1,0,0,0,1,0,0,0,0,0,1,0,0,0.2569769850947868,Baixo
22,48000,6.0,10000,13.49,0.21,4,0.2083333333333333,1,3,1,1,0,0,0,1,0,0,0,0,0,0,0,0.13352340474003754,Muito Baixo
31,32400,2.0,20500,11.03,0.63,6,0.6327160493827161,1,3,1,0,0,0,1,1,0,0,0,0,0,1,1,0.9888801185886997,Muito Alto
34,76000,13.0,20000,17.74,0.26,5,0.2631578947368421,1,5,0,1,0,0,0,1,0,0,0,0,0,1,1,0.9980740996451953,Muito Alto
28,54400,1.0,8000,15.65,0.13,10,0.1470588235294117,1,4,0,0,0,0,1,0,0,0,1,0,0,1,1,0.9970750229257199,Muito Alto
23,75000,5.0,6400,5.42,0.09,3,0.0853333333333333,0,1,0,1,0,0,0,0,0,0,0,0,1,0,0,0.00030332387168628054,Muito Baixo
35,94500,0.0,12000,6.62,0.13,7,0.1269841269841269,0,1,0,1,0,0,0,0,0,0,1,0,0,0,0,0.006836754702913122,Muito Baixo
32,95000,12.0,9000,5.42,0.09,7,0.0947368421052631,0,1,0,1,0,0,0,0,1,0,0,0,0,0,0,0.005468871766834554,Muito Baixo
21,52244,5.0,4000,13.48,0.07,2,0.0765638159405864,1,3,0,1,0,0,0,0,0,0,1,0,0,1,0,0.33135420546575156,Baixo
26,49000,10.0,14000,7.88,0.29,2,0.2857142857142857,0,1,0,1,0,0,0,0,1,0,0,0,0,0,0,0.3017228034884132,Baixo
26,108000,3.0,13000,15.99,0.12,3,0.1203703703703703,1,4,1,0,0,0,1,0,0,1,0,0,0,1,0,0.15933014679584284,Muito Baixo
34,138571,18.0,25000,14.59,0.18,8,0.1804129291121519,1,4,0,1,0,0,0,0,0,0,0,1,0,0,0,0.11707368587756613,Muito Baixo
47,80000,2.0,10000,6.54,0.13,13,0.125,0,1,0,1,0,0,0,0,1,0,0,0,0,0,0,0.011237500969889173,Muito Baixo
31,135000,14.0,15000,10.75,0.11,6,0.1111111111111111,0,2,0,1,0,0,0,0,0,0,0,1,0,0,0,0.05381521623423524,Muito Baixo
27,20160,4.0,5300,7.49,0.26,6,0.2628968253968254,0,1,0,0,0,0,1,1,0,0,0,0,0,0,0,0.2114675325537418,Baixo
22,25788,2.0,3500,12.18,0.14,2,0.1357220412595005,1,2,0,0,0,1,0,0,0,0,0,0,1,0,0,4.0439016186186875e-05,Muito Baixo
49,64600,4.0,10000,16.49,0.13,12,0.1547987616099071,1,4,0,1,0,0,0,0,0,0,1,0,0,1,1,0.9966759245581904,Muito Alto
21,14400,2.0,1825,15.62,0.13,2,0.1267361111111111,1,4,1,0,0,0,1,0,0,0,0,1,0,1,1,0.9841789197106033,Muito Alto
27,44004,2.0,6000,17.19,0.14,5,0.1363512407962912,1,5,1,0,0,0,1,0,0,0,0,1,0,1,1,0.9858838539510075,Muito Alto
25,90000,4.0,10000,10.0,0.11,2,0.1111111111111111,0,2,0,1,0,0,0,0,0,0,0,0,1,0,0,0.0007920455294898524,Muito Baixo
24,148000,0.0,15000,16.82,0.1,3,0.1013513513513513,1,5,0,0,0,0,1,1,0,0,0,0,0,1,1,0.9993360949480106,Muito Alto
34,52809,18.0,13000,10.62,0.25,8,0.2461701603893275,0,2,0,0,0,0,1,1,0,0,0,0,0,0,0,0.04809354520955696,Muito Baixo
36,33600,4.0,15000,18.39,0.45,16,0.4464285714285714,1,5,0,0,0,1,0,0,0,0,0,0,1,0,0,0.47109686242729915,Moderado
30,45000,2.0,13250,7.9,0.29,10,0.2944444444444444,0,1,0,0,0,0,1,0,0,0,0,0,1,0,0,0.001002386609713189,Muito Baixo
30,23000,5.0,14000,7.88,0.61,6,0.6086956521739131,0,1,0,0,0,0,1,0,0,0,0,0,1,1,1,0.9989680850402548,Muito Alto
33,150000,14.0,21000,11.83,0.14,9,0.14,1,2,0,0,0,1,0,0,0,0,0,0,1,0,0,3.132929537408716e-05,Muito Baixo
30,33736,5.0,13600,13.57,0.4,9,0.4031301873369694,1,3,1,0,0,0,1,0,0,0,1,0,0,1,1,0.9966995473068663,Muito Alto
28,78000,4.0,10000,15.99,0.13,7,0.1282051282051282,1,4,1,1,0,0,0,0,0,0,0,0,1,1,0,0.15435887324535252,Muito Baixo
26,44000,0.0,3000,7.49,0.07,4,0.0681818181818181,0,1,0,0,0,0,1,0,0,1,0,0,0,1,1,0.5231963023210642,Moderado
25,100500,5.0,9000,10.99,0.09,4,0.0895522388059701,0,2,0,0,0,0,1,0,0,0,0,1,0,0,0,0.06663696310820258,Muito Baixo
24,60996,8.0,5000,7.49,0.08,2,0.0819725883664502,0,1,0,0,0,0,1,0,0,1,0,0,0,0,0,0.05582994978679816,Muito Baixo
22,30000,3.0,3000,11.12,0.1,3,0.1,1,2,0,0,0,0,1,0,0,0,0,1,0,0,0,0.25289812911400195,Baixo
23,67000,7.0,6400,13.48,0.1,3,0.0955223880597015,1,3,0,0,0,1,0,0,0,0,0,1,0,0,0,0.0008922523093047099,Muito Baixo
24,38000,8.0,8000,11.49,0.21,2,0.2105263157894736,1,2,0,0,0,0,1,0,0,0,1,0,0,0,0,0.09745407109338076,Muito Baixo
32,55000,14.0,16000,10.59,0.29,7,0.2909090909090909,0,2,0,1,0,0,0,0,0,1,0,0,0,1,0,0.0999221911821696,Muito Baixo
37,25000,6.0,7500,10.99,0.3,17,0.3,0,2,0,0,0,0,1,0,0,0,1,0,0,0,0,0.03581179045850086,Muito Baixo
29,65000,5.0,10000,8.49,0.15,10,0.1538461538461538,0,1,0,1,0,0,0,0,1,0,0,0,0,0,0,0.02596718079194033,Muito Baixo
31,80000,7.0,25000,9.99,0.31,10,0.3125,0,2,0,1,0,0,0,0,0,0,0,1,0,0,0,0.04207778752757575,Muito Baixo
23,36000,6.0,9000,10.78,0.25,4,0.25,0,3,1,0,0,0,1,0,0,0,0,0,1,0,0,0.16935378018164685,Muito Baixo
32,79872,4.0,12000,12.68,0.15,10,0.1502403846153846,1,3,0,1,0,0,0,1,0,0,0,0,0,0,0,0.07427957263316473,Muito Baixo
24,52000,8.0,5000,8.32,0.1,2,0.0961538461538461,0,1,0,1,0,0,0,0,0,0,0,1,0,0,0,0.10217242284815878,Muito Baixo
22,44000,3.0,12000,11.86,0.27,2,0.2727272727272727,1,2,0,0,0,0,1,1,0,0,0,0,0,1,0,0.2446611597762414,Baixo
32,50000,1.0,14800,10.83,0.3,5,0.296,0,2,0,0,0,0,1,0,0,0,1,0,0,0,0,0.030241445131806745,Muito Baixo
32,60000,3.0,2375,11.83,0.04,7,0.0395833333333333,1,2,0,0,0,0,1,0,0,0,1,0,0,0,0,0.04967035010572235,Muito Baixo
25,51000,0.0,9600,13.48,0.19,2,0.188235294117647,1,3,1,0,0,0,1,0,0,0,1,0,0,0,0,0.03369620336298274,Muito Baixo
31,50268,4.0,12000,12.61,0.24,9,0.23872045834328,1,4,0,1,0,0,0,0,0,0,0,1,0,0,0,0.1588782044493693,Muito Baixo
24,82440,8.0,14700,8.49,0.18,4,0.1783114992721979,0,1,0,0,0,0,1,1,0,0,0,0,0,0,0,0.10603064252073602,Muito Baixo
22,52000,3.0,12750,18.25,0.25,4,0.2451923076923076,1,4,0,0,0,0,1,0,0,0,1,0,0,1,1,0.9754615198215025,Muito Alto
24,12480,1.0,7350,6.92,0.59,2,0.5889423076923077,0,1,0,0,0,0,1,0,0,0,0,0,1,1,1,0.9999392499027051,Muito Alto
32,65000,12.0,12000,7.88,0.18,5,0.1846153846153846,0,1,0,1,0,0,0,0,0,0,0,0,1,0,0,0.0005013168147857555,Muito Baixo
36,150000,20.0,10000,7.49,0.07,14,0.0666666666666666,0,1,0,1,0,0,0,0,0,0,1,0,0,0,0,0.03542799100568253,Muito Baixo
31,121000,15.0,18400,15.31,0.15,10,0.1520661157024793,1,4,1,0,0,0,1,0,0,1,0,0,0,0,0,0.12274044948397458,Muito Baixo
25,84000,0.0,2125,15.01,0.03,4,0.025297619047619,1,6,1,1,0,0,0,0,1,0,0,0,0,1,0,0.140479276013174,Muito Baixo
36,44000,2.0,6000,16.82,0.14,12,0.1363636363636363,1,5,0,0,0,0,1,0,0,1,0,0,0,1,1,0.993564705525501,Muito Alto
24,32000,4.0,12000,7.51,0.38,2,0.375,0,1,0,0,0,0,1,0,0,0,1,0,0,1,1,0.9964147192443342,Muito Alto
24,80000,5.0,12000,12.69,0.15,2,0.15,1,2,0,0,0,0,1,0,0,0,1,0,0,0,0,0.025606119369890618,Muito Baixo
23,78000,5.0,17000,10.99,0.22,3,0.2179487179487179,0,2,0,0,0,0,1,0,0,0,1,0,0,0,0,0.06440222784877504,Muito Baixo
27,100000,11.0,14400,7.49,0.14,8,0.144,0,1,0,1,0,0,0,0,0,0,0,1,0,0,0,0.022143547520067777,Muito Baixo
27,30000,0.0,1500,13.48,0.05,6,0.05,1,3,0,0,0,0,1,0,1,0,0,0,0,0,0,0.24022581288414702,Baixo
23,73000,7.0,15000,7.51,0.21,2,0.2054794520547945,0,1,0,0,0,0,1,0,1,0,0,0,0,1,0,0.09529553369018501,Muito Baixo
28,44300,12.0,4325,7.49,0.1,5,0.0976297968397291,0,1,0,1,0,0,0,0,0,1,0,0,0,0,0,0.06880367529696214,Muito Baixo
29,92000,6.0,24000,10.99,0.26,6,0.2608695652173913,0,2,0,1,0,0,0,0,1,0,0,0,0,0,0,0.05394167931957861,Muito Baixo
41,58500,17.0,7150,15.99,0.12,16,0.1222222222222222,1,4,1,0,0,0,1,0,0,0,0,1,0,1,0,0.29702081902532235,Baixo
42,67300,4.0,13800,13.99,0.21,16,0.2050520059435364,1,3,0,0,0,0,1,0,0,1,0,0,0,0,0,0.12939332661004635,Muito Baixo
24,47230,8.0,10950,6.91,0.23,2,0.2318441668431081,0,1,0,0,0,0,1,0,0,0,0,0,1,0,0,0.002219170358866133,Muito Baixo
26,38000,1.0,4000,7.49,0.11,3,0.1052631578947368,0,1,0,1,0,0,0,0,0,1,0,0,0,0,0,0.089023967869503,Muito Baixo
32,43000,2.0,6000,13.22,0.14,6,0.1395348837209302,1,3,0,0,0,0,1,0,1,0,0,0,0,0,0,0.12677897302940516,Muito Baixo
27,43200,4.0,10000,7.49,0.23,6,0.2314814814814814,0,1,0,0,0,0,1,0,0,0,1,0,0,0,0,0.03543790845079473,Muito Baixo
34,53549,17.0,14200,6.99,0.27,6,0.2651776877252609,0,1,0,1,0,0,0,1,0,0,0,0,0,0,0,0.05059988485406914,Muito Baixo
27,85000,11.0,20000,10.59,0.24,8,0.2352941176470588,0,2,0,0,0,0,1,0,0,0,0,1,0,0,0,0.04375216057244831,Muito Baixo
23,75000,7.0,12000,12.49,0.16,4,0.16,1,4,0,0,0,1,0,0,1,0,0,0,0,0,0,0.0016170358212848376,Muito Baixo
25,77650,8.0,22000,11.48,0.28,3,0.283322601416613,1,2,0,0,0,0,1,0,0,0,0,1,0,1,0,0.12027134029144244,Muito Baixo
36,27600,1.0,4000,11.86,0.14,12,0.144927536231884,1,2,0,0,0,0,1,0,0,0,1,0,0,0,0,0.050075633033962716,Muito Baixo
45,31200,11.0,4000,14.96,0.13,17,0.1282051282051282,1,4,1,0,0,0,1,0,0,0,0,1,0,0,0,0.27617791355607957,Baixo
31,60000,5.0,19400,18.53,0.32,10,0.3233333333333333,1,6,1,1,0,0,0,0,0,0,0,0,1,0,0,0.3711574984553201,Baixo
24,40000,0.0,7500,11.36,0.19,4,0.1875,1,2,0,0,0,0,1,1,0,0,0,0,0,0,0,0.05132689302393763,Muito Baixo
21,28000,2.0,6625,13.06,0.24,2,0.2366071428571428,1,3,0,0,0,0,1,1,0,0,0,0,0,1,0,0.16541220840252305,Muito Baixo
31,128000,1.0,9600,16.82,0.07,8,0.075,1,5,1,0,0,0,1,0,0,0,0,1,0,1,1,0.9325523087378693,Muito Alto
24,28000,1.0,9500,5.99,0.34,3,0.3392857142857143,0,1,0,0,0,0,1,0,0,0,1,0,0,1,1,0.9687217230105832,Muito Alto
29,77800,2.0,9000,12.42,0.12,6,0.1156812339331619,1,2,0,0,0,0,1,0,0,1,0,0,0,0,0,0.14306284004342332,Muito Baixo
39,48000,4.0,20500,14.59,0.43,16,0.4270833333333333,1,4,0,0,0,0,1,0,0,0,1,0,0,1,1,0.9958121019050246,Muito Alto
36,24000,5.0,4000,14.72,0.17,15,0.1666666666666666,1,3,1,0,0,1,0,0,0,0,0,0,1,0,0,0.000242323354693445,Muito Baixo
27,51298,11.0,1000,10.37,0.02,9,0.0194939373854731,0,2,0,0,0,0,1,0,0,0,0,0,1,0,0,0.00248351229862808,Muito Baixo
23,40000,3.0,1000,10.62,0.03,4,0.025,0,2,0,0,0,0,1,0,0,0,0,0,1,0,0,0.0013510221728500553,Muito Baixo
30,42000,0.0,2250,8.88,0.05,8,0.0535714285714285,0,2,0,0,0,0,1,0,0,0,0,0,1,0,0,0.0020736977247531874,Muito Baixo
27,48000,5.0,10200,10.38,0.21,10,0.2125,0,2,0,0,0,0,1,0,0,0,1,0,0,0,0,0.033450462072178354,Muito Baixo
24,36000,4.0,5000,13.49,0.14,4,0.1388888888888889,1,3,1,0,0,1,0,0,0,0,0,1,0,0,0,0.001367120358472717,Muito Baixo
42,30000,0.0,4200,7.49,0.14,13,0.14,0,1,0,0,0,0,1,1,0,0,0,0,0,0,0,0.048539624841526276,Muito Baixo
21,36000,3.0,5000,12.99,0.14,4,0.1388888888888889,1,3,0,0,0,0,1,0,1,0,0,0,0,0,0,0.2231409169187383,Baixo
33,80000,9.0,6000,11.11,0.07,7,0.075,1,2,0,1,0,0,0,0,0,0,0,0,1,0,0,0.0007933302438140234,Muito Baixo
27,40000,0.0,15000,6.91,0.38,10,0.375,0,1,0,0,0,0,1,0,0,0,1,0,0,1,1,0.9872962552849679,Muito Alto
25,12000,0.0,3000,13.48,0.25,3,0.25,1,3,0,0,0,1,0,0,0,0,1,0,0,1,1,0.9992327297739736,Muito Alto
60,1900000,5.0,1500,7.49,0.0,21,0.0007894736842105,0,1,0,1,0,0,0,0,0,0,0,1,0,0,0,0.006402624542077738,Muito Baixo
26,92795,10.0,19000,10.37,0.2,4,0.2047524112290533,0,2,0,1,0,0,0,0,0,0,1,0,0,0,0,0.036417002918347076,Muito Baixo
29,32000,1.0,6525,16.07,0.2,9,0.20390625,1,4,1,0,0,0,1,0,0,0,1,0,0,1,1,0.9874567378293556,Muito Alto
35,91000,0.0,10000,8.59,0.11,8,0.1098901098901098,0,1,0,0,0,1,0,0,0,0,1,0,0,0,0,0.0002611780107280742,Muito Baixo
37,120000,5.0,5400,5.99,0.04,17,0.045,0,1,0,1,0,0,0,0,0,0,0,1,0,0,0,0.0014880154182308496,Muito Baixo
23,53760,0.0,5000,13.43,0.09,4,0.0930059523809523,1,3,0,0,0,0,1,0,1,0,0,0,0,0,0,0.17737616002664305,Muito Baixo
21,48000,5.0,2800,8.9,0.06,2,0.0583333333333333,0,1,0,0,0,0,1,0,0,0,0,1,0,1,0,0.08577495467853999,Muito Baixo
24,71000,4.0,10000,5.79,0.14,3,0.1408450704225352,0,1,0,0,0,1,0,0,0,1,0,0,0,0,0,0.0002160018825852266,Muito Baixo
24,77000,6.0,12000,11.49,0.16,4,0.1558441558441558,1,2,0,0,0,0,1,0,0,0,1,0,0,0,0,0.041306703617555014,Muito Baixo
23,21600,2.0,6000,14.42,0.28,2,0.2777777777777778,1,4,0,0,0,0,1,0,0,1,0,0,0,1,1,0.9988041077570574,Muito Alto
25,55000,9.0,13000,7.51,0.24,4,0.2363636363636363,0,1,0,0,0,0,1,0,0,1,0,0,0,0,0,0.05829808474011547,Muito Baixo
23,62000,0.0,10000,14.27,0.16,3,0.1612903225806451,1,3,0,0,0,0,1,0,0,0,1,0,0,0,0,0.11157984311440594,Muito Baixo
33,50000,1.0,9000,7.51,0.18,5,0.18,0,1,0,0,0,0,1,1,0,0,0,0,0,0,0,0.010900636195770481,Muito Baixo
22,62000,5.0,3000,8.7,0.05,3,0.0483870967741935,0,2,0,1,0,0,0,0,0,0,1,0,0,0,0,0.0757228218417333,Muito Baixo
45,30000,5.0,1000,15.23,0.03,11,0.0333333333333333,1,3,1,1,0,0,0,0,0,0,1,0,0,0,0,0.3598029876430947,Baixo
26,50000,2.0,20000,13.3,0.4,3,0.4,1,4,0,1,0,0,0,0,0,0,0,1,0,0,0,0.20954052176645296,Baixo
32,80000,3.0,6000,12.69,0.07,7,0.075,1,2,0,0,0,0,1,0,0,0,0,0,1,0,0,0.0030986233056942945,Muito Baixo
24,34000,2.0,9000,13.16,0.26,3,0.2647058823529412,1,3,0,0,0,0,1,1,0,0,0,0,0,0,0,0.4806626723404362,Moderado
24,56000,2.0,6650,12.69,0.12,2,0.11875,1,2,0,0,0,0,1,0,0,0,0,0,1,0,0,0.006832513880015962,Muito Baixo
31,26000,1.0,6600,10.99,0.25,6,0.2538461538461538,0,2,0,0,0,0,1,0,0,0,1,0,0,0,0,0.058336252730269815,Muito Baixo
26,155142,6.0,23000,18.25,0.15,2,0.1482512794729989,1,4,0,1,0,0,0,0,0,1,0,0,0,0,0,0.21090418405901187,Baixo
25,28800,4.0,1000,5.42,0.03,3,0.0347222222222222,0,1,0,1,0,0,0,0,1,0,0,0,0,0,0,0.07912976778984027,Muito Baixo
22,73000,6.0,3000,10.99,0.04,4,0.0410958904109589,0,2,0,1,0,0,0,0,0,0,1,0,0,0,0,0.07032989397741628,Muito Baixo
22,27000,0.0,4000,5.79,0.15,2,0.1481481481481481,0,1,0,0,0,0,1,0,0,0,0,1,0,0,0,0.07715978796076754,Muito Baixo
24,28000,9.0,8000,12.84,0.29,4,0.2857142857142857,1,3,0,0,0,0,1,1,0,0,0,0,0,0,0,0.2694137078607564,Baixo
22,24000,0.0,2100,12.21,0.09,2,0.0875,1,2,0,0,0,0,1,0,0,0,0,1,0,0,0,0.23842731349163207,Baixo
34,72000,6.0,20000,10.99,0.28,6,0.2777777777777778,0,2,0,0,0,0,1,1,0,0,0,0,0,0,0,0.06813308871211916,Muito Baixo
44,72136,7.0,25000,19.41,0.35,17,0.3465675945436398,1,6,0,0,0,0,1,0,0,1,0,0,0,1,1,0.9949880432150756,Muito Alto
23,29856,0.0,10300,8.94,0.34,2,0.344989281886388,0,1,0,0,0,0,1,0,0,0,0,1,0,1,1,0.9952766036616703,Muito Alto
22,100000,3.0,1200,8.59,0.01,2,0.012,0,1,0,0,0,0,1,0,0,0,1,0,0,0,0,0.023230157202369928,Muito Baixo
32,150000,4.0,7800,11.86,0.05,9,0.052,1,2,0,1,0,0,0,1,0,0,0,0,0,0,0,0.04765334443306121,Muito Baixo
25,52000,9.0,8500,10.74,0.16,3,0.1634615384615384,0,2,0,1,0,0,0,1,0,0,0,0,0,0,0,0.071103525369586,Muito Baixo
28,86304,12.0,6000,5.79,0.07,10,0.0695216907675194,0,1,0,1,0,0,0,1,0,0,0,0,0,0,0,0.01703516191280947,Muito Baixo
21,30000,5.0,9000,12.99,0.3,2,0.3,1,3,1,0,0,0,1,0,0,0,1,0,0,0,0,0.121048889489936,Muito Baixo
24,60000,0.0,6000,5.42,0.1,3,0.1,0,1,0,1,0,0,0,1,0,0,0,0,0,0,0,0.013450657761760621,Muito Baixo
33,70000,2.0,3700,5.99,0.05,6,0.0528571428571428,0,1,0,1,0,0,0,1,0,0,0,0,0,0,0,0.010627704786387153,Muito Baixo
35,56000,5.0,10000,12.42,0.18,5,0.1785714285714285,1,2,0,0,0,0,1,0,1,0,0,0,0,0,0,0.16031036554452774,Muito Baixo
23,95000,7.0,25000,18.78,0.26,4,0.2631578947368421,1,6,0,1,0,0,0,0,0,0,0,1,0,0,0,0.40692179419324354,Moderado
23,81000,5.0,3500,10.75,0.04,3,0.0432098765432098,0,2,0,0,0,0,1,0,1,0,0,0,0,0,0,0.042540111912843466,Muito Baixo
24,19200,1.0,8000,13.61,0.42,3,0.4166666666666667,1,3,1,0,0,0,1,0,0,1,0,0,0,1,1,0.9999253542311588,Muito Alto
25,31000,1.0,6450,14.42,0.21,3,0.2080645161290322,1,4,1,0,0,0,1,0,0,1,0,0,0,1,1,0.9960803592476748,Muito Alto
34,126000,2.0,9600,11.49,0.08,5,0.0761904761904762,1,2,0,1,0,0,0,0,0,0,0,0,1,0,0,0.0013716716012556487,Muito Baixo
28,85000,7.0,11200,9.91,0.13,10,0.1317647058823529,0,2,0,0,0,0,1,1,0,0,0,0,0,0,0,0.024790948941546643,Muito Baixo
26,62000,1.0,10000,11.26,0.16,2,0.1612903225806451,1,2,0,0,0,0,1,1,0,0,0,0,0,0,0,0.03637937123788148,Muito Baixo
26,29000,2.0,1000,7.74,0.03,4,0.0344827586206896,0,1,0,0,0,0,1,0,0,0,1,0,0,0,0,0.2899569073805757,Baixo
27,52000,0.0,5100,10.37,0.1,7,0.098076923076923,0,2,0,0,0,0,1,0,0,1,0,0,0,0,0,0.10455670499942231,Muito Baixo
30,40000,14.0,5500,6.62,0.14,8,0.1375,0,1,0,0,0,0,1,0,0,0,0,0,1,0,0,0.000857886304083556,Muito Baixo
28,72000,9.0,18000,11.89,0.25,8,0.25,1,2,0,1,0,0,0,0,0,1,0,0,0,0,0,0.08116056429458839,Muito Baixo
25,54000,7.0,7575,6.99,0.14,4,0.1402777777777777,0,1,0,0,0,0,1,0,0,1,0,0,0,0,0,0.22216984019969144,Baixo
29,63500,4.0,1600,11.83,0.03,5,0.0251968503937007,1,2,0,0,0,0,1,1,0,0,0,0,0,0,0,0.06196843850623304,Muito Baixo
22,60350,1.0,25000,15.95,0.35,4,0.4142502071251036,1,4,0,0,0,0,1,0,0,0,1,0,0,1,1,0.9998053059523038,Muito Alto
26,80000,5.0,7000,7.51,0.09,2,0.0875,0,1,0,1,0,0,0,1,0,0,0,0,0,0,0,0.021916958514396543,Muito Baixo
38,17280,0.0,1000,16.29,0.06,13,0.0578703703703703,1,4,1,0,0,1,0,0,0,0,0,0,1,0,0,0.0017040263537458566,Muito Baixo
44,76000,3.0,3600,14.79,0.05,12,0.0473684210526315,1,3,1,1,0,0,0,0,0,1,0,0,0,0,0,0.06765770284493944,Muito Baixo
24,87996,1.0,7000,11.99,0.08,4,0.0795490704122914,1,2,0,1,0,0,0,0,0,0,0,1,0,0,0,0.18627040260093283,Muito Baixo
25,56000,2.0,3000,12.69,0.05,3,0.0535714285714285,1,2,0,0,0,0,1,0,0,0,0,1,0,0,0,0.09113379747329903,Muito Baixo
38,30132,4.0,3000,13.85,0.1,14,0.0995619275189167,1,3,1,0,0,0,1,0,0,0,1,0,0,1,0,0.09138357921975171,Muito Baixo
29,60000,3.0,1500,12.87,0.03,9,0.025,1,3,0,0,0,0,1,0,1,0,0,0,0,0,0,0.03178111649775095,Muito Baixo
22,66000,6.0,16800,13.49,0.25,3,0.2545454545454545,1,3,1,0,0,0,1,0,0,0,1,0,0,0,0,0.07576513054972095,Muito Baixo
28,64000,10.0,6000,16.45,0.09,9,0.09375,1,5,1,1,0,0,0,0,0,1,0,0,0,1,0,0.26282662651466104,Baixo
80,64000,7.0,6800,11.71,0.11,25,0.10625,1,2,0,0,0,0,1,0,0,0,1,0,0,0,0,0.013339601140120677,Muito Baixo
27,47380,11.0,15000,13.79,0.32,9,0.3165892781764458,1,3,1,1,0,0,0,0,0,1,0,0,0,0,0,0.14405150468322908,Muito Baixo
28,48000,5.0,15000,11.99,0.31,10,0.3125,1,2,0,0,0,0,1,1,0,0,0,0,0,1,1,0.9886220769071616,Muito Alto
24,62500,8.0,6500,13.22,0.1,2,0.104,1,3,1,0,0,1,0,0,0,0,0,1,0,0,0,0.0008293397286486297,Muito Baixo
22,30000,2.0,5000,13.48,0.17,2,0.1666666666666666,1,3,1,0,0,0,1,0,1,0,0,0,0,0,0,0.20836105404911937,Baixo
28,33288,2.0,10800,12.09,0.32,6,0.3244412400865176,1,3,0,0,0,0,1,0,1,0,0,0,0,1,1,0.993086256499736,Muito Alto
42,65000,6.0,22750,8.9,0.35,17,0.35,0,1,0,0,0,1,0,0,0,0,0,0,1,0,0,0.00011613272116948847,Muito Baixo
28,31150,4.0,4000,11.49,0.13,7,0.1284109149277688,1,2,0,0,0,0,1,0,0,0,1,0,0,0,0,0.10036610510187105,Muito Baixo
27,120000,1.0,20000,6.54,0.17,9,0.1666666666666666,0,1,0,0,0,0,1,1,0,0,0,0,0,0,0,0.011542238203181007,Muito Baixo
25,33000,3.0,3000,5.99,0.09,2,0.0909090909090909,0,1,0,0,0,0,1,0,0,0,0,0,1,0,0,0.003111738824613266,Muito Baixo
34,55000,4.0,7000,8.88,0.13,9,0.1272727272727272,0,2,0,0,0,0,1,0,0,0,1,0,0,0,0,0.03044742712674945,Muito Baixo
26,38000,0.0,12000,10.99,0.32,4,0.3157894736842105,0,2,0,0,0,0,1,0,0,0,0,1,0,1,1,0.9963684354966665,Muito Alto
23,40000,4.0,2000,7.49,0.05,4,0.05,0,1,0,0,0,1,0,0,0,0,0,0,1,0,0,1.4546817068977068e-05,Muito Baixo
24,53000,8.0,6850,6.92,0.13,2,0.1292452830188679,0,1,0,1,0,0,0,0,0,0,0,0,1,0,0,0.0007072614805254803,Muito Baixo
36,92000,5.0,10000,11.71,0.11,16,0.108695652173913,1,2,0,0,0,0,1,1,0,0,0,0,0,0,0,0.04406384234058957,Muito Baixo
23,103000,0.0,16750,15.31,0.16,2,0.1626213592233009,1,4,0,1,0,0,0,1,0,0,0,0,0,1,1,0.9910260198497651,Muito Alto
27,60000,4.0,8000,7.88,0.13,8,0.1333333333333333,0,1,0,1,0,0,0,0,0,0,0,0,1,0,0,0.000529669751044881,Muito Baixo
25,120000,0.0,20000,16.82,0.17,2,0.1666666666666666,1,5,0,1,0,0,0,0,0,1,0,0,0,0,0,0.18098742000530743,Muito Baixo
27,185300,11.0,35000,15.31,0.16,5,0.1888828926065839,1,4,1,1,0,0,0,0,0,0,1,0,0,1,1,0.9842078186024263,Muito Alto
22,50000,2.0,10400,15.31,0.21,4,0.208,1,4,1,0,0,1,0,0,0,0,1,0,0,0,0,0.005190645585716369,Muito Baixo
23,62000,8.0,12000,5.79,0.19,2,0.1935483870967742,0,1,0,0,0,0,1,1,0,0,0,0,0,0,0,0.0248610900069008,Muito Baixo
33,82000,2.0,6000,7.51,0.07,10,0.073170731707317,0,1,0,1,0,0,0,0,1,0,0,0,0,0,0,0.009085200388833462,Muito Baixo
25,105897,9.0,25000,11.36,0.24,3,0.2360784535916976,1,2,0,1,0,0,0,0,0,0,1,0,0,0,0,0.047392232188401585,Muito Baixo
23,130000,7.0,15000,13.22,0.12,3,0.1153846153846153,1,3,1,0,0,1,0,0,0,0,0,0,1,0,0,0.0002752023493525226,Muito Baixo
23,50000,0.0,10000,6.92,0.2,2,0.2,0,1,0,0,0,0,1,0,1,0,0,0,0,0,0,0.014442330083926003,Muito Baixo
24,37200,2.0,6000,9.99,0.16,3,0.1612903225806451,0,2,0,0,0,0,1,0,0,0,0,1,0,0,0,0.1515380959848988,Muito Baixo
29,134000,2.0,8000,14.22,0.06,7,0.0597014925373134,1,3,0,1,0,0,0,0,0,0,0,1,0,0,0,0.04848617046092641,Muito Baixo
30,61000,4.0,4500,6.54,0.07,6,0.0737704918032786,0,1,0,1,0,0,0,0,0,0,0,1,0,0,0,0.03189203712834956,Muito Baixo
28,45000,0.0,3675,10.99,0.08,6,0.0816666666666666,0,2,0,1,0,0,0,0,0,0,0,0,1,0,0,0.0008337645405337941,Muito Baixo
27,58800,0.0,9800,13.22,0.17,9,0.1666666666666666,1,3,1,1,0,0,0,0,1,0,0,0,0,0,0,0.26289196739168863,Baixo
28,40000,1.0,6500,10.74,0.16,6,0.1625,0,2,0,0,0,0,1,0,0,0,1,0,0,0,0,0.02368658447557696,Muito Baixo
22,26886,6.0,7500,13.48,0.28,4,0.278955590270029,1,3,1,0,0,1,0,0,1,0,0,0,0,0,0,0.0016485952384610871,Muito Baixo
31,58000,7.0,14000,12.87,0.24,9,0.2413793103448276,1,3,0,0,0,1,0,0,0,0,0,0,1,0,0,0.0012712210538082147,Muito Baixo
21,33000,5.0,9000,12.69,0.27,3,0.2727272727272727,1,2,0,0,0,0,1,0,1,0,0,0,0,0,0,0.22420060925430926,Baixo
26,69000,4.0,25000,10.99,0.36,3,0.3623188405797101,0,2,0,1,0,0,0,0,0,1,0,0,0,1,0,0.23118979831798384,Baixo
27,45500,2.0,5000,11.71,0.11,5,0.1098901098901098,1,2,0,0,0,0,1,0,1,0,0,0,0,0,0,0.10825719895787382,Muito Baixo
24,37876,4.0,8000,9.63,0.21,2,0.2112155454641461,0,2,0,0,0,0,1,0,0,0,1,0,0,0,0,0.07623000061727803,Muito Baixo
23,80000,3.0,4000,14.46,0.05,4,0.05,1,4,1,0,0,0,1,0,1,0,0,0,0,0,0,0.0450754815249193,Muito Baixo
29,49000,3.0,6000,13.99,0.12,6,0.1224489795918367,1,3,0,0,0,0,1,0,0,0,0,1,0,1,0,0.1841884618068478,Muito Baixo
21,39000,4.0,6000,10.38,0.15,3,0.1538461538461538,0,2,0,0,0,0,1,0,1,0,0,0,0,0,0,0.15444295266170024,Muito Baixo
26,62004,9.0,24000,7.9,0.39,3,0.3870718018192374,0,1,0,0,0,0,1,1,0,0,0,0,0,1,1,0.9823968252812991,Muito Alto
33,35000,0.0,5000,8.9,0.14,5,0.1428571428571428,0,1,0,0,0,0,1,0,0,0,0,1,0,0,0,0.05060413574123705,Muito Baixo
22,75000,2.0,9000,10.99,0.12,4,0.12,0,2,0,0,0,0,1,1,0,0,0,0,0,0,0,0.026227872442275195,Muito Baixo
23,48600,5.0,6000,11.86,0.12,4,0.1234567901234567,1,2,0,1,0,0,0,0,0,0,1,0,0,0,0,0.13451869847835377,Muito Baixo
24,23000,4.0,5900,9.63,0.26,4,0.2565217391304348,0,1,0,0,0,0,1,0,0,0,0,1,0,0,0,0.23037354000936427,Baixo
23,68000,7.0,10000,9.91,0.15,4,0.1470588235294117,0,2,0,1,0,0,0,0,0,0,1,0,0,0,0,0.04415221312548766,Muito Baixo
33,50000,7.0,10000,9.99,0.2,5,0.2,0,2,0,1,0,0,0,0,0,0,0,1,0,0,0,0.038165924151929036,Muito Baixo
24,55782,3.0,17000,7.51,0.3,2,0.3047578071779427,0,1,0,0,0,0,1,0,0,1,0,0,0,0,0,0.320880481190546,Baixo
23,24000,0.0,9250,6.54,0.39,3,0.3854166666666667,0,1,0,0,0,0,1,0,0,0,0,0,1,1,1,0.9982451970004749,Muito Alto
36,45000,12.0,10000,15.99,0.22,14,0.2222222222222222,1,4,0,0,0,0,1,0,0,0,1,0,0,0,1,0.5618626192728892,Moderado
24,56000,1.0,15000,12.87,0.27,2,0.2678571428571428,1,3,0,0,0,0,1,1,0,0,0,0,0,0,0,0.13743154330249405,Muito Baixo
21,20000,2.0,2500,13.79,0.13,4,0.125,1,3,1,0,0,0,1,0,0,0,1,0,0,0,0,0.1468783275508066,Muito Baixo
25,87000,7.0,9000,13.49,0.1,4,0.1034482758620689,1,3,0,0,0,0,1,0,0,0,1,0,0,0,0,0.07696764992389692,Muito Baixo
26,28800,8.0,6000,8.9,0.21,3,0.2083333333333333,0,1,0,0,0,1,0,0,1,0,0,0,0,0,0,0.001134849737974355,Muito Baixo
37,49000,2.0,3000,13.48,0.06,14,0.0612244897959183,1,3,1,0,0,0,1,1,0,0,0,0,0,1,0,0.08110884515132785,Muito Baixo
38,34800,1.0,2100,14.72,0.06,13,0.0603448275862069,1,3,0,0,0,0,1,1,0,0,0,0,0,0,0,0.25330440108589797,Baixo
23,80000,1.0,15000,9.88,0.19,4,0.1875,0,2,0,1,0,0,0,0,1,0,0,0,0,0,0,0.02503025872487416,Muito Baixo
32,85000,1.0,7500,10.78,0.09,10,0.088235294117647,0,3,1,1,0,0,0,0,1,0,0,0,0,0,0,0.03419064910905906,Muito Baixo
24,141000,8.0,10000,7.49,0.07,2,0.0709219858156028,0,1,0,0,0,1,0,0,0,0,0,1,0,0,0,0.0004686336683419175,Muito Baixo
23,45000,0.0,1500,7.51,0.03,4,0.0333333333333333,0,1,0,0,0,0,1,0,1,0,0,0,0,0,0,0.024908667421503328,Muito Baixo
29,75840,5.0,25000,21.27,0.33,6,0.3296413502109704,1,7,0,0,0,1,0,0,0,1,0,0,0,1,1,0.9359110593858039,Muito Alto
31,43812,2.0,2400,14.35,0.05,5,0.054779512462339,1,3,0,0,0,0,1,0,0,0,1,0,0,0,0,0.2355707648843683,Baixo
26,33996,2.0,10800,11.12,0.32,3,0.3176844334627603,1,2,0,0,0,0,1,0,0,0,1,0,0,1,1,0.9955062422502524,Muito Alto
26,96000,3.0,10000,5.42,0.1,3,0.1041666666666666,0,1,0,1,0,0,0,0,0,0,0,1,0,0,0,0.0019501397215358211,Muito Baixo
23,16000,3.0,2275,13.06,0.14,4,0.1421875,1,3,1,1,0,0,0,1,0,0,0,0,0,0,0,0.05230931599752565,Muito Baixo
26,61000,3.0,7500,10.25,0.12,4,0.1229508196721311,0,2,0,1,0,0,0,0,0,0,0,1,0,0,0,0.05874930895947376,Muito Baixo
30,98000,6.0,35000,10.59,0.36,8,0.3571428571428571,0,2,0,1,0,0,0,0,0,1,0,0,0,1,0,0.031122228839875473,Muito Baixo
25,60000,9.0,8400,13.99,0.14,3,0.14,1,3,1,0,0,0,1,0,0,0,1,0,0,0,0,0.06929703382480762,Muito Baixo
26,81360,4.0,6000,7.9,0.07,4,0.0737463126843657,0,1,0,1,0,0,0,0,0,1,0,0,0,0,0,0.03992568871533435,Muito Baixo
37,72800,0.0,23000,11.58,0.32,17,0.3159340659340659,1,2,0,1,0,0,0,0,1,0,0,0,0,0,0,0.2867052048112518,Baixo
24,65000,9.0,5500,5.79,0.08,3,0.0846153846153846,0,1,0,1,0,0,0,0,0,1,0,0,0,0,0,0.027797517269420858,Muito Baixo
23,96000,4.0,20000,10.99,0.21,3,0.2083333333333333,0,2,0,1,0,0,0,0,1,0,0,0,0,0,0,0.021543381130057833,Muito Baixo
28,108000,2.0,20000,15.31,0.19,8,0.1851851851851851,1,4,1,0,0,0,1,1,0,0,0,0,0,1,1,0.9986209426874779,Muito Alto
22,34992,1.0,5000,10.99,0.14,2,0.1428898033836305,0,2,0,0,0,0,1,1,0,0,0,0,0,0,0,0.17925007683635402,Muito Baixo
25,22000,0.0,7500,16.82,0.34,3,0.3409090909090909,1,5,0,0,0,1,0,0,0,0,0,1,0,0,1,0.5067658534448942,Moderado
26,130000,7.0,6500,15.99,0.05,3,0.05,1,4,1,1,0,0,0,0,0,0,0,0,1,0,0,0.07292604993427493,Muito Baixo
30,55000,1.0,6500,10.99,0.12,9,0.1181818181818181,0,2,0,1,0,0,0,0,0,0,0,1,0,0,0,0.03801282595594944,Muito Baixo
33,55000,7.0,3500,10.65,0.06,10,0.0636363636363636,0,2,0,1,0,0,0,0,0,0,0,0,1,0,0,0.0012187958037377562,Muito Baixo
22,23631,4.0,6000,10.99,0.25,3,0.2539037704709915,0,2,0,0,0,0,1,0,0,0,0,1,0,0,0,0.2132094412522397,Baixo
23,55000,5.0,15000,6.17,0.27,3,0.2727272727272727,0,1,0,1,0,0,0,0,1,0,0,0,0,0,0,0.021792302398756347,Muito Baixo
23,65000,2.0,6000,11.99,0.09,2,0.0923076923076923,1,2,0,0,0,0,1,0,1,0,0,0,0,0,0,0.03169645539627457,Muito Baixo
31,41000,1.0,4000,10.0,0.1,10,0.0975609756097561,0,2,0,0,0,0,1,0,0,0,1,0,0,0,0,0.05046502702825545,Muito Baixo
25,60000,9.0,6000,14.54,0.1,3,0.1,1,4,1,0,0,0,1,0,0,0,0,1,0,0,0,0.11690082998475612,Muito Baixo
26,72054,9.0,3000,7.29,0.04,2,0.0416354400866017,0,1,0,0,0,0,1,0,0,1,0,0,0,0,0,0.07311905885733341,Muito Baixo
27,45000,0.0,5200,13.49,0.12,8,0.1155555555555555,1,3,0,0,0,0,1,1,0,0,0,0,0,0,0,0.06474517659811273,Muito Baixo
26,62900,4.0,24250,16.82,0.33,2,0.3855325914149443,1,5,1,0,0,1,0,0,0,0,1,0,0,1,1,0.9429200927084426,Muito Alto
22,65000,6.0,12800,5.99,0.2,4,0.1969230769230769,0,1,0,1,0,0,0,0,1,0,0,0,0,0,0,0.019243244711980002,Muito Baixo
30,68580,3.0,10000,7.88,0.15,10,0.1458151064450277,0,1,0,0,0,0,1,0,0,0,0,0,1,0,0,0.0010461190821277673,Muito Baixo
24,38400,8.0,4200,6.76,0.11,4,0.109375,0,1,0,0,0,0,1,0,0,0,1,0,0,0,0,0.07031102121781183,Muito Baixo
25,72700,4.0,7000,14.84,0.1,2,0.0962861072902338,1,4,1,0,0,0,1,0,0,1,0,0,0,0,0,0.21132972151043722,Baixo
24,55000,4.0,5000,8.0,0.09,3,0.0909090909090909,0,1,0,0,0,0,1,0,0,0,0,0,1,0,0,0.0013737250889172446,Muito Baixo
22,24000,3.0,6000,11.49,0.25,4,0.25,1,2,0,0,0,1,0,0,1,0,0,0,0,0,0,0.0006664881734095531,Muito Baixo
41,66504,5.0,25000,17.56,0.38,15,0.3759172380608685,1,5,1,0,0,0,1,0,1,0,0,0,0,1,1,0.9964221126106562,Muito Alto
35,36000,4.0,5000,9.91,0.14,5,0.1388888888888889,0,2,0,0,0,0,1,0,0,0,1,0,0,0,0,0.0873696703149872,Muito Baixo
28,84000,3.0,15000,11.86,0.18,9,0.1785714285714285,1,2,0,0,0,0,1,0,0,1,0,0,0,0,0,0.09182139164335153,Muito Baixo
22,50004,6.0,10200,15.21,0.2,4,0.2039836813054955,1,4,0,0,0,0,1,0,1,0,0,0,0,0,0,0.09100082480579547,Muito Baixo
23,46000,1.0,7000,7.4,0.15,4,0.1521739130434782,0,1,0,0,0,0,1,0,1,0,0,0,0,0,0,0.05226914474825249,Muito Baixo
30,90000,2.0,6400,6.62,0.07,7,0.0711111111111111,0,1,0,0,0,0,1,0,1,0,0,0,0,0,0,0.009583264534756213,Muito Baixo
26,60000,2.0,8000,13.61,0.13,4,0.1333333333333333,1,3,0,0,0,0,1,0,0,0,1,0,0,0,0,0.051815995998637614,Muito Baixo
23,28000,0.0,6000,9.63,0.21,4,0.2142857142857142,0,1,0,0,0,0,1,0,1,0,0,0,0,0,0,0.06332709740992537,Muito Baixo
32,90000,8.0,25000,11.58,0.28,6,0.2777777777777778,1,2,0,1,0,0,0,0,0,1,0,0,0,0,0,0.07824461882216324,Muito Baixo
21,90000,4.0,1500,10.75,0.02,4,0.0166666666666666,0,2,0,1,0,0,0,0,1,0,0,0,0,0,0,0.00673034742966332,Muito Baixo
36,32000,6.0,12000,10.37,0.38,11,0.375,0,2,0,1,0,0,0,1,0,0,0,0,0,0,0,0.12507986351252257,Muito Baixo
22,25200,7.0,7500,14.96,0.3,3,0.2976190476190476,1,4,0,0,0,0,1,0,0,0,1,0,0,1,1,0.9629535532634363,Muito Alto
39,20400,3.0,6000,15.27,0.29,13,0.2941176470588235,1,3,1,0,0,0,1,0,0,0,1,0,0,0,0,0.13028891387390532,Muito Baixo
30,50000,3.0,5000,10.99,0.1,5,0.1,0,2,0,1,0,0,0,0,0,0,0,1,0,0,0,0.04286445569386289,Muito Baixo
27,80000,11.0,7500,11.71,0.09,10,0.09375,1,2,0,1,0,0,0,0,1,0,0,0,0,0,0,0.05098132965467407,Muito Baixo
24,34600,2.0,4000,5.42,0.12,2,0.1156069364161849,0,1,0,1,0,0,0,1,0,0,0,0,0,0,0,0.036627541334030504,Muito Baixo
29,48000,6.0,15000,13.98,0.31,10,0.3125,1,3,0,1,0,0,0,1,0,0,0,0,0,0,0,0.3061801060996593,Baixo
28,75000,5.0,10000,12.21,0.13,5,0.1333333333333333,1,2,0,1,0,0,0,0,0,0,0,0,1,0,0,0.002757058286539834,Muito Baixo
21,21600,2.0,3500,7.51,0.16,2,0.162037037037037,0,1,0,0,0,0,1,1,0,0,0,0,0,0,0,0.09827076104808127,Muito Baixo
24,75000,2.0,7000,10.74,0.09,3,0.0933333333333333,0,2,0,0,0,0,1,0,0,1,0,0,0,0,0,0.06961946108471931,Muito Baixo
21,44000,6.0,10000,14.74,0.23,3,0.2272727272727272,1,4,1,0,0,0,1,0,0,0,0,0,1,0,0,0.491395580975997,Moderado
31,50000,0.0,2400,11.03,0.05,8,0.048,1,3,1,0,0,0,1,0,0,0,0,1,0,0,0,0.05347695364599613,Muito Baixo
25,50988,9.0,4200,9.99,0.08,3,0.0823723228995057,0,2,0,0,0,1,0,0,0,1,0,0,0,0,0,0.001645689531991066,Muito Baixo
23,55000,7.0,4200,9.91,0.08,4,0.0763636363636363,0,2,0,0,0,0,1,0,0,0,1,0,0,0,0,0.10391688124005612,Muito Baixo
23,90000,7.0,17000,10.59,0.19,3,0.1888888888888888,0,2,0,0,0,0,1,0,1,0,0,0,0,0,0,0.03744554449394889,Muito Baixo
28,97296,12.0,6500,12.42,0.07,8,0.0668064463081729,1,2,0,1,0,0,0,0,0,1,0,0,0,0,0,0.054987942357410745,Muito Baixo
26,65000,11.0,12000,7.9,0.18,2,0.1846153846153846,0,1,0,1,0,0,0,0,0,0,0,0,1,0,0,0.0007363340733552058,Muito Baixo
27,61000,6.0,6800,15.99,0.11,7,0.1114754098360655,1,4,0,1,0,0,0,1,0,0,0,0,0,1,1,0.9967377018875075,Muito Alto
25,42000,0.0,3500,5.42,0.08,4,0.0833333333333333,0,1,0,0,0,0,1,0,0,0,0,0,1,0,0,0.0015641440708918557,Muito Baixo
38,24996,2.0,3000,10.99,0.12,13,0.1200192030724916,0,2,0,0,0,0,1,0,0,0,1,0,0,1,0,0.029138835949021308,Muito Baixo
22,45000,6.0,4750,6.39,0.11,2,0.1055555555555555,0,1,0,0,0,1,0,0,1,0,0,0,0,0,0,0.00018084745804628982,Muito Baixo
24,76597,5.0,22000,9.25,0.29,2,0.2872175150462812,0,2,0,0,0,0,1,0,1,0,0,0,0,0,0,0.08955567026596363,Muito Baixo
30,72516,11.0,5000,13.85,0.07,6,0.0689503006233107,1,3,1,0,0,0,1,0,0,0,0,1,0,0,0,0.1673202669830014,Muito Baixo
28,120000,11.0,14400,10.74,0.12,7,0.12,0,2,0,1,0,0,0,0,0,0,1,0,0,0,0,0.045289580939350475,Muito Baixo
24,26400,0.0,6000,8.9,0.23,4,0.2272727272727272,0,1,0,1,0,0,0,1,0,0,0,0,0,0,0,0.06566079233691567,Muito Baixo
25,100000,9.0,4800,10.65,0.05,3,0.048,0,2,0,1,0,0,0,0,0,1,0,0,0,0,0,0.047534777837647195,Muito Baixo
21,18000,1.0,3200,8.49,0.18,2,0.1777777777777777,0,1,0,0,0,0,1,0,0,0,0,0,1,1,1,0.9931105760259232,Muito Alto
21,36000,4.0,11000,5.42,0.31,3,0.3055555555555556,0,1,0,0,0,1,0,0,1,0,0,0,0,0,0,0.0003829294035410783,Muito Baixo
24,45000,1.0,2000,13.99,0.04,2,0.0444444444444444,1,3,1,0,0,0,1,0,0,0,0,1,0,0,0,0.08553115429454734,Muito Baixo
33,97000,4.0,7000,12.98,0.07,8,0.0721649484536082,1,3,1,0,0,0,1,0,1,0,0,0,0,0,0,0.06226212520985737,Muito Baixo
22,18000,2.0,4000,13.48,0.22,2,0.2222222222222222,1,3,0,0,0,1,0,0,0,0,1,0,0,1,1,0.9960062236489944,Muito Alto
23,60000,4.0,11400,15.23,0.19,4,0.19,1,3,1,0,0,0,1,0,0,0,0,1,0,0,0,0.056173996335620195,Muito Baixo
28,200000,0.0,16000,10.91,0.08,9,0.08,0,3,1,0,0,0,1,0,0,0,0,1,0,0,0,0.08544799710220698,Muito Baixo
27,34000,12.0,10625,13.47,0.31,10,0.3125,1,3,1,1,0,0,0,0,0,0,0,0,1,0,0,0.43735110902347046,Moderado
24,48000,3.0,9600,7.49,0.2,4,0.2,0,1,0,1,0,0,0,0,0,0,0,0,1,0,0,0.0007047894759508273,Muito Baixo
25,80000,7.0,6000,7.9,0.07,3,0.075,0,1,0,1,0,0,0,0,0,1,0,0,0,0,0,0.02726577747819562,Muito Baixo
24,45000,5.0,1300,13.61,0.03,4,0.0288888888888888,1,3,1,0,0,0,1,0,0,0,1,0,0,0,0,0.03848737525631258,Muito Baixo
27,44200,11.0,11500,15.27,0.26,10,0.2601809954751131,1,3,1,1,0,0,0,0,0,0,1,0,0,0,0,0.36205551016141374,Baixo
29,100000,13.0,10000,6.92,0.1,8,0.1,0,1,0,0,0,1,0,0,0,0,0,1,0,0,0,0.00019409277973891562,Muito Baixo
25,68400,9.0,24250,17.56,0.35,4,0.35453216374269,1,5,0,0,0,0,1,0,0,0,0,1,0,1,1,0.9951147840915923,Muito Alto
22,52800,5.0,4000,10.99,0.08,2,0.0757575757575757,0,2,0,1,0,0,0,0,0,0,0,0,1,0,0,0.0008539760872112066,Muito Baixo
24,67644,3.0,6000,6.99,0.09,3,0.0886996629412808,0,1,0,0,0,0,1,1,0,0,0,0,0,0,0,0.023362946594099248,Muito Baixo
31,45504,3.0,7000,9.88,0.15,8,0.1538326300984528,0,2,0,1,0,0,0,0,1,0,0,0,0,0,0,0.07618365112971119,Muito Baixo
28,59160,2.0,23500,10.99,0.4,10,0.3972278566599053,0,2,0,1,0,0,0,0,1,0,0,0,0,0,0,0.07742112679166441,Muito Baixo
25,44000,6.0,17500,12.53,0.4,4,0.3977272727272727,1,2,0,0,0,0,1,0,1,0,0,0,0,1,1,0.9977437730808958,Muito Alto
25,38000,8.0,6000,6.99,0.16,4,0.1578947368421052,0,1,0,0,0,0,1,0,0,0,0,1,0,0,0,0.10603199173910312,Muito Baixo
26,85000,0.0,8000,10.99,0.09,3,0.0941176470588235,0,2,0,1,0,0,0,1,0,0,0,0,0,0,0,0.04094953311488127,Muito Baixo
23,69000,0.0,15000,14.96,0.22,4,0.217391304347826,1,4,0,1,0,0,0,0,0,1,0,0,0,1,1,0.9919329508966169,Muito Alto
25,135000,8.0,24000,10.99,0.18,2,0.1777777777777777,0,2,0,0,0,0,1,0,0,0,0,1,0,0,0,0.04946230785992246,Muito Baixo
34,35000,2.0,2000,13.99,0.06,8,0.0571428571428571,1,3,0,0,0,1,0,0,1,0,0,0,0,0,0,0.0005294825748273358,Muito Baixo
27,50000,3.0,15000,9.88,0.3,5,0.3,0,2,0,1,0,0,0,0,0,1,0,0,0,0,0,0.0504910544826725,Muito Baixo
28,21600,4.0,9750,15.31,0.45,10,0.4513888888888889,1,4,0,0,0,0,1,0,0,0,0,0,1,1,1,0.9960142722195094,Muito Alto
24,86000,0.0,20000,10.99,0.23,3,0.2325581395348837,0,2,0,1,0,0,0,0,0,0,0,1,0,1,0,0.10736155359401474,Muito Baixo
22,45000,0.0,9000,11.48,0.2,4,0.2,1,2,0,0,0,0,1,0,0,0,0,0,1,0,0,0.0020709401267804597,Muito Baixo
30,135000,8.0,32000,7.9,0.24,9,0.237037037037037,0,1,0,1,0,0,0,1,0,0,0,0,0,0,0,0.02133739792697836,Muito Baixo
29,40560,4.0,2700,10.0,0.07,8,0.0665680473372781,0,2,0,0,0,0,1,0,1,0,0,0,0,0,0,0.16555619539876243,Muito Baixo
23,138000,1.0,5000,14.91,0.04,4,0.036231884057971,1,4,0,0,0,0,1,1,0,0,0,0,0,1,1,0.9987449039684805,Muito Alto
43,93000,7.0,7000,7.14,0.08,13,0.075268817204301,0,1,0,1,0,0,0,0,0,0,0,1,0,0,0,0.010253594124550083,Muito Baixo
28,48000,12.0,7000,11.36,0.15,9,0.1458333333333333,1,2,0,0,0,0,1,0,0,0,1,0,0,0,0,0.08240441016738473,Muito Baixo
22,32500,0.0,12000,11.49,0.37,3,0.3692307692307692,1,2,0,0,0,0,1,0,0,0,0,0,1,1,1,0.9987815590165298,Muito Alto
36,31000,2.0,2500,8.9,0.08,13,0.0806451612903225,0,1,0,0,0,0,1,0,1,0,0,0,0,0,0,0.14576323787454093,Muito Baixo
23,95000,7.0,4500,6.92,0.05,3,0.0473684210526315,0,1,0,1,0,0,0,1,0,0,0,0,0,0,0,0.008046516221615629,Muito Baixo
33,120000,17.0,15000,5.79,0.13,9,0.125,0,1,0,1,0,0,0,0,0,0,0,1,0,0,0,0.00956071678320439,Muito Baixo
22,60000,6.0,12900,11.14,0.21,4,0.215,1,2,0,1,0,0,0,0,0,0,0,1,0,0,0,0.06514574307093764,Muito Baixo
37,48000,0.0,2500,9.62,0.05,12,0.0520833333333333,0,2,0,0,0,0,1,0,0,0,0,1,0,0,0,0.062370436700614935,Muito Baixo
27,70000,3.0,3000,7.68,0.04,10,0.0428571428571428,0,1,0,0,0,0,1,0,1,0,0,0,0,0,0,0.01922216969708238,Muito Baixo
23,50000,7.0,8000,16.02,0.16,3,0.16,1,4,0,0,0,0,1,1,0,0,0,0,0,1,1,0.9870683257155266,Muito Alto
21,33000,4.0,5000,14.61,0.15,3,0.1515151515151515,1,4,1,0,0,1,0,0,1,0,0,0,0,0,0,0.0010093375266400269,Muito Baixo
24,97000,2.0,22000,12.68,0.23,3,0.2268041237113402,1,3,0,1,0,0,0,1,0,0,0,0,0,0,0,0.12262999051567257,Muito Baixo
25,185000,3.0,12000,5.79,0.06,3,0.0648648648648648,0,1,0,1,0,0,0,0,1,0,0,0,0,0,0,0.0036766549161360066,Muito Baixo
27,58000,0.0,4600,13.99,0.08,10,0.0793103448275862,1,3,1,0,0,0,1,0,1,0,0,0,0,0,0,0.11174003988135553,Muito Baixo
36,33996,12.0,8000,7.49,0.24,15,0.2353218025650076,0,1,0,0,0,0,1,0,0,0,0,1,0,0,0,0.23614059791317363,Baixo
26,66400,6.0,6000,7.29,0.09,4,0.0903614457831325,0,1,0,0,0,0,1,0,0,0,1,0,0,0,0,0.01834176089217267,Muito Baixo
28,62000,3.0,9300,11.72,0.15,5,0.15,1,3,1,0,0,0,1,1,0,0,0,0,0,0,0,0.05988813209450556,Muito Baixo
39,24000,0.0,4800,7.49,0.2,16,0.2,0,1,0,0,0,0,1,1,0,0,0,0,0,0,0,0.024123683737217082,Muito Baixo
33,36000,9.0,12000,7.29,0.33,6,0.3333333333333333,0,1,0,0,0,0,1,0,0,0,0,1,0,1,1,0.9938447082287718,Muito Alto
24,77385,6.0,9200,6.03,0.12,3,0.1188860890353427,0,1,0,0,0,0,1,1,0,0,0,0,0,0,0,0.014695168093998791,Muito Baixo
22,38117,0.0,13500,11.83,0.35,4,0.3541726788572028,1,2,0,1,0,0,0,0,0,0,0,1,0,0,0,0.17251756110449312,Muito Baixo
25,54000,6.0,7000,18.64,0.13,3,0.1296296296296296,1,5,0,1,0,0,0,0,0,0,0,0,1,0,0,0.3689108258987093,Baixo
25,35000,2.0,7500,10.99,0.21,2,0.2142857142857142,0,2,0,0,0,0,1,1,0,0,0,0,0,0,0,0.04275669799875467,Muito Baixo
28,70000,0.0,12800,13.57,0.18,6,0.1828571428571428,1,3,0,0,0,0,1,1,0,0,0,0,0,0,0,0.0651548059213129,Muito Baixo
34,67392,0.0,15000,13.85,0.22,5,0.2225783475783475,1,3,1,1,0,0,0,0,0,0,0,1,0,1,0,0.14729641377471347,Muito Baixo
26,42000,0.0,4500,11.48,0.11,3,0.1071428571428571,1,2,0,1,0,0,0,0,1,0,0,0,0,0,0,0.1256027886366483,Muito Baixo
25,59623,9.0,3400,10.99,0.05,2,0.0570249735840195,0,2,0,1,0,0,0,0,0,0,1,0,0,1,0,0.266473163264727,Baixo
32,53200,13.0,5000,7.49,0.09,8,0.093984962406015,0,1,0,1,0,0,0,0,0,0,0,1,0,0,0,0.037908443847458305,Muito Baixo
26,48000,0.0,13000,11.26,0.27,3,0.2708333333333333,1,2,0,0,0,0,1,1,0,0,0,0,0,0,0,0.05828615757113658,Muito Baixo
24,90000,5.0,5000,9.99,0.06,3,0.0555555555555555,0,2,0,0,0,0,1,0,0,0,0,0,1,0,0,0.0008125558878563032,Muito Baixo
23,75000,7.0,12000,12.53,0.16,3,0.16,1,2,0,0,0,0,1,0,0,0,0,1,0,0,0,0.09427693395891726,Muito Baixo
22,64260,6.0,9200,13.43,0.14,3,0.1431683784624961,1,3,1,1,0,0,0,0,0,0,0,1,0,0,0,0.0917394710920853,Muito Baixo
29,72000,9.0,1000,7.68,0.01,6,0.0138888888888888,0,1,0,1,0,0,0,0,0,1,0,0,0,0,0,0.03938494617744721,Muito Baixo
23,60000,7.0,6000,9.45,0.1,2,0.1,0,2,0,1,0,0,0,1,0,0,0,0,0,0,0,0.05373136661479793,Muito Baixo
26,32000,7.0,4800,12.61,0.15,3,0.15,1,3,1,1,0,0,0,0,0,0,0,0,1,0,0,0.156301516532728,Muito Baixo
22,30000,6.0,6600,14.42,0.22,4,0.22,1,4,0,1,0,0,0,0,1,0,0,0,0,0,0,0.22232399288078059,Baixo
24,88000,2.0,25000,18.84,0.28,2,0.2840909090909091,1,7,1,1,0,0,0,1,0,0,0,0,0,1,1,0.9999281508917365,Muito Alto
35,58570,8.0,11000,7.88,0.19,9,0.187809458767287,0,1,0,1,0,0,0,0,0,1,0,0,0,0,0,0.08345017452140548,Muito Baixo
45,48000,5.0,14400,8.49,0.3,15,0.3,0,1,0,0,0,0,1,0,0,0,0,1,0,0,0,0.023928904294197584,Muito Baixo
28,48715,2.0,12000,12.87,0.25,5,0.2463306989633583,1,3,1,0,0,0,1,1,0,0,0,0,0,0,0,0.0662041177860275,Muito Baixo
25,62000,3.0,20000,6.54,0.32,3,0.3225806451612903,0,1,0,0,0,0,1,0,0,0,1,0,0,1,1,0.982031900119415,Muito Alto
23,36000,4.0,12250,10.74,0.34,3,0.3402777777777778,0,2,0,0,0,0,1,0,0,0,1,0,0,1,1,0.9927925958001454,Muito Alto
25,66000,9.0,25000,15.33,0.38,2,0.3787878787878788,1,4,1,0,0,0,1,0,0,0,0,0,1,1,1,0.9813777383045557,Muito Alto
28,85000,1.0,14400,9.07,0.17,8,0.1694117647058823,0,1,0,0,0,0,1,0,1,0,0,0,0,0,0,0.023964004955160968,Muito Baixo
27,45000,10.0,7600,14.59,0.17,7,0.1688888888888889,1,4,0,0,0,0,1,0,0,0,1,0,0,1,1,0.7548918795416522,Alto
35,95028,2.0,5000,14.42,0.05,6,0.0526160710527423,1,4,1,0,0,0,1,0,0,1,0,0,0,1,1,0.6354093281992793,Alto
23,27000,5.0,10000,10.99,0.37,2,0.3703703703703703,0,2,0,0,0,0,1,0,0,0,1,0,0,1,1,0.9935108471041828,Muito Alto
23,110000,6.0,3000,14.22,0.03,3,0.0272727272727272,1,3,0,0,0,0,1,0,1,0,0,0,0,0,0,0.031126440050600657,Muito Baixo
27,112548,11.0,24000,7.49,0.21,7,0.2132423499306962,0,1,0,1,0,0,0,1,0,0,0,0,0,0,0,0.03393375287423307,Muito Baixo
25,165000,0.0,25000,19.74,0.15,4,0.1515151515151515,1,6,0,1,0,0,0,0,0,1,0,0,0,0,0,0.3659320686548471,Baixo
25,45600,7.0,13000,12.99,0.29,2,0.2850877192982456,1,3,0,1,0,0,0,0,1,0,0,0,0,0,0,0.1135164706786861,Muito Baixo
58,72000,5.0,4500,10.99,0.06,18,0.0625,0,2,0,0,0,0,1,0,1,0,0,0,0,0,0,0.03839978159807599,Muito Baixo
26,29000,6.0,5000,12.99,0.17,2,0.1724137931034483,1,3,1,0,0,0,1,0,0,0,1,0,0,1,0,0.20026459766875848,Baixo
24,96000,8.0,11000,5.99,0.11,2,0.1145833333333333,0,1,0,1,0,0,0,0,0,1,0,0,0,0,0,0.0029323782980956777,Muito Baixo
30,100000,0.0,8000,7.29,0.08,8,0.08,0,1,0,0,0,1,0,0,1,0,0,0,0,0,0,0.00015995884934610284,Muito Baixo
36,24000,2.0,8000,13.61,0.33,14,0.3333333333333333,1,3,0,0,0,0,1,1,0,0,0,0,0,1,1,0.9888935286243047,Muito Alto
22,77182,6.0,6800,13.22,0.09,3,0.0881034438081418,1,3,0,0,0,0,1,0,1,0,0,0,0,0,0,0.12147264298702785,Muito Baixo
22,40000,7.0,10000,10.37,0.25,2,0.25,0,2,0,0,0,0,1,0,1,0,0,0,0,0,0,0.09199441408051652,Muito Baixo
32,36000,7.0,2600,7.49,0.07,8,0.0722222222222222,0,1,0,1,0,0,0,0,0,1,0,0,0,0,0,0.12346827800838006,Muito Baixo
22,41000,0.0,6000,11.86,0.15,2,0.1463414634146341,1,2,0,1,0,0,0,0,1,0,0,0,0,0,0,0.06461451507434585,Muito Baixo
23,65000,2.0,8000,14.72,0.12,2,0.123076923076923,1,3,1,0,0,0,1,1,0,0,0,0,0,0,0,0.11168037217774703,Muito Baixo
25,40000,7.0,2100,6.03,0.05,2,0.0525,0,1,0,1,0,0,0,0,1,0,0,0,0,0,0,0.03274571191453587,Muito Baixo
24,113000,5.0,17950,11.99,0.16,4,0.1588495575221239,1,2,0,1,0,0,0,0,1,0,0,0,0,0,0,0.05767159967122115,Muito Baixo
22,73000,6.0,7000,7.49,0.1,2,0.0958904109589041,0,1,0,1,0,0,0,0,0,0,0,0,1,0,0,0.0010778500482812195,Muito Baixo
25,32004,5.0,5000,14.35,0.16,3,0.1562304711911011,1,3,0,0,0,0,1,1,0,0,0,0,0,0,0,0.46164981484522,Moderado
29,48000,2.0,5000,11.97,0.1,5,0.1041666666666666,1,3,1,1,0,0,0,0,0,0,0,0,1,0,0,0.1608173181523934,Muito Baixo
31,38000,15.0,14400,8.94,0.38,7,0.3789473684210526,0,1,0,0,0,0,1,0,0,0,0,0,1,1,1,0.9986330033473682,Muito Alto
24,80000,2.0,2500,11.49,0.03,2,0.03125,1,2,0,1,0,0,0,0,0,0,1,0,0,0,0,0.03153454463505992,Muito Baixo
40,40008,20.0,12000,11.71,0.3,15,0.2999400119976004,1,2,0,0,0,1,0,0,0,0,0,1,0,0,0,0.0004498612280547086,Muito Baixo
22,41196,6.0,6800,11.59,0.17,2,0.1650645693756675,1,3,1,0,0,0,1,0,0,0,0,1,0,0,0,0.15324036677089903,Muito Baixo
22,67350,6.0,9600,14.96,0.14,4,0.1425389755011135,1,4,0,1,0,0,0,0,1,0,0,0,0,0,0,0.15245289545229004,Muito Baixo
25,32000,1.0,1500,7.29,0.05,3,0.046875,0,1,0,0,0,0,1,1,0,0,0,0,0,0,0,0.13758710211297479,Muito Baixo
30,60000,0.0,6000,8.94,0.1,8,0.1,0,1,0,1,0,0,0,0,0,1,0,0,0,0,0,0.031709526443445775,Muito Baixo
23,72000,2.0,9000,13.47,0.13,3,0.125,1,3,0,0,0,0,1,0,0,0,0,0,1,0,0,0.07387215015756873,Muito Baixo
29,120000,2.0,7000,15.31,0.06,8,0.0583333333333333,1,4,0,1,0,0,0,0,0,0,0,1,0,0,0,0.08842770563998528,Muito Baixo
25,62500,2.0,12000,16.77,0.19,4,0.192,1,4,0,0,0,0,1,1,0,0,0,0,0,1,1,0.9986515360220287,Muito Alto
22,61500,3.0,10000,14.22,0.16,2,0.1626016260162601,1,3,0,0,0,0,1,0,0,0,1,0,0,0,0,0.1422969227119412,Muito Baixo
23,92000,7.0,18000,12.68,0.2,2,0.1956521739130435,1,3,0,1,0,0,0,0,1,0,0,0,0,0,0,0.037348032010673056,Muito Baixo
23,24000,4.0,5000,6.62,0.21,2,0.2083333333333333,0,1,0,0,0,0,1,1,0,0,0,0,0,0,0,0.12753550721887602,Muito Baixo
23,36000,7.0,6725,11.49,0.19,2,0.1868055555555555,1,2,0,1,0,0,0,0,0,1,0,0,0,1,1,0.9763405591746163,Muito Alto
36,35000,2.0,7500,7.49,0.21,13,0.2142857142857142,0,1,0,1,0,0,0,0,0,1,0,0,0,0,0,0.034532306858696446,Muito Baixo
26,21600,0.0,5000,9.99,0.23,4,0.2314814814814814,0,2,0,0,0,0,1,1,0,0,0,0,0,0,0,0.1314154343680385,Muito Baixo
26,30000,2.0,6000,6.54,0.2,2,0.2,0,1,0,0,0,0,1,0,0,0,1,0,0,0,0,0.10510805593394885,Muito Baixo
22,36614,5.0,7000,9.99,0.19,4,0.191183700223958,0,2,0,0,0,0,1,0,0,0,1,0,0,1,0,0.09780940067175924,Muito Baixo
25,32400,1.0,2000,14.35,0.06,2,0.0617283950617283,1,3,0,0,0,0,1,0,1,0,0,0,0,1,0,0.4438092460802336,Moderado
32,54000,9.0,13000,12.53,0.24,10,0.2407407407407407,1,3,1,1,0,0,0,0,0,0,0,0,1,0,0,0.1683992993549328,Muito Baixo
26,75000,11.0,6000,14.96,0.08,3,0.08,1,4,0,1,0,0,0,0,0,0,0,0,1,0,0,0.089733960739553,Muito Baixo
22,80750,1.0,24000,15.99,0.25,4,0.2972136222910216,1,4,0,1,0,0,0,0,0,0,1,0,0,1,1,0.9955497561848548,Muito Alto
28,61000,12.0,15000,13.99,0.25,7,0.2459016393442623,1,3,0,0,0,0,1,0,0,1,0,0,0,0,0,0.13140391428657466,Muito Baixo
25,36499,1.0,4200,10.99,0.12,4,0.115071645798515,0,2,0,0,0,0,1,0,0,1,0,0,0,1,1,0.7417652507713743,Alto
23,65000,5.0,2275,7.49,0.04,2,0.035,0,1,0,1,0,0,0,1,0,0,0,0,0,0,0,0.016512224709718068,Muito Baixo
30,62000,9.0,5000,13.11,0.08,8,0.0806451612903225,1,3,1,1,0,0,0,0,1,0,0,0,0,0,0,0.12442307518605955,Muito Baixo
22,140000,4.0,15000,14.17,0.11,3,0.1071428571428571,1,3,1,0,0,0,1,0,0,0,0,0,1,0,0,0.07560833580357411,Muito Baixo
27,84000,0.0,2500,14.59,0.03,9,0.0297619047619047,1,4,0,0,0,0,1,0,0,0,0,0,1,1,1,0.8677567071652935,Muito Alto
22,16094,2.0,5500,7.14,0.34,3,0.3417422641978377,0,1,0,1,0,0,0,0,0,0,0,0,1,1,1,0.8717995710429287,Muito Alto
42,32000,5.0,10000,10.38,0.31,15,0.3125,0,2,0,0,0,0,1,0,0,0,0,0,1,1,1,0.9968731888791221,Muito Alto
25,155000,9.0,18000,7.51,0.12,2,0.1161290322580645,0,1,0,1,0,0,0,0,0,0,1,0,0,0,0,0.0076433083800405265,Muito Baixo
40,110000,14.0,5000,11.49,0.05,14,0.0454545454545454,1,2,0,1,0,0,0,0,0,0,0,1,0,0,0,0.03149157989738179,Muito Baixo
23,52000,5.0,4600,14.96,0.09,2,0.0884615384615384,1,4,0,0,0,0,1,0,0,0,0,1,0,1,0,0.09889629556968536,Muito Baixo
23,52000,0.0,3000,5.99,0.06,2,0.0576923076923076,0,1,0,0,0,0,1,0,1,0,0,0,0,0,0,0.0065232078809020376,Muito Baixo
30,165000,3.0,15000,13.92,0.09,9,0.0909090909090909,1,3,1,0,0,0,1,0,0,0,0,0,1,0,0,0.041850112365556094,Muito Baixo
25,40000,9.0,2400,5.42,0.06,3,0.06,0,1,0,0,0,0,1,0,1,0,0,0,0,0,0,0.03151630741044534,Muito Baixo
22,66614,6.0,11000,17.99,0.14,2,0.1651304530579157,1,5,1,1,0,0,0,0,0,0,1,0,0,1,1,0.9933246442314669,Muito Alto
28,34000,12.0,3500,15.58,0.1,6,0.1029411764705882,1,4,0,1,0,0,0,0,0,0,1,0,0,1,1,0.9768038861120848,Muito Alto
28,40000,6.0,10500,14.27,0.26,6,0.2625,1,3,0,0,0,0,1,0,1,0,0,0,0,0,0,0.1655586559423221,Muito Baixo
29,70000,6.0,7000,7.74,0.1,6,0.1,0,1,0,0,0,0,1,0,1,0,0,0,0,0,0,0.03657262248136417,Muito Baixo
29,59004,0.0,4800,11.49,0.08,7,0.0813504169208867,1,2,0,0,0,0,1,1,0,0,0,0,0,1,0,0.1696119426242717,Muito Baixo
30,54000,1.0,16000,17.99,0.3,10,0.2962962962962963,1,5,1,0,0,0,1,0,1,0,0,0,0,1,1,0.9901684073166988,Muito Alto
23,36000,0.0,10000,8.59,0.28,2,0.2777777777777778,0,1,0,0,0,0,1,0,1,0,0,0,0,0,0,0.07537976200702154,Muito Baixo
29,44004,7.0,10000,15.33,0.23,8,0.2272520679938187,1,4,1,0,0,0,1,0,0,0,0,1,0,1,0,0.4737966174446181,Moderado
31,82656,10.0,6000,12.09,0.07,9,0.0725900116144018,1,3,1,0,1,0,0,1,0,0,0,0,0,0,0,0.03505965819898342,Muito Baixo
23,80000,7.0,10000,7.74,0.13,3,0.125,0,1,0,1,0,0,0,1,0,0,0,0,0,0,0,0.023912284737886865,Muito Baixo
26,75000,1.0,3000,9.63,0.04,3,0.04,0,1,0,1,0,0,0,0,0,1,0,0,0,0,0,0.06441642768083253,Muito Baixo
30,46000,1.0,12000,13.48,0.26,9,0.2608695652173913,1,3,1,1,0,0,0,0,1,0,0,0,0,0,0,0.1392426836241619,Muito Baixo
25,35000,3.0,5000,10.36,0.14,3,0.1428571428571428,0,2,0,0,0,0,1,0,0,0,1,0,0,0,0,0.06485502674016988,Muito Baixo
27,30000,2.0,11500,10.36,0.38,6,0.3833333333333333,0,2,0,0,0,0,1,0,0,0,0,0,1,1,1,0.9978439441849102,Muito Alto
33,84996,17.0,10000,8.0,0.12,10,0.1176525954162548,0,1,0,0,0,0,1,0,1,0,0,0,0,0,0,0.012381006332280578,Muito Baixo
28,47500,2.0,8500,7.88,0.18,10,0.1789473684210526,0,1,0,0,0,0,1,0,1,0,0,0,0,0,0,0.03699558753322088,Muito Baixo
48,130000,2.0,24000,9.91,0.18,15,0.1846153846153846,0,2,0,0,0,0,1,0,1,0,0,0,0,0,0,0.12516561472756912,Muito Baixo
29,42000,0.0,15000,14.25,0.36,9,0.3571428571428571,1,5,0,0,0,0,1,0,0,0,0,1,0,1,1,0.9981905023062208,Muito Alto
25,84000,0.0,4500,12.18,0.05,2,0.0535714285714285,1,2,0,0,0,0,1,0,0,0,0,1,0,0,0,0.07543100963324982,Muito Baixo
22,32400,4.0,4000,15.31,0.12,2,0.1234567901234567,1,4,1,0,0,0,1,0,0,0,0,0,1,1,0,0.3613185662993944,Baixo
37,21600,4.0,3800,15.31,0.18,11,0.1759259259259259,1,4,0,0,0,0,1,0,0,0,1,0,0,1,1,0.544765722555669,Moderado
25,188000,9.0,25000,13.24,0.13,4,0.1329787234042553,1,4,1,1,0,0,0,0,0,1,0,0,0,1,0,0.19618429010305438,Muito Baixo
30,32004,4.0,5500,8.0,0.17,8,0.1718535183102112,0,1,0,0,0,1,0,0,0,0,0,0,1,0,0,2.3707461059858578e-05,Muito Baixo
24,35004,9.0,10400,16.82,0.3,2,0.2971089018397897,1,5,0,0,0,0,1,0,0,0,0,1,0,0,0,0.13687504486818647,Muito Baixo
39,76000,8.0,5000,6.03,0.07,14,0.0657894736842105,0,1,0,1,0,0,0,0,0,1,0,0,0,0,0,0.009978980999139835,Muito Baixo
27,60000,4.0,7200,8.9,0.12,7,0.12,0,1,0,0,0,0,1,0,0,1,0,0,0,0,0,0.05420340149446929,Muito Baixo
31,47000,10.0,23000,14.84,0.49,9,0.4893617021276595,1,4,0,1,0,0,0,0,0,0,0,0,1,1,0,0.33113976943438905,Baixo
25,25000,3.0,3000,6.76,0.12,2,0.12,0,1,0,0,0,1,0,0,1,0,0,0,0,0,0,0.0007230478684924108,Muito Baixo
24,25000,0.0,4400,6.76,0.18,2,0.176,0,1,0,0,0,0,1,0,1,0,0,0,0,0,0,0.034691639673880385,Muito Baixo
40,70000,6.0,18000,7.9,0.26,14,0.2571428571428571,0,1,0,1,0,0,0,0,1,0,0,0,0,0,0,0.017375125301117407,Muito Baixo
38,67000,6.0,13000,15.31,0.19,17,0.1940298507462686,1,4,0,0,0,0,1,0,0,1,0,0,0,0,0,0.20727190037870102,Baixo
26,105000,6.0,12000,11.99,0.11,2,0.1142857142857142,1,2,0,1,0,0,0,1,0,0,0,0,0,0,0,0.08381863294407367,Muito Baixo
23,67476,5.0,25000,13.49,0.37,3,0.3705021044519533,1,3,1,1,0,0,0,0,0,1,0,0,0,1,1,0.9761139563626661,Muito Alto
34,91000,19.0,15000,10.99,0.16,10,0.1648351648351648,0,2,0,1,0,0,0,0,0,0,0,0,1,0,0,0.00044298410292901297,Muito Baixo
29,30000,3.0,6000,5.79,0.2,6,0.2,0,1,0,1,0,0,0,0,0,1,0,0,0,0,0,0.22295479154827239,Baixo
34,72000,6.0,5000,10.59,0.07,9,0.0694444444444444,0,2,0,0,0,0,1,0,0,0,1,0,0,0,0,0.02118746295633387,Muito Baixo
25,50000,9.0,10000,6.92,0.2,2,0.2,0,1,0,1,0,0,0,0,0,0,0,1,0,0,0,0.03147521044725086,Muito Baixo
23,52000,7.0,5000,11.48,0.1,2,0.0961538461538461,1,2,0,1,0,0,0,0,0,0,0,1,0,1,0,0.08904708482992497,Muito Baixo
24,85000,8.0,10000,10.37,0.12,4,0.1176470588235294,0,2,0,0,0,0,1,0,0,0,0,1,0,0,0,0.045966755114042156,Muito Baixo
28,65000,2.0,7200,13.98,0.11,8,0.1107692307692307,1,3,1,0,0,0,1,0,0,0,1,0,0,0,0,0.043732891465220254,Muito Baixo
35,87550,3.0,28000,18.62,0.27,10,0.3198172472872644,1,6,0,0,0,0,1,0,0,0,1,0,0,1,1,0.9989589270643625,Muito Alto
23,24000,0.0,2000,14.35,0.08,2,0.0833333333333333,1,3,1,0,0,0,1,0,1,0,0,0,0,0,0,0.11092198320506275,Muito Baixo
29,44000,8.0,11000,7.29,0.25,6,0.25,0,1,0,0,0,0,1,0,0,0,0,0,1,0,0,0.004805658723372033,Muito Baixo
23,83300,0.0,25000,15.31,0.26,3,0.3001200480192076,1,4,0,1,0,0,0,0,0,0,1,0,0,1,1,0.9959057390213664,Muito Alto
39,30000,4.0,10375,8.9,0.35,13,0.3458333333333333,0,1,0,1,0,0,0,0,1,0,0,0,0,0,0,0.1605303366005055,Muito Baixo
22,95000,2.0,24000,7.9,0.25,4,0.2526315789473684,0,1,0,1,0,0,0,1,0,0,0,0,0,0,0,0.01230640005838794,Muito Baixo
50,35880,0.0,4600,12.23,0.13,13,0.1282051282051282,1,3,1,0,0,0,1,0,0,0,1,0,0,0,0,0.050011136549654917,Muito Baixo
24,40000,6.0,12000,13.49,0.3,2,0.3,1,3,0,0,0,0,1,0,0,0,1,0,0,0,0,0.056790577870557024,Muito Baixo
40,36000,4.0,2000,13.57,0.06,12,0.0555555555555555,1,3,1,0,0,1,0,0,1,0,0,0,0,0,0,0.0005807264960715132,Muito Baixo
25,108000,0.0,21000,11.71,0.19,4,0.1944444444444444,1,2,0,1,0,0,0,0,0,1,0,0,0,0,0,0.13172788689759066,Muito Baixo
25,70000,9.0,15000,16.02,0.21,4,0.2142857142857142,1,4,0,0,0,0,1,0,0,1,0,0,0,0,0,0.16438699537939877,Muito Baixo
22,21000,4.0,3000,11.49,0.14,3,0.1428571428571428,1,2,0,1,0,0,0,1,0,0,0,0,0,0,0,0.22234741242968747,Baixo
25,67000,3.0,7000,8.94,0.1,2,0.1044776119402985,0,1,0,0,0,0,1,0,0,0,1,0,0,0,0,0.03058876719063907,Muito Baixo
24,90000,4.0,12000,9.91,0.13,2,0.1333333333333333,0,2,0,0,0,0,1,0,0,0,0,1,0,0,0,0.038246975564317186,Muito Baixo
29,115000,13.0,5000,6.03,0.04,9,0.0434782608695652,0,1,0,1,0,0,0,1,0,0,0,0,0,0,0,0.0044257122684891095,Muito Baixo
22,9600,4.0,1200,10.37,0.13,2,0.125,0,2,0,0,0,0,1,0,1,0,0,0,0,0,0,0.3893272065492381,Baixo
42,60000,3.0,7200,5.79,0.12,11,0.12,0,1,0,0,0,0,1,0,0,1,0,0,0,0,0,0.01839564661997331,Muito Baixo
25,55000,1.0,6400,6.03,0.12,3,0.1163636363636363,0,1,0,1,0,0,0,0,1,0,0,0,0,0,0,0.02967219401745931,Muito Baixo
38,30132,4.0,3000,13.85,0.1,14,0.0995619275189167,1,3,0,0,0,0,1,0,1,0,0,0,0,1,0,0.24041293121298932,Baixo
23,44000,1.0,5000,13.99,0.11,2,0.1136363636363636,1,3,1,0,0,0,1,0,0,0,1,0,0,1,0,0.365931829373497,Baixo
48,30000,0.0,6000,12.42,0.2,12,0.2,1,2,0,0,0,0,1,1,0,0,0,0,0,1,0,0.23612211477780604,Baixo
22,45000,0.0,4000,13.48,0.09,3,0.0888888888888888,1,3,1,0,0,0,1,0,1,0,0,0,0,0,0,0.04333121745085648,Muito Baixo
22,22596,4.0,7500,9.76,0.33,4,0.3319171534784917,0,2,0,0,0,0,1,0,0,0,1,0,0,1,1,0.9849643651197515,Muito Alto
22,30000,1.0,5500,12.53,0.18,4,0.1833333333333333,1,2,0,0,0,0,1,0,0,0,0,1,0,0,0,0.2785996305250145,Baixo
48,35004,14.0,3300,6.39,0.09,13,0.0942749400068563,0,1,0,1,0,0,0,0,0,0,0,1,0,0,0,0.022880519207961223,Muito Baixo
33,30784,7.0,9950,12.99,0.32,8,0.3232198544698544,1,3,0,0,0,0,1,1,0,0,0,0,0,1,1,0.9933951273857585,Muito Alto
25,43000,9.0,15000,15.57,0.35,3,0.3488372093023256,1,4,0,0,0,0,1,0,0,0,1,0,0,1,1,0.9931532511576489,Muito Alto
29,70004,0.0,12500,8.88,0.18,7,0.178561225072853,0,2,0,0,0,0,1,0,1,0,0,0,0,0,0,0.029457557252152336,Muito Baixo
32,54000,3.0,10975,7.66,0.2,7,0.2032407407407407,0,1,0,1,0,0,0,1,0,0,0,0,0,0,0,0.060261178394829536,Muito Baixo
30,33300,2.0,1600,7.4,0.05,5,0.048048048048048,0,1,0,1,0,0,0,0,0,0,1,0,0,0,0,0.054518249630148535,Muito Baixo
25,150000,6.0,5000,13.16,0.03,4,0.0333333333333333,1,3,1,1,0,0,0,1,0,0,0,0,0,0,0,0.04431711861914515,Muito Baixo
26,67500,1.0,5000,12.18,0.07,3,0.074074074074074,1,2,0,0,0,0,1,0,0,0,1,0,0,0,0,0.04453105876610444,Muito Baixo
31,60000,5.0,6500,10.99,0.11,5,0.1083333333333333,0,2,0,1,0,0,0,0,0,1,0,0,0,0,0,0.037155543359465935,Muito Baixo
29,60000,1.0,6000,10.01,0.1,10,0.1,0,2,0,0,0,0,1,0,0,1,0,0,0,0,0,0.04476869713573252,Muito Baixo
25,130000,3.0,8000,13.49,0.06,4,0.0615384615384615,1,3,0,1,0,0,0,0,0,1,0,0,0,0,0,0.03266909722584838,Muito Baixo
25,154000,2.0,9200,12.61,0.06,4,0.0597402597402597,1,3,1,1,0,0,0,0,0,1,0,0,0,0,0,0.03609945790413094,Muito Baixo
32,86000,4.0,1600,13.23,0.02,9,0.0186046511627906,1,3,1,0,0,0,1,0,1,0,0,0,0,0,0,0.04081107814908382,Muito Baixo
26,45000,3.0,1500,10.25,0.03,4,0.0333333333333333,0,2,0,0,0,0,1,0,0,0,1,0,0,0,0,0.02144043464629519,Muito Baixo
25,39600,5.0,4800,12.42,0.12,4,0.1212121212121212,1,2,0,1,0,0,0,0,0,1,0,0,0,0,0,0.2975382324199258,Baixo
21,20400,2.0,4500,10.99,0.22,3,0.2205882352941176,0,2,0,0,0,0,1,0,0,0,0,0,1,0,0,0.0026384741341572092,Muito Baixo
31,53000,15.0,10000,15.31,0.19,10,0.1886792452830188,1,4,0,1,0,0,0,0,0,0,0,0,1,0,0,0.13005118516913736,Muito Baixo
22,62000,2.0,6000,13.92,0.1,4,0.0967741935483871,1,3,0,1,0,0,0,0,1,0,0,0,0,0,0,0.03770919699331596,Muito Baixo
27,58000,3.0,13000,11.58,0.22,7,0.2241379310344827,1,2,0,0,0,0,1,0,0,0,0,0,1,0,0,0.003334815309615317,Muito Baixo
37,100000,3.0,6000,11.99,0.06,13,0.06,1,2,0,1,0,0,0,0,0,0,0,0,1,0,0,0.001096444401934695,Muito Baixo
27,207182,11.0,22000,10.62,0.11,5,0.1061868309022984,0,2,0,1,0,0,0,0,0,0,0,0,1,0,0,0.0008872831182369973,Muito Baixo
33,48000,1.0,6000,7.49,0.13,10,0.125,0,1,0,1,0,0,0,1,0,0,0,0,0,0,0,0.0249605121751718,Muito Baixo
24,36996,7.0,7800,15.31,0.21,3,0.2108336036328251,1,4,1,1,0,0,0,0,0,0,0,1,0,0,0,0.1835844340458909,Muito Baixo
25,35000,1.0,5400,12.17,0.15,4,0.1542857142857142,1,4,0,1,0,0,0,0,0,1,0,0,0,0,0,0.2892083800937921,Baixo
24,45000,2.0,9200,11.89,0.2,3,0.2044444444444444,1,2,0,1,0,0,0,0,1,0,0,0,0,0,0,0.0865869271780085,Muito Baixo
24,145000,4.0,20000,11.36,0.14,3,0.1379310344827586,1,2,0,1,0,0,0,1,0,0,0,0,0,0,0,0.05805958296511791,Muito Baixo
36,49901,13.0,8400,13.61,0.17,12,0.168333299933869,1,3,1,1,0,0,0,0,0,1,0,0,0,0,0,0.045916363850263556,Muito Baixo
33,30000,1.0,5000,12.68,0.17,10,0.1666666666666666,1,3,1,0,0,1,0,0,0,0,0,0,1,0,0,0.0009145323204926461,Muito Baixo
22,43385,7.0,23000,13.48,0.53,3,0.5301371441742537,1,3,0,0,0,0,1,0,0,0,0,1,0,1,1,0.9951181759191979,Muito Alto
25,35000,2.0,6400,7.49,0.18,2,0.1828571428571428,0,1,0,0,0,1,0,0,0,0,1,0,0,0,0,0.0004565981992099675,Muito Baixo
21,42500,0.0,2500,10.99,0.06,2,0.0588235294117647,0,2,0,0,0,0,1,1,0,0,0,0,0,0,0,0.042358291196272956,Muito Baixo
48,15000,4.0,2000,12.84,0.13,14,0.1333333333333333,1,3,1,0,0,0,1,1,0,0,0,0,0,0,0,0.05973758458118878,Muito Baixo
24,98000,8.0,12000,6.03,0.12,3,0.1224489795918367,0,1,0,0,0,1,0,0,0,1,0,0,0,0,0,0.00014178853259334291,Muito Baixo
39,108000,6.0,30000,16.49,0.28,11,0.2777777777777778,1,4,1,1,0,0,0,0,1,0,0,0,0,1,0,0.3548228779778758,Baixo
35,74000,13.0,5000,7.9,0.07,5,0.0675675675675675,0,1,0,1,0,0,0,1,0,0,0,0,0,0,0,0.07913007575523938,Muito Baixo
28,75000,0.0,6000,7.49,0.08,6,0.08,0,1,0,0,0,0,1,0,0,0,0,0,1,0,0,0.0006189076314028774,Muito Baixo
21,35000,2.0,7200,15.23,0.21,4,0.2057142857142857,1,3,0,0,0,1,0,0,0,0,0,0,1,0,0,0.00036583233420554715,Muito Baixo
24,74448,8.0,4000,7.49,0.05,2,0.0537287771330324,0,1,0,1,0,0,0,0,1,0,0,0,0,0,0,0.13116441335874485,Muito Baixo
27,122000,3.0,15000,12.73,0.12,5,0.1229508196721311,1,3,0,0,0,0,1,0,0,0,0,1,0,0,0,0.05145962241250296,Muito Baixo
28,47000,5.0,6000,8.88,0.13,6,0.1276595744680851,0,2,0,1,0,0,0,0,0,1,0,0,0,1,0,0.11088903670740591,Muito Baixo
28,42000,4.0,9600,7.9,0.23,7,0.2285714285714285,0,1,0,0,0,0,1,0,0,0,1,0,0,0,0,0.054272801880435165,Muito Baixo
29,46000,4.0,12000,10.74,0.26,10,0.2608695652173913,0,2,0,0,0,0,1,0,0,0,1,0,0,0,0,0.04513135495413545,Muito Baixo
23,28000,6.0,7000,9.99,0.25,4,0.25,0,2,0,0,0,1,0,0,0,0,0,0,1,0,0,2.3100742429569746e-05,Muito Baixo
25,28128,2.0,7500,15.33,0.27,3,0.2666382252559727,1,4,0,0,0,0,1,0,0,0,0,0,1,1,1,0.9488684571791564,Muito Alto
22,49000,3.0,9600,15.31,0.2,2,0.1959183673469387,1,4,0,0,0,0,1,1,0,0,0,0,0,1,1,0.9964764235621164,Muito Alto
23,44000,0.0,7500,16.0,0.17,4,0.1704545454545454,1,5,0,0,0,0,1,0,0,0,0,0,1,1,1,0.9760256911097537,Muito Alto
25,162000,5.0,25000,16.0,0.15,3,0.1543209876543209,1,5,1,1,0,0,0,1,0,0,0,0,0,1,1,0.9950678852130816,Muito Alto
41,32496,4.0,2000,10.99,0.06,12,0.0615460364352535,0,2,0,0,0,0,1,0,1,0,0,0,0,1,0,0.19709174578359517,Muito Baixo
27,27000,6.0,10000,15.62,0.37,6,0.3703703703703703,1,4,0,0,0,0,1,1,0,0,0,0,0,1,1,0.999715378437854,Muito Alto
33,69000,3.0,15000,10.62,0.22,7,0.217391304347826,0,2,0,0,0,0,1,0,0,1,0,0,0,1,0,0.11428778596358986,Muito Baixo
32,38000,2.0,12000,12.42,0.32,6,0.3157894736842105,1,2,0,0,0,0,1,0,1,0,0,0,0,1,1,0.9933592393766508,Muito Alto
32,50000,16.0,8000,7.49,0.16,10,0.16,0,1,0,0,0,1,0,0,0,0,1,0,0,0,0,0.0001384403450672929,Muito Baixo
21,50000,5.0,5375,7.49,0.11,3,0.1075,0,1,0,1,0,0,0,1,0,0,0,0,0,0,0,0.02211351825597929,Muito Baixo
35,15000,3.0,3700,9.32,0.25,5,0.2466666666666666,0,1,0,0,0,1,0,0,0,0,1,0,0,1,1,0.9990886243855236,Muito Alto
21,47500,2.0,7500,10.99,0.16,2,0.1578947368421052,0,2,0,0,0,0,1,1,0,0,0,0,0,0,0,0.04841512766941742,Muito Baixo
58,45600,20.0,6000,12.99,0.13,25,0.131578947368421,1,3,0,1,0,0,0,0,0,0,0,1,0,0,0,0.11405415857131997,Muito Baixo
26,80040,6.0,10000,7.49,0.12,2,0.1249375312343828,0,1,0,1,0,0,0,0,0,0,0,1,0,1,0,0.04061307789263566,Muito Baixo
23,56000,4.0,3000,6.76,0.05,3,0.0535714285714285,0,1,0,1,0,0,0,0,1,0,0,0,0,0,0,0.040218195765734925,Muito Baixo
26,60000,4.0,7000,9.62,0.12,3,0.1166666666666666,0,2,0,1,0,0,0,0,1,0,0,0,0,0,0,0.04800975894434158,Muito Baixo
23,35000,7.0,5000,12.98,0.14,3,0.1428571428571428,1,3,1,1,0,0,0,0,1,0,0,0,0,1,0,0.10516667972815602,Muito Baixo
30,50000,0.0,10000,13.48,0.2,5,0.2,1,3,0,1,0,0,0,0,1,0,0,0,0,0,0,0.0761963553393748,Muito Baixo
23,80800,6.0,12000,8.9,0.15,3,0.1485148514851485,0,1,0,0,0,0,1,0,0,0,0,1,0,0,0,0.08107421264695433,Muito Baixo
29,65000,13.0,10000,15.33,0.15,6,0.1538461538461538,1,4,1,1,0,0,0,0,1,0,0,0,0,0,0,0.17892280624841847,Muito Baixo
22,105000,3.0,16000,12.73,0.15,4,0.1523809523809524,1,3,1,1,0,0,0,0,0,0,0,1,0,0,0,0.0397830346788546,Muito Baixo
24,42000,8.0,22250,11.11,0.53,3,0.5297619047619048,1,2,0,1,0,0,0,1,0,0,0,0,0,0,0,0.22658851910540292,Baixo
27,44000,3.0,6400,13.85,0.15,10,0.1454545454545454,1,3,0,1,0,0,0,0,1,0,0,0,0,0,0,0.22539196677404288,Baixo
24,110000,8.0,6000,8.59,0.05,3,0.0545454545454545,0,1,0,1,0,0,0,0,1,0,0,0,0,0,0,0.032366950969262294,Muito Baixo
24,87220,7.0,8000,13.48,0.09,3,0.0917220820912634,1,3,1,1,0,0,0,0,0,0,0,0,1,1,0,0.09238744043811901,Muito Baixo
37,146000,5.0,10000,13.99,0.07,16,0.0684931506849315,1,3,1,1,0,0,0,1,0,0,0,0,0,0,0,0.17028738666737822,Muito Baixo
27,115000,0.0,12000,7.29,0.1,6,0.1043478260869565,0,1,0,1,0,0,0,0,0,0,1,0,0,0,0,0.02010815937982817,Muito Baixo
42,38000,9.0,6500,7.49,0.17,14,0.1710526315789473,0,1,0,1,0,0,0,0,0,0,1,0,0,0,0,0.027855226000591878,Muito Baixo
29,46344,0.0,3500,11.36,0.08,5,0.0755221819437251,1,2,0,0,0,0,1,0,1,0,0,0,0,0,0,0.11371109841167405,Muito Baixo
35,30000,5.0,1500,7.29,0.05,8,0.05,0,1,0,0,0,0,1,0,0,0,1,0,0,1,0,0.03691822372329628,Muito Baixo
24,55000,0.0,6000,6.03,0.11,4,0.109090909090909,0,1,0,0,0,0,1,1,0,0,0,0,0,0,0,0.010725025383330946,Muito Baixo
21,39900,3.0,6000,11.49,0.15,2,0.150375939849624,1,2,0,0,0,0,1,0,1,0,0,0,0,0,0,0.05356823215241517,Muito Baixo
22,67000,7.0,8800,7.51,0.13,2,0.1313432835820895,0,1,0,1,0,0,0,1,0,0,0,0,0,0,0,0.04200413403869364,Muito Baixo
23,66500,0.0,22000,8.88,0.33,2,0.3308270676691729,0,2,0,1,0,0,0,1,0,0,0,0,0,1,0,0.04280720596544984,Muito Baixo
25,82000,0.0,6000,9.91,0.07,2,0.073170731707317,0,2,0,0,0,0,1,0,0,0,0,1,0,0,0,0.06919565094203203,Muito Baixo
32,106000,14.0,25000,16.63,0.24,7,0.2358490566037736,1,5,1,0,0,0,1,1,0,0,0,0,0,1,1,0.9942631011963381,Muito Alto
22,26000,0.0,8000,11.99,0.31,4,0.3076923076923077,1,2,0,0,0,0,1,0,1,0,0,0,0,1,1,0.9841215803551173,Muito Alto
24,86250,1.0,9000,12.69,0.1,2,0.1043478260869565,1,2,0,0,0,0,1,0,0,1,0,0,0,0,0,0.109170924623057,Muito Baixo
22,75000,6.0,16000,13.61,0.21,2,0.2133333333333333,1,3,0,1,0,0,0,0,1,0,0,0,0,0,0,0.07976030635866732,Muito Baixo
28,30000,4.0,7500,11.78,0.25,9,0.25,1,3,0,1,0,0,0,0,0,0,0,1,0,0,0,0.2704970050971572,Baixo
23,35000,7.0,5000,11.71,0.14,4,0.1428571428571428,1,2,0,0,0,1,0,0,0,0,1,0,0,0,0,0.0012999158577899786,Muito Baixo
26,110400,9.0,13000,7.9,0.12,3,0.1177536231884057,0,1,0,0,0,0,1,0,1,0,0,0,0,0,0,0.022443398365302524,Muito Baixo
23,36000,1.0,5000,14.79,0.14,2,0.1388888888888889,1,3,0,0,0,0,1,0,1,0,0,0,0,0,0,0.49431007688119927,Moderado
31,70000,4.0,5500,7.68,0.08,10,0.0785714285714285,0,1,0,0,0,0,1,0,1,0,0,0,0,0,0,0.017572475067545473,Muito Baixo
22,35000,4.0,1000,13.48,0.03,3,0.0285714285714285,1,3,1,0,0,0,1,0,0,0,0,0,1,0,0,0.10787041929545724,Muito Baixo
27,100000,12.0,16000,11.11,0.16,5,0.16,1,2,0,0,0,0,1,0,0,0,0,0,1,0,0,0.0017678771360250438,Muito Baixo
39,69000,0.0,15000,14.42,0.22,12,0.217391304347826,1,4,0,0,0,0,1,0,0,0,0,1,0,1,1,0.9345375661198508,Muito Alto
27,54216,4.0,9000,5.99,0.17,5,0.1660026560424966,0,1,0,1,0,0,0,0,0,0,0,1,0,0,0,0.03454008884320704,Muito Baixo
23,36504,0.0,4900,12.68,0.13,2,0.1342318650010957,1,3,0,0,0,0,1,0,1,0,0,0,0,0,0,0.224988769900014,Baixo
23,37000,3.0,6400,11.71,0.17,3,0.1729729729729729,1,2,0,1,0,0,0,0,0,0,0,1,0,0,0,0.10058197055321533,Muito Baixo
34,75000,2.0,12000,7.29,0.16,8,0.16,0,1,0,0,0,0,1,0,0,0,0,0,1,0,0,0.0006235137994617984,Muito Baixo
29,120000,5.0,8000,11.11,0.07,10,0.0666666666666666,1,2,0,0,0,1,0,0,0,0,1,0,0,0,0,0.00016284420220790059,Muito Baixo
23,33600,3.0,5000,13.49,0.15,4,0.1488095238095238,1,3,1,0,0,0,1,0,0,0,0,0,1,0,0,0.23114942983007453,Baixo
22,49800,1.0,3000,7.88,0.06,3,0.0602409638554216,0,1,0,0,0,0,1,0,0,0,0,1,0,0,0,0.06848017800824908,Muito Baixo
29,45000,0.0,10000,17.58,0.22,6,0.2222222222222222,1,4,1,0,0,1,0,0,0,0,1,0,0,0,0,0.005368999922923531,Muito Baixo
38,200000,0.0,3000,7.68,0.01,15,0.015,0,1,0,1,0,0,0,0,1,0,0,0,0,0,0,0.002582137711640251,Muito Baixo
23,86000,2.0,15000,6.03,0.17,2,0.1744186046511628,0,1,0,1,0,0,0,0,0,0,0,1,0,0,0,0.022171790807548733,Muito Baixo
27,71000,11.0,15000,9.01,0.21,6,0.2112676056338028,0,2,0,0,0,0,1,0,1,0,0,0,0,0,0,0.10460951830920448,Muito Baixo
25,134000,7.0,25000,10.62,0.19,2,0.1865671641791045,0,2,0,0,0,0,1,0,0,0,1,0,0,0,0,0.033027846727700455,Muito Baixo
27,92000,11.0,18000,11.48,0.2,8,0.1956521739130435,1,2,0,1,0,0,0,0,1,0,0,0,0,0,0,0.0361284272079078,Muito Baixo
47,41000,2.0,10000,13.79,0.24,16,0.2439024390243902,1,3,0,0,0,0,1,0,0,0,1,0,0,0,0,0.07772177429001062,Muito Baixo
27,43000,11.0,10000,12.42,0.23,9,0.2325581395348837,1,2,0,0,0,0,1,0,0,0,1,0,0,0,0,0.07977540805053773,Muito Baixo
33,32400,8.0,11000,6.99,0.34,10,0.3395061728395062,0,1,0,0,0,0,1,0,1,0,0,0,0,1,1,0.9855584311640762,Muito Alto
30,75000,8.0,5600,15.99,0.07,7,0.0746666666666666,1,4,0,0,0,0,1,0,0,0,0,1,0,0,0,0.16309720363359753,Muito Baixo
31,82116,12.0,2800,12.68,0.03,9,0.0340981051195869,1,3,1,1,0,0,0,0,0,1,0,0,0,0,0,0.07867898884786871,Muito Baixo
24,52000,4.0,7000,14.09,0.13,4,0.1346153846153846,1,4,1,0,0,1,0,1,0,0,0,0,0,0,0,0.010296340824064667,Muito Baixo
23,75000,4.0,5000,7.49,0.07,4,0.0666666666666666,0,1,0,0,0,0,1,0,0,0,0,0,1,0,0,0.0010587876715865445,Muito Baixo
26,170000,0.0,20000,10.37,0.12,4,0.1176470588235294,0,2,0,1,0,0,0,0,0,0,0,0,1,0,0,0.0009110113925195461,Muito Baixo
37,70000,3.0,15000,15.2,0.21,15,0.2142857142857142,1,4,0,1,0,0,0,0,1,0,0,0,0,0,0,0.12186548709153992,Muito Baixo
24,81000,6.0,5000,5.42,0.06,3,0.0617283950617283,0,1,0,0,0,0,1,0,0,0,1,0,0,0,0,0.0024241350881951556,Muito Baixo
22,23000,1.0,8875,10.74,0.39,4,0.3858695652173913,0,2,0,0,0,0,1,1,0,0,0,0,0,1,1,0.9929721623421014,Muito Alto
27,65000,11.0,18000,7.51,0.28,8,0.2769230769230769,0,1,0,1,0,0,0,0,0,0,0,1,0,0,0,0.0411694509118679,Muito Baixo
26,53000,2.0,2500,9.91,0.05,2,0.0471698113207547,0,2,0,0,0,1,0,0,0,0,0,0,1,0,0,1.3995313087799795e-05,Muito Baixo
38,60000,2.0,6000,14.96,0.1,14,0.1,1,4,1,0,0,1,0,0,0,0,0,0,1,0,0,0.0006597083419086846,Muito Baixo
25,44000,2.0,12000,14.54,0.27,2,0.2727272727272727,1,4,0,1,0,0,0,0,0,0,0,0,1,0,1,0.5443155787452225,Moderado
23,106000,7.0,10000,7.14,0.09,2,0.0943396226415094,0,1,0,1,0,0,0,0,1,0,0,0,0,0,0,0.014138713642312404,Muito Baixo
25,90900,9.0,9000,13.22,0.1,3,0.099009900990099,1,3,1,0,0,0,1,0,0,0,0,0,1,0,0,0.042811087294780586,Muito Baixo
23,34992,4.0,22550,15.96,0.64,3,0.6444330132601738,1,6,1,1,0,0,0,0,1,0,0,0,0,0,0,0.2692927182836474,Baixo
22,39000,4.0,5000,6.99,0.13,2,0.1282051282051282,0,1,0,0,0,0,1,0,1,0,0,0,0,0,0,0.07372388761654114,Muito Baixo
25,120775,9.0,15000,13.11,0.12,4,0.1241978886358931,1,3,0,0,0,1,0,0,1,0,0,0,0,0,0,0.0003212246469289962,Muito Baixo
22,58200,1.0,10000,12.53,0.17,2,0.1718213058419244,1,3,0,1,0,0,0,0,1,0,0,0,0,0,0,0.11242872773805257,Muito Baixo
24,24000,4.0,5000,7.51,0.21,2,0.2083333333333333,0,1,0,0,0,0,1,1,0,0,0,0,0,0,0,0.13523190703394364,Muito Baixo
28,53000,0.0,7000,9.88,0.13,9,0.1320754716981132,0,2,0,0,0,0,1,1,0,0,0,0,0,0,0,0.035491121850176874,Muito Baixo
23,75000,4.0,12000,6.03,0.16,3,0.16,0,1,0,0,0,0,1,0,0,0,1,0,0,0,0,0.0023713913478822794,Muito Baixo
25,73000,0.0,6500,6.03,0.09,3,0.0890410958904109,0,1,0,1,0,0,0,0,0,0,0,0,1,0,0,0.0007451273273265175,Muito Baixo
22,69950,6.0,9750,14.65,0.14,2,0.139385275196569,1,3,0,1,0,0,0,0,1,0,0,0,0,0,0,0.11268814951070019,Muito Baixo
25,45000,9.0,3000,9.99,0.07,4,0.0666666666666666,0,2,0,1,0,0,0,0,0,1,0,0,0,0,0,0.11165181292873388,Muito Baixo
34,39000,5.0,7200,11.71,0.18,5,0.1846153846153846,1,2,0,0,0,0,1,0,0,1,0,0,0,1,1,0.8740816733829063,Muito Alto
30,150000,2.0,12000,11.86,0.08,8,0.08,1,4,1,1,0,0,0,0,0,1,0,0,0,0,0,0.10618096996425488,Muito Baixo
37,72000,12.0,5600,5.42,0.08,15,0.0777777777777777,0,1,0,1,0,0,0,0,0,0,0,0,1,0,0,0.0002812045036273213,Muito Baixo
26,57550,4.0,3500,5.42,0.06,4,0.0608166811468288,0,1,0,1,0,0,0,1,0,0,0,0,0,0,0,0.04495583709231606,Muito Baixo
27,129700,1.0,10000,6.54,0.08,7,0.07710100231303,0,1,0,1,0,0,0,0,0,0,0,1,0,0,0,0.025239623359650243,Muito Baixo
28,40000,2.0,14000,11.89,0.35,8,0.35,1,2,0,0,0,0,1,0,0,0,1,0,0,1,1,0.9895868043814949,Muito Alto
25,32496,9.0,7200,9.51,0.22,4,0.2215657311669128,0,2,0,0,0,0,1,0,0,0,1,0,0,0,0,0.12191852570355312,Muito Baixo
34,105000,14.0,12000,6.99,0.11,5,0.1142857142857142,0,1,0,1,0,0,0,0,0,0,0,0,1,0,0,0.00026014653503933694,Muito Baixo
33,24000,4.0,1000,14.91,0.04,5,0.0416666666666666,1,4,1,0,0,0,1,0,0,0,1,0,0,1,1,0.5880864454973211,Moderado
36,144000,1.0,21000,7.9,0.15,16,0.1458333333333333,0,1,0,1,0,0,0,1,0,0,0,0,0,0,0,0.010290915152898601,Muito Baixo
27,50000,0.0,2000,10.99,0.04,5,0.04,0,2,0,0,0,0,1,0,0,0,0,0,1,0,0,0.0012929141583063587,Muito Baixo
22,25000,4.0,5000,6.03,0.2,3,0.2,0,1,0,0,0,1,0,0,0,0,0,0,1,0,0,3.159601749544409e-05,Muito Baixo
25,30000,9.0,1800,8.49,0.06,2,0.06,0,1,0,0,0,0,1,0,0,0,1,0,0,1,0,0.12634416488125233,Muito Baixo
25,155004,9.0,10500,7.49,0.07,3,0.0677401873500038,0,1,0,1,0,0,0,1,0,0,0,0,0,0,0,0.01810689720037094,Muito Baixo
44,80100,16.0,8000,10.38,0.1,16,0.0998751560549313,0,2,0,1,0,0,0,0,0,0,1,0,0,0,0,0.06788306701858417,Muito Baixo
40,45996,4.0,20000,14.61,0.43,11,0.4348204191668841,1,4,0,0,0,0,1,1,0,0,0,0,0,1,1,0.9995098708399579,Muito Alto
44,57600,12.0,7000,7.4,0.12,11,0.1215277777777777,0,1,0,0,0,0,1,0,0,0,0,1,0,0,0,0.034820914055770306,Muito Baixo
25,23460,5.0,7000,10.99,0.3,2,0.2983802216538789,0,2,0,0,0,0,1,0,0,0,1,0,0,0,0,0.054416896794727596,Muito Baixo
27,72000,8.0,15250,13.16,0.21,5,0.2118055555555555,1,3,1,1,0,0,0,0,0,0,0,0,1,0,0,0.08124331221326375,Muito Baixo
25,30000,0.0,3250,5.42,0.11,3,0.1083333333333333,0,1,0,0,0,0,1,1,0,0,0,0,0,0,0,0.08893466884619473,Muito Baixo
33,155000,3.0,8000,7.9,0.05,6,0.0516129032258064,0,1,0,0,0,0,1,0,0,0,1,0,0,0,0,0.01174205131990388,Muito Baixo
23,65000,2.0,8000,6.62,0.12,4,0.123076923076923,0,1,0,0,0,0,1,0,1,0,0,0,0,0,0,0.00926597692118594,Muito Baixo
25,37200,6.0,9600,5.99,0.26,4,0.2580645161290322,0,1,0,0,0,0,1,0,0,1,0,0,0,1,1,0.7098728140671078,Alto
26,50000,1.0,10000,6.91,0.2,2,0.2,0,1,0,0,0,0,1,0,0,1,0,0,0,0,0,0.044915972627107933,Muito Baixo
27,30000,5.0,4975,10.37,0.17,9,0.1658333333333333,0,2,0,0,0,0,1,0,0,0,0,1,0,0,0,0.2668386602270423,Baixo
24,54000,5.0,8000,7.49,0.15,4,0.1481481481481481,0,1,0,1,0,0,0,0,0,0,0,1,0,0,0,0.07976245121052002,Muito Baixo
26,300000,10.0,20000,7.88,0.07,4,0.0666666666666666,0,1,0,1,0,0,0,0,0,0,0,0,1,0,0,0.0007839923134579931,Muito Baixo
23,54008,5.0,7000,9.91,0.13,3,0.1296104280847282,0,2,0,0,0,0,1,1,0,0,0,0,0,0,0,0.07424729780998132,Muito Baixo
29,162480,2.0,25000,12.42,0.15,10,0.1538650910881339,1,2,0,1,0,0,0,0,0,0,0,1,0,0,0,0.051091775033481474,Muito Baixo
29,71000,1.0,12000,13.16,0.17,5,0.1690140845070422,1,3,1,0,0,0,1,0,0,1,0,0,0,0,0,0.08446357073880444,Muito Baixo
24,70000,8.0,10000,7.74,0.14,3,0.1428571428571428,0,1,0,1,0,0,0,0,0,0,0,0,1,0,0,0.0006273791580383487,Muito Baixo
22,40000,0.0,3600,6.17,0.09,2,0.09,0,1,0,0,0,0,1,0,0,0,0,1,0,0,0,0.011295166579363866,Muito Baixo
25,60000,9.0,10000,10.83,0.17,4,0.1666666666666666,0,2,0,1,0,0,0,0,0,1,0,0,0,0,0,0.05516522086043806,Muito Baixo
41,24000,24.0,2000,7.75,0.08,17,0.0833333333333333,0,1,0,0,0,0,1,0,0,0,0,1,0,1,0,0.24678887203296235,Baixo
33,54000,15.0,10000,10.99,0.19,6,0.1851851851851851,0,2,0,0,0,0,1,0,0,0,0,1,0,0,0,0.25175765381269893,Baixo
28,94000,3.0,3700,7.9,0.04,9,0.0393617021276595,0,1,0,0,0,0,1,0,1,0,0,0,0,0,0,0.015326988967048066,Muito Baixo
26,51500,3.0,9600,15.21,0.19,4,0.1864077669902912,1,4,1,1,0,0,0,0,0,1,0,0,0,0,0,0.24530613120858216,Baixo
37,79992,2.0,9000,13.48,0.11,14,0.1125112511251125,1,3,1,1,0,0,0,0,0,0,0,1,0,1,0,0.04150342484598506,Muito Baixo
33,69000,7.0,4000,5.99,0.06,7,0.0579710144927536,0,1,0,1,0,0,0,0,0,1,0,0,0,0,0,0.01614401632046054,Muito Baixo
26,55500,3.0,10000,13.48,0.18,4,0.1801801801801801,1,3,1,0,0,0,1,0,0,0,1,0,0,0,0,0.06516915715453075,Muito Baixo
29,62000,14.0,9600,18.39,0.15,10,0.1548387096774193,1,5,0,1,0,0,0,0,1,0,0,0,0,0,0,0.39974204885479014,Baixo
29,25000,5.0,7475,8.49,0.3,6,0.299,0,1,0,1,0,0,0,1,0,0,0,0,0,0,0,0.0561468476752205,Muito Baixo
25,72000,2.0,10000,10.37,0.14,3,0.1388888888888889,0,2,0,0,0,0,1,0,0,0,0,0,1,0,0,0.001391763598649013,Muito Baixo
23,75000,5.0,31825,7.9,0.42,2,0.4243333333333333,0,1,0,1,0,0,0,0,1,0,0,0,0,0,0,0.03295870886751051,Muito Baixo
30,79200,10.0,9000,8.49,0.11,8,0.1136363636363636,0,1,0,1,0,0,0,0,1,0,0,0,0,1,0,0.18109993708640623,Muito Baixo
25,12816,0.0,3000,12.87,0.23,4,0.2340823970037453,1,3,1,0,0,1,0,1,0,0,0,0,0,1,1,0.9986332608057967,Muito Alto
34,45000,2.0,3000,11.11,0.07,7,0.0666666666666666,1,2,0,0,0,0,1,0,0,0,1,0,0,0,0,0.019674360320062315,Muito Baixo
26,33000,1.0,12000,10.91,0.36,3,0.3636363636363636,0,3,1,1,0,0,0,1,0,0,0,0,0,1,0,0.28605988422404577,Baixo
27,31200,1.0,12300,12.53,0.39,8,0.3942307692307692,1,2,0,1,0,0,0,0,0,1,0,0,0,0,0,0.36573386773196964,Baixo
23,65000,1.0,4000,7.49,0.06,4,0.0615384615384615,0,1,0,0,0,0,1,0,0,0,0,1,0,0,0,0.01810896308822184,Muito Baixo
26,50000,10.0,5400,8.9,0.11,2,0.108,0,1,0,1,0,0,0,1,0,0,0,0,0,0,0,0.06250908484162072,Muito Baixo
23,57000,7.0,10000,11.48,0.18,4,0.175438596491228,1,2,0,0,0,0,1,1,0,0,0,0,0,0,0,0.1290635558025509,Muito Baixo
21,42000,5.0,8325,10.99,0.2,2,0.1982142857142857,0,2,0,1,0,0,0,1,0,0,0,0,0,1,0,0.08945961809071262,Muito Baixo
22,30000,6.0,6000,7.51,0.2,4,0.2,0,1,0,0,0,0,1,0,1,0,0,0,0,0,0,0.19674816484903082,Muito Baixo
25,41508,9.0,1600,13.11,0.04,3,0.0385467861617037,1,3,1,1,0,0,0,0,1,0,0,0,0,0,0,0.17110310914401114,Muito Baixo
21,48000,2.0,3000,9.76,0.06,4,0.0625,0,2,0,0,0,0,1,0,1,0,0,0,0,0,0,0.04693334180115625,Muito Baixo
28,85000,8.0,8000,11.71,0.09,5,0.0941176470588235,1,2,0,0,0,0,1,1,0,0,0,0,0,0,0,0.06741830811093108,Muito Baixo
25,30720,4.0,2400,7.9,0.08,3,0.078125,0,1,0,0,0,0,1,0,0,0,1,0,0,0,0,0.13419447212017832,Muito Baixo
27,92508,11.0,13000,7.14,0.14,5,0.1405283867341203,0,1,0,1,0,0,0,0,0,0,0,1,0,0,0,0.01313965933236497,Muito Baixo
54,77000,24.0,24000,13.49,0.31,21,0.3116883116883117,1,3,0,0,0,0,1,0,0,0,0,0,1,1,1,0.9927281970750674,Muito Alto
27,70000,2.0,10000,10.99,0.14,6,0.1428571428571428,0,2,0,0,0,0,1,0,1,0,0,0,0,0,0,0.03737972400522218,Muito Baixo
25,60000,1.0,5000,7.29,0.08,3,0.0833333333333333,0,1,0,1,0,0,0,0,0,0,0,0,1,0,0,0.0004796590139259379,Muito Baixo
30,175000,1.0,18000,5.79,0.1,10,0.1028571428571428,0,1,0,0,0,0,1,0,1,0,0,0,0,0,0,0.005131494872999567,Muito Baixo
26,34000,4.0,4200,16.82,0.12,3,0.1235294117647058,1,5,1,0,0,0,1,0,0,0,0,1,0,1,1,0.5311051658881515,Moderado
29,23850,0.0,6075,10.99,0.25,5,0.2547169811320754,0,2,0,0,0,0,1,0,0,0,0,1,0,0,0,0.17377400040856963,Muito Baixo
23,85000,8.0,5000,14.35,0.06,2,0.0588235294117647,1,3,1,1,0,0,0,1,0,0,0,0,0,0,0,0.1429453988114674,Muito Baixo
24,118068,0.0,4000,10.51,0.03,3,0.0338787817190093,0,2,0,0,0,0,1,1,0,0,0,0,0,1,0,0.020845402189750055,Muito Baixo
22,62400,6.0,9000,8.49,0.14,3,0.1442307692307692,0,1,0,0,0,0,1,0,0,0,0,0,1,0,0,0.002371409975591061,Muito Baixo
35,32900,4.0,4800,13.23,0.15,8,0.1458966565349544,1,3,1,0,0,0,1,0,0,1,0,0,0,1,1,0.8959329437283088,Muito Alto
25,32500,9.0,3600,10.99,0.11,4,0.1107692307692307,0,2,0,0,0,1,0,0,0,0,1,0,0,0,0,0.0013820015215453838,Muito Baixo
27,40000,4.0,10000,15.31,0.25,7,0.25,1,4,0,0,0,0,1,0,0,0,0,0,1,0,0,0.30766908666462617,Baixo
22,52800,6.0,7000,6.76,0.13,2,0.1325757575757575,0,1,0,1,0,0,0,0,0,0,0,1,0,0,0,0.046104257061047885,Muito Baixo
24,44000,2.0,10000,7.49,0.23,2,0.2272727272727272,0,1,0,0,0,0,1,0,0,0,0,1,0,0,0,0.17022499077006456,Muito Baixo
26,33189,4.0,3000,11.12,0.09,2,0.0903913947392208,1,2,0,0,0,0,1,0,1,0,0,0,0,0,0,0.19518968509696194,Muito Baixo
25,150000,9.0,12500,11.58,0.08,4,0.0833333333333333,1,2,0,1,0,0,0,0,0,0,1,0,0,0,0,0.05772358156013256,Muito Baixo
25,57300,2.0,10400,11.66,0.18,4,0.181500872600349,1,3,1,0,0,0,1,0,0,1,0,0,0,0,0,0.2091821236096463,Baixo
27,83604,2.0,11000,9.76,0.13,7,0.1315726520262188,0,2,0,0,0,0,1,0,0,0,1,0,0,0,0,0.020130815654942145,Muito Baixo
25,130000,9.0,15000,11.89,0.12,2,0.1153846153846153,1,2,0,1,0,0,0,0,0,0,0,1,0,0,0,0.0422653302798588,Muito Baixo
25,36000,10.0,11200,9.76,0.31,2,0.3111111111111111,0,2,0,0,0,1,0,0,0,0,1,0,0,0,0,0.0010015572772994364,Muito Baixo
39,57000,0.0,3000,9.63,0.05,14,0.0526315789473684,0,1,0,1,0,0,0,1,0,0,0,0,0,0,0,0.04584765500177788,Muito Baixo
24,175000,3.0,8000,11.14,0.05,4,0.0457142857142857,1,2,0,0,0,1,0,0,0,0,0,0,1,0,0,9.851155342028963e-06,Muito Baixo
29,37500,7.0,3300,10.37,0.09,8,0.088,0,2,0,0,0,0,1,0,1,0,0,0,0,0,0,0.1731075541292052,Muito Baixo
27,82000,4.0,19200,9.99,0.23,8,0.2341463414634146,0,2,0,0,0,0,1,1,0,0,0,0,0,0,0,0.08072152885371779,Muito Baixo
25,55000,9.0,14000,6.62,0.25,2,0.2545454545454545,0,1,0,0,0,0,1,0,0,1,0,0,0,0,0,0.09137444048344492,Muito Baixo
24,96000,8.0,2000,10.38,0.02,3,0.0208333333333333,0,2,0,1,0,0,0,0,0,0,1,0,0,0,0,0.15808267949459034,Muito Baixo
26,75000,4.0,12000,6.92,0.16,4,0.16,0,1,0,1,0,0,0,0,1,0,0,0,0,0,0,0.023543710238983388,Muito Baixo
28,33900,6.0,10000,15.58,0.29,6,0.2949852507374631,1,4,0,0,0,0,1,0,1,0,0,0,0,0,1,0.5459879070105059,Moderado
36,70000,6.0,6000,5.42,0.09,16,0.0857142857142857,0,1,0,1,0,0,0,1,0,0,0,0,0,0,0,0.027845663156425664,Muito Baixo
22,78000,6.0,16000,16.45,0.21,2,0.2051282051282051,1,5,1,1,0,0,0,0,1,0,0,0,0,0,0,0.13427351082730526,Muito Baixo
24,57000,5.0,8000,5.42,0.14,3,0.1403508771929824,0,1,0,1,0,0,0,0,1,0,0,0,0,0,0,0.026467357529646154,Muito Baixo
29,69000,11.0,6000,11.12,0.09,5,0.0869565217391304,1,2,0,0,0,1,0,0,0,0,0,1,0,0,0,0.000978137322246833,Muito Baixo
28,52000,12.0,5000,11.36,0.1,7,0.0961538461538461,1,2,0,0,0,0,1,0,0,1,0,0,0,1,0,0.20293133528314378,Baixo
27,42000,1.0,3000,11.83,0.07,9,0.0714285714285714,1,2,0,0,0,0,1,0,0,0,0,1,0,0,0,0.1424520790945573,Muito Baixo
36,17640,4.0,5875,7.9,0.33,12,0.3330498866213152,0,1,0,0,0,1,0,0,0,1,0,0,0,1,1,0.9977320209169463,Muito Alto
22,45000,0.0,20000,7.9,0.44,4,0.4444444444444444,0,1,0,0,0,0,1,0,1,0,0,0,0,1,1,0.9926883252296577,Muito Alto
22,75000,6.0,2000,13.43,0.03,3,0.0266666666666666,1,3,0,0,0,0,1,0,1,0,0,0,0,0,0,0.03641277583961076,Muito Baixo
23,39456,7.0,14000,7.29,0.35,3,0.3548256285482563,0,1,0,0,0,1,0,0,1,0,0,0,0,0,0,0.0014388957216220507,Muito Baixo
27,60000,1.0,20000,10.99,0.33,6,0.3333333333333333,0,2,0,0,0,0,1,0,1,0,0,0,0,1,1,0.9882403166553053,Muito Alto
23,44000,7.0,8500,7.14,0.19,3,0.1931818181818181,0,1,0,1,0,0,0,0,0,0,0,1,0,1,0,0.1882155242114495,Muito Baixo
21,57192,0.0,8000,7.49,0.14,3,0.1398797034550286,0,1,0,1,0,0,0,0,0,0,1,0,0,0,0,0.05970874439169787,Muito Baixo
29,72500,1.0,7000,7.29,0.1,5,0.096551724137931,0,1,0,0,0,0,1,0,0,0,0,1,0,0,0,0.037314399992920994,Muito Baixo
48,32304,22.0,15000,9.63,0.46,17,0.4643387815750371,0,2,0,1,0,0,0,0,0,0,1,0,0,0,0,0.29880369871061585,Baixo
26,42900,3.0,10000,15.31,0.23,3,0.2331002331002331,1,4,0,0,0,0,1,0,0,0,0,1,0,0,0,0.20770603969154908,Baixo
27,34000,1.0,16750,10.59,0.49,6,0.4926470588235294,0,2,0,0,0,1,0,0,0,0,0,1,0,0,0,0.001998743904554814,Muito Baixo
24,71000,8.0,3500,11.49,0.05,2,0.0492957746478873,1,2,0,1,0,0,0,0,1,0,0,0,0,0,0,0.09750298256584758,Muito Baixo
24,10800,8.0,5000,7.88,0.46,2,0.4629629629629629,0,1,0,0,0,0,1,0,0,0,0,0,1,1,1,0.9999676853180448,Muito Alto
23,42000,2.0,1500,6.17,0.04,3,0.0357142857142857,0,1,0,1,0,0,0,0,0,0,0,0,1,0,0,0.0003931209486851998,Muito Baixo
25,62400,4.0,15000,17.58,0.24,3,0.2403846153846154,1,4,0,0,0,1,0,1,0,0,0,0,0,0,0,0.024375321430270262,Muito Baixo
29,64320,13.0,8000,6.03,0.12,9,0.1243781094527363,0,1,0,1,0,0,0,0,0,0,1,0,0,0,0,0.016729957910316253,Muito Baixo
27,75000,9.0,10000,9.63,0.13,9,0.1333333333333333,0,2,0,0,0,0,1,0,1,0,0,0,0,0,0,0.05995295527981767,Muito Baixo
25,31500,8.0,14850,8.9,0.47,4,0.4714285714285714,0,1,0,0,0,0,1,1,0,0,0,0,0,1,1,0.9939627864016639,Muito Alto
25,98000,9.0,25000,16.45,0.26,4,0.2551020408163265,1,5,0,1,0,0,0,0,0,1,0,0,0,1,0,0.1881984449903925,Muito Baixo
25,44000,1.0,2800,6.92,0.06,3,0.0636363636363636,0,1,0,0,0,0,1,0,1,0,0,0,0,0,0,0.14470716719766663,Muito Baixo
23,18000,3.0,4000,5.99,0.22,2,0.2222222222222222,0,1,0,0,0,1,0,0,1,0,0,0,0,1,1,0.9962209630077707,Muito Alto
24,55000,0.0,4200,15.23,0.08,3,0.0763636363636363,1,3,1,1,0,0,0,0,0,1,0,0,0,0,0,0.14211419480297718,Muito Baixo
26,43873,4.0,17500,16.32,0.4,3,0.398878581359834,1,4,0,0,0,1,0,0,0,1,0,0,0,0,0,0.0030440941817896977,Muito Baixo
22,28000,3.0,3200,10.59,0.11,2,0.1142857142857142,0,2,0,0,0,0,1,0,1,0,0,0,0,0,0,0.0830359148817997,Muito Baixo
23,56000,7.0,4000,15.23,0.07,4,0.0714285714285714,1,3,1,0,0,0,1,0,0,0,0,0,1,0,0,0.16835986071866427,Muito Baixo
22,12000,7.0,1500,14.84,0.13,3,0.125,1,4,1,1,0,0,0,0,1,0,0,0,0,0,0,0.2615386661616898,Baixo
31,30000,2.0,4800,14.84,0.16,8,0.16,1,4,1,0,0,0,1,0,0,0,0,1,0,1,1,0.9513283451469646,Muito Alto
52,29000,23.0,7000,7.49,0.24,20,0.2413793103448276,0,1,0,0,0,1,0,0,0,0,0,1,0,0,0,0.0023483303246999033,Muito Baixo
28,60000,0.0,16000,12.72,0.27,7,0.2666666666666666,1,3,0,0,0,1,0,0,0,0,0,1,0,0,0,0.000631024201061855,Muito Baixo
33,96000,0.0,8000,13.72,0.08,9,0.0833333333333333,1,3,0,1,0,0,0,0,0,0,0,0,1,0,0,0.03698608793823967,Muito Baixo
28,29004,5.0,4800,15.23,0.17,7,0.1654944145635084,1,3,1,0,0,0,1,0,0,0,0,0,1,0,0,0.4923297094915063,Moderado
28,120000,4.0,20000,14.26,0.17,7,0.1666666666666666,1,3,0,0,0,0,1,0,1,0,0,0,0,0,0,0.06545852522633193,Muito Baixo
24,61000,3.0,16400,10.99,0.27,4,0.2688524590163934,0,2,0,0,0,0,1,0,0,1,0,0,0,0,0,0.08141571859086465,Muito Baixo
28,55000,3.0,11000,7.49,0.2,5,0.2,0,1,0,0,0,0,1,0,0,0,1,0,0,0,0,0.020854143018848224,Muito Baixo
26,77368,1.0,15000,10.0,0.19,3,0.1938786061420742,0,2,0,0,0,0,1,0,0,0,0,0,1,0,0,0.002477508799720004,Muito Baixo
28,35000,2.0,7200,7.66,0.21,6,0.2057142857142857,0,1,0,0,0,0,1,0,0,0,1,0,0,0,0,0.028746236987218194,Muito Baixo
23,62000,7.0,11200,7.88,0.18,4,0.1806451612903225,0,1,0,1,0,0,0,0,0,0,0,0,1,0,0,0.000768994463725392,Muito Baixo
33,18000,3.0,3300,11.97,0.18,8,0.1833333333333333,1,3,0,0,0,0,1,0,1,0,0,0,0,1,1,0.9802504141527392,Muito Alto
25,52000,7.0,6000,7.66,0.12,2,0.1153846153846153,0,1,0,1,0,0,0,0,0,0,1,0,0,0,0,0.06212922823500666,Muito Baixo
33,125000,5.0,25000,11.36,0.2,5,0.2,1,2,0,0,0,0,1,1,0,0,0,0,0,0,0,0.05082916475298123,Muito Baixo
41,21600,2.0,4000,7.51,0.19,14,0.1851851851851851,0,1,0,0,0,0,1,0,0,0,1,0,0,0,0,0.02919449996892399,Muito Baixo
27,96000,1.0,25000,16.89,0.26,10,0.2604166666666667,1,4,1,0,0,0,1,0,0,0,0,0,1,1,1,0.9720117259315286,Muito Alto
23,113000,4.0,12000,7.66,0.11,4,0.1061946902654867,0,1,0,1,0,0,0,1,0,0,0,0,0,0,0,0.023351139563648045,Muito Baixo
35,250000,8.0,15000,9.88,0.06,9,0.06,0,2,0,0,0,1,0,0,0,0,0,0,1,0,0,1.3993321198796589e-05,Muito Baixo
24,70000,8.0,12000,10.65,0.17,3,0.1714285714285714,0,2,0,0,0,0,1,0,0,0,0,1,0,0,0,0.06115410981400237,Muito Baixo
24,62000,1.0,20000,7.49,0.32,4,0.3225806451612903,0,1,0,1,0,0,0,0,0,0,1,0,0,0,0,0.06742233976707541,Muito Baixo
28,78000,5.0,12000,5.79,0.15,5,0.1538461538461538,0,1,0,1,0,0,0,1,0,0,0,0,0,0,0,0.03893997037754961,Muito Baixo
24,24000,2.0,3500,15.65,0.15,3,0.1458333333333333,1,4,1,0,0,0,1,0,0,1,0,0,0,1,1,0.9966226767144226,Muito Alto
24,70000,2.0,6000,15.23,0.09,4,0.0857142857142857,1,3,0,1,0,0,0,0,1,0,0,0,0,0,0,0.09659350821612174,Muito Baixo
28,110000,2.0,10000,13.22,0.09,5,0.0909090909090909,1,3,0,0,0,0,1,0,0,1,0,0,0,0,0,0.08392587841818296,Muito Baixo
27,35000,1.0,3500,8.59,0.1,6,0.1,0,1,0,0,0,0,1,0,0,0,0,0,1,0,0,0.0016907298258939227,Muito Baixo
23,41004,1.0,4000,7.68,0.1,4,0.097551458394303,0,1,0,0,0,0,1,0,0,0,1,0,0,0,0,0.04831823688113837,Muito Baixo
27,46028,8.0,18000,10.74,0.39,9,0.3910663074650213,0,2,0,1,0,0,0,1,0,0,0,0,0,0,0,0.15519891415538148,Muito Baixo
26,132000,3.0,10200,7.9,0.08,2,0.0772727272727272,0,1,0,1,0,0,0,0,1,0,0,0,0,0,0,0.01870570507901787,Muito Baixo
23,130000,4.0,25000,16.02,0.19,2,0.1923076923076923,1,4,1,0,0,0,1,0,1,0,0,0,0,0,0,0.07207004749446079,Muito Baixo
34,90000,7.0,7000,5.79,0.08,8,0.0777777777777777,0,1,0,1,0,0,0,0,0,1,0,0,0,0,0,0.0034041753729575977,Muito Baixo
25,70000,9.0,12000,7.51,0.17,4,0.1714285714285714,0,1,0,1,0,0,0,0,0,0,0,1,0,0,0,0.03424473710932305,Muito Baixo
22,72955,6.0,7500,10.99,0.1,2,0.1028030978000137,0,2,0,1,0,0,0,0,0,0,0,1,0,1,0,0.14223251335236034,Muito Baixo
22,80000,3.0,8000,18.39,0.1,3,0.1,1,5,1,0,0,0,1,0,0,0,0,0,1,0,0,0.12287399352545271,Muito Baixo
29,62050,3.0,15000,15.95,0.21,8,0.24174053182917,1,5,1,0,0,0,1,0,0,0,1,0,0,1,1,0.97662790186896,Muito Alto
28,108000,6.0,27400,10.99,0.25,7,0.2537037037037037,0,2,0,1,0,0,0,0,1,0,0,0,0,0,0,0.08905224471928266,Muito Baixo
21,55000,3.0,6000,10.99,0.11,3,0.109090909090909,0,2,0,0,0,0,1,0,1,0,0,0,0,0,0,0.03246215150876473,Muito Baixo
21,30000,0.0,7125,7.51,0.24,4,0.2375,0,1,0,1,0,0,0,0,0,0,1,0,0,1,0,0.09529398615118703,Muito Baixo
31,56000,4.0,8000,8.59,0.14,6,0.1428571428571428,0,1,0,1,0,0,0,0,0,0,1,0,0,0,0,0.15396773374850345,Muito Baixo
28,54000,13.0,6500,16.45,0.12,6,0.1203703703703703,1,5,1,0,0,1,0,1,0,0,0,0,0,1,1,0.9606355308868701,Muito Alto
29,55000,3.0,14000,11.48,0.25,7,0.2545454545454545,1,2,0,0,0,0,1,0,1,0,0,0,0,0,0,0.06618548643123152,Muito Baixo
31,39996,4.0,2400,10.99,0.06,10,0.06000600060006,0,2,0,0,0,0,1,0,1,0,0,0,0,0,0,0.09037526726924863,Muito Baixo
25,123996,9.0,10000,6.54,0.08,3,0.080647762831059,0,1,0,0,0,1,0,0,0,1,0,0,0,0,0,0.00040134737558446173,Muito Baixo
28,36000,0.0,8000,12.84,0.22,6,0.2222222222222222,1,3,0,0,0,0,1,0,0,0,1,0,0,0,0,0.08400749471906456,Muito Baixo
22,47000,7.0,10600,15.96,0.23,4,0.225531914893617,1,3,1,1,0,0,0,0,0,0,0,1,0,0,0,0.19453019296906784,Muito Baixo
30,48000,4.0,8500,7.49,0.18,8,0.1770833333333333,0,1,0,1,0,0,0,0,0,0,0,1,0,0,0,0.05931065350822951,Muito Baixo
23,34000,7.0,10950,7.29,0.32,2,0.3220588235294118,0,1,0,0,0,1,0,0,1,0,0,0,0,0,0,0.003633019291364576,Muito Baixo
43,112000,14.0,25000,14.96,0.22,15,0.2232142857142857,1,4,1,1,0,0,0,0,0,0,0,1,0,0,0,0.11822560640388005,Muito Baixo
22,48000,6.0,15000,7.51,0.31,2,0.3125,0,1,0,0,0,0,1,0,1,0,0,0,0,1,1,0.9845453681658518,Muito Alto
39,64000,2.0,8750,16.82,0.14,13,0.13671875,1,5,1,1,0,0,0,1,0,0,0,0,0,1,1,0.9970337303934058,Muito Alto
25,80000,2.0,22000,11.48,0.28,3,0.275,1,2,0,1,0,0,0,0,1,0,0,0,0,0,0,0.027433929221099478,Muito Baixo
29,91500,2.0,4500,10.65,0.05,5,0.0491803278688524,0,2,0,0,0,0,1,0,0,0,1,0,0,0,0,0.02369226658619637,Muito Baixo
25,23400,3.0,4000,12.42,0.17,3,0.1709401709401709,1,2,0,0,0,0,1,0,0,0,1,0,0,0,0,0.09515831747940875,Muito Baixo
22,52000,6.0,12000,6.62,0.23,3,0.2307692307692307,0,1,0,1,0,0,0,0,0,0,0,0,1,0,0,0.0005303066022691913,Muito Baixo
24,39000,1.0,12000,14.11,0.31,2,0.3076923076923077,1,4,0,1,0,0,0,0,1,0,0,0,0,1,0,0.34072064693522314,Baixo
26,75000,8.0,7200,15.23,0.1,4,0.096,1,3,0,1,0,0,0,1,0,0,0,0,0,0,0,0.4764068119330912,Moderado
27,56244,11.0,12000,14.22,0.21,8,0.2133560913164071,1,3,0,1,0,0,0,0,0,1,0,0,0,0,0,0.29315743491170915,Baixo
26,88000,10.0,10000,12.69,0.11,4,0.1136363636363636,1,2,0,0,0,0,1,0,0,0,0,1,0,0,0,0.13101546494565885,Muito Baixo
29,60000,4.0,5500,10.74,0.09,6,0.0916666666666666,0,2,0,0,0,0,1,0,0,1,0,0,0,0,0,0.050040196260782384,Muito Baixo
29,89520,13.0,8000,13.23,0.09,5,0.0893655049151027,1,3,1,0,0,1,0,0,1,0,0,0,0,0,0,0.0005049864624398047,Muito Baixo
37,42000,0.0,12000,7.49,0.29,14,0.2857142857142857,0,1,0,0,0,0,1,0,0,0,1,0,0,0,0,0.009507131007461967,Muito Baixo
22,85000,4.0,7000,6.91,0.08,3,0.0823529411764705,0,1,0,1,0,0,0,0,0,0,0,0,1,0,0,0.0002951614471891968,Muito Baixo
22,43000,0.0,6650,10.37,0.15,3,0.1546511627906976,0,2,0,1,0,0,0,0,0,0,0,1,0,0,0,0.0657895707632502,Muito Baixo
30,105000,14.0,13000,10.25,0.12,9,0.1238095238095238,0,2,0,1,0,0,0,0,0,1,0,0,0,0,0,0.036677970063587716,Muito Baixo
37,50000,6.0,16000,10.99,0.32,12,0.32,0,2,0,1,0,0,0,0,0,0,1,0,0,0,0,0.05135050360400444,Muito Baixo
23,120000,7.0,25000,9.99,0.21,2,0.2083333333333333,0,2,0,0,0,0,1,0,1,0,0,0,0,0,0,0.028003453307954656,Muito Baixo
25,153000,9.0,7500,11.71,0.05,3,0.0490196078431372,1,2,0,1,0,0,0,0,1,0,0,0,0,0,0,0.04130083081066674,Muito Baixo
24,135000,8.0,16000,10.62,0.12,2,0.1185185185185185,0,2,0,0,0,0,1,0,0,0,0,0,1,0,0,0.001433247419159518,Muito Baixo
32,75250,1.0,4000,12.99,0.05,7,0.0531561461794019,1,3,0,0,0,0,1,1,0,0,0,0,0,0,0,0.052893213679595215,Muito Baixo
33,143004,17.0,10000,6.99,0.07,9,0.0699281138989119,0,1,0,1,0,0,0,0,0,0,0,0,1,0,0,0.0004226379048268521,Muito Baixo
31,40000,5.0,14000,6.03,0.35,7,0.35,0,1,0,1,0,0,0,0,0,1,0,0,0,0,0,0.04289320925098985,Muito Baixo
24,74000,8.0,35000,20.11,0.47,3,0.4729729729729729,1,7,0,0,0,1,0,1,0,0,0,0,0,1,1,0.9945087135487471,Muito Alto
47,50000,3.0,4000,13.48,0.08,12,0.08,1,3,1,1,0,0,0,0,1,0,0,0,0,0,0,0.04714389622196597,Muito Baixo
24,22000,4.0,2200,7.49,0.1,3,0.1,0,1,0,0,0,0,1,0,0,0,1,0,0,0,0,0.08867448141564893,Muito Baixo
24,62500,2.0,6000,5.79,0.1,3,0.096,0,1,0,1,0,0,0,0,1,0,0,0,0,0,0,0.009196675653431196,Muito Baixo
29,125000,12.0,25000,10.62,0.2,8,0.2,0,2,0,1,0,0,0,0,0,0,0,1,0,0,0,0.06779624813938805,Muito Baixo
22,36000,0.0,2000,7.49,0.06,4,0.0555555555555555,0,1,0,1,0,0,0,0,0,0,0,1,0,0,0,0.05159390525909095,Muito Baixo
27,52000,4.0,8000,8.9,0.15,10,0.1538461538461538,0,1,0,1,0,0,0,1,0,0,0,0,0,0,0,0.04355645936077876,Muito Baixo
27,28800,6.0,5000,14.96,0.17,5,0.1736111111111111,1,4,1,0,0,0,1,0,0,0,1,0,0,0,1,0.6837871746492737,Alto
33,84996,2.0,4000,8.59,0.05,6,0.0470610381665019,0,1,0,0,0,0,1,0,1,0,0,0,0,0,0,0.017790430810984022,Muito Baixo
23,145000,0.0,14400,5.79,0.1,4,0.0993103448275862,0,1,0,1,0,0,0,0,1,0,0,0,0,0,0,0.00429551031485694,Muito Baixo
26,45996,5.0,9225,7.49,0.2,2,0.2005609183407252,0,1,0,0,0,1,0,0,0,1,0,0,0,0,0,0.0015814565248995687,Muito Baixo
26,31000,5.0,8000,14.27,0.26,3,0.2580645161290322,1,3,1,0,0,0,1,0,0,1,0,0,0,1,1,0.9454666630995131,Muito Alto
31,123000,2.0,7000,8.49,0.06,10,0.056910569105691,0,1,0,0,0,0,1,0,0,0,0,0,1,0,0,0.0008604761789725593,Muito Baixo
24,185000,4.0,35000,12.42,0.19,2,0.1891891891891892,1,2,0,1,0,0,0,0,1,0,0,0,0,0,0,0.02584417309079119,Muito Baixo
30,36000,5.0,4800,7.49,0.13,6,0.1333333333333333,0,1,0,0,0,1,0,0,0,0,0,0,1,0,0,1.29842077563705e-05,Muito Baixo
31,47500,2.0,10000,15.96,0.21,6,0.2105263157894736,1,3,0,0,0,0,1,0,0,0,0,0,1,0,0,0.4088398051446072,Moderado
27,110000,5.0,18000,9.91,0.16,5,0.1636363636363636,0,2,0,0,0,0,1,0,0,0,1,0,0,0,0,0.019794865655185942,Muito Baixo
32,65453,15.0,5000,11.28,0.06,9,0.0763906925580187,1,3,1,0,0,0,1,0,0,0,1,0,0,1,0,0.355498743830267,Baixo
26,43200,11.0,6000,12.87,0.14,3,0.1388888888888889,1,3,0,1,0,0,0,0,0,0,0,0,1,0,0,0.11795069775859497,Muito Baixo
23,45000,0.0,6225,11.54,0.14,4,0.1383333333333333,1,3,1,0,0,0,1,0,0,0,0,0,1,0,0,0.04319272772064151,Muito Baixo
30,75000,2.0,6000,12.68,0.08,5,0.08,1,3,1,0,0,0,1,1,0,0,0,0,0,0,0,0.035163624201907474,Muito Baixo
22,68250,4.0,6000,19.13,0.09,3,0.0879120879120879,1,6,1,0,0,0,1,0,1,0,0,0,0,0,0,0.16712517039346986,Muito Baixo
28,55000,4.0,10650,11.58,0.19,8,0.1936363636363636,1,2,0,1,0,0,0,0,0,0,0,0,1,0,0,0.0019590325290782472,Muito Baixo
26,104000,0.0,20000,10.74,0.19,2,0.1923076923076923,0,2,0,0,0,0,1,1,0,0,0,0,0,0,0,0.02917199127248569,Muito Baixo
24,111239,1.0,14000,7.9,0.13,4,0.1258551407330163,0,1,0,1,0,0,0,0,1,0,0,0,0,0,0,0.01277250668280959,Muito Baixo
25,145000,7.0,12000,5.79,0.08,2,0.0827586206896551,0,1,0,1,0,0,0,0,0,0,1,0,0,0,0,0.0048068045637886195,Muito Baixo
29,26280,0.0,7000,10.99,0.27,9,0.2663622526636225,0,2,0,0,0,0,1,0,1,0,0,0,0,0,0,0.13801740977972746,Muito Baixo
24,96000,1.0,17400,10.37,0.18,2,0.18125,0,2,0,0,0,0,1,1,0,0,0,0,0,0,0,0.021121095212369052,Muito Baixo
32,17040,4.0,2500,7.51,0.15,10,0.1467136150234742,0,1,0,0,0,0,1,0,1,0,0,0,0,0,0,0.05527312586875877,Muito Baixo
26,32640,7.0,3000,10.75,0.09,2,0.0919117647058823,0,2,0,0,0,0,1,0,0,0,0,0,1,0,0,0.005775643374123603,Muito Baixo
24,32700,8.0,4200,7.29,0.13,2,0.128440366972477,0,1,0,0,0,1,0,0,1,0,0,0,0,0,0,0.0008411218898256566,Muito Baixo
54,29000,7.0,2500,11.71,0.09,28,0.0862068965517241,1,2,0,1,0,0,0,0,0,0,0,1,0,0,0,0.24736878220348762,Baixo
26,94000,1.0,5000,7.68,0.05,3,0.0531914893617021,0,1,0,1,0,0,0,0,0,0,1,0,0,0,0,0.010589952307577796,Muito Baixo
23,96000,3.0,12000,16.82,0.13,2,0.125,1,5,1,0,1,0,0,0,1,0,0,0,0,0,0,0.03473485304645965,Muito Baixo
25,87996,0.0,20000,16.35,0.23,3,0.2272830583208327,1,5,0,0,0,0,1,0,0,1,0,0,0,1,1,0.9530566179504862,Muito Alto
32,33078,4.0,10000,7.51,0.3,8,0.3023157385573493,0,1,0,0,0,0,1,0,0,0,0,1,0,0,0,0.2589092057866842,Baixo
27,130000,12.0,5000,8.63,0.04,5,0.0384615384615384,0,1,0,1,0,0,0,0,0,0,0,1,0,0,0,0.07342224096610159,Muito Baixo
33,158000,11.0,15000,16.32,0.09,5,0.0949367088607595,1,5,1,1,0,0,0,0,0,0,0,1,0,1,0,0.06746072264654843,Muito Baixo
27,37200,0.0,13500,10.78,0.36,6,0.3629032258064516,0,3,0,0,0,0,1,0,0,0,1,0,0,1,1,0.9914468669066568,Muito Alto
38,117960,0.0,12000,7.49,0.1,17,0.1017293997965412,0,1,0,1,0,0,0,0,0,0,1,0,0,0,0,0.013945332014346485,Muito Baixo
24,45000,2.0,4700,10.96,0.1,2,0.1044444444444444,0,2,0,0,0,0,1,1,0,0,0,0,0,0,0,0.043346036496462056,Muito Baixo
23,50000,4.0,6000,13.49,0.12,3,0.12,1,3,0,0,0,0,1,0,0,0,0,0,1,0,0,0.0598097370781612,Muito Baixo
27,102000,1.0,15000,12.84,0.15,8,0.1470588235294117,1,3,0,1,0,0,0,0,0,0,0,0,1,0,0,0.04617714622375544,Muito Baixo
23,81600,3.0,11000,10.99,0.13,3,0.1348039215686274,0,2,0,0,0,0,1,0,0,0,0,1,0,0,0,0.06788989260256388,Muito Baixo
30,27000,4.0,4200,7.88,0.16,9,0.1555555555555555,0,1,0,0,0,1,0,0,0,1,0,0,0,0,0,0.002058192111437089,Muito Baixo
23,77000,3.0,1150,10.95,0.01,2,0.0149350649350649,0,2,0,0,0,0,1,0,0,0,0,0,1,0,0,0.0015372423229146205,Muito Baixo
36,24000,18.0,6200,10.65,0.26,16,0.2583333333333333,0,2,0,1,0,0,0,0,0,0,0,0,1,0,0,0.0014778899303041185,Muito Baixo
23,27000,6.0,10000,10.65,0.37,3,0.3703703703703703,0,2,0,0,0,0,1,0,0,0,1,0,0,1,1,0.9955184503442221,Muito Alto
32,59363,2.0,6000,13.22,0.1,6,0.1010730589761299,1,3,1,0,0,0,1,0,0,0,1,0,0,0,0,0.08959038989369267,Muito Baixo
21,26400,6.0,3500,8.49,0.13,3,0.1325757575757575,0,1,0,0,0,0,1,1,0,0,0,0,0,1,0,0.19758675898217298,Muito Baixo
21,45000,3.0,4500,7.14,0.1,2,0.1,0,1,0,1,0,0,0,0,0,0,1,0,0,0,0,0.04730869832008762,Muito Baixo
40,50000,1.0,12000,10.99,0.24,15,0.24,0,2,0,1,0,0,0,0,1,0,0,0,0,0,0,0.031706302529267205,Muito Baixo
28,35000,5.0,10000,7.51,0.29,7,0.2857142857142857,0,1,0,0,0,1,0,0,1,0,0,0,0,0,0,0.0003221054652943434,Muito Baixo
38,78000,19.0,4575,7.74,0.06,14,0.0586538461538461,0,1,0,1,0,0,0,0,0,0,0,0,1,0,0,0.0012780462586165992,Muito Baixo
34,79000,1.0,4800,9.32,0.06,6,0.060759493670886,0,1,0,1,0,0,0,0,0,0,0,1,0,0,0,0.10760110396286987,Muito Baixo
24,36816,0.0,8000,10.65,0.22,4,0.2172968274663189,0,2,0,0,0,0,1,0,0,0,0,1,0,1,0,0.1370717838332871,Muito Baixo
32,135000,10.0,10000,10.99,0.07,6,0.074074074074074,0,2,0,1,0,0,0,0,0,0,0,1,0,0,0,0.07776122007794005,Muito Baixo
30,21300,1.0,4000,12.87,0.19,7,0.1877934272300469,1,3,1,0,0,0,1,1,0,0,0,0,0,0,0,0.13701620547994425,Muito Baixo
27,130000,9.0,9000,7.05,0.07,6,0.0692307692307692,0,1,0,0,0,0,1,0,0,1,0,0,0,0,0,0.03854340129817243,Muito Baixo
38,120000,2.0,24250,10.99,0.2,12,0.2020833333333333,0,2,0,1,0,0,0,1,0,0,0,0,0,0,0,0.029789088582749344,Muito Baixo
24,50000,0.0,2800,5.79,0.06,2,0.056,0,1,0,0,0,0,1,1,0,0,0,0,0,0,0,0.006807730133460958,Muito Baixo
25,34000,9.0,2000,7.66,0.06,4,0.0588235294117647,0,1,0,1,0,0,0,0,0,0,1,0,0,1,0,0.2007091322045137,Baixo
25,65000,1.0,15000,11.12,0.23,4,0.2307692307692307,1,2,0,1,0,0,0,0,0,0,0,1,0,0,0,0.0677000698354763,Muito Baixo
31,294000,7.0,12000,8.94,0.04,6,0.0408163265306122,0,1,0,1,0,0,0,0,0,0,0,0,1,0,0,0.0014447681855922205,Muito Baixo
28,63000,12.0,18000,10.65,0.29,9,0.2857142857142857,0,2,0,0,0,0,1,0,0,1,0,0,0,0,0,0.10410046325364455,Muito Baixo
32,75000,5.0,16000,13.49,0.21,8,0.2133333333333333,1,3,0,1,0,0,0,0,0,0,0,0,1,0,0,0.055675863140561326,Muito Baixo
22,57204,6.0,9000,15.58,0.16,3,0.1573316551290119,1,4,1,1,0,0,0,0,1,0,0,0,0,0,0,0.1371095177180199,Muito Baixo
32,50004,5.0,2200,15.65,0.04,9,0.0439964802815774,1,4,1,0,0,0,1,0,1,0,0,0,0,0,0,0.1198760381191206,Muito Baixo
30,50000,11.0,10000,10.99,0.2,6,0.2,0,2,0,1,0,0,0,0,0,0,1,0,0,0,0,0.0946913891433013,Muito Baixo
26,76160,10.0,7400,7.51,0.1,2,0.0971638655462184,0,1,0,1,0,0,0,0,1,0,0,0,0,0,0,0.0592944508644122,Muito Baixo
24,18000,0.0,6250,6.54,0.35,4,0.3472222222222222,0,1,0,0,0,1,0,0,0,1,0,0,0,1,1,0.9985552585711822,Muito Alto
27,55000,1.0,17000,7.88,0.31,5,0.3090909090909091,0,1,0,0,0,0,1,0,1,0,0,0,0,1,1,0.9798304214997776,Muito Alto
41,48000,7.0,8000,5.99,0.17,15,0.1666666666666666,0,1,0,0,0,0,1,0,1,0,0,0,0,0,0,0.02228877766855035,Muito Baixo
33,102996,4.0,6000,7.49,0.06,8,0.0582546895025049,0,1,0,1,0,0,0,0,1,0,0,0,0,0,0,0.0070839089157030645,Muito Baixo
42,25000,4.0,10000,6.99,0.4,17,0.4,0,1,0,0,0,0,1,0,0,0,1,0,0,1,1,0.9917306267481895,Muito Alto
44,80000,28.0,25000,15.33,0.31,11,0.3125,1,4,0,1,0,0,0,0,0,1,0,0,0,0,0,0.15285697883820162,Muito Baixo
25,30000,4.0,10625,16.49,0.35,4,0.3541666666666667,1,4,0,1,0,0,0,0,1,0,0,0,0,0,0,0.2780140347071031,Baixo
28,103000,0.0,8000,14.61,0.08,10,0.0776699029126213,1,4,0,0,0,0,1,0,1,0,0,0,0,1,1,0.7828748522539462,Alto
32,101000,12.0,8000,11.49,0.08,5,0.0792079207920792,1,2,0,1,0,0,0,1,0,0,0,0,0,0,0,0.04545959285425956,Muito Baixo
43,86004,2.0,10000,9.99,0.12,14,0.1162736616901539,0,2,0,1,0,0,0,0,0,1,0,0,0,0,0,0.03381285317453807,Muito Baixo
21,40000,0.0,1775,6.54,0.04,3,0.044375,0,1,0,0,0,0,1,0,1,0,0,0,0,0,0,0.018343850925454756,Muito Baixo
23,130000,4.0,6800,8.49,0.05,3,0.0523076923076923,0,1,0,1,0,0,0,0,1,0,0,0,0,0,0,0.023216423462424456,Muito Baixo
22,52000,6.0,10000,13.87,0.19,2,0.1923076923076923,1,4,1,1,0,0,0,0,1,0,0,0,0,1,0,0.16521743034434833,Muito Baixo
22,37000,3.0,15000,10.25,0.41,4,0.4054054054054054,0,2,0,0,0,0,1,0,0,0,0,1,0,1,1,0.9965957428788739,Muito Alto
25,55000,4.0,9000,16.77,0.16,2,0.1636363636363636,1,4,1,1,0,0,0,0,0,0,1,0,0,1,1,0.9795204504024911,Muito Alto
23,24000,0.0,3050,7.49,0.13,4,0.1270833333333333,0,1,0,0,0,0,1,0,0,0,1,0,0,0,0,0.05494659605482999,Muito Baixo
22,24000,6.0,10000,7.49,0.42,3,0.4166666666666667,0,1,0,0,0,0,1,1,0,0,0,0,0,1,1,0.9900178471153829,Muito Alto
32,41000,2.0,8000,15.05,0.2,9,0.1951219512195122,1,4,0,1,0,0,0,0,0,0,0,1,0,0,0,0.17819616345961364,Muito Baixo
21,18000,5.0,3375,10.99,0.19,2,0.1875,0,2,0,0,0,1,0,0,0,0,0,0,1,1,1,0.999196088877793,Muito Alto
23,75000,4.0,6000,13.98,0.08,2,0.08,1,3,1,0,0,0,1,0,0,0,0,1,0,0,0,0.09589875595765857,Muito Baixo
26,35000,3.0,7200,10.59,0.21,3,0.2057142857142857,0,2,0,1,0,0,0,0,0,0,0,1,0,0,0,0.04098680085294317,Muito Baixo
27,55200,4.0,4000,10.99,0.07,10,0.072463768115942,0,2,0,0,0,1,0,0,1,0,0,0,0,0,0,0.0008286922954824144,Muito Baixo
23,120000,7.0,8000,15.31,0.07,2,0.0666666666666666,1,4,1,1,0,0,0,0,0,1,0,0,0,1,1,0.9457669374528617,Muito Alto
23,33000,0.0,4600,11.71,0.14,3,0.1393939393939394,1,2,0,0,0,0,1,0,1,0,0,0,0,0,0,0.13339376116884952,Muito Baixo
27,37404,4.0,6000,5.42,0.16,6,0.1604106512672441,0,1,0,0,0,1,0,0,0,1,0,0,0,0,0,0.0013109504083478364,Muito Baixo
27,30000,0.0,14300,10.39,0.48,6,0.4766666666666667,0,2,0,0,0,0,1,0,0,0,1,0,0,1,1,0.9949161717577698,Muito Alto
28,96000,12.0,3000,9.63,0.03,7,0.03125,0,2,0,0,0,1,0,0,0,0,0,1,0,0,0,0.000320435074644665,Muito Baixo
23,28000,0.0,1250,10.99,0.04,4,0.0446428571428571,0,2,0,0,0,1,0,0,0,0,0,0,1,0,0,3.2485872840144344e-05,Muito Baixo
31,50000,5.0,4500,9.99,0.09,5,0.09,0,2,0,0,0,0,1,0,0,0,0,1,0,0,0,0.039971475120693746,Muito Baixo
23,30000,0.0,6500,7.74,0.22,4,0.2166666666666666,0,1,0,1,0,0,0,1,0,0,0,0,0,0,0,0.06071392148256023,Muito Baixo
43,400000,5.0,28000,9.91,0.07,11,0.07,0,2,0,1,0,0,0,0,0,1,0,0,0,0,0,0.06449931049281506,Muito Baixo
24,36000,4.0,14775,6.62,0.41,4,0.4104166666666666,0,1,0,1,0,0,0,0,0,1,0,0,0,0,0,0.3343957176820457,Baixo
31,34000,3.0,10000,13.85,0.29,6,0.2941176470588235,1,3,1,1,0,0,0,0,1,0,0,0,0,1,0,0.34742659310832946,Baixo
30,75000,7.0,20000,12.18,0.27,7,0.2666666666666666,1,2,0,0,0,0,1,0,0,0,1,0,0,0,0,0.04583419536356567,Muito Baixo
25,65004,10.0,2500,10.08,0.04,2,0.0384591717432773,0,2,0,0,0,0,1,0,0,0,1,0,0,0,0,0.04771243011591316,Muito Baixo
30,54000,9.0,15000,14.27,0.28,8,0.2777777777777778,1,3,1,0,0,0,1,0,0,1,0,0,0,1,0,0.4504984819166091,Moderado
28,200000,12.0,25000,7.9,0.13,9,0.125,0,1,0,1,0,0,0,0,1,0,0,0,0,0,0,0.04484388516556813,Muito Baixo
36,40000,0.0,5000,8.0,0.13,16,0.125,0,1,0,0,0,1,0,0,0,0,0,1,0,0,0,0.00029287828489389704,Muito Baixo
24,78000,8.0,3600,5.42,0.05,4,0.0461538461538461,0,1,0,1,0,0,0,1,0,0,0,0,0,0,0,0.033548324841656846,Muito Baixo
25,33600,9.0,7125,7.51,0.21,3,0.2120535714285714,0,1,0,1,0,0,0,0,0,0,1,0,0,0,0,0.1338295743571976,Muito Baixo
35,40000,3.0,11325,15.96,0.28,10,0.283125,1,3,1,0,0,1,0,0,0,0,0,1,0,0,0,0.0003172455906699418,Muito Baixo
24,55000,8.0,1800,7.49,0.03,3,0.0327272727272727,0,1,0,1,0,0,0,0,0,0,1,0,0,0,0,0.05224042933906849,Muito Baixo
28,120000,7.0,5000,10.65,0.04,6,0.0416666666666666,0,2,0,0,0,1,0,0,0,0,0,0,1,0,0,1.7108221142422594e-05,Muito Baixo
24,40000,5.0,8000,7.49,0.2,4,0.2,0,1,0,1,0,0,0,0,0,0,0,0,1,0,0,0.0005518021330004704,Muito Baixo
33,44000,6.0,4500,14.74,0.1,10,0.1022727272727272,1,4,0,1,0,0,0,1,0,0,0,0,0,1,1,0.9976989810955401,Muito Alto
32,93000,9.0,15000,12.99,0.16,10,0.1612903225806451,1,3,0,1,0,0,0,1,0,0,0,0,0,0,0,0.06090008512514659,Muito Baixo
23,120000,7.0,3600,10.59,0.03,4,0.03,0,2,0,0,0,1,0,0,0,0,0,0,1,0,0,1.4515291063996133e-05,Muito Baixo
48,32500,0.0,2000,17.27,0.06,16,0.0615384615384615,1,4,0,0,0,0,1,0,0,0,0,0,1,1,1,0.8290321262475595,Muito Alto
32,49000,2.0,12000,11.11,0.24,9,0.2448979591836734,1,2,0,0,0,0,1,0,0,1,0,0,0,1,1,0.5156022055830946,Moderado
41,21000,0.0,3000,10.99,0.14,15,0.1428571428571428,0,2,0,0,0,0,1,0,0,0,1,0,0,0,0,0.021601869369893133,Muito Baixo
23,36000,7.0,11000,10.99,0.31,3,0.3055555555555556,0,2,0,1,0,0,0,0,1,0,0,0,0,0,0,0.14027217405414807,Muito Baixo
31,61000,3.0,7500,13.48,0.12,10,0.1229508196721311,1,3,1,0,0,0,1,0,0,0,1,0,0,0,0,0.045197386237769165,Muito Baixo
26,26400,10.0,8500,13.23,0.32,3,0.3219696969696969,1,3,1,1,0,0,0,0,0,0,0,1,0,0,0,0.20365828389263937,Baixo
39,100000,9.0,3000,7.14,0.03,11,0.03,0,1,0,1,0,0,0,1,0,0,0,0,0,0,0,0.005225316571729736,Muito Baixo
23,60000,3.0,25000,12.73,0.42,3,0.4166666666666667,1,3,0,0,0,0,1,0,0,0,0,1,0,1,1,0.9936645853117999,Muito Alto
31,80004,9.0,5500,10.75,0.07,8,0.0687465626718664,0,2,0,1,0,0,0,0,0,0,1,0,0,0,0,0.02915633745820933,Muito Baixo
23,50000,5.0,10000,9.63,0.2,3,0.2,0,2,0,0,0,0,1,0,1,0,0,0,0,0,0,0.025377888286589413,Muito Baixo
23,100000,4.0,25000,17.14,0.25,2,0.25,1,5,1,1,0,0,0,0,0,0,0,0,1,0,0,0.16776261554533325,Muito Baixo
40,50000,5.0,6000,14.96,0.12,15,0.12,1,4,0,1,0,0,0,0,0,0,0,1,0,0,0,0.05423973627147949,Muito Baixo
33,125000,17.0,3000,7.75,0.02,8,0.024,0,1,0,0,0,1,0,0,0,0,0,1,0,0,0,0.0017312649868652765,Muito Baixo
22,64000,5.0,6600,8.9,0.1,4,0.103125,0,1,0,0,0,0,1,1,0,0,0,0,0,0,0,0.07765982952754018,Muito Baixo
41,14400,4.0,1800,10.99,0.13,17,0.125,0,2,0,0,0,0,1,0,0,0,0,1,0,0,0,0.2482446911243119,Baixo
22,89250,6.0,7500,13.24,0.07,2,0.0840336134453781,1,4,1,1,0,0,0,0,0,0,1,0,0,1,1,0.9724660587065954,Muito Alto
32,348000,16.0,25000,11.83,0.07,10,0.0718390804597701,1,2,0,1,0,0,0,0,0,0,0,1,0,0,0,0.08636768613100312,Muito Baixo
29,43000,13.0,10000,8.0,0.23,9,0.2325581395348837,0,1,0,1,0,0,0,0,0,0,1,0,0,0,0,0.07866647822602102,Muito Baixo
24,88000,8.0,25000,14.54,0.28,2,0.2840909090909091,1,4,0,1,0,0,0,0,0,1,0,0,0,0,0,0.20694890350349837,Baixo
23,60000,8.0,10000,10.99,0.17,3,0.1666666666666666,0,2,0,1,0,0,0,1,0,0,0,0,0,0,0,0.0574611218581338,Muito Baixo
25,54300,4.0,8000,6.92,0.15,4,0.147329650092081,0,1,0,1,0,0,0,0,0,0,0,1,0,0,0,0.06068719677351159,Muito Baixo
28,100000,7.0,18000,13.92,0.18,9,0.18,1,3,1,0,0,1,0,0,0,0,1,0,0,0,0,0.0005642716793538127,Muito Baixo
25,40000,9.0,8000,10.99,0.2,4,0.2,0,2,0,1,0,0,0,0,0,1,0,0,0,0,0,0.1215830856124919,Muito Baixo
25,21500,2.0,7500,11.34,0.35,2,0.3488372093023256,1,3,0,0,0,0,1,0,0,0,1,0,0,1,1,0.9843884402305364,Muito Alto
28,40000,9.0,19200,9.91,0.48,6,0.48,0,2,0,1,0,0,0,1,0,0,0,0,0,0,0,0.07502529030776335,Muito Baixo
25,46596,2.0,13200,12.53,0.28,4,0.28328611898017,1,2,0,0,0,0,1,1,0,0,0,0,0,0,0,0.10067691708071229,Muito Baixo
36,31200,9.0,3000,12.42,0.1,12,0.0961538461538461,1,2,0,0,0,0,1,0,0,0,0,1,0,0,0,0.26813141651793704,Baixo
23,120000,7.0,13000,11.71,0.11,4,0.1083333333333333,1,2,0,0,0,0,1,0,0,0,0,1,0,0,0,0.07366676975402862,Muito Baixo
33,64000,14.0,11000,15.68,0.17,5,0.171875,1,5,1,0,0,0,1,0,0,0,0,0,1,1,0,0.2853100357968911,Baixo
41,103000,2.0,20000,14.61,0.19,16,0.1941747572815534,1,4,1,1,0,0,0,1,0,0,0,0,0,1,1,0.9889958539814667,Muito Alto
23,98400,7.0,9000,6.62,0.09,4,0.0914634146341463,0,1,0,1,0,0,0,0,1,0,0,0,0,0,0,0.016365740205055813,Muito Baixo
22,28000,6.0,10000,5.42,0.36,3,0.3571428571428571,0,1,0,0,0,0,1,0,1,0,0,0,0,1,1,0.980085735441659,Muito Alto
23,37344,0.0,3200,12.68,0.09,4,0.0856898029134533,1,3,0,1,0,0,0,0,1,0,0,0,0,0,0,0.09535790806230862,Muito Baixo
22,71200,2.0,11000,12.42,0.15,2,0.1544943820224719,1,2,0,0,0,0,1,0,0,0,0,0,1,0,0,0.004282817962113441,Muito Baixo
24,85000,0.0,10000,10.0,0.12,4,0.1176470588235294,0,2,0,1,0,0,0,0,0,0,0,1,0,0,0,0.03602767307153071,Muito Baixo
35,60000,18.0,15000,13.43,0.25,5,0.25,1,3,0,0,0,0,1,0,0,1,0,0,0,0,0,0.1085126783201433,Muito Baixo
23,24972,4.0,2600,11.86,0.1,4,0.1041166106038763,1,2,0,0,0,1,0,0,0,0,0,0,1,0,0,4.60766868721343e-05,Muito Baixo
27,82000,11.0,10000,7.51,0.12,9,0.1219512195121951,0,1,0,1,0,0,0,0,0,0,0,1,0,0,0,0.04509143781917177,Muito Baixo
24,110000,1.0,12500,9.62,0.11,4,0.1136363636363636,0,2,0,0,0,0,1,1,0,0,0,0,0,0,0,0.01696509767564491,Muito Baixo
22,102996,6.0,8000,7.74,0.08,3,0.0776729193366732,0,1,0,1,0,0,0,0,0,0,1,0,0,0,0,0.013805023034394251,Muito Baixo
24,55000,3.0,15000,6.62,0.27,3,0.2727272727272727,0,1,0,1,0,0,0,0,0,0,0,1,0,0,0,0.05854802949043941,Muito Baixo
25,110000,7.0,8000,7.14,0.07,4,0.0727272727272727,0,1,0,1,0,0,0,0,1,0,0,0,0,0,0,0.01620686570504467,Muito Baixo
25,130000,5.0,3000,5.42,0.02,2,0.023076923076923,0,1,0,1,0,0,0,0,0,1,0,0,0,0,0,0.007991411402594269,Muito Baixo
24,135000,0.0,12500,13.48,0.09,4,0.0925925925925925,1,3,0,1,0,0,0,0,0,0,0,0,1,0,0,0.07457268811774212,Muito Baixo
25,90000,9.0,10000,12.42,0.11,2,0.1111111111111111,1,2,0,0,0,0,1,1,0,0,0,0,0,0,0,0.047525254260854716,Muito Baixo
33,48000,11.0,25000,9.99,0.52,10,0.5208333333333334,0,2,0,0,0,0,1,1,0,0,0,0,0,1,1,0.9875724584604194,Muito Alto
31,53000,2.0,7200,10.37,0.14,8,0.1358490566037735,0,2,0,1,0,0,0,0,0,0,1,0,0,0,0,0.10491314558701072,Muito Baixo
24,114000,8.0,4000,10.99,0.04,2,0.0350877192982456,0,2,0,1,0,0,0,0,0,0,0,0,1,0,0,0.0010971922815361486,Muito Baixo
24,42500,9.0,12000,11.36,0.28,2,0.2823529411764706,1,2,0,0,0,0,1,0,0,0,0,1,0,0,0,0.12903503293797436,Muito Baixo
24,30000,6.0,7750,16.82,0.26,2,0.2583333333333333,1,5,1,0,0,0,1,0,1,0,0,0,0,0,0,0.24756463661893757,Baixo
21,49000,2.0,16950,18.25,0.35,4,0.3459183673469387,1,4,1,0,0,0,1,0,0,0,0,1,0,1,1,0.9994211798688456,Muito Alto
27,81000,4.0,6000,11.86,0.07,10,0.074074074074074,1,2,0,0,0,0,1,0,0,0,0,0,1,0,0,0.006035496450159854,Muito Baixo
29,72000,6.0,16800,15.62,0.23,9,0.2333333333333333,1,4,0,1,0,0,0,0,0,0,0,0,1,0,0,0.18291098773998143,Muito Baixo
26,25000,0.0,7400,13.48,0.3,2,0.296,1,3,0,0,0,1,0,0,0,0,0,0,1,0,0,0.0007934039804401695,Muito Baixo
22,45996,0.0,3000,15.62,0.07,2,0.0652230628750326,1,4,1,0,0,0,1,0,0,0,1,0,0,1,1,0.9908628261134229,Muito Alto
35,22608,1.0,3500,14.22,0.15,9,0.1548124557678697,1,3,0,0,0,0,1,0,1,0,0,0,0,0,0,0.16867611745935068,Muito Baixo
25,45000,5.0,3800,10.65,0.08,3,0.0844444444444444,0,2,0,1,0,0,0,0,1,0,0,0,0,0,0,0.07831247218437003,Muito Baixo
22,25000,2.0,4000,12.69,0.16,3,0.16,1,2,0,0,0,0,1,0,0,0,0,0,1,0,0,0.012187349878601128,Muito Baixo
23,30000,6.0,4800,7.49,0.16,3,0.16,0,1,0,0,0,0,1,0,1,0,0,0,0,0,0,0.10636648931389577,Muito Baixo
23,18000,1.0,2500,15.95,0.14,2,0.1388888888888889,1,4,0,1,0,0,0,0,0,0,1,0,0,1,1,0.9699096005513106,Muito Alto
22,82000,2.0,1600,11.89,0.02,2,0.0195121951219512,1,2,0,0,0,0,1,0,1,0,0,0,0,0,0,0.013858362969915062,Muito Baixo
23,73185,7.0,7000,9.63,0.08,2,0.0956480153036824,0,2,0,1,0,0,0,0,0,0,1,0,0,1,0,0.24777064812586924,Baixo
32,43625,2.0,1500,10.99,0.03,10,0.0343839541547277,0,2,0,0,0,0,1,0,0,0,0,1,0,0,1,0.5915681617424001,Moderado
59,83768,15.0,12000,11.86,0.14,18,0.1432527934294718,1,2,0,1,0,0,0,0,0,0,0,1,0,0,0,0.05978433173538504,Muito Baixo
26,65000,3.0,12000,15.31,0.18,4,0.1846153846153846,1,4,1,0,0,0,1,0,0,0,0,0,1,0,0,0.1894422994788696,Muito Baixo
27,33600,2.0,6000,14.91,0.18,5,0.1785714285714285,1,4,1,0,0,0,1,0,0,0,0,1,0,1,1,0.9567758383310405,Muito Alto
26,36996,8.0,9600,11.97,0.26,4,0.2594875121634771,1,3,1,0,0,0,1,0,0,0,0,1,0,0,0,0.23800280184269265,Baixo
24,50000,5.0,22800,17.27,0.46,2,0.456,1,4,0,1,0,0,0,0,0,0,0,1,0,0,0,0.20015428289904194,Baixo
24,15915,0.0,2000,15.05,0.13,4,0.1256676091737354,1,4,1,0,0,0,1,0,0,0,0,1,0,1,1,0.9734890894610239,Muito Alto
53,138000,4.0,15000,12.69,0.11,21,0.108695652173913,1,2,0,0,0,0,1,0,0,0,0,1,0,1,0,0.15683844579228326,Muito Baixo
25,26000,4.0,8000,12.87,0.31,4,0.3076923076923077,1,3,0,0,0,0,1,0,0,0,1,0,0,1,1,0.987544898893781,Muito Alto
29,120000,3.0,20000,11.71,0.17,5,0.1666666666666666,1,2,0,1,0,0,0,0,1,0,0,0,0,0,0,0.02986597412013078,Muito Baixo
22,39000,5.0,9600,16.77,0.25,2,0.2461538461538461,1,4,1,0,0,0,1,0,0,0,0,1,0,1,0,0.2757761977242782,Baixo
25,56000,2.0,5000,10.99,0.09,4,0.0892857142857142,0,2,0,0,0,0,1,1,0,0,0,0,0,0,0,0.06728145837615271,Muito Baixo
37,186000,7.0,3000,6.39,0.02,13,0.0161290322580645,0,1,0,0,0,1,0,0,0,0,0,0,1,0,0,2.0534602818667515e-05,Muito Baixo
27,32000,0.0,9850,8.94,0.31,5,0.3078125,0,1,0,1,0,0,0,0,0,0,0,0,1,0,0,0.015577389735173239,Muito Baixo
44,140000,14.0,21500,11.83,0.15,11,0.1535714285714285,1,2,0,0,0,1,0,0,0,0,1,0,0,0,0,0.000594886833451071,Muito Baixo
29,92004,12.0,10000,9.63,0.11,6,0.1086909264814573,0,2,0,1,0,0,0,0,0,0,0,0,1,0,0,0.000759129905183054,Muito Baixo
22,116700,0.0,6000,8.49,0.05,4,0.0514138817480719,0,1,0,1,0,0,0,0,1,0,0,0,0,0,0,0.021895624332534194,Muito Baixo
23,92700,2.0,25000,10.99,0.27,4,0.2696871628910464,0,2,0,1,0,0,0,0,0,0,0,0,1,0,0,0.001566929494919909,Muito Baixo
27,107000,4.0,11500,8.38,0.11,10,0.1074766355140186,0,1,0,1,0,0,0,0,1,0,0,0,0,0,0,0.030311428945486343,Muito Baixo
28,130000,10.0,24000,11.83,0.18,10,0.1846153846153846,1,2,0,0,0,1,0,0,1,0,0,0,0,0,0,0.0006680511042393177,Muito Baixo
29,28800,1.0,1400,7.9,0.05,5,0.0486111111111111,0,1,0,0,0,0,1,0,0,0,0,0,1,0,0,0.007301285260726111,Muito Baixo
29,62400,3.0,8000,6.62,0.13,9,0.1282051282051282,0,1,0,0,0,0,1,0,0,1,0,0,0,0,0,0.03137754902975625,Muito Baixo
28,75000,13.0,20000,13.16,0.27,9,0.2666666666666666,1,3,0,0,0,0,1,0,0,1,0,0,0,0,0,0.20324776701133157,Baixo
22,108000,1.0,24150,14.96,0.22,3,0.2236111111111111,1,4,1,0,0,0,1,0,0,1,0,0,0,1,1,0.9987415500337825,Muito Alto
21,18000,5.0,7000,11.14,0.39,4,0.3888888888888889,1,2,0,0,0,0,1,0,0,1,0,0,0,1,1,0.9999810617059472,Muito Alto
33,44400,3.0,2000,14.22,0.05,6,0.045045045045045,1,3,1,1,0,0,0,0,0,0,1,0,0,1,0,0.24545754843227027,Baixo
25,33000,6.0,8000,6.62,0.24,4,0.2424242424242424,0,1,0,1,0,0,0,0,1,0,0,0,0,0,0,0.2610488657041092,Baixo
29,21000,2.0,8000,11.71,0.38,7,0.3809523809523809,1,2,0,0,0,0,1,0,1,0,0,0,0,1,1,0.9934422636582763,Muito Alto
22,34000,3.0,5000,8.0,0.15,4,0.1470588235294117,0,1,0,0,0,0,1,1,0,0,0,0,0,0,0,0.2282115464794921,Baixo
22,35004,0.0,10000,7.51,0.29,4,0.2856816363844132,0,1,0,0,0,1,0,0,0,0,1,0,0,0,0,0.000381774752849857,Muito Baixo
25,55000,0.0,20000,9.88,0.36,4,0.3636363636363636,0,2,0,0,0,0,1,0,0,0,0,0,1,1,1,0.9969707913868413,Muito Alto
21,75000,4.0,7125,9.99,0.1,4,0.095,0,2,0,1,0,0,0,0,1,0,0,0,0,0,0,0.0389132809865168,Muito Baixo
34,87360,11.0,12000,11.11,0.14,5,0.1373626373626373,1,2,0,1,0,0,0,0,0,0,0,1,0,0,0,0.08597798640267669,Muito Baixo
22,107000,6.0,24000,19.69,0.22,4,0.2242990654205607,1,5,1,1,0,0,0,0,0,1,0,0,0,1,1,0.9823318205620506,Muito Alto
32,95000,16.0,4000,7.49,0.04,8,0.0421052631578947,0,1,0,0,0,0,1,0,0,1,0,0,0,0,0,0.014738913036041763,Muito Baixo
36,42000,2.0,6000,10.59,0.14,13,0.1428571428571428,0,2,0,1,0,0,0,0,0,0,0,0,1,0,0,0.001145831504296348,Muito Baixo
27,17000,2.0,4000,14.42,0.24,8,0.2352941176470588,1,4,0,0,0,0,1,0,0,0,0,0,1,1,1,0.9955924236754008,Muito Alto
22,89000,6.0,16000,13.22,0.18,2,0.1797752808988764,1,3,0,1,0,0,0,0,0,0,0,0,1,0,0,0.09999157197768634,Muito Baixo
32,95000,3.0,18000,11.11,0.19,8,0.1894736842105263,1,2,0,1,0,0,0,0,0,0,0,1,0,0,0,0.022141903958272157,Muito Baixo
29,144000,11.0,7000,10.59,0.05,10,0.0486111111111111,0,2,0,1,0,0,0,0,0,0,1,0,0,0,0,0.027272800305519696,Muito Baixo
43,67000,0.0,4500,5.42,0.07,13,0.0671641791044776,0,1,0,0,0,0,1,0,0,0,1,0,0,0,0,0.002179935233587792,Muito Baixo
24,120000,9.0,15400,14.26,0.13,2,0.1283333333333333,1,3,0,0,0,0,1,0,0,0,1,0,0,0,0,0.11178483952895439,Muito Baixo
24,65000,9.0,4200,15.27,0.06,2,0.0646153846153846,1,3,0,1,0,0,0,0,0,0,0,1,0,0,0,0.08627871005290812,Muito Baixo
22,41000,6.0,5000,7.49,0.12,2,0.1219512195121951,0,1,0,0,0,0,1,0,0,0,0,0,1,0,0,0.0019648930988961717,Muito Baixo
42,82000,13.0,26800,16.82,0.33,15,0.3268292682926829,1,5,1,1,0,0,0,0,0,1,0,0,0,0,0,0.4532437513730379,Moderado
22,81000,6.0,24000,9.88,0.3,2,0.2962962962962963,0,2,0,1,0,0,0,0,1,0,0,0,0,0,0,0.03767734384076107,Muito Baixo
40,24000,3.0,2700,14.27,0.11,17,0.1125,1,3,1,0,0,0,1,0,0,0,0,0,1,0,0,0.07140570612287261,Muito Baixo
28,30000,2.0,10500,8.94,0.35,8,0.35,0,1,0,1,0,0,0,0,0,0,0,0,1,0,0,0.01220639542284474,Muito Baixo
21,43000,5.0,7000,6.62,0.16,4,0.1627906976744186,0,1,0,1,0,0,0,0,0,0,0,1,0,0,0,0.05713540729723349,Muito Baixo
22,42500,0.0,5000,12.98,0.12,4,0.1176470588235294,1,3,0,0,0,0,1,0,1,0,0,0,0,0,0,0.1099319396375879,Muito Baixo
34,70000,6.0,22000,19.91,0.31,8,0.3142857142857143,1,5,1,1,0,0,0,0,1,0,0,0,0,0,0,0.26692113481353974,Baixo
25,30000,9.0,3000,7.49,0.1,4,0.1,0,1,0,1,0,0,0,0,0,0,0,0,1,0,0,0.0015329293298617045,Muito Baixo
22,44582,6.0,4000,5.99,0.09,4,0.0897223094522453,0,1,0,0,0,0,1,0,0,1,0,0,0,1,1,0.9691061764404096,Muito Alto
22,69528,6.0,6000,12.99,0.09,3,0.0862961684501208,1,3,0,0,0,0,1,0,0,0,0,0,1,0,0,0.09135488897061152,Muito Baixo
27,24600,0.0,10000,7.49,0.41,8,0.4065040650406504,0,1,0,0,0,0,1,1,0,0,0,0,0,1,1,0.9894595043334209,Muito Alto
23,14000,4.0,3000,7.74,0.21,3,0.2142857142857142,0,1,0,0,0,0,1,0,0,0,0,0,1,1,1,0.9939407301703252,Muito Alto
29,136000,4.0,7775,14.96,0.06,5,0.0571691176470588,1,4,1,1,0,0,0,1,0,0,0,0,0,1,1,0.9908145254146148,Muito Alto
27,80000,0.0,8000,9.63,0.1,6,0.1,0,2,0,1,0,0,0,0,0,0,0,1,0,0,0,0.02724467056969529,Muito Baixo
27,39600,4.0,2500,20.86,0.06,8,0.0631313131313131,1,7,1,1,0,0,0,0,0,0,0,0,1,1,1,0.9175477043411389,Muito Alto
26,97000,3.0,21000,13.48,0.22,3,0.2164948453608247,1,3,1,0,0,0,1,0,1,0,0,0,0,0,0,0.1542758904870517,Muito Baixo
21,19012,0.0,3500,14.61,0.18,3,0.1840942562592047,1,4,0,1,0,0,0,1,0,0,0,0,0,1,1,0.9994248356200482,Muito Alto
26,159960,11.0,18325,7.49,0.11,3,0.1145598899724931,0,1,0,1,0,0,0,0,0,1,0,0,0,0,0,0.020828765047132637,Muito Baixo
53,24000,0.0,5000,14.42,0.21,27,0.2083333333333333,1,4,1,0,0,0,1,0,1,0,0,0,0,1,1,0.8511117433170315,Muito Alto
22,35500,6.0,10875,12.84,0.31,4,0.306338028169014,1,3,0,0,0,0,1,0,0,1,0,0,0,1,1,0.9999220612360606,Muito Alto
24,156000,8.0,15000,10.25,0.1,3,0.0961538461538461,0,2,0,1,0,0,0,0,1,0,0,0,0,0,0,0.03375035636847448,Muito Baixo
21,59000,4.0,5000,14.22,0.08,3,0.0847457627118644,1,3,0,0,0,0,1,0,0,0,1,0,0,1,1,0.6843012862969673,Alto
26,125000,10.0,15000,13.85,0.12,3,0.12,1,3,1,1,0,0,0,0,0,0,0,0,1,0,0,0.03639424840000718,Muito Baixo
30,24000,5.0,5500,13.23,0.23,8,0.2291666666666666,1,3,1,0,0,0,1,0,0,0,1,0,0,0,0,0.06790101301689504,Muito Baixo
23,108000,5.0,10000,15.31,0.09,2,0.0925925925925925,1,4,1,1,0,0,0,1,0,0,0,0,0,1,1,0.9929381168120945,Muito Alto
31,76000,4.0,6000,7.49,0.08,5,0.0789473684210526,0,1,0,0,0,0,1,0,0,1,0,0,0,0,0,0.056569970502456775,Muito Baixo
24,108000,8.0,5000,12.69,0.05,4,0.0462962962962962,1,2,0,0,0,0,1,0,1,0,0,0,0,0,0,0.12235617570230471,Muito Baixo
39,708000,14.0,25000,12.18,0.04,12,0.0353107344632768,1,2,0,1,0,0,0,1,0,0,0,0,0,0,0,0.12082246523559491,Muito Baixo
22,24432,0.0,2000,11.36,0.08,4,0.0818598559266535,1,2,0,0,0,0,1,0,1,0,0,0,0,0,0,0.10261257652753888,Muito Baixo
27,77976,2.0,10000,13.85,0.13,5,0.1282445880783831,1,3,1,0,0,0,1,0,0,0,0,0,1,1,0,0.12944869327499817,Muito Baixo
28,29496,8.0,4500,14.11,0.15,7,0.1525630593978844,1,4,1,0,0,0,1,0,1,0,0,0,0,0,0,0.317124915369972,Baixo
28,75000,5.0,5000,7.88,0.07,10,0.0666666666666666,0,1,0,0,0,0,1,0,0,0,1,0,0,0,0,0.004420805646658027,Muito Baixo
23,42996,7.0,2000,13.61,0.05,2,0.0465159549725555,1,3,1,0,0,0,1,0,0,0,0,0,1,0,0,0.0997457977958559,Muito Baixo
26,120000,10.0,15000,13.11,0.13,4,0.125,1,3,1,0,0,1,0,0,0,0,0,1,0,0,0,0.0005050014748055771,Muito Baixo
24,75000,5.0,1800,8.94,0.02,4,0.024,0,1,0,0,0,0,1,0,0,1,0,0,0,0,0,0.19589123754950416,Muito Baixo
23,55000,7.0,8000,7.49,0.15,4,0.1454545454545454,0,1,0,1,0,0,0,0,0,0,1,0,0,0,0,0.06049505923272547,Muito Baixo
27,60000,6.0,12650,7.49,0.21,9,0.2108333333333333,0,1,0,0,0,0,1,0,1,0,0,0,0,0,0,0.027836805162899575,Muito Baixo
32,175000,3.0,20000,13.49,0.11,8,0.1142857142857142,1,3,1,0,0,0,1,1,0,0,0,0,0,0,0,0.04253737304581207,Muito Baixo
31,80000,3.0,10000,7.66,0.13,7,0.125,0,1,0,0,0,0,1,0,0,0,0,0,1,0,0,0.0006879560615130445,Muito Baixo
24,90000,1.0,19500,9.76,0.22,2,0.2166666666666666,0,2,0,0,0,0,1,0,0,1,0,0,0,0,0,0.06161846222165521,Muito Baixo
65,45900,2.0,10000,13.48,0.22,19,0.2178649237472767,1,3,1,0,0,0,1,0,1,0,0,0,0,0,0,0.03881919172404212,Muito Baixo
31,40000,0.0,5000,9.45,0.13,10,0.125,0,2,0,0,0,0,1,0,0,0,0,0,1,0,0,0.001347631599792787,Muito Baixo
31,36572,4.0,7900,7.49,0.22,7,0.2160122498085967,0,1,0,0,0,0,1,0,0,0,1,0,0,0,0,0.054005850250795025,Muito Baixo
24,82000,2.0,14700,9.63,0.18,3,0.1792682926829268,0,1,0,0,1,0,0,0,0,0,0,1,0,0,0,0.06767156908677746,Muito Baixo
21,90000,2.0,3300,11.71,0.04,4,0.0366666666666666,1,2,0,0,0,0,1,0,0,0,0,0,1,0,0,0.0021269017295348766,Muito Baixo
28,199000,12.0,10000,9.32,0.05,10,0.050251256281407,0,1,0,1,0,0,0,0,0,1,0,0,0,0,0,0.03414308190376127,Muito Baixo
26,65000,5.0,15000,7.66,0.23,4,0.2307692307692307,0,1,0,0,0,0,1,0,0,1,0,0,0,0,0,0.036177707756824884,Muito Baixo
26,46800,3.0,12725,12.42,0.27,2,0.2719017094017094,1,2,0,1,0,0,0,0,0,1,0,0,0,0,0,0.23386001894948202,Baixo
24,24000,1.0,2000,14.61,0.08,2,0.0833333333333333,1,4,1,0,0,0,1,0,0,1,0,0,0,1,1,0.9935141225072006,Muito Alto
43,60000,6.0,4800,9.64,0.08,13,0.08,0,2,0,1,0,0,0,0,0,0,1,0,0,0,0,0.10166202237684106,Muito Baixo
37,124000,4.0,19000,13.92,0.15,16,0.1532258064516129,1,3,1,1,0,0,0,0,0,1,0,0,0,0,0,0.1009246368357144,Muito Baixo
35,23000,13.0,6500,8.63,0.28,6,0.2826086956521739,0,1,0,0,0,0,1,0,0,0,1,0,0,0,0,0.04350651224051435,Muito Baixo
43,112000,14.0,25000,14.96,0.22,16,0.2232142857142857,1,4,0,1,0,0,0,0,0,0,0,1,0,0,0,0.14185083177284183,Muito Baixo
21,20000,3.0,4400,6.91,0.22,4,0.22,0,1,0,0,0,0,1,0,0,0,0,1,0,0,0,0.11380184452987552,Muito Baixo
41,70000,2.0,5000,12.69,0.07,12,0.0714285714285714,1,2,0,1,0,0,0,0,0,0,0,1,0,0,0,0.06473160033953855,Muito Baixo
24,49200,8.0,10000,13.49,0.2,3,0.2032520325203252,1,3,0,0,0,0,1,0,0,0,0,0,1,0,0,0.14564119454800784,Muito Baixo
23,90000,7.0,4900,6.99,0.05,2,0.0544444444444444,0,1,0,1,0,0,0,0,0,0,0,0,1,0,0,0.0003991648810840157,Muito Baixo
27,170000,3.0,12075,12.42,0.07,9,0.0710294117647058,1,2,0,0,0,0,1,1,0,0,0,0,0,0,0,0.06422101491879559,Muito Baixo
34,89000,17.0,10000,10.99,0.11,7,0.1123595505617977,0,2,0,1,0,0,0,1,0,0,0,0,0,0,0,0.11197068555510992,Muito Baixo
33,15000,3.0,1800,17.54,0.12,9,0.12,1,4,1,0,0,0,1,0,0,0,0,0,1,0,1,0.7128923283264129,Alto
22,90000,6.0,12000,10.99,0.13,2,0.1333333333333333,0,2,0,1,0,0,0,0,1,0,0,0,0,0,0,0.015936335207689657,Muito Baixo
23,50000,7.0,7500,15.62,0.15,3,0.15,1,4,0,1,0,0,0,0,0,0,1,0,0,1,1,0.9675910356537233,Muito Alto
23,32500,2.0,5000,13.99,0.15,3,0.1538461538461538,1,3,1,0,0,1,0,0,0,0,0,0,1,0,0,0.0011252506551779158,Muito Baixo
34,47000,7.0,5000,12.73,0.11,6,0.1063829787234042,1,3,0,0,0,0,1,0,1,0,0,0,0,0,0,0.25043220867776034,Baixo
29,89000,3.0,12000,7.29,0.13,5,0.1348314606741573,0,1,0,0,0,0,1,0,0,0,0,1,0,0,0,0.022993054537659378,Muito Baixo
22,55000,4.0,2000,7.4,0.04,3,0.0363636363636363,0,1,0,0,0,1,0,0,0,0,0,1,0,0,0,0.00034838505424589683,Muito Baixo
34,150000,5.0,12000,10.59,0.08,9,0.08,0,2,0,0,0,0,1,0,0,1,0,0,0,0,0,0.0925591650453962,Muito Baixo
32,60000,2.0,7125,9.99,0.12,7,0.11875,0,2,0,1,0,0,0,0,0,0,0,0,1,0,0,0.0005631125221432064,Muito Baixo
24,66000,2.0,7000,11.49,0.11,3,0.106060606060606,1,2,0,0,0,0,1,0,0,0,0,0,1,0,0,0.0032011288374122647,Muito Baixo
25,100505,9.0,35000,11.99,0.35,3,0.3482413810258196,1,2,0,0,0,1,0,0,0,1,0,0,0,0,0,0.00020992744254825355,Muito Baixo
21,20000,2.0,1000,14.26,0.05,2,0.05,1,3,1,0,0,0,1,1,0,0,0,0,0,0,0,0.42572430482320456,Moderado
27,29120,2.0,4000,10.75,0.14,5,0.1373626373626373,0,2,0,0,0,0,1,0,1,0,0,0,0,0,0,0.17168713063524454,Muito Baixo
33,140000,6.0,13000,7.51,0.09,9,0.0928571428571428,0,1,0,1,0,0,0,0,0,1,0,0,0,0,0,0.01800988555945667,Muito Baixo
27,69936,11.0,8000,7.66,0.11,10,0.1143902997025852,0,1,0,1,0,0,0,1,0,0,0,0,0,0,0,0.03072104108993413,Muito Baixo
23,40000,5.0,18000,9.91,0.45,2,0.45,0,2,0,1,0,0,0,0,1,0,0,0,0,0,0,0.058514446851325556,Muito Baixo
28,92000,8.0,7750,14.22,0.08,6,0.0842391304347826,1,3,0,1,0,0,0,0,0,0,0,1,0,1,0,0.04746871258503123,Muito Baixo
21,25200,3.0,8500,13.61,0.34,2,0.3373015873015873,1,3,1,0,0,0,1,0,0,0,1,0,0,1,1,0.9843258518959215,Muito Alto
25,120000,9.0,30000,7.9,0.25,4,0.25,0,1,0,0,0,0,1,0,1,0,0,0,0,0,0,0.021391776513027573,Muito Baixo
22,48000,0.0,5000,6.03,0.1,4,0.1041666666666666,0,1,0,1,0,0,0,0,0,0,1,0,0,0,0,0.06512841522680655,Muito Baixo
27,37000,11.0,14700,5.99,0.4,9,0.3972972972972973,0,1,0,0,0,0,1,0,0,0,1,0,0,1,1,0.9948990243616287,Muito Alto
22,96000,4.0,3150,6.0,0.03,2,0.0328125,0,2,0,0,0,0,1,0,1,0,0,0,0,0,0,0.0013573442849424415,Muito Baixo
40,37440,3.0,10000,11.14,0.27,11,0.2670940170940171,1,2,0,1,0,0,0,0,0,0,0,1,0,0,0,0.06627622724360946,Muito Baixo
25,125000,0.0,15000,7.49,0.12,3,0.12,0,1,0,0,0,0,1,0,0,0,0,0,1,0,0,0.00046696902163913685,Muito Baixo
36,110000,9.0,15000,9.63,0.14,15,0.1363636363636363,0,1,0,1,0,0,0,0,0,1,0,0,0,0,0,0.019866295916997533,Muito Baixo
26,74000,10.0,1200,12.69,0.02,2,0.0162162162162162,1,2,0,1,0,0,0,1,0,0,0,0,0,0,0,0.07597931317618156,Muito Baixo
33,76248,17.0,10400,7.66,0.14,5,0.1363970202497114,0,1,0,1,0,0,0,0,0,0,1,0,0,0,0,0.018107571169373497,Muito Baixo
23,36000,4.0,6500,17.49,0.18,4,0.1805555555555555,1,4,1,0,0,0,1,0,0,0,1,0,0,1,1,0.9333989090680508,Muito Alto
28,55000,5.0,16000,13.98,0.29,9,0.2909090909090909,1,3,1,0,0,0,1,0,0,0,0,1,0,0,0,0.11400303025406767,Muito Baixo
31,35000,3.0,11200,11.12,0.32,6,0.32,1,2,0,0,0,0,1,0,0,0,1,0,0,1,1,0.9790858425080256,Muito Alto
22,66300,4.0,30000,12.69,0.38,3,0.4524886877828054,1,2,0,0,0,0,1,0,0,0,1,0,0,1,1,0.9970201020931408,Muito Alto
35,42000,4.0,5000,14.17,0.12,8,0.119047619047619,1,3,0,1,0,0,0,0,1,0,0,0,0,1,0,0.2823827120786391,Baixo
25,115731,3.0,7200,7.14,0.06,4,0.0622132358659304,0,1,0,1,0,0,0,0,0,1,0,0,0,0,0,0.010505950174600048,Muito Baixo
24,52800,3.0,6000,9.91,0.11,4,0.1136363636363636,0,2,0,0,0,0,1,0,0,1,0,0,0,0,0,0.12536515142882534,Muito Baixo
23,33448,2.0,2500,11.66,0.07,2,0.0747428844773977,1,3,1,0,0,0,1,0,1,0,0,0,0,0,0,0.19470936000914418,Muito Baixo
23,65000,4.0,13600,15.62,0.21,3,0.2092307692307692,1,4,0,1,0,0,0,0,1,0,0,0,0,0,0,0.07181381712050679,Muito Baixo
25,39996,9.0,1500,15.31,0.04,3,0.0375037503750375,1,4,1,1,0,0,0,1,0,0,0,0,0,1,1,0.9892765428406112,Muito Alto
33,87895,4.0,2800,7.14,0.03,9,0.0318561920473292,0,1,0,1,0,0,0,1,0,0,0,0,0,0,0,0.0245683394535041,Muito Baixo
23,58000,7.0,7200,11.97,0.12,3,0.1241379310344827,1,3,0,1,0,0,0,0,0,0,1,0,0,1,0,0.3673271866805807,Baixo
23,95000,2.0,10900,7.74,0.11,4,0.1147368421052631,0,1,0,0,0,1,0,0,1,0,0,0,0,0,0,8.586128250486455e-05,Muito Baixo
30,125000,14.0,5750,7.43,0.05,5,0.046,0,1,0,1,0,0,0,0,0,1,0,0,0,0,0,0.0120421076747257,Muito Baixo
22,25920,1.0,9000,10.59,0.35,2,0.3472222222222222,0,3,0,0,0,0,1,0,0,0,1,0,0,1,1,0.9899353082661432,Muito Alto
23,87000,7.0,8000,5.99,0.09,4,0.0919540229885057,0,1,0,1,0,0,0,0,1,0,0,0,0,0,0,0.007209162588672436,Muito Baixo
22,34000,2.0,2500,13.57,0.07,3,0.0735294117647058,1,3,1,0,0,0,1,0,0,1,0,0,0,1,1,0.996998275504958,Muito Alto
27,34000,10.0,4000,17.19,0.12,9,0.1176470588235294,1,4,1,0,0,0,1,0,0,0,1,0,0,1,1,0.8866332581919274,Muito Alto
35,153660,3.0,24000,7.9,0.16,10,0.1561889886762983,0,1,0,1,0,0,0,0,0,1,0,0,0,0,0,0.012554634058012687,Muito Baixo
32,30000,5.0,14300,13.49,0.48,8,0.4766666666666667,1,3,0,0,0,0,1,0,1,0,0,0,0,1,1,0.9955884012463428,Muito Alto
36,72000,4.0,13000,10.99,0.18,13,0.1805555555555555,0,2,0,1,0,0,0,0,0,1,0,0,0,0,0,0.050190538631969886,Muito Baixo
49,41869,8.0,8000,7.14,0.19,15,0.1910721536220115,0,1,0,1,0,0,0,0,1,0,0,0,0,0,0,0.041018984165798945,Muito Baixo
23,78000,7.0,12400,7.29,0.16,3,0.1589743589743589,0,1,0,1,0,0,0,0,1,0,0,0,0,0,0,0.03715119715623046,Muito Baixo
27,75600,4.0,25000,13.61,0.33,6,0.3306878306878307,1,3,0,1,0,0,0,0,0,0,0,1,0,0,0,0.184453278366808,Muito Baixo
25,27024,7.0,2500,16.69,0.09,2,0.0925103611604499,1,5,0,0,0,0,1,0,1,0,0,0,0,0,0,0.1481700698919101,Muito Baixo
29,28000,2.0,5000,16.07,0.18,8,0.1785714285714285,1,4,0,0,0,0,1,0,0,0,0,1,0,1,1,0.9370248375088872,Muito Alto
28,72467,2.0,5000,8.88,0.07,7,0.0689969227372459,0,2,0,0,0,0,1,0,0,0,1,0,0,0,0,0.02180295467518145,Muito Baixo
23,53724,7.0,8600,6.03,0.16,3,0.1600774328047055,0,1,0,1,0,0,0,0,1,0,0,0,0,0,0,0.042193473420479716,Muito Baixo
42,32000,0.0,10000,10.59,0.31,12,0.3125,0,2,0,1,0,0,0,0,0,0,0,1,0,1,0,0.21583819504784515,Baixo
22,37200,2.0,10000,6.92,0.27,3,0.2688172043010752,0,1,0,0,0,0,1,0,1,0,0,0,0,0,0,0.0915903735131077,Muito Baixo
23,32000,5.0,14125,7.9,0.44,2,0.44140625,0,1,0,0,0,0,1,0,0,0,1,0,0,1,1,0.9954484355283713,Muito Alto
33,178650,5.0,20000,6.99,0.11,6,0.1119507416736635,0,1,0,1,0,0,0,0,0,1,0,0,0,0,0,0.010821309194000652,Muito Baixo
26,78000,0.0,24250,17.56,0.31,3,0.3108974358974359,1,5,1,0,0,0,1,0,0,1,0,0,0,1,1,0.9971996643880554,Muito Alto
37,30000,0.0,10800,12.21,0.36,14,0.36,1,2,0,0,0,0,1,0,1,0,0,0,0,1,1,0.995704464548829,Muito Alto
22,50000,4.0,10000,12.69,0.2,4,0.2,1,2,0,1,0,0,0,0,0,0,0,0,1,0,0,0.002560185704878463,Muito Baixo
22,40000,0.0,6000,8.32,0.15,3,0.15,0,1,0,0,0,0,1,0,0,0,0,0,1,0,0,0.0016998294696466186,Muito Baixo
23,57744,7.0,2500,10.37,0.04,4,0.0432945414242172,0,2,0,1,0,0,0,0,0,0,0,0,1,0,0,0.0016052209604789287,Muito Baixo
23,99670,2.0,5500,14.74,0.06,4,0.0551821009330791,1,4,0,1,0,0,0,0,0,0,0,1,0,0,0,0.047849010030868305,Muito Baixo
39,48000,0.0,10000,13.22,0.21,16,0.2083333333333333,1,3,0,0,0,0,1,0,0,0,0,0,1,0,0,0.05200430302694951,Muito Baixo
24,102000,6.0,9800,10.36,0.1,2,0.096078431372549,0,2,0,1,0,0,0,0,0,0,0,0,1,0,0,0.0010978739603914268,Muito Baixo
27,95000,6.0,15000,12.68,0.16,9,0.1578947368421052,1,3,0,1,0,0,0,0,0,0,0,1,0,0,0,0.04797141904998517,Muito Baixo
30,100000,7.0,1000,6.76,0.01,6,0.01,0,1,0,1,0,0,0,0,0,0,0,1,0,0,0,0.006922269256534107,Muito Baixo
22,50000,5.0,15000,10.25,0.3,3,0.3,0,2,0,1,0,0,0,0,1,0,0,0,0,0,0,0.027209306649420298,Muito Baixo
26,89000,4.0,4800,5.99,0.05,2,0.0539325842696629,0,1,0,0,0,0,1,0,1,0,0,0,0,0,0,0.008585802932681953,Muito Baixo
24,70000,3.0,7750,6.62,0.11,3,0.1107142857142857,0,1,0,1,0,0,0,0,1,0,0,0,0,0,0,0.018581561530087175,Muito Baixo
29,72396,9.0,9000,10.59,0.12,9,0.1243162605668821,0,2,0,1,0,0,0,0,0,0,0,1,0,0,0,0.11061755705976124,Muito Baixo
24,102000,7.0,7200,10.99,0.07,3,0.0705882352941176,0,2,0,1,0,0,0,0,0,0,1,0,0,0,0,0.02666163975690965,Muito Baixo
28,25200,5.0,11500,14.46,0.46,6,0.4563492063492063,1,4,1,0,0,0,1,0,0,0,0,1,0,1,1,0.9969548047854385,Muito Alto
28,40000,12.0,12000,11.11,0.3,7,0.3,1,2,0,0,0,0,1,1,0,0,0,0,0,0,0,0.056197819506721244,Muito Baixo
26,51600,1.0,5000,8.94,0.1,2,0.0968992248062015,0,1,0,0,0,0,1,0,1,0,0,0,0,1,0,0.1431901906937765,Muito Baixo
23,74250,3.0,3000,11.99,0.04,4,0.0404040404040404,1,2,0,0,0,0,1,1,0,0,0,0,0,0,0,0.10488807219159128,Muito Baixo
39,78840,18.0,15000,11.71,0.19,13,0.1902587519025875,1,2,0,1,0,0,0,1,0,0,0,0,0,0,0,0.257925307705478,Baixo
32,58000,4.0,12000,11.26,0.21,10,0.2068965517241379,1,2,0,0,0,0,1,0,0,0,0,1,0,0,0,0.052333508636662945,Muito Baixo
25,50450,3.0,2000,9.88,0.04,3,0.0396432111000991,0,2,0,0,0,0,1,0,1,0,0,0,0,0,0,0.06909768904667732,Muito Baixo
24,83000,2.0,28000,16.49,0.34,3,0.3373493975903614,1,4,1,1,0,0,0,1,0,0,0,0,0,1,1,0.9940484333776444,Muito Alto
28,115000,8.0,28000,7.49,0.24,5,0.2434782608695652,0,1,0,1,0,0,0,0,0,0,1,0,0,0,0,0.021562019364625953,Muito Baixo
27,36000,3.0,10000,7.88,0.28,6,0.2777777777777778,0,1,0,1,0,0,0,0,0,1,0,0,0,0,0,0.08849003337159136,Muito Baixo
25,53000,4.0,6000,6.62,0.11,2,0.1132075471698113,0,1,0,1,0,0,0,0,1,0,0,0,0,0,0,0.047808597015752505,Muito Baixo
36,85000,2.0,8000,14.96,0.09,14,0.0941176470588235,1,4,0,0,0,1,0,0,1,0,0,0,0,0,0,0.00040829670050561613,Muito Baixo
34,36000,2.0,9500,8.59,0.26,8,0.2638888888888889,0,1,0,0,0,0,1,1,0,0,0,0,0,0,0,0.07368188395371275,Muito Baixo
27,38004,0.0,12000,16.77,0.32,6,0.3157562361856647,1,4,0,1,0,0,0,1,0,0,0,0,0,1,1,0.9943155318197611,Muito Alto
25,36000,1.0,15000,15.05,0.42,2,0.4166666666666667,1,4,1,0,0,0,1,0,0,0,1,0,0,1,1,0.9995720152007714,Muito Alto
33,30000,6.0,7200,12.69,0.24,10,0.24,1,2,0,0,0,0,1,0,0,0,0,1,0,1,0,0.2753561003685344,Baixo
22,36000,6.0,1400,14.84,0.04,4,0.0388888888888888,1,4,1,1,0,0,0,0,0,0,0,1,0,0,0,0.16461043152650054,Muito Baixo
22,27048,0.0,10000,12.61,0.37,4,0.3697131026323573,1,3,1,0,0,0,1,0,1,0,0,0,0,1,1,0.9937340219113722,Muito Alto
33,82404,8.0,14400,16.0,0.17,7,0.1747487986020096,1,4,1,0,0,1,0,0,1,0,0,0,0,0,0,0.0006150992432298672,Muito Baixo
25,59000,2.0,7800,12.21,0.13,2,0.1322033898305084,1,2,0,0,0,0,1,0,0,0,0,0,1,0,0,0.010684115626078931,Muito Baixo
25,129600,0.0,3000,11.12,0.02,3,0.0231481481481481,1,2,0,1,0,0,0,0,0,0,0,1,0,0,0,0.06847603907828302,Muito Baixo
25,52000,0.0,3625,6.54,0.07,3,0.0697115384615384,0,1,0,0,0,0,1,0,0,1,0,0,0,0,0,0.05729675505226057,Muito Baixo
34,100000,4.0,18000,13.49,0.18,10,0.18,1,3,1,0,0,0,1,0,0,0,0,0,1,0,0,0.025491812348500474,Muito Baixo
36,60000,12.0,15000,7.88,0.25,17,0.25,0,1,0,1,0,0,0,0,1,0,0,0,0,0,0,0.015031744532579334,Muito Baixo
29,41000,3.0,5000,11.49,0.12,9,0.1219512195121951,1,2,0,0,0,0,1,0,0,0,0,1,0,0,0,0.1304952913033577,Muito Baixo
24,30852,4.0,11200,5.79,0.36,4,0.3630234668741086,0,1,0,0,0,0,1,0,0,0,1,0,0,1,1,0.9809417776791456,Muito Alto
23,55000,1.0,10000,10.75,0.18,4,0.1818181818181818,0,2,0,1,0,0,0,0,1,0,0,0,0,0,0,0.03912276128379208,Muito Baixo
25,120000,2.0,13000,9.99,0.11,4,0.1083333333333333,0,2,0,1,0,0,0,0,1,0,0,0,0,0,0,0.017105810896970546,Muito Baixo
32,61572,0.0,15000,13.57,0.24,7,0.2436172286104073,1,3,0,1,0,0,0,0,0,0,0,0,1,0,0,0.0886537359172598,Muito Baixo
30,52000,7.0,5500,14.96,0.11,10,0.1057692307692307,1,4,1,1,0,0,0,0,0,0,0,1,0,0,0,0.20693521599150777,Baixo
21,160000,5.0,6000,8.0,0.04,4,0.0375,0,1,0,0,1,0,0,0,1,0,0,0,0,0,0,0.0037620803524926866,Muito Baixo
39,73000,3.0,10000,7.51,0.14,14,0.136986301369863,0,1,0,1,0,0,0,0,0,0,0,0,1,0,0,0.0009706579424813962,Muito Baixo
27,31200,0.0,14000,18.09,0.45,6,0.4487179487179487,1,6,1,0,0,1,0,0,0,0,1,0,0,1,1,0.7932052339017971,Alto
25,72000,2.0,5000,6.03,0.07,3,0.0694444444444444,0,1,0,1,0,0,0,0,0,0,1,0,0,0,0,0.002871251926063092,Muito Baixo
29,50004,3.0,20000,11.58,0.4,7,0.3999680025597952,1,2,0,1,0,0,0,1,0,0,0,0,0,0,0,0.10345733880580556,Muito Baixo
36,81996,4.0,15000,14.09,0.18,16,0.1829357529635592,1,4,0,0,0,0,1,0,0,0,0,1,0,0,0,0.20926997940862416,Baixo
24,105000,8.0,11000,5.42,0.1,3,0.1047619047619047,0,1,0,1,0,0,0,0,0,0,0,1,0,0,0,0.005017582864048368,Muito Baixo
21,55530,5.0,3200,6.62,0.06,4,0.0576265081937691,0,1,0,1,0,0,0,0,1,0,0,0,0,0,0,0.02051988935777944,Muito Baixo
26,80000,2.0,4900,6.76,0.06,3,0.06125,0,1,0,1,0,0,0,0,0,0,0,0,1,0,0,0.00032760726575006887,Muito Baixo
42,30132,4.0,1500,12.98,0.05,14,0.0497809637594583,1,3,1,0,0,0,1,0,0,0,0,0,1,0,0,0.17079266145128588,Muito Baixo
25,65000,3.0,4000,6.62,0.06,2,0.0615384615384615,0,1,0,0,0,0,1,0,0,0,0,1,0,0,0,0.015163322319860168,Muito Baixo
24,60000,0.0,15000,11.89,0.25,2,0.25,1,2,0,1,0,0,0,0,0,0,0,1,0,0,0,0.060152243650790985,Muito Baixo
32,75000,10.0,22000,13.92,0.29,10,0.2933333333333333,1,3,0,1,0,0,0,0,0,0,0,1,0,0,0,0.08007490912819677,Muito Baixo
22,54000,4.0,5000,16.35,0.09,3,0.0925925925925925,1,5,1,0,0,0,1,0,1,0,0,0,0,1,0,0.40705504107706403,Moderado
29,60000,1.0,5600,12.42,0.09,10,0.0933333333333333,1,2,0,1,0,0,0,0,0,0,0,0,1,0,0,0.004205203812284775,Muito Baixo
24,44000,1.0,3200,8.0,0.07,2,0.0727272727272727,0,1,0,0,0,0,1,0,0,0,1,0,0,0,0,0.09434260551766034,Muito Baixo
25,31200,0.0,4750,16.82,0.15,2,0.1522435897435897,1,5,0,1,0,0,0,0,1,0,0,0,0,1,0,0.2969779232467777,Baixo
29,105000,6.0,30000,5.99,0.29,8,0.2857142857142857,0,1,0,0,0,0,1,0,0,1,0,0,0,0,0,0.025719852662137194,Muito Baixo
29,40000,2.0,9000,14.27,0.23,5,0.225,1,3,1,0,0,0,1,0,0,0,0,0,1,0,0,0.19986220740634214,Muito Baixo
24,29000,0.0,11000,15.05,0.38,4,0.3793103448275862,1,4,1,0,0,0,1,0,1,0,0,0,0,1,1,0.9992858994387948,Muito Alto
24,40000,4.0,1000,7.37,0.03,2,0.025,0,1,0,0,0,1,0,0,0,0,1,0,0,0,0,0.00020773808105418394,Muito Baixo
23,60000,5.0,7200,7.49,0.12,4,0.12,0,1,0,1,0,0,0,1,0,0,0,0,0,0,0,0.018544555176776018,Muito Baixo
28,30000,4.0,8000,7.49,0.27,8,0.2666666666666666,0,1,0,0,0,0,1,0,0,0,1,0,0,0,0,0.08963634200589263,Muito Baixo
32,52000,1.0,1000,6.99,0.02,7,0.0192307692307692,0,1,0,1,0,0,0,0,0,0,0,0,1,0,0,0.0004537538297550262,Muito Baixo
22,45600,3.0,1600,7.88,0.04,2,0.0350877192982456,0,1,0,1,0,0,0,0,0,0,0,0,1,0,0,0.0005165177502473154,Muito Baixo
29,30000,4.0,10200,17.99,0.34,10,0.34,1,5,1,0,0,0,1,0,0,0,0,0,1,1,1,0.99397310586355,Muito Alto
24,72000,8.0,3200,13.92,0.04,3,0.0444444444444444,1,3,0,0,0,0,1,0,0,0,0,1,0,0,0,0.11364211498755199,Muito Baixo
29,67992,0.0,2000,7.43,0.03,7,0.0294152253206259,0,1,0,1,0,0,0,0,0,0,0,0,1,0,0,0.0005099625574171127,Muito Baixo
59,55000,15.0,1000,10.59,0.02,29,0.0181818181818181,0,2,0,1,0,0,0,0,0,0,0,1,0,0,0,0.02976436269113975,Muito Baixo
29,28800,2.0,7225,6.92,0.25,7,0.2508680555555556,0,1,0,0,0,0,1,0,1,0,0,0,0,0,0,0.11073818999094405,Muito Baixo
30,51372,4.0,4500,6.39,0.09,10,0.0875963559915907,0,1,0,0,0,0,1,0,0,0,1,0,0,0,0,0.018142036329180832,Muito Baixo
23,54000,1.0,13650,13.48,0.25,2,0.2527777777777777,1,3,1,1,0,0,0,0,1,0,0,0,0,0,0,0.17516096746476212,Muito Baixo
22,25200,1.0,4000,10.99,0.16,3,0.1587301587301587,0,2,0,0,0,0,1,0,1,0,0,0,0,0,0,0.09843287218340038,Muito Baixo
27,61000,11.0,1200,10.37,0.02,9,0.0196721311475409,0,2,0,1,0,0,0,0,1,0,0,0,0,0,0,0.03643515087769345,Muito Baixo
24,33600,3.0,2500,8.9,0.07,2,0.0744047619047619,0,1,0,1,0,0,0,0,0,0,0,1,0,0,0,0.24271270149226368,Baixo
29,27911,1.0,5000,17.51,0.18,7,0.1791408405288237,1,5,0,0,0,0,1,0,0,0,1,0,0,1,1,0.9799557090825792,Muito Alto
24,44000,3.0,3500,12.69,0.08,2,0.0795454545454545,1,2,0,0,0,0,1,0,1,0,0,0,0,0,0,0.33300333445977714,Baixo
25,221850,9.0,25000,15.7,0.1,2,0.1126887536623845,1,4,0,1,0,0,0,0,0,0,1,0,0,1,1,0.9886453080188139,Muito Alto
24,45000,0.0,10000,13.11,0.22,4,0.2222222222222222,1,3,1,0,0,0,1,0,0,0,0,0,1,0,0,0.07013709290808333,Muito Baixo
28,58200,8.0,4500,11.12,0.08,7,0.0773195876288659,1,2,0,1,0,0,0,0,0,0,0,1,0,0,0,0.28295233438642486,Baixo
28,47840,0.0,12000,10.99,0.25,7,0.2508361204013378,0,2,0,0,0,0,1,0,0,0,1,0,0,0,0,0.038582769987585516,Muito Baixo
22,32000,5.0,4500,9.63,0.14,2,0.140625,0,1,0,0,0,0,1,0,0,0,1,0,0,1,0,0.0873405909758612,Muito Baixo
33,72000,6.0,1925,14.35,0.03,10,0.0267361111111111,1,3,1,0,0,0,1,0,0,0,0,0,1,1,0,0.024011794913574924,Muito Baixo
24,72000,5.0,7400,15.65,0.1,3,0.1027777777777777,1,4,1,0,0,0,1,0,1,0,0,0,0,0,0,0.11842082327767112,Muito Baixo
27,116000,4.0,25000,13.36,0.22,6,0.2155172413793103,1,4,0,1,0,0,0,0,0,0,0,1,0,1,0,0.3172683467023542,Baixo
27,72000,6.0,6000,5.42,0.08,10,0.0833333333333333,0,1,0,1,0,0,0,0,1,0,0,0,0,0,0,0.024799389972846437,Muito Baixo
31,50000,13.0,8000,14.09,0.16,8,0.16,1,4,1,0,0,0,1,1,0,0,0,0,0,1,1,0.9745206247373133,Muito Alto
22,60000,6.0,9975,11.48,0.17,4,0.16625,1,2,0,0,0,0,1,0,0,0,0,0,1,0,0,0.0023904606250030897,Muito Baixo
27,42072,3.0,5000,11.49,0.12,10,0.1188438866704696,1,2,0,0,0,0,1,0,0,0,0,0,1,0,0,0.003990875572470857,Muito Baixo
29,38004,2.0,1500,12.53,0.04,8,0.039469529523208,1,3,0,0,0,0,1,0,1,0,0,0,0,1,0,0.20127834821906265,Baixo
22,42000,3.0,8500,12.53,0.2,4,0.2023809523809523,1,2,0,0,0,0,1,0,1,0,0,0,0,0,0,0.10205683382602285,Muito Baixo
30,24000,4.0,1000,15.96,0.04,7,0.0416666666666666,1,3,1,0,0,0,1,0,0,0,1,0,0,0,0,0.12913553815812934,Muito Baixo
25,28800,0.0,5500,9.76,0.19,4,0.1909722222222222,0,2,0,0,0,0,1,1,0,0,0,0,0,0,0,0.07033413005750516,Muito Baixo
22,21300,0.0,6000,15.96,0.28,3,0.2816901408450704,1,3,1,0,0,0,1,1,0,0,0,0,0,0,1,0.5646214488898442,Moderado
25,36000,6.0,15000,10.99,0.42,4,0.4166666666666667,0,2,0,0,0,0,1,0,0,0,0,1,0,1,1,0.9969275426852733,Muito Alto
25,75000,8.0,12000,11.49,0.16,3,0.16,1,2,0,1,0,0,0,1,0,0,0,0,0,0,0,0.09575522877160095,Muito Baixo
28,68900,1.0,18000,17.39,0.26,7,0.2612481857764877,1,5,0,1,0,0,0,0,0,0,0,1,0,1,0,0.3597002080544001,Baixo
23,59000,7.0,9000,8.49,0.15,4,0.1525423728813559,0,1,0,1,0,0,0,0,1,0,0,0,0,0,0,0.12026372848644479,Muito Baixo
22,55000,7.0,6000,9.25,0.11,3,0.109090909090909,0,2,0,0,0,0,1,0,1,0,0,0,0,0,0,0.06105676536494232,Muito Baixo
33,83000,0.0,21000,11.71,0.25,7,0.253012048192771,1,2,0,0,0,0,1,1,0,0,0,0,0,1,0,0.0970329663238725,Muito Baixo
22,35004,1.0,9000,10.0,0.26,2,0.2571134727459719,0,2,0,0,0,1,0,0,0,0,0,0,1,0,0,1.0881559607928225e-05,Muito Baixo
22,84996,6.0,5000,12.23,0.06,3,0.0588262977081274,1,3,1,0,0,0,1,0,0,0,0,0,1,0,0,0.04929880769396876,Muito Baixo
29,30000,3.0,10000,16.82,0.33,7,0.3333333333333333,1,5,0,0,0,0,1,0,1,0,0,0,0,1,1,0.995226277691846,Muito Alto
22,77000,5.0,21000,11.48,0.27,3,0.2727272727272727,1,2,0,1,0,0,0,0,1,0,0,0,0,0,0,0.0615988658732859,Muito Baixo
24,60000,8.0,13000,7.29,0.22,2,0.2166666666666666,0,1,0,1,0,0,0,0,0,0,1,0,0,0,0,0.04418178534269057,Muito Baixo
26,64000,10.0,15000,10.38,0.23,3,0.234375,0,2,0,1,0,0,0,0,0,1,0,0,0,0,0,0.14812495610809792,Muito Baixo
22,22000,0.0,2400,11.71,0.11,3,0.109090909090909,1,2,0,1,0,0,0,0,0,0,1,0,0,0,0,0.266771082202619,Baixo
40,62540,5.0,7500,19.04,0.1,12,0.1199232491205628,1,6,1,1,0,0,0,0,0,0,1,0,0,1,1,0.9935299606227522,Muito Alto
28,29000,1.0,6250,12.87,0.22,9,0.2155172413793103,1,3,1,0,0,1,0,0,0,0,0,0,1,0,0,0.0033125053640675056,Muito Baixo
23,43949,7.0,3000,11.49,0.07,2,0.0682609388154451,1,2,0,0,0,0,1,0,0,0,1,0,0,0,0,0.21489331089073888,Baixo
22,78000,4.0,3000,16.32,0.04,2,0.0384615384615384,1,5,0,0,0,0,1,0,0,0,0,0,1,0,0,0.2943299844408372,Baixo
36,48686,21.0,12000,13.99,0.25,11,0.2464774267756644,1,4,0,0,0,0,1,0,0,0,0,0,1,0,0,0.08479661291641306,Muito Baixo
26,47000,1.0,6000,10.33,0.13,4,0.1276595744680851,0,2,0,0,0,0,1,1,0,0,0,0,0,0,0,0.041564865195127546,Muito Baixo
22,57996,4.0,21250,6.91,0.37,4,0.3664045796261811,0,1,0,1,0,0,0,0,0,0,0,0,1,0,0,0.003112714134378813,Muito Baixo
26,82000,10.0,3200,5.99,0.04,3,0.0390243902439024,0,1,0,1,0,0,0,0,0,0,0,1,0,0,0,0.009799814675608113,Muito Baixo
22,60000,0.0,15000,11.71,0.25,3,0.25,1,2,0,0,0,0,1,0,1,0,0,0,0,0,0,0.04083838317113376,Muito Baixo
33,60000,8.0,8350,11.34,0.14,7,0.1391666666666666,1,3,1,0,0,1,0,0,1,0,0,0,0,0,0,0.0007215197162631209,Muito Baixo
21,24000,4.0,10000,13.48,0.42,2,0.4166666666666667,1,3,0,0,0,0,1,1,0,0,0,0,0,1,1,0.994968956490963,Muito Alto
28,52000,5.0,2800,10.99,0.05,8,0.0538461538461538,0,2,0,1,0,0,0,0,0,1,0,0,0,0,0,0.15024130774468514,Muito Baixo
21,9600,0.0,1200,10.99,0.13,4,0.125,0,2,0,0,0,1,0,0,0,0,0,0,1,0,0,9.404720421813798e-05,Muito Baixo
22,31404,0.0,5000,7.51,0.16,3,0.1592153865749586,0,1,0,0,0,0,1,0,0,0,0,1,0,0,0,0.1369004807209193,Muito Baixo
27,22000,11.0,2500,7.49,0.11,6,0.1136363636363636,0,1,0,1,0,0,0,0,1,0,0,0,0,0,0,0.1762812663051708,Muito Baixo
26,32450,5.0,3250,6.99,0.1,4,0.1001540832049306,0,1,0,1,0,0,0,0,0,0,1,0,0,0,0,0.08507076675659324,Muito Baixo
23,61000,2.0,8400,14.84,0.14,2,0.1377049180327869,1,4,0,0,0,0,1,0,0,0,0,1,0,1,1,0.8953946912724274,Muito Alto
25,84000,9.0,3000,5.79,0.04,3,0.0357142857142857,0,1,0,0,0,0,1,1,0,0,0,0,0,0,0,0.011213535642242648,Muito Baixo
24,42500,8.0,10000,13.8,0.24,2,0.2352941176470588,1,3,0,1,0,0,0,1,0,0,0,0,0,0,0,0.31344925506299903,Baixo
25,15000,9.0,2000,6.91,0.13,3,0.1333333333333333,0,1,0,0,0,1,0,0,0,0,0,0,1,0,0,9.989622749902154e-05,Muito Baixo
25,138000,9.0,8000,6.99,0.06,4,0.0579710144927536,0,1,0,1,0,0,0,0,0,0,0,1,0,0,0,0.03274102773288821,Muito Baixo
24,50000,1.0,18000,12.42,0.36,4,0.36,1,2,0,0,0,0,1,0,0,0,1,0,0,1,1,0.9903939325171357,Muito Alto
29,54000,2.0,6000,7.9,0.11,7,0.1111111111111111,0,1,0,0,0,0,1,1,0,0,0,0,0,0,0,0.05526407433263272,Muito Baixo
25,122000,8.0,10000,13.57,0.08,4,0.081967213114754,1,3,1,1,0,0,0,1,0,0,0,0,0,0,0,0.06824769049394828,Muito Baixo
25,125000,3.0,7500,12.69,0.06,4,0.06,1,2,0,0,0,0,1,0,0,1,0,0,0,0,0,0.061913769836368364,Muito Baixo
29,109900,9.0,15000,13.47,0.14,10,0.1364877161055505,1,3,1,1,0,0,0,0,1,0,0,0,0,1,0,0.03897328939741643,Muito Baixo
27,75000,0.0,23200,15.31,0.31,9,0.3093333333333333,1,4,0,1,0,0,0,0,0,1,0,0,0,0,1,0.5559342736228452,Moderado
21,45000,5.0,18000,7.88,0.4,4,0.4,0,1,0,1,0,0,0,0,1,0,0,0,0,0,0,0.059474497755764105,Muito Baixo
31,30000,1.0,2050,8.88,0.07,7,0.0683333333333333,0,2,0,0,0,0,1,0,0,1,0,0,0,1,1,0.9221427517788041,Muito Alto
32,112000,4.0,14000,9.63,0.13,9,0.125,0,2,0,1,0,0,0,0,1,0,0,0,0,0,0,0.02397112373313854,Muito Baixo
25,76000,2.0,5000,17.19,0.07,3,0.0657894736842105,1,5,1,0,0,0,1,1,0,0,0,0,0,1,1,0.9993287980293716,Muito Alto
24,25000,3.0,1600,12.53,0.06,3,0.064,1,3,0,0,0,0,1,0,0,0,0,1,0,0,0,0.2737067112496648,Baixo
28,10800,0.0,4200,11.83,0.39,5,0.3888888888888889,1,2,0,0,0,0,1,1,0,0,0,0,0,1,1,0.9997581235479139,Muito Alto
40,100300,2.0,25000,14.83,0.21,16,0.2492522432701894,1,4,0,1,0,0,0,0,0,0,1,0,0,1,1,0.9843615794697312,Muito Alto
24,33996,2.0,5000,14.96,0.15,2,0.1470761266031297,1,4,0,0,0,0,1,0,0,1,0,0,0,1,1,0.9972251705379624,Muito Alto
23,90000,5.0,8000,6.92,0.09,3,0.0888888888888888,0,1,0,0,0,0,1,0,0,0,1,0,0,0,0,0.0065294099914165165,Muito Baixo
29,38004,3.0,1500,14.35,0.04,10,0.039469529523208,1,3,1,0,0,0,1,0,0,0,1,0,0,0,0,0.09679776268402948,Muito Baixo
23,98400,0.0,10000,11.14,0.1,4,0.1016260162601626,1,2,0,1,0,0,0,0,1,0,0,0,0,0,0,0.025588082896313955,Muito Baixo
31,45000,0.0,4000,13.43,0.09,6,0.0888888888888888,1,3,0,0,0,0,1,0,1,0,0,0,0,0,0,0.13834442802622884,Muito Baixo
27,66000,3.0,20000,10.62,0.3,9,0.303030303030303,0,2,0,0,0,0,1,1,0,0,0,0,0,0,0,0.07637895626188934,Muito Baixo
21,62316,5.0,10000,7.66,0.16,4,0.1604724308363823,0,1,0,1,0,0,0,0,0,0,1,0,0,0,0,0.048474082164899186,Muito Baixo
36,160000,20.0,24000,14.96,0.15,15,0.15,1,4,1,0,0,1,0,0,0,0,0,0,1,0,0,0.00042346217532990174,Muito Baixo
26,45000,1.0,4800,5.42,0.11,2,0.1066666666666666,0,1,0,0,0,0,1,0,0,0,1,0,0,0,0,0.010395981390776304,Muito Baixo
34,70000,16.0,4000,7.74,0.06,5,0.0571428571428571,0,1,0,1,0,0,0,0,0,0,0,1,0,0,0,0.021948987382807268,Muito Baixo
24,42000,4.0,19000,6.99,0.45,3,0.4523809523809524,0,1,0,1,0,0,0,0,0,0,1,0,0,1,0,0.18308501709039482,Muito Baixo
22,78000,6.0,7750,7.51,0.1,4,0.0993589743589743,0,1,0,1,0,0,0,0,0,0,1,0,0,0,0,0.02272032145865541,Muito Baixo
39,27040,0.0,4800,8.59,0.18,13,0.1775147928994082,0,1,0,1,0,0,0,1,0,0,0,0,0,0,0,0.025601409333764775,Muito Baixo
25,46116,9.0,10000,11.03,0.22,3,0.2168444791395611,1,3,0,1,0,0,0,1,0,0,0,0,0,0,0,0.14239393853713544,Muito Baixo
38,175000,10.0,21000,9.99,0.12,14,0.12,0,2,0,1,0,0,0,0,1,0,0,0,0,0,0,0.03148690318825381,Muito Baixo
37,55900,1.0,17000,8.7,0.3,11,0.3041144901610018,0,2,0,1,0,0,0,0,1,0,0,0,0,0,0,0.0485596102912504,Muito Baixo
23,55000,1.0,6800,11.49,0.12,2,0.1236363636363636,1,2,0,0,0,0,1,0,0,0,0,0,1,0,0,0.0020855662831271585,Muito Baixo
26,84000,6.0,2150,13.47,0.03,2,0.025595238095238,1,3,0,1,0,0,0,0,0,1,0,0,0,0,0,0.1289622671531506,Muito Baixo
28,105000,0.0,19000,12.21,0.18,6,0.1809523809523809,1,2,0,1,0,0,0,0,0,0,0,0,1,0,0,0.002427944071023507,Muito Baixo
25,31000,4.0,10000,10.38,0.32,4,0.3225806451612903,0,2,0,1,0,0,0,0,0,0,0,0,1,0,0,0.013987604093517833,Muito Baixo
29,40320,6.0,7800,8.88,0.19,10,0.1934523809523809,0,2,0,0,0,0,1,0,0,0,1,0,0,0,0,0.03801336076338417,Muito Baixo
30,97192,3.0,6500,7.29,0.07,10,0.0668779323401103,0,1,0,1,0,0,0,0,0,0,0,1,0,0,0,0.014958523854756817,Muito Baixo
30,89000,3.0,10800,11.99,0.12,8,0.1213483146067415,1,2,0,1,0,0,0,0,0,0,0,1,0,0,0,0.08012721691012827,Muito Baixo
24,50000,8.0,3000,13.47,0.06,3,0.06,1,3,0,1,0,0,0,1,0,0,0,0,0,0,0,0.09197009020718833,Muito Baixo
30,19200,2.0,4750,13.61,0.25,8,0.2473958333333333,1,3,1,1,0,0,0,0,0,1,0,0,0,1,1,0.9334033511585701,Muito Alto
23,69996,8.0,13000,11.58,0.19,3,0.1857248985656323,1,2,0,0,0,0,1,0,1,0,0,0,0,0,0,0.053306620857583135,Muito Baixo
23,30000,0.0,5000,11.86,0.17,2,0.1666666666666666,1,2,0,0,0,0,1,0,0,0,0,1,0,0,0,0.2555220369489365,Baixo
34,74256,1.0,11000,9.25,0.15,9,0.1481361775479422,0,2,0,1,0,0,0,0,0,1,0,0,0,0,0,0.05983491051960352,Muito Baixo
24,85000,1.0,4400,7.4,0.05,2,0.0517647058823529,0,1,0,1,0,0,0,1,0,0,0,0,0,0,0,0.009475877260013059,Muito Baixo
23,39996,6.0,12000,9.63,0.3,3,0.3000300030003,0,2,0,0,0,0,1,0,0,0,1,0,0,0,0,0.046571583881392965,Muito Baixo
24,78600,0.0,12800,14.11,0.16,4,0.1628498727735369,1,4,1,0,0,0,1,0,0,1,0,0,0,1,1,0.8670366454493735,Muito Alto
25,38400,0.0,7000,9.99,0.18,2,0.1822916666666666,0,2,0,0,0,0,1,1,0,0,0,0,0,0,0,0.06022899512012949,Muito Baixo
22,63000,6.0,6000,11.49,0.1,2,0.0952380952380952,1,2,0,0,0,0,1,0,0,0,0,1,0,0,0,0.08385334994673754,Muito Baixo
30,105000,8.0,26000,7.51,0.25,10,0.2476190476190476,0,1,0,1,0,0,0,1,0,0,0,0,0,0,0,0.008837967847229478,Muito Baixo
37,69000,12.0,12000,9.32,0.17,13,0.1739130434782608,0,1,0,0,0,1,0,0,0,1,0,0,0,0,0,0.0004688192311912115,Muito Baixo
27,35000,2.0,6000,11.99,0.17,10,0.1714285714285714,1,2,0,0,0,1,0,0,0,1,0,0,0,0,0,0.0009904085050864658,Muito Baixo
35,105000,18.0,3000,10.37,0.03,7,0.0285714285714285,0,2,0,1,0,0,0,0,0,0,0,1,0,0,0,0.05117019965705268,Muito Baixo
25,75000,8.0,20000,10.99,0.27,4,0.2666666666666666,0,2,0,0,0,0,1,1,0,0,0,0,0,0,0,0.06285364263753565,Muito Baixo
24,66000,0.0,8400,7.49,0.13,2,0.1272727272727272,0,1,0,0,0,0,1,0,0,1,0,0,0,0,0,0.03494262680556084,Muito Baixo
32,68000,1.0,6100,10.25,0.09,7,0.0897058823529411,0,2,0,1,0,0,0,0,0,0,1,0,0,0,0,0.03373059744437982,Muito Baixo
25,150000,9.0,10000,5.42,0.07,4,0.0666666666666666,0,1,0,1,0,0,0,1,0,0,0,0,0,0,0,0.004000584038937885,Muito Baixo
23,90000,5.0,6000,11.89,0.07,4,0.0666666666666666,1,2,0,1,0,0,0,0,0,0,0,1,0,0,0,0.021601013402982566,Muito Baixo
25,33600,0.0,15000,11.11,0.45,4,0.4464285714285714,1,2,0,0,0,0,1,0,0,0,0,1,0,1,1,0.9956843519461694,Muito Alto
21,54036,3.0,8000,11.36,0.15,2,0.1480494485158043,1,2,0,1,0,0,0,0,0,0,1,0,0,0,0,0.162217320334569,Muito Baixo
39,32280,22.0,2400,8.88,0.07,17,0.0743494423791821,0,2,0,0,0,0,1,0,0,0,0,1,0,0,0,0.4477628704491448,Moderado
21,24996,3.0,7000,15.58,0.28,2,0.280044807169147,1,4,0,0,0,1,0,0,1,0,0,0,0,0,0,0.0018320274077658996,Muito Baixo
27,36000,2.0,9300,15.31,0.26,9,0.2583333333333333,1,4,1,0,0,0,1,0,1,0,0,0,0,1,1,0.9469033203843268,Muito Alto
37,50000,0.0,20000,6.17,0.4,12,0.4,0,1,0,1,0,0,0,0,1,0,0,0,0,0,0,0.05411711701871608,Muito Baixo
26,21000,0.0,4000,11.36,0.19,2,0.1904761904761904,1,2,0,0,0,0,1,0,0,0,1,0,0,0,0,0.042447502919687415,Muito Baixo
23,60000,6.0,25600,13.48,0.43,4,0.4266666666666667,1,3,0,1,0,0,0,0,1,0,0,0,0,0,0,0.08636274639082993,Muito Baixo
24,44000,8.0,10750,6.17,0.24,3,0.2443181818181818,0,1,0,1,0,0,0,1,0,0,0,0,0,0,0,0.08707245832674995,Muito Baixo
25,64000,0.0,20000,16.82,0.31,4,0.3125,1,5,0,0,0,0,1,0,0,1,0,0,0,1,1,0.9978254061047164,Muito Alto
25,157000,8.0,28000,7.49,0.18,4,0.1783439490445859,0,1,0,1,0,0,0,0,0,0,0,1,0,0,0,0.013193893411161456,Muito Baixo
22,57500,1.0,9100,11.49,0.16,3,0.1582608695652174,1,2,0,0,0,0,1,0,0,0,0,0,1,0,0,0.0032319651283251524,Muito Baixo
27,24000,2.0,5000,14.72,0.21,10,0.2083333333333333,1,3,0,0,0,0,1,0,0,0,0,0,1,0,0,0.38431633544180027,Baixo
22,60000,4.0,8000,7.14,0.13,2,0.1333333333333333,0,1,0,1,0,0,0,0,1,0,0,0,0,0,0,0.011652774473682913,Muito Baixo
29,46140,2.0,4800,14.72,0.1,6,0.1040312093628088,1,3,1,1,0,0,0,0,0,1,0,0,0,0,0,0.2570527702891133,Baixo
21,69000,3.0,15000,8.49,0.22,2,0.217391304347826,0,1,0,0,0,0,1,0,0,0,1,0,0,0,0,0.07952004861798063,Muito Baixo
28,70000,12.0,9000,5.42,0.13,7,0.1285714285714285,0,1,0,1,0,0,0,1,0,0,0,0,0,1,0,0.015797674955387333,Muito Baixo
22,40800,6.0,1000,6.91,0.02,2,0.0245098039215686,0,1,0,0,0,0,1,0,0,0,0,0,1,0,0,0.0017912586462764002,Muito Baixo
22,35004,3.0,3000,7.9,0.09,4,0.0857044909153239,0,1,0,0,0,1,0,0,0,0,0,0,1,0,0,8.577341619893897e-06,Muito Baixo
23,86500,7.0,14000,7.29,0.16,3,0.1618497109826589,0,1,0,1,0,0,0,0,0,0,0,1,0,0,0,0.03343206718789792,Muito Baixo
23,28800,5.0,2800,10.38,0.1,2,0.0972222222222222,0,2,0,0,0,0,1,0,1,0,0,0,0,0,0,0.09579467736181406,Muito Baixo
23,30000,6.0,2400,13.48,0.08,4,0.08,1,3,0,1,0,0,0,0,0,0,0,1,0,0,0,0.2608426849952413,Baixo
27,34000,7.0,7000,15.96,0.21,10,0.2058823529411764,1,3,1,0,0,0,1,0,0,0,1,0,0,0,0,0.3290001563208448,Baixo
32,130000,3.0,5000,10.99,0.04,9,0.0384615384615384,0,2,0,1,0,0,0,1,0,0,0,0,0,1,0,0.028767669099776644,Muito Baixo
26,92000,0.0,5600,11.46,0.06,3,0.0608695652173913,1,2,0,1,0,0,0,1,0,0,0,0,0,0,0,0.01799040527991568,Muito Baixo
26,79500,1.0,6000,11.36,0.08,2,0.0754716981132075,1,2,0,1,0,0,0,0,1,0,0,0,0,0,0,0.2777324081553498,Baixo
29,74100,3.0,4500,13.61,0.06,8,0.0607287449392712,1,3,1,0,0,0,1,0,0,0,0,0,1,0,0,0.09977252179797844,Muito Baixo
30,62400,2.0,6000,6.03,0.1,10,0.0961538461538461,0,1,0,1,0,0,0,0,0,1,0,0,0,0,0,0.012195750768353919,Muito Baixo
28,38196,5.0,10750,10.75,0.28,8,0.281443083045345,0,2,0,1,0,0,0,0,0,0,0,1,0,0,0,0.08853377551250605,Muito Baixo
24,183000,2.0,20000,11.49,0.11,3,0.1092896174863388,1,2,0,1,0,0,0,0,0,0,1,0,0,0,0,0.0339374019491214,Muito Baixo
22,65000,6.0,3000,13.92,0.05,4,0.0461538461538461,1,3,1,0,0,1,0,0,0,0,1,0,0,0,0,0.0004495584001548092,Muito Baixo
25,50606,3.0,6200,7.49,0.12,4,0.122515116784571,0,1,0,0,0,0,1,0,0,0,1,0,0,0,0,0.020480617583417165,Muito Baixo
21,26784,4.0,2000,6.99,0.07,3,0.0746714456391875,0,1,0,1,0,0,0,0,1,0,0,0,0,1,0,0.06590536890390264,Muito Baixo
24,30000,0.0,12000,6.91,0.4,3,0.4,0,1,0,0,0,0,1,0,1,0,0,0,0,1,1,0.9954727362363442,Muito Alto
28,64049,7.0,20000,12.69,0.31,8,0.3122609252291214,1,2,0,1,0,0,0,0,0,0,0,1,0,0,0,0.13126197770268555,Muito Baixo
29,42000,0.0,7500,12.87,0.18,8,0.1785714285714285,1,3,1,0,0,0,1,0,1,0,0,0,0,0,0,0.11576676697635085,Muito Baixo
29,82600,6.0,19450,9.91,0.24,10,0.2354721549636803,0,2,0,1,0,0,0,0,0,0,0,0,1,0,0,0.0009052467745350051,Muito Baixo
22,105000,6.0,12800,11.83,0.12,3,0.1219047619047619,1,2,0,1,0,0,0,1,0,0,0,0,0,0,0,0.06332900582716272,Muito Baixo
24,60000,8.0,12000,9.62,0.2,4,0.2,0,2,0,1,0,0,0,0,0,0,0,0,1,0,0,0.00089342484621993,Muito Baixo
25,33000,6.0,2500,10.59,0.08,2,0.0757575757575757,0,2,0,0,0,0,1,1,0,0,0,0,0,0,0,0.2681704516756701,Baixo
23,80796,7.0,5000,7.49,0.06,3,0.0618842516956284,0,1,0,1,0,0,0,0,0,0,1,0,0,0,0,0.016721415485526345,Muito Baixo
28,22884,4.0,4800,10.38,0.21,7,0.2097535395909806,0,2,0,0,0,0,1,1,0,0,0,0,0,0,0,0.13624097963242207,Muito Baixo
27,29120,2.0,4000,10.75,0.14,8,0.1373626373626373,0,2,0,0,0,0,1,0,0,0,1,0,0,0,0,0.07293170139202584,Muito Baixo
38,53712,7.0,4000,13.43,0.07,12,0.0744712540959189,1,3,1,1,0,0,0,0,0,0,0,0,1,0,0,0.12976176134911627,Muito Baixo
24,47000,4.0,6000,7.66,0.13,3,0.1276595744680851,0,1,0,1,0,0,0,0,0,1,0,0,0,0,0,0.06988692553506867,Muito Baixo
36,55000,8.0,7500,8.9,0.14,13,0.1363636363636363,0,1,0,0,0,0,1,0,0,0,0,0,1,0,0,0.0014494455776686713,Muito Baixo
24,112000,5.0,15000,15.31,0.13,4,0.1339285714285714,1,4,0,1,0,0,0,0,0,0,0,1,0,0,0,0.0847334593302036,Muito Baixo
26,45000,3.0,6000,5.79,0.13,2,0.1333333333333333,0,1,0,0,0,0,1,0,1,0,0,0,0,0,0,0.03720643080850097,Muito Baixo
30,96000,7.0,8000,6.99,0.08,10,0.0833333333333333,0,1,0,1,0,0,0,1,0,0,0,0,0,0,0,0.0061268109363378336,Muito Baixo
33,39000,4.0,15000,17.56,0.38,5,0.3846153846153846,1,5,1,0,0,0,1,1,0,0,0,0,0,1,1,0.9998573379837866,Muito Alto
39,78200,18.0,24250,16.0,0.26,13,0.3101023017902813,1,4,1,0,0,0,1,0,0,0,1,0,0,1,1,0.9983633708149461,Muito Alto
26,71820,10.0,18000,11.83,0.25,2,0.2506265664160401,1,2,0,0,0,0,1,1,0,0,0,0,0,0,0,0.08935381080480133,Muito Baixo
34,65000,3.0,15000,15.31,0.23,6,0.2307692307692307,1,4,1,0,0,0,1,0,0,0,0,1,0,0,0,0.10233502064459446,Muito Baixo
23,33195,5.0,1800,11.99,0.05,3,0.0542250338906461,1,2,0,0,0,0,1,0,0,0,1,0,0,0,0,0.1566739844585347,Muito Baixo
31,101000,2.0,7500,13.22,0.07,9,0.0742574257425742,1,3,0,0,0,0,1,0,0,0,0,0,1,0,0,0.048975875664152145,Muito Baixo
27,51000,3.0,3500,7.88,0.07,5,0.0686274509803921,0,1,0,0,0,1,0,0,0,1,0,0,0,0,0,0.0016223833043443733,Muito Baixo
25,60000,7.0,15000,10.99,0.25,3,0.25,0,2,0,0,0,0,1,1,0,0,0,0,0,0,0,0.06239658149206066,Muito Baixo
29,79200,4.0,8000,5.42,0.1,5,0.101010101010101,0,1,0,1,0,0,0,1,0,0,0,0,0,0,0,0.07892037547872358,Muito Baixo
32,26400,0.0,8000,7.51,0.3,6,0.303030303030303,0,1,0,0,0,0,1,0,0,0,0,0,1,0,0,0.003727642811575467,Muito Baixo
29,39000,12.0,16000,5.99,0.41,8,0.4102564102564102,0,1,0,1,0,0,0,0,0,0,0,1,0,0,0,0.19790615357835079,Muito Baixo
27,120000,4.0,20000,7.51,0.17,6,0.1666666666666666,0,1,0,1,0,0,0,1,0,0,0,0,0,0,0,0.009636381022839613,Muito Baixo
33,66000,2.0,20000,12.61,0.3,5,0.303030303030303,1,4,1,1,0,0,0,0,0,0,0,1,0,0,0,0.30534943993675434,Baixo
23,83000,7.0,20000,13.48,0.24,2,0.2409638554216867,1,3,0,0,0,0,1,1,0,0,0,0,0,1,0,0.1365555582078524,Muito Baixo
37,45000,1.0,9000,11.71,0.2,12,0.2,1,2,0,0,0,0,1,0,0,0,0,1,0,1,0,0.05590654187105327,Muito Baixo
26,45000,9.0,10000,16.89,0.22,4,0.2222222222222222,1,4,0,1,0,0,0,0,0,0,0,0,1,0,0,0.18681064779182188,Muito Baixo
28,44000,2.0,10000,13.48,0.23,8,0.2272727272727272,1,3,0,0,0,0,1,0,0,0,1,0,0,1,0,0.16460683755765662,Muito Baixo
28,51000,2.0,20400,17.74,0.4,6,0.4,1,5,1,0,0,1,0,0,0,0,1,0,0,1,1,0.8149586458411797,Muito Alto
22,44000,6.0,6400,15.99,0.15,2,0.1454545454545454,1,4,1,1,0,0,0,0,0,0,0,0,1,1,0,0.25648256046862494,Baixo
29,100000,7.0,15000,12.04,0.15,5,0.15,1,3,0,1,0,0,0,0,0,0,1,0,0,0,0,0.06466014420201135,Muito Baixo
30,50000,5.0,5000,11.14,0.1,8,0.1,1,2,0,0,0,0,1,0,0,0,1,0,0,0,0,0.04151086303205722,Muito Baixo
25,41000,3.0,8000,10.99,0.2,4,0.1951219512195122,0,2,0,0,0,0,1,0,0,0,0,0,1,0,0,0.0022420355929786777,Muito Baixo
23,45286,5.0,8000,7.29,0.18,4,0.1766550368767389,0,1,0,0,0,0,1,0,0,0,0,1,0,0,0,0.03962639581213146,Muito Baixo
31,120000,7.0,21600,19.03,0.18,5,0.18,1,5,1,0,0,0,1,0,0,1,0,0,0,0,0,0.21714353292702362,Baixo
28,50000,2.0,3000,10.37,0.06,9,0.06,0,2,0,0,0,0,1,1,0,0,0,0,0,0,0,0.025216570332644378,Muito Baixo
23,33000,5.0,3600,11.58,0.11,4,0.109090909090909,1,2,0,0,0,1,0,0,0,0,0,0,1,0,0,3.741451378287374e-05,Muito Baixo
22,50004,4.0,6250,7.49,0.12,4,0.124990000799936,0,1,0,1,0,0,0,1,0,0,0,0,0,0,0,0.02334699009475187,Muito Baixo
24,13000,0.0,5000,8.0,0.38,2,0.3846153846153846,0,1,0,0,0,0,1,1,0,0,0,0,0,1,1,0.9996516580772169,Muito Alto
41,28800,2.0,1000,13.48,0.03,13,0.0347222222222222,1,3,0,0,0,0,1,0,1,0,0,0,0,0,0,0.3256216366023713,Baixo
23,91000,4.0,8000,17.19,0.09,4,0.0879120879120879,1,5,0,1,0,0,0,0,0,0,0,0,1,0,0,0.04555954778548523,Muito Baixo
22,65500,4.0,17600,10.74,0.27,2,0.2687022900763359,0,2,0,0,0,0,1,0,1,0,0,0,0,0,0,0.05249144500419414,Muito Baixo
34,30636,4.0,10000,10.37,0.33,5,0.3264133698916308,0,2,0,0,0,0,1,0,0,0,0,1,0,1,1,0.9946308766589974,Muito Alto
42,45000,0.0,5000,7.43,0.11,12,0.1111111111111111,0,1,0,0,0,1,0,0,0,0,0,0,1,0,0,1.3928084673485106e-05,Muito Baixo
33,29000,0.0,10000,13.06,0.34,9,0.3448275862068966,1,3,1,0,0,0,1,0,0,0,0,0,1,1,1,0.998617908440669,Muito Alto
32,80000,15.0,12000,5.99,0.15,8,0.15,0,1,0,1,0,0,0,0,0,0,0,0,1,0,0,0.00014640169828296305,Muito Baixo
27,120000,4.0,8400,7.14,0.07,8,0.07,0,1,0,1,0,0,0,0,0,0,0,0,1,0,0,0.0006469060241735336,Muito Baixo
26,100000,10.0,12000,5.99,0.12,2,0.12,0,1,0,1,0,0,0,1,0,0,0,0,0,0,0,0.0049160575947443325,Muito Baixo
42,41000,17.0,10000,10.99,0.24,12,0.2439024390243902,0,2,0,1,0,0,0,0,1,0,0,0,0,0,0,0.08536411181183584,Muito Baixo
32,25000,12.0,5500,11.11,0.22,10,0.22,1,2,0,0,0,0,1,0,0,0,0,0,1,0,0,0.0024051339905331605,Muito Baixo
39,60520,6.0,6000,15.33,0.08,15,0.0991407799074686,1,4,1,0,0,0,1,0,0,0,1,0,0,1,1,0.9864710772557679,Muito Alto
27,39000,3.0,2100,10.99,0.05,6,0.0538461538461538,0,2,0,0,0,0,1,1,0,0,0,0,0,0,0,0.24491420084266405,Baixo
24,60000,1.0,15000,16.89,0.25,2,0.25,1,4,1,0,0,1,0,0,0,0,0,0,1,0,0,0.0018697538531294892,Muito Baixo
23,69600,7.0,1925,9.91,0.03,4,0.0276580459770114,0,2,0,0,0,1,0,0,0,0,0,0,1,0,0,2.9802390979954738e-05,Muito Baixo
24,35000,4.0,2000,10.59,0.06,3,0.0571428571428571,0,2,0,0,0,0,1,0,1,0,0,0,0,0,0,0.10211270391261852,Muito Baixo
25,125000,1.0,20000,11.71,0.16,4,0.16,1,2,0,1,0,0,0,0,1,0,0,0,0,0,0,0.02658217831705765,Muito Baixo
23,200000,7.0,21000,12.69,0.1,2,0.105,1,2,0,1,0,0,0,0,0,0,0,0,1,0,0,0.002102758779168097,Muito Baixo
22,70000,4.0,13750,10.75,0.2,3,0.1964285714285714,0,2,0,1,0,0,0,0,0,0,0,0,1,0,0,0.0009830408466562587,Muito Baixo
34,58000,18.0,4000,5.42,0.07,8,0.0689655172413793,0,1,0,1,0,0,0,0,0,1,0,0,0,0,0,0.03420640161276574,Muito Baixo
24,54000,8.0,13000,7.49,0.24,2,0.2407407407407407,0,1,0,1,0,0,0,0,0,0,0,1,0,0,0,0.11923448631901294,Muito Baixo
26,81380,9.0,14400,10.37,0.18,4,0.1769476529859916,0,2,0,0,0,0,1,0,0,0,1,0,0,0,0,0.0593935264017454,Muito Baixo
26,105000,0.0,5000,7.68,0.05,2,0.0476190476190476,0,1,0,1,0,0,0,0,0,0,1,0,0,0,0,0.0076166949676761304,Muito Baixo
26,39516,0.0,5000,7.74,0.13,3,0.1265310254074299,0,1,0,0,0,0,1,0,0,0,1,0,0,0,0,0.03224902322283356,Muito Baixo
27,63000,2.0,9500,8.07,0.15,8,0.1507936507936507,0,1,0,0,0,1,0,0,1,0,0,0,0,0,0,0.0005616024386238247,Muito Baixo
29,145000,0.0,25000,10.08,0.17,8,0.1724137931034483,0,2,0,1,0,0,0,0,0,0,0,0,1,0,0,0.0008933668134410284,Muito Baixo
23,46000,6.0,18250,10.75,0.4,2,0.3967391304347826,0,2,0,0,0,0,1,0,0,0,0,1,0,1,1,0.996124853938613,Muito Alto
31,35000,1.0,4000,10.65,0.11,5,0.1142857142857142,0,2,0,0,0,0,1,0,0,0,0,0,1,0,0,0.0018200445732992406,Muito Baixo
26,22000,3.0,3825,10.65,0.17,4,0.1738636363636363,0,2,0,1,0,0,0,1,0,0,0,0,0,0,0,0.0698986516189382,Muito Baixo
23,27600,6.0,6800,8.9,0.25,3,0.2463768115942029,0,1,0,0,0,0,1,0,1,0,0,0,0,0,0,0.10300462490395204,Muito Baixo
39,40000,4.0,15000,5.42,0.38,13,0.375,0,1,0,0,0,1,0,0,0,1,0,0,0,0,0,0.0005548819982634084,Muito Baixo
22,38400,4.0,5000,11.49,0.13,2,0.1302083333333333,1,2,0,1,0,0,0,0,1,0,0,0,0,0,0,0.08698011284411208,Muito Baixo
22,8280,4.0,2400,9.91,0.29,2,0.2898550724637681,0,2,0,0,0,0,1,0,0,0,1,0,0,1,1,0.9923594976323008,Muito Alto
27,45600,6.0,3000,6.99,0.07,5,0.0657894736842105,0,1,0,1,0,0,0,1,0,0,0,0,0,0,0,0.033925146547437286,Muito Baixo
38,39500,4.0,5000,13.22,0.13,14,0.1265822784810126,1,3,0,0,0,0,1,0,0,0,1,0,0,0,0,0.25182581115686775,Baixo
24,55000,0.0,4000,11.26,0.07,4,0.0727272727272727,1,2,0,0,0,0,1,0,1,0,0,0,0,0,0,0.07611328569040075,Muito Baixo
29,195000,5.0,3600,14.26,0.02,7,0.0184615384615384,1,3,0,1,0,0,0,0,0,0,0,0,1,1,0,0.037595821004124126,Muito Baixo
29,34000,4.0,7500,7.49,0.22,10,0.2205882352941176,0,1,0,0,0,0,1,0,0,0,1,0,0,0,0,0.146342944099519,Muito Baixo
25,49200,6.0,5600,7.49,0.11,2,0.1138211382113821,0,1,0,1,0,0,0,0,0,0,1,0,0,0,0,0.10517236602166342,Muito Baixo
22,100000,3.0,12000,11.11,0.12,3,0.12,1,2,0,1,0,0,0,0,0,0,0,0,1,0,0,0.0007658898927635748,Muito Baixo
33,30000,0.0,6000,10.51,0.2,10,0.2,0,2,0,0,0,0,1,1,0,0,0,0,0,0,0,0.20130542865207016,Baixo
23,74800,1.0,20000,17.04,0.23,2,0.267379679144385,1,5,1,0,0,0,1,0,0,0,1,0,0,1,1,0.9991043714771276,Muito Alto
47,33600,12.0,10000,5.42,0.3,12,0.2976190476190476,0,1,0,1,0,0,0,0,0,0,0,1,0,0,0,0.058004143432910174,Muito Baixo
27,56000,3.0,12000,7.49,0.21,8,0.2142857142857142,0,1,0,0,0,0,1,0,0,0,1,0,0,0,0,0.037377075733409704,Muito Baixo
24,40000,1.0,3600,13.49,0.09,3,0.09,1,3,0,0,0,0,1,0,0,0,1,0,0,0,0,0.05051692008850585,Muito Baixo
39,55000,0.0,3000,10.2,0.05,15,0.0545454545454545,0,2,0,0,0,0,1,0,0,0,1,0,0,0,0,0.034540881959872524,Muito Baixo
25,110000,9.0,8000,13.48,0.07,3,0.0727272727272727,1,3,0,1,0,0,0,0,1,0,0,0,0,0,0,0.04584538414676182,Muito Baixo
23,40000,7.0,4000,10.99,0.1,4,0.1,0,2,0,1,0,0,0,0,0,0,0,1,0,0,0,0.0935710941465691,Muito Baixo
28,75000,4.0,9000,12.21,0.12,8,0.12,1,2,0,0,0,0,1,1,0,0,0,0,0,0,0,0.08026623571200464,Muito Baixo
24,32000,1.0,12000,7.29,0.38,2,0.375,0,1,0,0,0,0,1,0,0,0,1,0,0,1,1,0.9969024753296799,Muito Alto
23,44000,1.0,13000,18.39,0.3,3,0.2954545454545454,1,5,1,0,0,0,1,0,1,0,0,0,0,1,1,0.9844050197500827,Muito Alto
37,40080,7.0,2350,7.88,0.06,12,0.0586327345309381,0,1,0,0,0,0,1,0,0,0,1,0,0,0,0,0.021594774246011483,Muito Baixo
22,27500,1.0,4250,10.99,0.15,2,0.1545454545454545,0,2,0,0,0,0,1,0,0,0,0,0,1,0,0,0.004080413347009618,Muito Baixo
24,22800,3.0,4750,11.36,0.21,4,0.2083333333333333,1,2,0,0,0,1,0,0,0,0,1,0,0,0,0,0.002029464298050047,Muito Baixo
25,45600,7.0,13000,12.99,0.29,4,0.2850877192982456,1,3,0,1,0,0,0,0,0,0,1,0,0,0,0,0.14109145131057627,Muito Baixo
23,65000,0.0,12500,11.48,0.19,4,0.1923076923076923,1,2,0,0,0,0,1,0,1,0,0,0,0,0,0,0.025299831583944353,Muito Baixo
23,76000,7.0,20000,7.49,0.26,4,0.2631578947368421,0,1,0,1,0,0,0,1,0,0,0,0,0,0,0,0.04929683931216387,Muito Baixo
26,69600,3.0,5000,11.66,0.07,4,0.0718390804597701,1,3,0,1,0,0,0,0,0,0,0,0,1,0,0,0.15762785769985993,Muito Baixo
26,75000,5.0,12500,5.99,0.17,4,0.1666666666666666,0,1,0,1,0,0,0,0,1,0,0,0,0,0,0,0.011520899947073143,Muito Baixo
21,26000,4.0,7750,13.16,0.3,3,0.2980769230769231,1,3,1,0,0,0,1,0,1,0,0,0,0,0,0,0.14724546745961495,Muito Baixo
25,78000,4.0,2400,11.86,0.03,4,0.0307692307692307,1,2,0,1,0,0,0,1,0,0,0,0,0,0,0,0.25942525804175,Baixo
23,38000,0.0,7200,7.9,0.19,4,0.1894736842105263,0,1,0,0,0,0,1,1,0,0,0,0,0,0,0,0.05005080653534589,Muito Baixo
25,40000,6.0,10400,9.91,0.26,4,0.26,0,2,0,0,0,0,1,0,1,0,0,0,0,0,0,0.09557136319876114,Muito Baixo
43,11340,4.0,1950,13.48,0.17,11,0.1719576719576719,1,3,0,0,0,0,1,0,1,0,0,0,0,1,1,0.9912623910228051,Muito Alto
30,59000,4.0,4000,8.94,0.07,7,0.0677966101694915,0,1,0,0,0,0,1,0,0,0,0,1,0,1,0,0.22821464163084235,Baixo
25,30000,4.0,5000,7.9,0.17,3,0.1666666666666666,0,1,0,0,0,0,1,0,1,0,0,0,0,0,0,0.19203672717757914,Muito Baixo
28,40000,1.0,1700,13.48,0.04,9,0.0425,1,3,0,0,0,0,1,0,0,0,1,0,0,0,0,0.04652883465748709,Muito Baixo
24,28800,5.0,5500,13.48,0.19,3,0.1909722222222222,1,3,1,1,0,0,0,1,0,0,0,0,0,0,0,0.10080071630058994,Muito Baixo
25,56950,9.0,5000,13.92,0.07,4,0.0877963125548726,1,3,0,0,0,0,1,0,0,0,1,0,0,1,1,0.8348068956566906,Muito Alto
24,20352,3.0,7750,6.91,0.38,3,0.3807979559748428,0,1,0,0,0,1,0,0,0,0,0,0,1,0,0,0.0002583467399832033,Muito Baixo
23,60000,0.0,15600,12.69,0.26,4,0.26,1,2,0,0,0,0,1,0,0,0,0,1,0,0,0,0.0632080304933372,Muito Baixo
28,49000,4.0,7000,7.51,0.14,8,0.1428571428571428,0,1,0,1,0,0,0,0,0,0,1,0,0,0,0,0.19369368802668624,Muito Baixo
22,85000,0.0,10000,7.66,0.12,3,0.1176470588235294,0,1,0,0,0,0,1,1,0,0,0,0,0,0,0,0.009820412450006259,Muito Baixo
26,89000,10.0,8000,10.99,0.09,2,0.0898876404494382,0,2,0,1,0,0,0,0,0,1,0,0,0,0,0,0.08398003253075619,Muito Baixo
23,36000,3.0,15000,14.59,0.42,4,0.4166666666666667,1,4,0,0,0,0,1,0,0,0,0,0,1,1,1,0.9944029632237594,Muito Alto
29,48000,4.0,5000,5.99,0.1,8,0.1041666666666666,0,1,0,1,0,0,0,0,0,1,0,0,0,0,0,0.12035663141190682,Muito Baixo
21,18000,5.0,1800,6.62,0.1,3,0.1,0,1,0,0,0,0,1,0,0,0,0,1,0,0,0,0.3082813462627368,Baixo
31,29000,5.0,1500,12.29,0.05,6,0.0517241379310344,1,3,0,1,0,0,0,0,0,0,0,1,0,0,0,0.3668060497105428,Baixo
23,54000,7.0,16000,16.32,0.3,3,0.2962962962962963,1,5,0,0,1,0,0,0,0,1,0,0,0,1,1,0.9921184084877218,Muito Alto
22,96000,3.0,5000,10.99,0.05,4,0.0520833333333333,0,2,0,1,0,0,0,0,0,0,0,0,1,0,0,0.0006477796934496961,Muito Baixo
36,48000,8.0,12150,5.79,0.25,14,0.253125,0,1,0,0,0,0,1,0,0,0,0,1,0,0,0,0.012296898666614884,Muito Baixo
34,60000,5.0,7000,12.53,0.12,10,0.1166666666666666,1,3,1,1,0,0,0,0,1,0,0,0,0,0,0,0.09767717174329525,Muito Baixo
28,54989,1.0,9000,10.99,0.16,8,0.1636690974558548,0,2,0,0,0,0,1,0,0,1,0,0,0,1,0,0.0907358983817952,Muito Baixo
24,100000,8.0,5625,6.99,0.06,4,0.05625,0,1,0,1,0,0,0,0,0,0,1,0,0,0,0,0.00705465729482696,Muito Baixo
30,75000,2.0,21000,14.35,0.28,5,0.28,1,3,1,1,0,0,0,0,0,1,0,0,0,0,0,0.16557710965616024,Muito Baixo
34,48000,2.0,10000,7.14,0.21,10,0.2083333333333333,0,1,0,1,0,0,0,0,0,0,0,1,0,0,0,0.024964012702042147,Muito Baixo
25,57000,5.0,13000,8.9,0.23,2,0.2280701754385964,0,1,0,1,0,0,0,0,0,0,0,1,0,0,0,0.0536517477544047,Muito Baixo
27,34000,0.0,5600,15.96,0.16,10,0.1647058823529411,1,3,1,0,0,0,1,1,0,0,0,0,0,1,0,0.4538940788670204,Moderado
21,30000,0.0,4200,6.92,0.14,4,0.14,0,1,0,0,0,0,1,0,1,0,0,0,0,0,0,0.05017119564515621,Muito Baixo
21,36000,2.0,6000,11.86,0.17,3,0.1666666666666666,1,2,0,0,0,0,1,0,1,0,0,0,0,0,0,0.09057664803374868,Muito Baixo
31,59534,5.0,15000,15.21,0.25,10,0.2519568649847146,1,4,1,0,0,0,1,0,0,0,0,1,0,0,0,0.18558407058971602,Muito Baixo
38,31200,6.0,5850,13.49,0.19,11,0.1875,1,3,1,1,0,0,0,0,0,0,0,0,1,0,0,0.14392146227493746,Muito Baixo
28,35004,7.0,4000,11.49,0.11,10,0.1142726545537652,1,2,0,0,0,1,0,0,1,0,0,0,0,0,0,0.0006446787456708569,Muito Baixo
25,39500,2.0,10000,5.99,0.25,2,0.2531645569620253,0,1,0,0,0,0,1,0,0,0,1,0,0,0,0,0.039083554213001234,Muito Baixo
23,100000,2.0,14000,6.17,0.14,4,0.14,0,1,0,1,0,0,0,1,0,0,0,0,0,0,0,0.008276963228488747,Muito Baixo
24,32000,1.0,6000,13.49,0.19,3,0.1875,1,3,0,0,0,0,1,0,0,1,0,0,0,1,1,0.957188619668787,Muito Alto
24,108000,5.0,9950,14.96,0.09,4,0.0921296296296296,1,4,1,1,0,0,0,0,1,0,0,0,0,0,0,0.07672373958262439,Muito Baixo
33,41000,2.0,6500,7.51,0.16,7,0.1585365853658536,0,1,0,0,0,0,1,0,0,0,0,0,1,0,0,0.0011262132252227261,Muito Baixo
29,39432,6.0,8000,11.86,0.2,6,0.2028809089064719,1,2,0,1,0,0,0,0,1,0,0,0,0,0,0,0.2407034504688244,Baixo
42,82000,10.0,12000,13.24,0.15,13,0.1463414634146341,1,4,1,0,0,0,1,0,0,0,0,0,1,0,0,0.1422712070078328,Muito Baixo
29,34999,8.0,6250,15.95,0.18,9,0.1785765307580216,1,4,1,1,0,0,0,1,0,0,0,0,0,1,1,0.992064067083441,Muito Alto
32,24000,2.0,12000,7.49,0.5,8,0.5,0,1,0,0,0,0,1,0,0,0,1,0,0,1,1,0.9955988039151934,Muito Alto
25,125000,9.0,12000,9.91,0.1,3,0.096,0,2,0,1,0,0,0,0,0,0,0,1,0,0,0,0.04112675638084024,Muito Baixo
26,30000,5.0,8000,12.99,0.27,2,0.2666666666666666,1,3,0,0,0,0,1,0,0,0,0,1,0,0,0,0.36329243243532305,Baixo
22,78400,2.0,5000,17.49,0.06,3,0.0637755102040816,1,4,1,1,0,0,0,0,0,0,0,0,1,0,0,0.2879415859356417,Baixo
27,130000,1.0,21000,10.62,0.16,7,0.1615384615384615,0,2,0,1,0,0,0,0,0,1,0,0,0,0,0,0.05005574058441096,Muito Baixo
33,24000,2.0,3000,6.62,0.13,9,0.125,0,1,0,0,0,0,1,0,0,0,1,0,0,0,0,0.030898817244826814,Muito Baixo
26,98000,5.0,12000,8.49,0.12,3,0.1224489795918367,0,1,0,1,0,0,0,0,0,0,1,0,0,0,0,0.03179435666721703,Muito Baixo
32,71000,2.0,15000,15.95,0.21,9,0.2112676056338028,1,4,0,0,0,0,1,0,1,0,0,0,0,1,1,0.9010368877264441,Muito Alto
26,32000,2.0,6500,14.22,0.2,2,0.203125,1,3,1,0,0,0,1,0,0,0,1,0,0,0,0,0.15379364674936002,Muito Baixo
35,38000,3.0,8000,10.99,0.21,9,0.2105263157894736,0,2,0,0,0,0,1,0,0,0,0,0,1,0,0,0.0024128352803332513,Muito Baixo
33,63600,4.0,8500,13.23,0.13,8,0.1336477987421383,1,3,0,1,0,0,0,1,0,0,0,0,0,0,0,0.2833583151158484,Baixo
26,99100,2.0,7000,7.49,0.07,3,0.0706357214934409,0,1,0,0,0,0,1,0,0,0,0,1,0,0,0,0.016780063065899464,Muito Baixo
26,260000,10.0,28000,10.99,0.11,3,0.1076923076923077,0,2,0,0,0,1,0,0,0,1,0,0,0,0,0,0.0015624855148362131,Muito Baixo
26,72600,3.0,4500,7.74,0.06,3,0.0619834710743801,0,1,0,1,0,0,0,0,0,0,0,0,1,0,0,0.0008747505330113634,Muito Baixo
24,102996,3.0,20000,6.91,0.19,4,0.1941822983416831,0,1,0,1,0,0,0,0,0,0,0,0,1,0,0,0.0003066361946266797,Muito Baixo
28,70000,1.0,12000,14.27,0.17,6,0.1714285714285714,1,3,1,0,0,0,1,0,0,1,0,0,0,0,0,0.11834075880093778,Muito Baixo
38,83000,3.0,22250,23.22,0.27,12,0.2680722891566265,1,7,1,0,0,0,1,0,0,1,0,0,0,1,1,0.9666541644569177,Muito Alto
38,40000,5.0,10000,5.99,0.25,17,0.25,0,1,0,1,0,0,0,0,0,0,0,1,0,0,0,0.010517691861856821,Muito Baixo
21,35000,5.0,1500,9.63,0.04,2,0.0428571428571428,0,2,0,1,0,0,0,0,1,0,0,0,0,0,0,0.04641364800345874,Muito Baixo
22,71760,6.0,15500,7.88,0.22,2,0.2159977703455964,0,1,0,0,0,0,1,0,1,0,0,0,0,0,0,0.030609845749457992,Muito Baixo
25,84000,3.0,10000,13.48,0.12,4,0.119047619047619,1,3,1,0,0,0,1,1,0,0,0,0,0,0,0,0.053992277966403004,Muito Baixo
22,72000,6.0,15000,11.58,0.21,2,0.2083333333333333,1,2,0,0,1,0,0,0,0,0,0,0,1,0,0,0.0014940896851660531,Muito Baixo
34,69000,0.0,12800,15.7,0.19,5,0.1855072463768116,1,4,0,0,0,0,1,0,0,0,0,0,1,1,1,0.9477040381323806,Muito Alto
21,40000,0.0,2500,14.27,0.06,2,0.0625,1,3,0,0,0,1,0,0,1,0,0,0,0,0,0,0.0004079208854687181,Muito Baixo
23,18720,2.0,4000,15.62,0.21,4,0.2136752136752136,1,4,0,0,0,0,1,0,1,0,0,0,0,1,1,0.9977676031482157,Muito Alto
31,106000,15.0,2400,9.63,0.02,6,0.0226415094339622,0,2,0,1,0,0,0,0,0,1,0,0,0,0,0,0.16376274040416658,Muito Baixo
22,32968,2.0,5000,14.61,0.15,3,0.1516622179082747,1,4,0,0,0,0,1,1,0,0,0,0,0,1,1,0.9972764054372464,Muito Alto
27,55000,6.0,10000,7.9,0.18,6,0.1818181818181818,0,1,0,1,0,0,0,0,0,0,0,1,0,0,0,0.05330870554427406,Muito Baixo
26,42000,1.0,1500,14.61,0.04,3,0.0357142857142857,1,4,1,0,0,0,1,0,0,0,0,0,1,1,1,0.9314465206419966,Muito Alto
21,37260,1.0,7500,14.84,0.2,2,0.2012882447665056,1,4,1,0,0,0,1,0,0,1,0,0,0,1,1,0.9996587049598027,Muito Alto
24,55000,5.0,10000,5.42,0.18,2,0.1818181818181818,0,1,0,0,0,0,1,0,0,1,0,0,0,0,0,0.02903296467296479,Muito Baixo
22,120000,3.0,5000,14.79,0.04,3,0.0416666666666666,1,3,1,1,0,0,0,0,0,0,0,0,1,0,0,0.031290974741641074,Muito Baixo
43,72000,9.0,10000,10.99,0.14,11,0.1388888888888889,0,2,0,1,0,0,0,0,0,0,1,0,0,0,0,0.03723485543463498,Muito Baixo
34,36000,3.0,3600,13.49,0.1,7,0.1,1,3,1,0,0,0,1,0,0,0,0,0,1,0,0,0.09362001413724683,Muito Baixo
25,105000,3.0,12000,12.84,0.11,2,0.1142857142857142,1,3,1,1,0,0,0,0,0,0,0,0,1,0,0,0.03788772775083985,Muito Baixo
23,47000,7.0,12000,16.29,0.26,3,0.2553191489361702,1,4,1,0,0,0,1,1,0,0,0,0,0,1,1,0.9910745282408765,Muito Alto
22,66000,6.0,2400,10.99,0.04,2,0.0363636363636363,0,2,0,1,0,0,0,0,0,0,0,0,1,0,0,0.0019612189113778645,Muito Baixo
26,119000,6.0,15000,14.42,0.13,2,0.1260504201680672,1,4,0,1,0,0,0,0,0,0,0,0,1,0,0,0.08543555147058836,Muito Baixo
23,105600,7.0,15000,7.51,0.14,3,0.1420454545454545,0,1,0,1,0,0,0,1,0,0,0,0,0,0,0,0.018390049024720946,Muito Baixo
23,39000,3.0,10000,11.99,0.26,3,0.2564102564102564,1,2,0,0,0,0,1,0,0,0,0,1,0,1,0,0.2551745979925078,Baixo
24,13000,4.0,4000,9.88,0.31,2,0.3076923076923077,0,2,0,0,0,0,1,0,0,0,0,1,0,1,1,0.9996996705388539,Muito Alto
30,48000,0.0,6000,7.88,0.13,10,0.125,0,1,0,0,0,0,1,0,1,0,0,0,0,0,0,0.04736499754853503,Muito Baixo
31,35004,2.0,2700,13.49,0.08,5,0.0771340418237915,1,3,0,0,0,0,1,0,1,0,0,0,0,0,0,0.12795397262205593,Muito Baixo
23,60000,4.0,7000,5.79,0.12,4,0.1166666666666666,0,1,0,0,0,0,1,0,1,0,0,0,0,0,0,0.009506430853766134,Muito Baixo
23,30996,2.0,5000,11.86,0.16,2,0.161311136920893,1,2,0,0,0,1,0,0,0,0,0,0,1,0,0,6.918013661620088e-05,Muito Baixo
23,50000,7.0,13750,18.43,0.28,3,0.275,1,6,0,1,0,0,0,1,0,0,0,0,0,1,1,0.9930265653677308,Muito Alto
29,70000,6.0,4200,10.99,0.06,9,0.06,0,2,0,1,0,0,0,1,0,0,0,0,0,0,0,0.06309002317366931,Muito Baixo
22,60000,3.0,8700,15.58,0.14,4,0.145,1,4,1,0,0,1,0,0,0,0,0,1,0,0,0,0.0003241685226448553,Muito Baixo
22,18000,1.0,5400,15.31,0.3,2,0.3,1,4,1,0,0,1,0,0,0,0,1,0,0,1,1,0.9976090086012974,Muito Alto
22,33600,6.0,5000,7.14,0.15,3,0.1488095238095238,0,1,0,1,0,0,0,0,0,0,0,0,1,0,0,0.0015262341593748126,Muito Baixo
27,93000,11.0,12000,8.9,0.13,8,0.1290322580645161,0,1,0,0,0,0,1,0,0,1,0,0,0,0,0,0.03893280862029152,Muito Baixo
45,54981,2.0,6000,7.49,0.11,17,0.1091286080646041,0,1,0,0,0,0,1,0,0,0,1,0,0,0,0,0.026149089775050264,Muito Baixo
22,27996,4.0,3250,15.21,0.12,2,0.1160880125732247,1,4,0,1,0,0,0,0,0,0,1,0,0,1,1,0.969311068914407,Muito Alto
23,35000,5.0,7000,6.03,0.2,2,0.2,0,1,0,0,0,0,1,1,0,0,0,0,0,0,0,0.0220944172018111,Muito Baixo
42,42000,4.0,12000,6.03,0.29,15,0.2857142857142857,0,1,0,0,0,1,0,0,0,0,0,0,1,0,0,1.1815026992499533e-05,Muito Baixo
29,36000,0.0,8000,7.49,0.22,7,0.2222222222222222,0,1,0,0,0,0,1,0,0,0,0,0,1,0,0,0.0016050178929470549,Muito Baixo
25,62280,3.0,15000,8.94,0.24,4,0.2408477842003853,0,1,0,0,0,0,1,0,1,0,0,0,0,0,0,0.0748220668406565,Muito Baixo
26,90000,8.0,8400,13.48,0.09,2,0.0933333333333333,1,3,0,0,0,0,1,0,0,0,0,1,0,0,0,0.06292462008459332,Muito Baixo
28,30000,4.0,3900,11.99,0.13,9,0.13,1,2,0,0,0,0,1,0,1,0,0,0,0,0,0,0.2211202862250247,Baixo
33,28800,5.0,4000,9.88,0.14,5,0.1388888888888889,0,2,0,0,0,0,1,0,0,0,1,0,0,0,0,0.03769959636277022,Muito Baixo
27,55000,0.0,11000,5.42,0.2,9,0.2,0,1,0,1,0,0,0,1,0,0,0,0,0,0,0,0.028528949158737677,Muito Baixo
41,35400,11.0,1500,12.87,0.04,14,0.0423728813559322,1,3,1,0,0,0,1,0,0,0,0,0,1,0,0,0.08233653699441167,Muito Baixo
26,110000,9.0,20000,13.72,0.18,3,0.1818181818181818,1,3,0,1,0,0,0,0,0,0,0,1,0,0,0,0.0693879545001071,Muito Baixo
23,124800,4.0,28000,10.99,0.22,2,0.2243589743589743,0,2,0,1,0,0,0,0,0,0,1,0,0,0,0,0.03417926206499335,Muito Baixo
41,444000,4.0,2500,15.31,0.01,11,0.0056306306306306,1,4,0,1,0,0,0,0,1,0,0,0,0,0,0,0.04602485071627671,Muito Baixo
24,70092,0.0,13950,11.14,0.2,2,0.1990241397021058,1,2,0,1,0,0,0,1,0,0,0,0,0,0,0,0.05217601189285859,Muito Baixo
23,40000,6.0,3000,7.66,0.07,3,0.075,0,1,0,0,0,1,0,0,1,0,0,0,0,0,0,0.00041735179774691805,Muito Baixo
28,73000,3.0,1000,13.48,0.01,7,0.0136986301369863,1,3,0,0,0,0,1,1,0,0,0,0,0,0,0,0.04849904620647294,Muito Baixo
23,51996,0.0,3400,17.58,0.07,4,0.0653896453573351,1,6,0,0,0,0,1,0,0,1,0,0,0,1,1,0.9987272140575237,Muito Alto
30,65000,11.0,12800,15.2,0.2,6,0.1969230769230769,1,4,0,0,0,0,1,0,0,0,0,1,0,0,0,0.0941581735686713,Muito Baixo
28,55000,6.0,12000,14.27,0.22,10,0.2181818181818181,1,3,1,0,0,0,1,0,0,0,1,0,0,0,0,0.05909827414654516,Muito Baixo
23,33000,5.0,4800,14.54,0.15,4,0.1454545454545454,1,4,0,0,0,0,1,0,0,0,0,0,1,0,0,0.3304657135348851,Baixo
27,72900,3.0,10000,15.7,0.14,9,0.1371742112482853,1,4,1,1,0,0,0,0,0,0,0,1,0,0,0,0.1524492071688893,Muito Baixo
24,53000,3.0,2000,10.36,0.04,2,0.0377358490566037,0,2,0,0,0,0,1,0,0,1,0,0,0,0,0,0.20774905791785916,Baixo
27,42000,4.0,2850,13.48,0.07,7,0.0678571428571428,1,3,0,1,0,0,0,0,0,0,0,1,0,1,0,0.14103373178653647,Muito Baixo
27,46000,3.0,18000,7.9,0.39,8,0.391304347826087,0,1,0,1,0,0,0,0,0,0,1,0,0,0,0,0.2155438617743826,Baixo
29,175000,2.0,10000,7.49,0.06,9,0.0571428571428571,0,1,0,1,0,0,0,0,0,1,0,0,0,0,0,0.017713124735342044,Muito Baixo
23,60000,5.0,22000,13.06,0.37,3,0.3666666666666666,1,3,1,1,0,0,0,0,0,0,1,0,0,0,0,0.30519619045044255,Baixo
26,38400,2.0,5550,9.99,0.14,2,0.14453125,0,2,0,0,0,1,0,0,1,0,0,0,0,0,0,0.00043633099902953474,Muito Baixo
21,30000,3.0,2500,7.14,0.08,4,0.0833333333333333,0,1,0,0,0,0,1,1,0,0,0,0,0,1,0,0.21202750502591158,Baixo
23,88000,7.0,12475,6.03,0.14,4,0.1417613636363636,0,1,0,1,0,0,0,0,0,0,0,0,1,0,0,0.00020479009227941024,Muito Baixo
22,37000,4.0,10000,10.99,0.27,2,0.2702702702702703,0,2,0,0,0,0,1,1,0,0,0,0,0,0,0,0.1202097789574582,Muito Baixo
24,23500,2.0,7000,10.38,0.3,3,0.2978723404255319,0,2,0,1,0,0,0,1,0,0,0,0,0,0,0,0.05986865809917742,Muito Baixo
35,175000,0.0,16000,11.49,0.09,10,0.0914285714285714,1,2,0,0,0,0,1,1,0,0,0,0,0,0,0,0.030401101475529307,Muito Baixo
28,58000,5.0,19000,14.09,0.33,8,0.3275862068965517,1,4,0,0,0,0,1,0,0,1,0,0,0,1,1,0.9891302596207046,Muito Alto
21,43000,5.0,6500,12.73,0.15,3,0.1511627906976744,1,3,0,0,0,0,1,0,1,0,0,0,0,0,0,0.08861853718748341,Muito Baixo
25,162000,9.0,25000,11.03,0.15,2,0.1543209876543209,1,3,0,0,0,0,1,0,0,0,0,1,0,0,0,0.06779108530125617,Muito Baixo
29,140000,12.0,24250,11.12,0.17,8,0.1732142857142857,1,2,0,1,0,0,0,0,0,0,1,0,0,0,0,0.06440498449953767,Muito Baixo
29,42000,1.0,11300,9.99,0.27,5,0.269047619047619,0,2,0,0,0,0,1,0,0,0,1,0,0,0,0,0.0474953330570465,Muito Baixo
21,32400,1.0,10000,11.48,0.31,2,0.3086419753086419,1,2,0,0,0,0,1,0,1,0,0,0,0,1,1,0.987083968436717,Muito Alto
31,85000,5.0,16000,11.34,0.19,8,0.188235294117647,1,3,1,0,0,0,1,0,1,0,0,0,0,0,0,0.05527836014353701,Muito Baixo
32,108000,13.0,8400,15.99,0.08,7,0.0777777777777777,1,4,0,1,0,0,0,1,0,0,0,0,0,1,1,0.99605441453374,Muito Alto
21,21600,4.0,6700,6.92,0.31,4,0.3101851851851852,0,1,0,0,0,0,1,1,0,0,0,0,0,1,1,0.9783052477311156,Muito Alto
29,36000,4.0,5300,7.14,0.15,6,0.1472222222222222,0,1,0,0,0,1,0,0,0,1,0,0,0,0,0,0.0008787477470854083,Muito Baixo
26,80690,8.0,30000,7.49,0.37,3,0.3717932829346883,0,1,0,0,0,0,1,0,0,0,0,1,0,1,1,0.9936824645629672,Muito Alto
27,42000,6.0,3000,13.48,0.07,7,0.0714285714285714,1,3,1,0,0,0,1,1,0,0,0,0,0,0,0,0.1339032678870482,Muito Baixo
27,45150,1.0,18000,13.16,0.4,7,0.3986710963455149,1,3,0,0,0,0,1,0,0,0,0,1,0,1,1,0.9949265922815771,Muito Alto
24,39500,0.0,6400,10.36,0.16,2,0.1620253164556962,0,2,0,0,0,0,1,0,0,0,0,1,0,0,0,0.13134274131123785,Muito Baixo
22,150000,6.0,18000,15.2,0.12,4,0.12,1,4,0,1,0,0,0,0,0,0,0,1,0,0,0,0.0913002219659819,Muito Baixo
34,72000,2.0,20000,11.89,0.28,10,0.2777777777777778,1,2,0,0,0,0,1,0,0,0,0,0,1,0,0,0.0035538654417351717,Muito Baixo
22,100000,3.0,10000,10.65,0.1,2,0.1,0,2,0,0,0,0,1,0,0,0,0,0,1,0,0,0.0013696187662480955,Muito Baixo
33,130000,9.0,25000,15.33,0.19,10,0.1923076923076923,1,4,1,1,0,0,0,0,0,0,0,1,0,0,0,0.06341003713327419,Muito Baixo
22,47000,5.0,20000,16.77,0.43,3,0.425531914893617,1,4,0,0,0,0,1,0,0,0,1,0,0,1,1,0.9987839965819881,Muito Alto
26,118000,1.0,15000,17.58,0.13,4,0.1271186440677966,1,4,0,0,0,0,1,0,1,0,0,0,0,1,1,0.9206239197794599,Muito Alto
41,35100,3.0,4650,7.88,0.13,17,0.1324786324786324,0,1,0,1,0,0,0,0,1,0,0,0,0,0,0,0.026767673686608328,Muito Baixo
30,253000,3.0,24000,14.96,0.09,7,0.0948616600790513,1,4,0,1,0,0,0,1,0,0,0,0,0,1,1,0.9924395118143653,Muito Alto
21,23000,6.0,3000,13.35,0.13,3,0.1304347826086956,1,3,0,1,0,0,0,1,0,0,0,0,0,0,0,0.21907217604615492,Baixo
24,60000,8.0,2800,9.32,0.05,4,0.0466666666666666,0,1,0,1,0,0,0,0,0,0,0,0,1,0,0,0.0014105112992761938,Muito Baixo
22,29376,1.0,2800,7.43,0.1,4,0.0953159041394335,0,1,0,0,0,0,1,0,1,0,0,0,0,0,0,0.09219853450353949,Muito Baixo
27,37000,7.0,8400,9.91,0.23,7,0.227027027027027,0,2,0,0,0,0,1,0,0,0,1,0,0,0,0,0.0840317998568955,Muito Baixo
51,52250,4.0,9200,13.61,0.18,24,0.1760765550239234,1,3,0,0,0,0,1,0,0,0,0,0,1,0,0,0.04527291424059377,Muito Baixo
29,200000,4.0,5000,7.43,0.03,10,0.025,0,1,0,0,0,0,1,0,0,0,0,1,0,0,0,0.007401643453912136,Muito Baixo
25,51000,0.0,4200,7.29,0.08,2,0.0823529411764705,0,1,0,1,0,0,0,0,0,0,0,1,0,0,0,0.037156564573934986,Muito Baixo
28,34000,4.0,5000,7.9,0.15,5,0.1470588235294117,0,1,0,0,0,0,1,0,0,0,0,1,0,1,0,0.42197419859668234,Moderado
25,63000,0.0,25000,13.87,0.4,2,0.3968253968253968,1,4,0,1,0,0,0,0,1,0,0,0,0,0,0,0.308061748867337,Baixo
30,78000,1.0,26000,15.96,0.33,5,0.3333333333333333,1,3,1,1,0,0,0,0,0,0,1,0,0,0,0,0.3182227894128814,Baixo
23,75000,1.0,6000,6.99,0.08,4,0.08,0,1,0,0,0,0,1,0,0,0,0,0,1,0,0,0.0007045024290306865,Muito Baixo
35,44000,5.0,6500,7.51,0.15,7,0.1477272727272727,0,1,0,1,0,0,0,1,0,0,0,0,0,0,0,0.052473120604889914,Muito Baixo
25,28176,3.0,1000,9.63,0.04,4,0.0354911981828506,0,2,0,0,0,1,0,0,0,0,1,0,0,0,0,0.000626082832375304,Muito Baixo
34,70000,7.0,17000,11.14,0.24,8,0.2428571428571428,1,2,0,1,0,0,0,1,0,0,0,0,0,1,0,0.09367970076559072,Muito Baixo
22,90000,5.0,15000,11.49,0.17,4,0.1666666666666666,1,2,0,0,0,0,1,0,0,0,1,0,0,0,0,0.03460973774272441,Muito Baixo
26,95000,0.0,2400,7.49,0.03,3,0.0252631578947368,0,1,0,0,0,0,1,0,0,0,0,0,1,0,0,0.0006376292209263264,Muito Baixo
22,65000,1.0,12500,6.91,0.19,2,0.1923076923076923,0,1,0,0,0,0,1,0,1,0,0,0,0,0,0,0.0133746885859211,Muito Baixo
32,95200,15.0,15000,5.99,0.16,8,0.157563025210084,0,1,0,1,0,0,0,0,0,0,1,0,0,0,0,0.0023462340393060493,Muito Baixo
28,42000,4.0,4000,9.25,0.1,10,0.0952380952380952,0,2,0,1,0,0,0,0,0,0,1,0,0,1,0,0.10833636358717516,Muito Baixo
32,140000,3.0,5000,10.38,0.04,10,0.0357142857142857,0,2,0,1,0,0,0,0,0,1,0,0,0,0,0,0.022577806982202027,Muito Baixo
33,53000,1.0,12000,12.84,0.23,5,0.2264150943396226,1,3,1,0,0,0,1,0,0,0,1,0,0,0,0,0.05836723781407783,Muito Baixo
49,120000,12.0,12000,10.99,0.1,12,0.1,0,2,0,1,0,0,0,0,0,0,1,0,0,0,0,0.05257675329952563,Muito Baixo
22,28080,5.0,15250,16.7,0.54,4,0.5430911680911681,1,5,0,0,0,0,1,0,0,0,0,0,1,1,1,0.9971012488556437,Muito Alto
31,72000,6.0,21000,11.99,0.29,6,0.2916666666666667,1,2,0,0,0,0,1,1,0,0,0,0,0,1,0,0.1623157311005733,Muito Baixo
23,35000,7.0,12000,12.42,0.34,2,0.3428571428571428,1,2,0,1,0,0,0,1,0,0,0,0,0,0,0,0.10614323416525304,Muito Baixo
32,63000,9.0,8000,10.74,0.13,5,0.1269841269841269,0,2,0,0,0,0,1,1,0,0,0,0,0,1,0,0.06528252503619913,Muito Baixo
26,44400,4.0,6500,14.35,0.15,2,0.1463963963963964,1,3,0,1,0,0,0,0,0,0,0,0,1,0,0,0.13285784540015405,Muito Baixo
25,96000,0.0,6000,6.99,0.06,4,0.0625,0,1,0,0,0,0,1,0,0,1,0,0,0,0,0,0.009753026804753318,Muito Baixo
36,27600,0.0,1000,11.49,0.04,12,0.036231884057971,1,2,0,0,0,0,1,0,1,0,0,0,0,0,0,0.10485307577535316,Muito Baixo
35,170000,6.0,6500,7.49,0.04,10,0.038235294117647,0,1,0,1,0,0,0,0,1,0,0,0,0,0,0,0.006724177173229243,Muito Baixo
32,122400,16.0,10000,7.88,0.08,6,0.0816993464052287,0,1,0,1,0,0,0,0,0,0,1,0,0,0,0,0.021607278144093342,Muito Baixo
29,79894,7.0,20000,14.96,0.25,10,0.2503316894885724,1,4,1,1,0,0,0,0,0,0,0,0,1,0,0,0.1106840021335617,Muito Baixo
23,55000,0.0,12300,13.48,0.22,4,0.2236363636363636,1,3,0,0,0,0,1,0,0,0,0,0,1,0,0,0.06255039020364073,Muito Baixo
26,65450,3.0,10800,12.21,0.14,3,0.1650114591291062,1,2,0,1,0,0,0,0,0,0,1,0,0,1,0,0.18491663072157907,Muito Baixo
28,94773,3.0,6000,11.83,0.06,10,0.0633091703333227,1,2,0,0,0,0,1,0,0,1,0,0,0,0,0,0.0252525022401143,Muito Baixo
39,60000,1.0,11025,10.59,0.18,12,0.18375,0,2,0,0,0,0,1,0,0,0,1,0,0,0,0,0.020366508588390394,Muito Baixo
23,27350,5.0,1925,10.99,0.07,3,0.0703839122486288,0,2,0,1,0,0,0,0,0,0,0,0,1,0,0,0.0021377906594624743,Muito Baixo
22,29004,4.0,9975,10.99,0.34,2,0.343918080264791,0,2,0,0,0,0,1,0,1,0,0,0,0,1,1,0.9962575111734402,Muito Alto
27,100000,9.0,20000,12.69,0.2,5,0.2,1,2,0,0,0,0,1,0,0,0,1,0,0,0,0,0.04912658416779871,Muito Baixo
33,160000,3.0,22000,10.75,0.14,8,0.1375,0,2,0,1,0,0,0,0,0,0,0,1,0,0,0,0.03289753135933145,Muito Baixo
22,30000,6.0,5000,13.23,0.17,4,0.1666666666666666,1,3,0,1,0,0,0,1,0,0,0,0,0,0,0,0.3602634427352074,Baixo
26,72000,8.0,7000,9.32,0.1,2,0.0972222222222222,0,1,0,0,0,0,1,0,0,0,0,1,0,0,0,0.07200936225190267,Muito Baixo
28,51200,12.0,12000,10.99,0.23,7,0.234375,0,2,0,0,0,0,1,1,0,0,0,0,0,1,0,0.11212217047428108,Muito Baixo
24,80000,8.0,18000,10.62,0.23,2,0.225,0,2,0,1,0,0,0,0,1,0,0,0,0,0,0,0.03681299306050041,Muito Baixo
25,48000,6.0,3200,6.99,0.07,2,0.0666666666666666,0,1,0,1,0,0,0,0,0,0,0,0,1,0,0,0.000676433092924651,Muito Baixo
22,34800,7.0,9600,19.16,0.28,2,0.2758620689655172,1,7,1,0,0,0,1,0,0,0,0,1,0,1,1,0.6163508011941086,Alto
40,68000,1.0,9200,8.94,0.14,11,0.1352941176470588,0,1,0,1,0,0,0,0,0,0,0,1,0,0,0,0.0533691657760912,Muito Baixo
25,62400,4.0,15000,17.58,0.24,4,0.2403846153846154,1,4,0,0,0,1,0,0,0,0,1,0,0,0,0,0.026589718220878557,Muito Baixo
30,70000,6.0,12800,10.99,0.18,7,0.1828571428571428,0,2,0,1,0,0,0,0,0,1,0,0,0,0,0,0.05746122833106663,Muito Baixo
26,51000,10.0,15825,6.99,0.31,3,0.3102941176470588,0,1,0,1,0,0,0,0,0,0,1,0,0,0,0,0.1472056428582227,Muito Baixo
23,18460,0.0,2775,7.68,0.15,2,0.1503250270855904,0,1,0,0,0,0,1,0,0,0,0,1,0,0,0,0.05254038662701402,Muito Baixo
42,32400,1.0,8875,16.29,0.27,16,0.2739197530864197,1,4,0,0,0,0,1,1,0,0,0,0,0,1,1,0.9987279654171916,Muito Alto
32,110888,0.0,10400,9.91,0.09,7,0.0937883269605367,0,2,0,1,0,0,0,0,0,1,0,0,0,0,0,0.050935474373188544,Muito Baixo
26,173000,0.0,10000,8.07,0.06,4,0.0578034682080924,0,1,0,1,0,0,0,0,0,0,0,1,0,0,0,0.055902361719427314,Muito Baixo
29,68000,13.0,10000,7.74,0.15,7,0.1470588235294117,0,1,0,1,0,0,0,0,1,0,0,0,0,0,0,0.05129013977779081,Muito Baixo
23,55200,2.0,2000,11.86,0.04,3,0.036231884057971,1,2,0,1,0,0,0,1,0,0,0,0,0,0,0,0.10407124107222286,Muito Baixo
28,56000,0.0,20000,18.62,0.36,7,0.3571428571428571,1,6,0,0,0,0,1,0,0,0,1,0,0,1,1,0.9998017536514422,Muito Alto
26,48000,7.0,16750,14.26,0.35,3,0.3489583333333333,1,3,1,1,0,0,0,0,0,1,0,0,0,0,0,0.15223382137919328,Muito Baixo
28,102000,12.0,15000,11.46,0.15,7,0.1470588235294117,1,2,0,0,0,0,1,1,0,0,0,0,0,0,0,0.06777105265530177,Muito Baixo
24,21000,2.0,1800,10.65,0.09,2,0.0857142857142857,0,2,0,0,0,0,1,0,0,0,1,0,0,0,0,0.08940575473908097,Muito Baixo
23,52000,3.0,17000,11.58,0.33,4,0.3269230769230769,1,2,0,0,0,0,1,1,0,0,0,0,0,1,1,0.9851286077492086,Muito Alto
22,48000,2.0,11000,10.75,0.23,4,0.2291666666666666,0,2,0,0,0,0,1,0,1,0,0,0,0,0,0,0.05491673676935995,Muito Baixo
25,174000,2.0,8800,14.27,0.05,3,0.0505747126436781,1,3,0,1,0,0,0,1,0,0,0,0,0,0,0,0.15427614202535977,Muito Baixo
23,32388,0.0,6000,10.71,0.19,4,0.1852537977028529,0,2,0,1,0,0,0,0,0,0,0,0,1,0,0,0.0017690620796084926,Muito Baixo
23,95000,0.0,14000,12.69,0.15,2,0.1473684210526315,1,2,0,0,0,0,1,0,1,0,0,0,0,0,0,0.028095708323625422,Muito Baixo
61,78000,1.0,8525,14.54,0.11,27,0.1092948717948718,1,4,1,1,0,0,0,0,0,0,0,1,0,1,0,0.26111008126148505,Baixo
25,83004,9.0,5000,6.76,0.06,3,0.0602380608163462,0,1,0,1,0,0,0,1,0,0,0,0,0,0,0,0.029435350688841507,Muito Baixo
37,31200,1.0,6600,5.42,0.21,12,0.2115384615384615,0,1,0,0,0,1,0,0,0,0,0,0,1,0,0,3.606676571051406e-05,Muito Baixo
28,20000,0.0,2150,10.37,0.11,6,0.1075,0,2,0,0,0,0,1,0,0,0,1,0,0,0,0,0.11557902844415656,Muito Baixo
38,34000,4.0,5750,10.99,0.17,16,0.1691176470588235,0,2,0,0,0,0,1,0,0,0,1,0,0,0,0,0.1668296760340321,Muito Baixo
27,70000,6.0,12000,10.99,0.17,8,0.1714285714285714,0,2,0,0,0,0,1,0,0,0,0,0,1,0,0,0.0017763062945351025,Muito Baixo
37,24000,5.0,10000,9.76,0.42,13,0.4166666666666667,0,2,0,0,0,0,1,1,0,0,0,0,0,1,1,0.9844555621627967,Muito Alto
26,150500,10.0,10000,15.99,0.07,3,0.0664451827242525,1,4,0,1,0,0,0,1,0,0,0,0,0,1,1,0.9914943838842519,Muito Alto
28,57408,2.0,4800,11.99,0.08,6,0.0836120401337792,1,2,0,0,0,0,1,0,0,1,0,0,0,0,0,0.22547565850308013,Baixo
25,42996,6.0,5000,10.38,0.12,2,0.1162898874313889,0,2,0,0,0,0,1,1,0,0,0,0,0,0,0,0.11164072150918034,Muito Baixo
21,42000,0.0,12000,13.23,0.29,2,0.2857142857142857,1,3,0,0,0,0,1,0,1,0,0,0,0,0,0,0.08845083720882133,Muito Baixo
31,48605,0.0,12000,10.99,0.25,10,0.2468881802283715,0,2,0,0,0,0,1,0,0,0,0,0,1,0,0,0.001095263411839423,Muito Baixo
27,97000,4.0,8275,10.59,0.09,5,0.0853092783505154,0,3,1,1,0,0,0,0,0,0,0,1,0,1,0,0.16185420329600725,Muito Baixo
24,74004,8.0,8000,15.21,0.11,3,0.1081022647424463,1,4,0,1,0,0,0,1,0,0,0,0,0,1,1,0.9973957043776159,Muito Alto
26,16800,4.0,10625,10.99,0.63,3,0.6324404761904762,0,2,0,0,0,0,1,0,0,0,0,1,0,1,1,0.9996607182516521,Muito Alto
23,36000,7.0,11300,12.69,0.31,2,0.3138888888888889,1,2,0,1,0,0,0,0,1,0,0,0,0,0,0,0.1264265148780078,Muito Baixo
22,30000,3.0,5000,6.91,0.17,3,0.1666666666666666,0,1,0,1,0,0,0,0,1,0,0,0,0,0,0,0.1255978712348492,Muito Baixo
35,80000,5.0,7000,7.29,0.09,8,0.0875,0,1,0,0,0,0,1,0,1,0,0,0,0,0,0,0.009467534805861306,Muito Baixo
23,35000,2.0,22250,12.69,0.64,3,0.6357142857142857,1,2,0,0,0,0,1,1,0,0,0,0,0,1,1,0.9877947133908145,Muito Alto
33,116000,5.0,15000,12.84,0.13,7,0.1293103448275862,1,3,0,1,0,0,0,0,1,0,0,0,0,0,0,0.07196531511024265,Muito Baixo
29,106800,0.0,15000,7.49,0.14,6,0.1404494382022472,0,1,0,0,0,0,1,1,0,0,0,0,0,0,0,0.01164512732583835,Muito Baixo
28,58800,11.0,5500,6.76,0.09,9,0.0935374149659864,0,1,0,1,0,0,0,0,0,0,0,0,1,0,0,0.0016776467769692802,Muito Baixo
23,21360,0.0,7500,7.14,0.35,3,0.351123595505618,0,1,0,0,0,0,1,0,0,0,0,1,0,1,1,0.9923345804962612,Muito Alto
22,60000,6.0,2000,9.63,0.03,2,0.0333333333333333,0,2,0,0,0,0,1,0,1,0,0,0,0,0,0,0.022410362891978085,Muito Baixo
21,35364,3.0,10000,10.99,0.28,4,0.282773441918335,0,2,0,0,0,0,1,0,0,0,0,0,1,0,0,0.0015098501133175583,Muito Baixo
35,67500,5.0,3500,10.62,0.05,9,0.0518518518518518,0,2,0,0,0,0,1,0,0,1,0,0,0,0,0,0.08870310060480717,Muito Baixo
29,50000,0.0,3575,11.49,0.07,7,0.0715,1,2,0,1,0,0,0,0,0,0,0,1,0,0,0,0.048308392400702165,Muito Baixo
39,44500,5.0,6000,7.88,0.13,17,0.1348314606741573,0,1,0,0,0,0,1,0,0,0,1,0,0,0,0,0.07520283417593669,Muito Baixo
30,72000,12.0,12400,7.49,0.17,5,0.1722222222222222,0,1,0,0,0,0,1,0,1,0,0,0,0,0,0,0.041123304813340436,Muito Baixo
28,39912,2.0,10000,8.49,0.25,8,0.2505512126678693,0,1,0,1,0,0,0,0,1,0,0,0,0,1,0,0.05976918182754385,Muito Baixo
43,20000,15.0,5000,7.14,0.25,15,0.25,0,1,0,0,0,1,0,0,1,0,0,0,0,0,0,0.0007056270710214178,Muito Baixo
24,82000,8.0,25000,15.27,0.3,3,0.3048780487804878,1,3,1,0,0,1,0,0,1,0,0,0,0,0,0,0.00041726799902698335,Muito Baixo
37,77000,4.0,4500,6.99,0.06,12,0.0584415584415584,0,1,0,1,0,0,0,0,0,0,1,0,0,0,0,0.006966177365258028,Muito Baixo
25,115000,2.0,8000,11.71,0.07,4,0.0695652173913043,1,2,0,0,0,0,1,0,0,0,0,0,1,0,0,0.0031804892079726316,Muito Baixo
28,110000,3.0,11000,5.79,0.1,7,0.1,0,1,0,1,0,0,0,0,0,0,0,0,1,0,0,0.00018902079006010567,Muito Baixo
29,50000,0.0,3575,11.49,0.07,6,0.0715,1,2,0,1,0,0,0,0,0,1,0,0,0,0,0,0.06370623539514986,Muito Baixo
32,50000,3.0,2500,13.49,0.05,7,0.05,1,3,0,0,0,0,1,0,0,0,0,1,0,0,0,0.04342244504978858,Muito Baixo
23,75000,5.0,8000,10.74,0.11,3,0.1066666666666666,0,2,0,0,0,0,1,1,0,0,0,0,0,0,0,0.044781548792585384,Muito Baixo
28,24000,0.0,10000,12.87,0.42,8,0.4166666666666667,1,3,0,0,0,0,1,1,0,0,0,0,0,1,1,0.9943684986571132,Muito Alto
45,73000,0.0,5600,15.27,0.08,11,0.0767123287671232,1,3,0,0,0,0,1,0,1,0,0,0,0,1,1,0.5590156283468699,Moderado
25,46000,3.0,7000,9.07,0.15,3,0.1521739130434782,0,1,0,0,0,0,1,1,0,0,0,0,0,0,0,0.06898230378945777,Muito Baixo
37,28800,0.0,5500,6.03,0.19,15,0.1909722222222222,0,1,0,0,0,0,1,0,1,0,0,0,0,0,0,0.034666340154815324,Muito Baixo
27,40800,6.0,8000,12.69,0.2,6,0.196078431372549,1,2,0,1,0,0,0,0,0,1,0,0,0,0,0,0.21700228702894683,Baixo
40,133000,2.0,35000,14.54,0.26,17,0.2631578947368421,1,4,1,0,0,0,1,0,1,0,0,0,0,1,1,0.8774413980621114,Muito Alto
21,48000,5.0,18000,15.62,0.38,3,0.375,1,4,1,1,0,0,0,1,0,0,0,0,0,1,1,0.9903279422158681,Muito Alto
24,85000,1.0,9000,13.92,0.11,4,0.1058823529411764,1,3,0,0,0,0,1,0,0,0,1,0,0,0,0,0.08491495032406042,Muito Baixo
24,64000,9.0,10000,10.99,0.16,4,0.15625,0,2,0,1,0,0,0,1,0,0,0,0,0,0,0,0.15522279705278247,Muito Baixo
29,37500,0.0,11000,8.49,0.29,5,0.2933333333333333,0,1,0,0,0,0,1,0,0,0,0,0,1,0,0,0.002811381675859065,Muito Baixo
24,70000,5.0,14400,12.23,0.21,4,0.2057142857142857,1,3,0,0,0,0,1,0,0,1,0,0,0,0,0,0.12096573264835621,Muito Baixo
21,34000,0.0,10000,13.61,0.29,4,0.2941176470588235,1,3,1,0,0,0,1,0,1,0,0,0,0,0,0,0.39599808785655377,Baixo
22,76654,2.0,20000,13.79,0.26,4,0.2609126725285047,1,3,1,0,0,0,1,0,1,0,0,0,0,1,0,0.07743837331834603,Muito Baixo
25,43200,10.0,8000,10.99,0.19,3,0.1851851851851851,0,2,0,0,0,0,1,0,0,0,0,0,1,0,0,0.0028400328540803,Muito Baixo
24,48000,8.0,12000,16.77,0.25,3,0.25,1,4,1,0,0,0,1,0,0,0,0,1,0,0,0,0.12404681112908619,Muito Baixo
31,35142,4.0,8000,11.11,0.23,6,0.2276478288088327,1,2,0,0,0,0,1,0,0,0,0,0,1,0,0,0.002051370319447157,Muito Baixo
27,120000,11.0,20000,10.65,0.17,8,0.1666666666666666,0,2,0,1,0,0,0,0,1,0,0,0,0,0,0,0.029564631593042404,Muito Baixo
28,90000,12.0,21000,14.54,0.23,9,0.2333333333333333,1,4,0,0,0,0,1,0,0,0,0,1,0,0,0,0.11402860759778118,Muito Baixo
22,72000,1.0,15000,10.25,0.21,3,0.2083333333333333,0,2,0,0,0,1,0,0,0,0,0,1,0,0,0,0.0006804780867449107,Muito Baixo
25,80000,0.0,10000,5.79,0.13,4,0.125,0,1,0,1,0,0,0,0,0,0,1,0,0,0,0,0.0030847575415148916,Muito Baixo
30,25000,4.0,3500,11.11,0.14,6,0.14,1,2,0,0,0,0,1,0,0,0,0,1,0,0,0,0.20959276130048957,Baixo
65,93000,27.0,25000,9.99,0.27,27,0.2688172043010752,0,2,0,1,0,0,0,0,0,0,0,1,0,0,0,0.026224842842701906,Muito Baixo
22,62400,6.0,2400,14.46,0.04,2,0.0384615384615384,1,4,1,1,0,0,0,0,1,0,0,0,0,0,0,0.09102735973687337,Muito Baixo
27,90000,8.0,8000,7.66,0.09,5,0.0888888888888888,0,1,0,1,0,0,0,0,1,0,0,0,0,0,0,0.013468431077373224,Muito Baixo
26,40000,0.0,8200,6.62,0.2,4,0.205,0,1,0,0,0,0,1,0,0,0,0,0,1,0,0,0.0007731763838253677,Muito Baixo
40,201400,2.0,12450,12.23,0.06,15,0.0618172790466732,1,3,0,0,0,0,1,0,1,0,0,0,0,0,0,0.04965905838106238,Muito Baixo
30,49110,2.0,19775,12.42,0.4,10,0.4026674811647322,1,2,0,0,0,0,1,0,1,0,0,0,0,1,1,0.9964035890989027,Muito Alto
25,39000,4.0,14000,16.49,0.36,3,0.358974358974359,1,4,0,0,0,0,1,0,0,0,0,1,0,1,1,0.9977234225577938,Muito Alto
28,39600,2.0,5000,12.53,0.13,6,0.1262626262626262,1,2,0,1,0,0,0,1,0,0,0,0,0,0,0,0.21878988356295667,Baixo
26,45900,10.0,11500,13.79,0.25,4,0.2505446623093681,1,3,0,1,0,0,0,0,0,0,0,1,0,0,0,0.2057062314791511,Baixo
23,97000,7.0,30000,10.65,0.31,2,0.3092783505154639,0,2,0,0,0,0,1,0,0,0,0,0,1,1,1,0.9983062723772109,Muito Alto
25,220000,5.0,25000,10.75,0.11,2,0.1136363636363636,0,2,0,1,0,0,0,0,0,0,0,0,1,0,0,0.0008215566668110981,Muito Baixo
22,31200,3.0,7500,9.91,0.24,4,0.2403846153846154,0,2,0,0,0,0,1,0,0,0,0,1,0,0,0,0.2652427675426929,Baixo
22,36600,2.0,9950,7.29,0.27,3,0.2718579234972678,0,1,0,1,0,0,0,1,0,0,0,0,0,0,0,0.05291777842538969,Muito Baixo
33,10080,11.0,7200,6.03,0.71,8,0.7142857142857143,0,1,0,0,0,1,0,0,0,0,0,0,1,1,1,0.9996765647573284,Muito Alto
23,12000,0.0,5825,6.62,0.49,4,0.4854166666666666,0,1,0,0,0,0,1,0,0,0,0,1,0,1,1,0.9997738617624248,Muito Alto
25,120000,7.0,14500,7.49,0.12,4,0.1208333333333333,0,1,0,1,0,0,0,0,0,0,1,0,0,0,0,0.016072091843701466,Muito Baixo
32,25591,4.0,5000,10.65,0.2,9,0.195381188699152,0,2,0,0,0,0,1,0,0,0,0,0,1,0,0,0.0033987525626479206,Muito Baixo
23,43200,2.0,9100,13.24,0.21,2,0.2106481481481481,1,4,0,0,0,0,1,0,0,0,0,0,1,1,1,0.8134182760349936,Muito Alto
20,77052,4.0,24250,11.36,0.31,2,0.3147225250480195,1,2,0,1,0,0,0,0,1,0,0,0,0,0,0,0.08520736968130069,Muito Baixo
33,144000,1.0,5000,8.9,0.03,10,0.0347222222222222,0,1,0,1,0,0,0,0,0,0,1,0,0,0,0,0.012017746781231945,Muito Baixo
24,36000,1.0,7000,6.03,0.19,3,0.1944444444444444,0,1,0,0,0,0,1,0,0,0,1,0,0,0,0,0.02672067150514977,Muito Baixo
25,30720,2.0,11000,13.72,0.36,2,0.3580729166666667,1,3,0,0,0,0,1,0,0,1,0,0,0,1,1,0.9992141103665083,Muito Alto
24,102000,6.0,9800,10.36,0.1,4,0.096078431372549,0,2,0,1,0,0,0,0,0,0,0,0,1,0,0,0.001197341849647903,Muito Baixo
26,88596,3.0,24000,11.58,0.27,3,0.2708925910876337,1,2,0,0,0,0,1,0,0,0,0,1,0,0,0,0.18202757354551657,Muito Baixo
34,32758,0.0,8400,14.96,0.26,5,0.2564259112277917,1,4,0,0,0,0,1,1,0,0,0,0,0,1,1,0.9985416673437596,Muito Alto
28,56000,7.0,20000,18.25,0.36,10,0.3571428571428571,1,6,1,0,0,0,1,1,0,0,0,0,0,1,1,0.9998432007220892,Muito Alto
29,150000,4.0,14000,5.79,0.09,9,0.0933333333333333,0,1,0,1,0,0,0,1,0,0,0,0,0,0,0,0.023600364848274026,Muito Baixo
25,28000,9.0,4000,7.68,0.14,2,0.1428571428571428,0,1,0,1,0,0,0,0,0,0,1,0,0,0,0,0.07853966683432932,Muito Baixo
31,85000,5.0,12000,15.27,0.14,8,0.1411764705882353,1,3,0,0,0,0,1,0,0,0,0,1,0,0,0,0.061922291023125624,Muito Baixo
22,38500,1.0,9000,10.83,0.23,2,0.2337662337662337,0,2,0,0,0,0,1,0,0,0,1,0,0,0,0,0.09315576363875092,Muito Baixo
28,59000,2.0,14000,10.36,0.24,7,0.2372881355932203,0,2,0,1,0,0,0,0,0,0,0,0,1,0,0,0.0022341012843976006,Muito Baixo
25,37500,1.0,10000,15.96,0.27,4,0.2666666666666666,1,3,1,0,0,0,1,0,0,0,1,0,0,0,0,0.1544337762467647,Muito Baixo
24,73000,4.0,6500,5.42,0.09,2,0.0890410958904109,0,1,0,1,0,0,0,0,1,0,0,0,0,0,0,0.044918584128893435,Muito Baixo
29,91560,8.0,22000,6.91,0.24,8,0.2402795980777632,0,1,0,1,0,0,0,1,0,0,0,0,0,0,0,0.011312397651473228,Muito Baixo
22,69000,6.0,7800,12.41,0.11,3,0.1130434782608695,1,3,1,1,0,0,0,0,0,0,0,1,0,0,0,0.21248064804379335,Baixo
24,55800,0.0,3200,7.68,0.06,3,0.057347670250896,0,1,0,1,0,0,0,0,0,0,0,0,1,0,0,0.0006013921910482393,Muito Baixo
23,19200,7.0,3000,7.49,0.16,3,0.15625,0,1,0,1,0,0,0,1,0,0,0,0,0,1,1,0.9805096725701453,Muito Alto
23,55000,7.0,15000,9.2,0.27,4,0.2727272727272727,0,2,0,1,0,0,0,1,0,0,0,0,0,0,0,0.09075744956536458,Muito Baixo
22,56650,2.0,6500,10.65,0.11,2,0.1147396293027361,0,2,0,1,0,0,0,0,0,0,1,0,0,0,0,0.20062104047873613,Baixo
32,105000,3.0,3000,13.48,0.03,10,0.0285714285714285,1,3,0,0,0,0,1,0,0,1,0,0,0,0,0,0.05718986764297129,Muito Baixo
27,80000,11.0,5000,8.0,0.06,6,0.0625,0,1,0,1,0,0,0,0,1,0,0,0,0,0,0,0.044683100257375964,Muito Baixo
22,63211,7.0,6500,11.86,0.1,2,0.1028302036038031,1,2,0,0,0,0,1,1,0,0,0,0,0,0,0,0.1935057363386188,Muito Baixo
24,48000,7.0,5600,10.62,0.12,2,0.1166666666666666,0,2,0,0,0,0,1,0,0,0,0,1,0,0,0,0.09306571887255007,Muito Baixo
29,44400,4.0,5000,7.49,0.11,7,0.1126126126126126,0,1,0,1,0,0,0,0,0,0,0,1,0,0,0,0.12890785875437039,Muito Baixo
28,176000,12.0,25000,10.25,0.14,6,0.1420454545454545,0,2,0,1,0,0,0,0,0,1,0,0,0,0,0,0.09894586305032645,Muito Baixo
31,124992,15.0,24000,8.49,0.19,5,0.1920122887864823,0,1,0,1,0,0,0,1,0,0,0,0,0,0,0,0.07345554548511593,Muito Baixo
23,65000,5.0,16500,7.49,0.25,3,0.2538461538461538,0,1,0,1,0,0,0,0,0,0,0,0,1,0,0,0.0004375952367219048,Muito Baixo
23,60000,7.0,15000,14.22,0.25,2,0.25,1,3,1,0,0,0,1,0,0,0,0,1,0,0,0,0.0805959152576229,Muito Baixo
24,45000,2.0,13000,10.62,0.29,2,0.2888888888888888,0,2,0,1,0,0,0,0,0,1,0,0,0,0,0,0.09689029039585581,Muito Baixo
32,25000,4.0,11700,12.68,0.47,10,0.468,1,3,1,0,0,0,1,0,0,0,1,0,0,1,1,0.9975631653149674,Muito Alto
23,50000,4.0,6000,5.79,0.12,2,0.12,0,1,0,0,0,0,1,1,0,0,0,0,0,0,0,0.01369361856697365,Muito Baixo
23,55000,8.0,12375,9.91,0.23,3,0.225,0,2,0,1,0,0,0,0,1,0,0,0,0,0,0,0.042089411349868974,Muito Baixo
26,69846,2.0,22500,18.99,0.32,4,0.3221372734301176,1,6,0,0,0,0,1,0,1,0,0,0,0,1,1,0.9978904406941026,Muito Alto
23,65000,7.0,3600,10.59,0.06,3,0.0553846153846153,0,2,0,0,0,0,1,0,0,0,1,0,0,0,0,0.03216122758656012,Muito Baixo
27,40000,1.0,6000,11.99,0.15,6,0.15,1,2,0,0,0,0,1,1,0,0,0,0,0,0,0,0.06567920840879445,Muito Baixo
31,23000,13.0,4500,5.79,0.2,9,0.1956521739130435,0,1,0,0,0,1,0,0,0,0,0,1,0,0,0,0.0009863783818364873,Muito Baixo
27,47000,1.0,13000,10.99,0.28,5,0.2765957446808511,0,2,0,0,0,0,1,0,0,0,1,0,0,0,0,0.04530419727391412,Muito Baixo
22,126500,1.0,19200,13.79,0.15,3,0.1517786561264822,1,3,1,0,0,0,1,1,0,0,0,0,0,0,0,0.06964724810625371,Muito Baixo
26,92400,8.0,14500,7.88,0.16,4,0.1569264069264069,0,1,0,1,0,0,0,0,0,0,1,0,0,0,0,0.018297431069741778,Muito Baixo
33,80000,1.0,6000,7.88,0.07,10,0.075,0,1,0,1,0,0,0,0,0,1,0,0,0,0,0,0.007380178292907059,Muito Baixo
29,65000,13.0,16000,12.87,0.25,10,0.2461538461538461,1,3,1,1,0,0,0,0,0,0,0,1,0,0,0,0.05143145476301835,Muito Baixo
24,55000,5.0,9500,9.63,0.17,4,0.1727272727272727,0,1,0,0,0,0,1,0,0,0,0,0,1,0,0,0.0013538294554973427,Muito Baixo
24,45000,0.0,6000,17.19,0.13,3,0.1333333333333333,1,5,0,0,0,0,1,0,0,0,1,0,0,1,1,0.9822481065355029,Muito Alto
33,140004,7.0,25000,15.58,0.18,10,0.1785663266763806,1,4,0,0,0,0,1,0,1,0,0,0,0,0,0,0.17713441455467197,Muito Baixo
25,32004,0.0,7200,12.84,0.22,4,0.2249718785151856,1,3,0,0,0,0,1,0,0,0,1,0,0,0,0,0.1312346774578251,Muito Baixo
23,110000,8.0,7500,13.72,0.07,4,0.0681818181818181,1,3,0,1,0,0,0,0,0,0,0,0,1,0,0,0.04459274186784021,Muito Baixo
23,34800,1.0,5000,10.99,0.14,2,0.1436781609195402,0,2,0,0,0,0,1,0,0,1,0,0,0,1,1,0.9908937995426674,Muito Alto
35,100843,6.0,2800,12.87,0.03,5,0.027765933183265,1,3,0,1,0,0,0,0,0,0,1,0,0,0,0,0.03689908563961533,Muito Baixo
33,51000,12.0,7200,6.76,0.14,5,0.1411764705882353,0,1,0,1,0,0,0,0,0,0,1,0,0,0,0,0.05696974384525051,Muito Baixo
22,34800,6.0,2000,16.89,0.06,4,0.057471264367816,1,4,1,0,0,0,1,1,0,0,0,0,0,1,1,0.9952009046639536,Muito Alto
27,75000,11.0,6000,13.47,0.08,7,0.08,1,3,0,0,0,1,0,0,0,1,0,0,0,0,0,0.0008728354144668711,Muito Baixo
23,24996,1.0,4575,15.31,0.18,2,0.1830292846855497,1,4,1,0,0,1,0,0,0,0,0,1,0,0,0,0.0013329002187381762,Muito Baixo
24,55000,8.0,20000,6.91,0.36,2,0.3636363636363636,0,1,0,0,0,0,1,0,0,1,0,0,0,1,1,0.9809836623194899,Muito Alto
32,29500,4.0,7000,10.0,0.24,7,0.2372881355932203,0,2,0,1,0,0,0,0,1,0,0,0,0,1,0,0.3013329677648726,Baixo
21,30000,0.0,2000,14.46,0.07,4,0.0666666666666666,1,4,1,1,0,0,0,0,1,0,0,0,0,0,0,0.23662692415732875,Baixo
24,55000,6.0,10000,8.94,0.18,3,0.1818181818181818,0,1,0,0,0,0,1,1,0,0,0,0,0,0,0,0.05390051950604362,Muito Baixo
28,48000,4.0,3000,11.99,0.06,6,0.0625,1,2,0,1,0,0,0,0,0,0,0,0,1,0,0,0.0028973597898565035,Muito Baixo
26,24000,0.0,1500,14.54,0.06,4,0.0625,1,4,1,0,0,0,1,0,1,0,0,0,0,1,1,0.9210325151516049,Muito Alto
31,155000,5.0,7000,5.42,0.05,5,0.0451612903225806,0,1,0,1,0,0,0,0,0,1,0,0,0,0,0,0.0055999487121648475,Muito Baixo
26,66000,3.0,12000,11.83,0.18,2,0.1818181818181818,1,2,0,0,0,0,1,0,0,0,1,0,0,0,0,0.055768894858014985,Muito Baixo
22,82570,6.0,18000,15.27,0.22,2,0.2179968511565944,1,3,0,0,0,0,1,0,0,0,0,0,1,0,0,0.13408352633005644,Muito Baixo
23,43000,3.0,8000,10.37,0.19,4,0.1860465116279069,0,2,0,0,0,0,1,1,0,0,0,0,0,0,0,0.06312081886289307,Muito Baixo
26,85000,8.0,15000,7.88,0.18,4,0.1764705882352941,0,1,0,1,0,0,0,0,0,0,1,0,0,0,0,0.02082135155616423,Muito Baixo
23,60000,6.0,7000,12.99,0.12,2,0.1166666666666666,1,3,1,1,0,0,0,0,1,0,0,0,0,0,0,0.03375900462414774,Muito Baixo
25,90000,5.0,10000,12.61,0.11,3,0.1111111111111111,1,3,1,1,0,0,0,0,0,0,0,0,1,0,0,0.03661071105881158,Muito Baixo
25,36000,3.0,5300,7.49,0.15,3,0.1472222222222222,0,1,0,1,0,0,0,0,0,0,0,1,0,0,0,0.05002757890028327,Muito Baixo
27,30000,6.0,1800,14.84,0.06,5,0.06,1,4,1,0,0,1,0,0,1,0,0,0,0,0,0,0.0012121024952019643,Muito Baixo
32,107000,4.0,4000,13.98,0.04,7,0.0373831775700934,1,3,0,0,0,0,1,0,0,0,1,0,0,0,0,0.08041596213087758,Muito Baixo
26,39996,10.0,15000,13.06,0.38,3,0.375037503750375,1,3,1,0,0,0,1,0,0,0,1,0,0,1,1,0.995947935013522,Muito Alto
26,52800,4.0,4000,9.99,0.08,3,0.0757575757575757,0,2,0,0,0,0,1,0,0,0,0,1,0,1,0,0.10490010279925696,Muito Baixo
29,65004,7.0,5000,6.17,0.08,7,0.0769183434865546,0,1,0,1,0,0,0,0,1,0,0,0,0,0,0,0.03254554825593977,Muito Baixo
29,48000,6.0,6025,10.65,0.13,6,0.1255208333333333,0,2,0,0,0,0,1,0,1,0,0,0,0,0,0,0.11939008382647803,Muito Baixo
36,120000,2.0,10000,11.49,0.08,14,0.0833333333333333,1,2,0,0,0,0,1,0,0,1,0,0,0,0,0,0.056937982090116,Muito Baixo
24,10000,8.0,3000,7.9,0.3,3,0.3,0,1,0,0,0,0,1,0,0,0,0,1,0,1,1,0.9977694212131126,Muito Alto
27,80000,2.0,9000,12.21,0.11,8,0.1125,1,2,0,0,0,1,0,0,0,0,0,1,0,0,0,0.00031158580423579153,Muito Baixo
28,51000,12.0,8000,7.51,0.16,5,0.1568627450980392,0,1,0,1,0,0,0,0,0,0,0,0,1,0,0,0.001661032417488737,Muito Baixo
21,34000,5.0,6000,6.76,0.18,2,0.1764705882352941,0,1,0,1,0,0,0,0,1,0,0,0,0,0,0,0.3747486771480203,Baixo
41,40000,3.0,9200,7.49,0.23,13,0.23,0,1,0,0,0,0,1,0,0,0,0,1,0,0,0,0.022403742489903077,Muito Baixo
28,53000,6.0,3500,11.49,0.07,6,0.0660377358490566,1,2,0,0,0,0,1,1,0,0,0,0,0,0,0,0.08643299803984204,Muito Baixo
55,34000,0.0,12000,6.92,0.35,30,0.3529411764705882,0,1,0,0,0,0,1,1,0,0,0,0,0,1,1,0.9943460390784221,Muito Alto
33,77000,9.0,12000,7.29,0.16,10,0.1558441558441558,0,1,0,1,0,0,0,0,0,0,0,1,0,0,0,0.014979967102841952,Muito Baixo
21,30000,1.0,10000,11.14,0.33,2,0.3333333333333333,1,2,0,0,0,0,1,0,0,0,1,0,0,1,1,0.9933266144803007,Muito Alto
26,33600,0.0,5400,7.49,0.16,4,0.1607142857142857,0,1,0,0,0,0,1,0,0,0,0,1,0,0,0,0.08671124779682023,Muito Baixo
26,74004,10.0,25000,15.31,0.34,4,0.3378195773201448,1,4,1,0,0,0,1,1,0,0,0,0,0,1,1,0.9997277897532729,Muito Alto
25,85000,5.0,12000,12.42,0.14,4,0.1411764705882353,1,2,0,0,0,0,1,1,0,0,0,0,0,0,0,0.06072977215241028,Muito Baixo
27,47000,11.0,7750,20.16,0.16,7,0.1648936170212765,1,7,0,1,0,0,0,1,0,0,0,0,0,1,1,0.9998718578935895,Muito Alto
28,24000,5.0,16750,14.96,0.7,10,0.6979166666666666,1,4,1,0,0,0,1,0,0,0,1,0,0,1,1,0.9965105082162835,Muito Alto
25,40000,0.0,8000,10.38,0.2,4,0.2,0,2,0,0,0,1,0,0,1,0,0,0,0,0,0,0.0005613612181888243,Muito Baixo
22,51360,4.0,10000,15.31,0.19,2,0.1947040498442367,1,4,0,0,0,0,1,0,1,0,0,0,0,0,0,0.14710410593235382,Muito Baixo
24,60000,3.0,3200,7.14,0.05,3,0.0533333333333333,0,1,0,0,0,0,1,1,0,0,0,0,0,0,0,0.019293987625617383,Muito Baixo
22,42000,4.0,3500,9.91,0.08,2,0.0833333333333333,0,2,0,1,0,0,0,0,0,0,0,0,1,0,0,0.001707049787286925,Muito Baixo
25,55344,2.0,18000,10.99,0.33,4,0.3252385082393755,0,2,0,0,0,0,1,0,0,1,0,0,0,1,1,0.9861237382522604,Muito Alto
21,40000,5.0,2000,12.99,0.05,4,0.05,1,3,1,1,0,0,0,0,1,0,0,0,0,0,0,0.04739728915783965,Muito Baixo
23,40800,4.0,21000,6.17,0.51,3,0.5147058823529411,0,1,0,0,0,1,0,0,0,0,1,0,0,0,0,0.0038007150543365753,Muito Baixo
36,94185,3.0,10000,9.32,0.11,15,0.1061740192174974,0,1,0,1,0,0,0,0,0,0,0,1,0,0,0,0.02002265882882976,Muito Baixo
23,57996,5.0,8800,7.51,0.15,2,0.1517346023863715,0,1,0,1,0,0,0,0,1,0,0,0,0,0,0,0.030588240192567347,Muito Baixo
23,42000,7.0,15000,11.83,0.36,4,0.3571428571428571,1,2,0,0,0,0,1,0,0,0,0,0,1,1,1,0.9988883695586019,Muito Alto
23,47004,1.0,24000,11.58,0.51,4,0.5105948429920858,1,2,0,0,0,0,1,0,0,0,0,0,1,1,1,0.9989488830543964,Muito Alto
28,81972,4.0,18000,10.99,0.22,6,0.2195871761089152,0,2,0,0,0,0,1,1,0,0,0,0,0,0,0,0.0816222793078389,Muito Baixo
22,18000,0.0,3000,13.99,0.17,4,0.1666666666666666,1,3,1,0,0,0,1,0,0,0,1,0,0,1,1,0.916501088972392,Muito Alto
29,85200,5.0,8900,13.48,0.1,6,0.1044600938967136,1,3,1,1,0,0,0,0,0,0,1,0,0,0,0,0.062008078762304235,Muito Baixo
33,63996,15.0,3200,5.42,0.05,6,0.0500031251953247,0,1,0,1,0,0,0,1,0,0,0,0,0,0,0,0.02598606787159558,Muito Baixo
33,78000,7.0,10000,13.06,0.13,9,0.1282051282051282,1,3,1,0,0,0,1,0,0,1,0,0,0,1,0,0.15865164376300664,Muito Baixo
30,72000,5.0,20000,10.38,0.28,5,0.2777777777777778,0,2,0,1,0,0,0,0,0,0,1,0,0,0,0,0.0393237937395868,Muito Baixo
25,99600,1.0,12800,12.42,0.13,4,0.1285140562248996,1,2,0,1,0,0,0,0,0,1,0,0,0,0,0,0.04803997732807326,Muito Baixo
25,67147,9.0,3000,16.02,0.04,4,0.0446780943303498,1,4,1,0,0,0,1,0,0,0,1,0,0,1,1,0.9691594889739867,Muito Alto
34,37000,17.0,5000,7.9,0.14,10,0.1351351351351351,0,1,0,0,0,1,0,0,1,0,0,0,0,0,0,0.0006031948876227696,Muito Baixo
24,135000,4.0,25000,7.49,0.19,2,0.1851851851851851,0,1,0,1,0,0,0,0,0,0,1,0,0,0,0,0.01027046834306699,Muito Baixo
29,218000,12.0,14400,8.9,0.07,7,0.0660550458715596,0,1,0,1,0,0,0,0,1,0,0,0,0,0,0,0.12322912226793982,Muito Baixo
26,97000,1.0,21000,7.9,0.22,3,0.2164948453608247,0,1,0,0,0,0,1,0,1,0,0,0,0,0,0,0.046830477866528414,Muito Baixo
32,81204,6.0,3600,7.88,0.04,9,0.044332791488104,0,1,0,1,0,0,0,0,1,0,0,0,0,0,0,0.01747339527513788,Muito Baixo
34,90000,15.0,15000,6.99,0.17,6,0.1666666666666666,0,1,0,1,0,0,0,0,0,0,0,0,1,0,0,0.00030449220712946404,Muito Baixo
27,150792,11.0,6000,11.71,0.04,9,0.0397899092790068,1,2,0,1,0,0,0,0,0,0,0,1,0,0,0,0.08596003789168576,Muito Baixo
29,95000,4.0,2400,13.72,0.03,8,0.0252631578947368,1,3,0,1,0,0,0,0,0,1,0,0,0,0,0,0.052761646826723074,Muito Baixo
24,49639,8.0,10000,13.48,0.2,3,0.201454501500836,1,3,0,0,0,0,1,0,0,0,1,0,0,0,0,0.12256141388916499,Muito Baixo
27,74000,3.0,25000,11.46,0.34,5,0.3378378378378378,1,2,0,1,0,0,0,0,0,0,0,1,0,1,0,0.2286190191912222,Baixo
38,55000,4.0,25000,15.31,0.45,14,0.4545454545454545,1,4,1,1,0,0,0,1,0,0,0,0,0,1,1,0.9918820339651151,Muito Alto
24,200000,0.0,18000,9.99,0.09,3,0.09,0,2,0,1,0,0,0,0,0,0,0,0,1,0,0,0.000508514470363128,Muito Baixo
24,40000,6.0,5000,6.17,0.13,2,0.125,0,1,0,0,0,0,1,0,1,0,0,0,0,0,0,0.03749751138080828,Muito Baixo
26,75000,4.0,7000,6.99,0.09,2,0.0933333333333333,0,1,0,1,0,0,0,0,0,1,0,0,0,0,0,0.024538138035892568,Muito Baixo
36,44004,1.0,1800,10.0,0.04,13,0.0409053722388873,0,2,0,1,0,0,0,0,0,0,1,0,0,1,0,0.22696744741347047,Baixo
29,47000,8.0,6000,17.49,0.13,7,0.1276595744680851,1,4,0,0,0,0,1,0,1,0,0,0,0,1,0,0.2675381595432929,Baixo
29,36100,2.0,14000,14.27,0.39,5,0.3878116343490305,1,3,0,1,0,0,0,0,0,0,0,1,0,0,0,0.24070017556830703,Baixo
40,125000,3.0,10200,7.49,0.08,14,0.0816,0,1,0,1,0,0,0,0,0,1,0,0,0,0,0,0.010948302073038924,Muito Baixo
67,200000,2.0,3000,10.28,0.01,26,0.015,0,3,0,1,0,0,0,0,0,0,0,1,0,0,0,0.0020979608463594715,Muito Baixo
25,60000,9.0,12000,7.9,0.2,2,0.2,0,1,0,0,0,0,1,0,1,0,0,0,0,0,0,0.03801305246360472,Muito Baixo
25,181408,2.0,14500,8.88,0.08,2,0.0799303228082554,0,2,0,1,0,0,0,0,0,0,1,0,0,0,0,0.027073819984007715,Muito Baixo
23,78885,2.0,20000,12.42,0.25,3,0.253533624897002,1,2,0,0,0,1,0,0,0,0,0,0,1,0,0,6.447242569931117e-05,Muito Baixo
22,100000,6.0,15000,7.49,0.15,2,0.15,0,1,0,1,0,0,0,0,1,0,0,0,0,0,0,0.013714144301316459,Muito Baixo
24,54000,1.0,20000,17.04,0.37,3,0.3703703703703703,1,5,1,0,0,0,1,0,0,0,0,1,0,1,1,0.9993216518234566,Muito Alto
40,85000,5.0,18000,11.48,0.21,13,0.2117647058823529,1,2,0,0,0,0,1,0,0,1,0,0,0,0,0,0.02525118296397808,Muito Baixo
27,56000,4.0,10050,9.63,0.18,8,0.1794642857142857,0,2,0,1,0,0,0,1,0,0,0,0,0,0,0,0.08429525965845018,Muito Baixo
27,66000,11.0,20000,12.21,0.3,5,0.303030303030303,1,2,0,0,0,0,1,0,0,0,0,1,0,1,0,0.2280294313715306,Baixo
23,26400,4.0,4800,7.49,0.18,4,0.1818181818181818,0,1,0,0,0,0,1,0,0,0,0,1,0,0,0,0.1386017719535163,Muito Baixo
25,59000,4.0,3000,16.29,0.05,3,0.0508474576271186,1,4,1,1,0,0,0,0,0,0,0,1,0,1,0,0.3438919030554293,Baixo
23,50000,0.0,3000,6.91,0.06,2,0.06,0,1,0,0,0,0,1,0,1,0,0,0,0,0,0,0.010690339218104652,Muito Baixo
22,45000,6.0,7000,8.94,0.16,3,0.1555555555555555,0,1,0,1,0,0,0,0,0,0,0,0,1,0,0,0.0011919198338195159,Muito Baixo
26,35652,5.0,1400,11.49,0.04,4,0.0392684842365084,1,2,0,0,0,0,1,1,0,0,0,0,0,1,0,0.18607088623302606,Muito Baixo
24,15000,0.0,2100,13.11,0.14,4,0.14,1,3,1,0,0,0,1,0,1,0,0,0,0,0,0,0.07104850699622033,Muito Baixo
27,65000,8.0,3000,12.42,0.05,10,0.0461538461538461,1,2,0,1,0,0,0,0,0,0,1,0,0,0,0,0.06773328506585682,Muito Baixo
25,40000,2.0,4750,10.99,0.12,3,0.11875,0,2,0,1,0,0,0,1,0,0,0,0,0,0,0,0.04841934265682992,Muito Baixo
23,33195,5.0,1800,11.99,0.05,4,0.0542250338906461,1,2,0,0,0,0,1,0,1,0,0,0,0,0,0,0.15024287883183804,Muito Baixo
28,206000,2.0,24000,13.48,0.12,5,0.116504854368932,1,3,1,0,0,0,1,0,1,0,0,0,0,0,0,0.053620999062592004,Muito Baixo
24,62400,3.0,9500,6.54,0.15,2,0.1522435897435897,0,1,0,1,0,0,0,0,1,0,0,0,0,0,0,0.023417760979560026,Muito Baixo
31,102000,5.0,4000,7.88,0.04,10,0.0392156862745098,0,1,0,1,0,0,0,0,1,0,0,0,0,0,0,0.00822110340648564,Muito Baixo
24,33600,5.0,4450,11.49,0.13,4,0.1324404761904762,1,2,0,0,0,0,1,0,0,0,0,1,0,0,0,0.2510775995225238,Baixo
31,48000,11.0,2000,10.65,0.04,6,0.0416666666666666,0,2,0,0,0,0,1,0,0,0,1,0,0,0,0,0.06942408355478953,Muito Baixo
27,72000,2.0,12000,9.99,0.17,9,0.1666666666666666,0,2,0,0,0,1,0,0,1,0,0,0,0,0,0,0.00041035933710563616,Muito Baixo
31,50000,0.0,8000,13.48,0.16,9,0.16,1,3,0,0,0,0,1,0,0,0,0,1,0,0,0,0.043519260215568976,Muito Baixo
27,39996,3.0,10000,15.37,0.25,8,0.25002500250025,1,4,1,0,0,0,1,0,0,0,0,1,0,0,0,0.15127579626241944,Muito Baixo
37,40000,0.0,12000,9.91,0.3,16,0.3,0,2,0,0,0,0,1,0,0,0,1,0,0,0,0,0.013132171821988444,Muito Baixo
27,47400,4.0,13500,6.17,0.28,9,0.2848101265822785,0,1,0,1,0,0,0,0,0,1,0,0,0,0,0,0.08122675371487918,Muito Baixo
21,15000,4.0,2200,15.31,0.15,4,0.1466666666666666,1,4,1,0,0,0,1,0,1,0,0,0,0,0,0,0.1953624717768595,Muito Baixo
56,71884,11.0,7425,9.99,0.1,24,0.1032914139446886,0,2,0,0,0,1,0,0,0,0,0,1,0,0,0,0.0002580963929854716,Muito Baixo
24,69996,4.0,10000,7.49,0.14,2,0.1428653065889479,0,1,0,0,0,1,0,0,0,0,1,0,0,0,0,0.00017570079668569478,Muito Baixo
21,65000,5.0,10000,6.03,0.15,3,0.1538461538461538,0,1,0,1,0,0,0,0,0,0,0,0,1,0,0,0.00023363511347858457,Muito Baixo
25,78200,9.0,12000,16.4,0.13,4,0.1534526854219949,1,5,0,0,0,0,1,0,0,0,1,0,0,1,1,0.9913015373533438,Muito Alto
34,105000,2.0,10000,7.51,0.1,7,0.0952380952380952,0,1,0,1,0,0,0,0,0,0,1,0,0,0,0,0.0070215315019035345,Muito Baixo
27,20000,4.0,3250,13.48,0.16,5,0.1625,1,3,0,0,0,0,1,0,0,0,0,0,1,1,0,0.22470555665454842,Baixo
25,33280,1.0,5500,10.99,0.17,4,0.165264423076923,0,2,0,0,0,0,1,0,0,0,1,0,0,0,0,0.07177797093263923,Muito Baixo
27,65000,2.0,4000,5.99,0.06,5,0.0615384615384615,0,1,0,0,0,0,1,0,0,1,0,0,0,0,0,0.013554222601131625,Muito Baixo
31,30372,2.0,20200,14.74,0.67,8,0.665086263663901,1,4,0,0,0,0,1,0,0,0,0,1,0,1,1,0.9958364348166302,Muito Alto
28,78996,10.0,12000,13.16,0.15,5,0.1519064256418046,1,3,1,1,0,0,0,0,0,1,0,0,0,0,0,0.12308902285965452,Muito Baixo
23,47000,7.0,13850,12.68,0.29,4,0.2946808510638298,1,3,1,1,0,0,0,1,0,0,0,0,0,0,0,0.13624325695621425,Muito Baixo
25,28000,3.0,8000,14.65,0.29,4,0.2857142857142857,1,3,1,0,0,0,1,1,0,0,0,0,0,0,0,0.24995476729564933,Baixo
27,25740,3.0,5000,14.11,0.19,5,0.1942501942501942,1,4,1,0,0,1,0,1,0,0,0,0,0,0,0,0.010764245331132967,Muito Baixo
23,96260,4.0,25200,15.65,0.26,2,0.2617909827550384,1,4,0,1,0,0,0,0,1,0,0,0,0,0,0,0.16684280717087313,Muito Baixo
25,75000,4.0,30000,16.89,0.4,4,0.4,1,4,1,0,0,0,1,0,0,1,0,0,0,1,1,0.978772338585527,Muito Alto
28,78465,9.0,14000,11.36,0.18,10,0.1784235009239788,1,2,0,0,0,1,0,0,0,0,0,0,1,0,0,2.1794540607062776e-05,Muito Baixo
24,62500,8.0,6500,13.22,0.1,3,0.104,1,3,0,0,0,1,0,0,0,1,0,0,0,0,0,0.0012057358409561507,Muito Baixo
24,45000,4.0,11000,7.49,0.24,2,0.2444444444444444,0,1,0,0,0,1,0,0,0,0,0,0,1,0,0,1.8488946025938877e-05,Muito Baixo
25,50000,6.0,10000,7.49,0.2,3,0.2,0,1,0,0,0,0,1,0,1,0,0,0,0,0,0,0.04137384963270727,Muito Baixo
23,36000,1.0,5600,7.9,0.16,4,0.1555555555555555,0,1,0,0,0,0,1,0,0,0,1,0,0,0,0,0.043371742120911404,Muito Baixo
36,73000,3.0,4000,11.12,0.05,16,0.0547945205479452,1,2,0,0,0,0,1,0,0,0,0,1,0,0,0,0.09046027254834993,Muito Baixo
22,53000,4.0,8000,16.07,0.15,4,0.1509433962264151,1,4,1,1,0,0,0,0,0,0,0,1,0,0,0,0.12011348201696455,Muito Baixo
24,112000,8.0,6400,6.62,0.06,2,0.0571428571428571,0,1,0,0,0,0,1,0,0,1,0,0,0,0,0,0.023588641515595643,Muito Baixo
32,24000,2.0,2500,7.74,0.1,9,0.1041666666666666,0,1,0,0,0,0,1,0,0,0,1,0,0,0,0,0.06852877675009436,Muito Baixo
27,38000,0.0,10000,9.76,0.26,5,0.2631578947368421,0,2,0,0,0,0,1,0,0,0,0,0,1,0,0,0.0023606812791269593,Muito Baixo
31,95000,2.0,2500,13.72,0.03,10,0.0263157894736842,1,3,1,0,0,0,1,0,1,0,0,0,0,0,0,0.0186859374165317,Muito Baixo
23,60000,4.0,16000,7.49,0.27,3,0.2666666666666666,0,1,0,1,0,0,0,0,1,0,0,0,0,0,0,0.019314420430543457,Muito Baixo
29,61200,2.0,15000,17.58,0.21,5,0.2450980392156862,1,6,0,1,0,0,0,0,0,0,1,0,0,1,1,0.9927335879228129,Muito Alto
31,30000,5.0,1000,9.25,0.03,6,0.0333333333333333,0,2,0,0,0,0,1,0,0,0,1,0,0,0,0,0.056872534945325674,Muito Baixo
32,56784,3.0,12000,14.96,0.21,10,0.2113271344040574,1,4,1,0,0,1,0,0,0,0,0,1,0,0,0,0.0003678525745570197,Muito Baixo
39,48000,4.0,3000,5.42,0.06,11,0.0625,0,1,0,1,0,0,0,1,0,0,0,0,0,0,0,0.05624786193635385,Muito Baixo
26,76000,10.0,7200,16.35,0.09,2,0.0947368421052631,1,5,1,1,0,0,0,1,0,0,0,0,0,1,1,0.9962180405542311,Muito Alto
26,79560,10.0,8000,12.53,0.1,4,0.1005530417295123,1,2,0,1,0,0,0,1,0,0,0,0,0,0,0,0.3296435153206041,Baixo
27,160669,3.0,8000,11.36,0.05,9,0.0497918080027883,1,2,0,1,0,0,0,1,0,0,0,0,0,0,0,0.030023517774812138,Muito Baixo
23,48500,0.0,4500,12.21,0.09,4,0.0927835051546391,1,2,0,0,0,0,1,1,0,0,0,0,0,0,0,0.1023944217599791,Muito Baixo
23,69996,5.0,12000,11.11,0.17,2,0.1714383679067375,1,2,0,1,0,0,0,0,0,0,0,0,1,0,0,0.0008392785358078368,Muito Baixo
33,400000,9.0,15000,6.03,0.04,6,0.0375,0,1,0,1,0,0,0,0,0,0,1,0,0,0,0,0.017945959384555867,Muito Baixo
33,58000,2.0,15000,9.91,0.26,9,0.2586206896551724,0,2,0,1,0,0,0,0,0,0,0,0,1,0,0,0.0011473756006158678,Muito Baixo
23,58200,2.0,13000,10.99,0.22,2,0.2233676975945017,0,2,0,1,0,0,0,1,0,0,0,0,0,0,0,0.0544797147532309,Muito Baixo
25,44004,9.0,12000,16.45,0.27,4,0.2727024815925825,1,5,1,0,0,0,1,0,0,0,1,0,0,0,1,0.8801519093008038,Muito Alto
23,120000,4.0,20000,10.37,0.17,4,0.1666666666666666,0,2,0,0,0,0,1,0,0,0,1,0,0,0,0,0.023418211904607213,Muito Baixo
33,41916,2.0,7000,10.36,0.17,8,0.167000668002672,0,2,0,1,0,0,0,0,0,0,0,0,1,0,0,0.0012370594150249393,Muito Baixo
26,45928,5.0,6000,7.9,0.13,4,0.1306392614527086,0,1,0,0,0,0,1,0,0,1,0,0,0,1,0,0.2978048503642068,Baixo
45,52000,11.0,14000,7.49,0.27,16,0.2692307692307692,0,1,0,1,0,0,0,0,1,0,0,0,0,0,0,0.018378783502309336,Muito Baixo
26,53000,3.0,2800,6.03,0.05,4,0.0528301886792452,0,1,0,1,0,0,0,0,0,1,0,0,0,0,0,0.06524794352547811,Muito Baixo
28,62000,4.0,7200,12.99,0.12,9,0.1161290322580645,1,3,1,0,0,0,1,0,0,0,0,1,0,0,0,0.08788157112832892,Muito Baixo
24,69764,2.0,1500,14.42,0.02,4,0.0215010607189954,1,4,1,0,0,0,1,0,0,0,0,0,1,1,1,0.9684878528549195,Muito Alto
30,45000,1.0,6000,7.51,0.13,5,0.1333333333333333,0,1,0,0,0,0,1,0,1,0,0,0,0,0,0,0.04641642025567316,Muito Baixo
23,112995,7.0,2500,7.37,0.02,3,0.0221248727819815,0,1,0,0,0,0,1,0,0,0,0,0,1,0,0,0.0021270764974351043,Muito Baixo
22,60000,3.0,2000,7.4,0.03,2,0.0333333333333333,0,1,0,1,0,0,0,0,0,0,1,0,0,0,0,0.022113811601401686,Muito Baixo
31,33000,2.0,7000,8.9,0.21,10,0.2121212121212121,0,1,0,0,0,0,1,0,0,0,0,0,1,0,0,0.0038869080964278203,Muito Baixo
25,60000,10.0,3600,5.99,0.06,3,0.06,0,1,0,1,0,0,0,0,0,0,0,1,0,0,0,0.008671218067847012,Muito Baixo
29,74000,4.0,12000,10.99,0.16,9,0.1621621621621621,0,2,0,1,0,0,0,1,0,0,0,0,0,0,0,0.13922664748412197,Muito Baixo
23,108000,1.0,3800,14.26,0.04,4,0.0351851851851851,1,3,1,0,0,0,1,0,0,0,1,0,0,0,0,0.07031781196504538,Muito Baixo
26,50000,8.0,3000,9.88,0.06,4,0.06,0,2,0,0,0,0,1,0,0,0,0,1,0,0,0,0.0572776827306162,Muito Baixo
23,74000,7.0,6000,5.79,0.08,3,0.081081081081081,0,1,0,0,0,0,1,0,1,0,0,0,0,0,0,0.03310971839869057,Muito Baixo
23,60000,5.0,15000,15.21,0.25,3,0.25,1,4,1,1,0,0,0,0,0,0,0,1,0,0,0,0.08494775726315532,Muito Baixo
22,33000,1.0,5000,10.25,0.15,2,0.1515151515151515,0,2,0,0,0,0,1,0,1,0,0,0,0,0,0,0.19100483025339846,Muito Baixo
21,24000,1.0,2000,18.39,0.08,3,0.0833333333333333,1,5,1,0,0,0,1,0,0,0,0,1,0,1,1,0.974722209344271,Muito Alto
23,48672,6.0,12000,7.42,0.25,3,0.2465483234714004,0,1,0,0,0,0,1,0,1,0,0,0,0,0,0,0.05935092883219206,Muito Baixo
34,73000,0.0,10000,11.11,0.14,10,0.136986301369863,1,2,0,0,0,0,1,0,0,0,0,1,0,0,0,0.08277814788041175,Muito Baixo
29,142000,14.0,24250,11.48,0.17,8,0.1707746478873239,1,2,0,0,0,1,0,0,0,0,0,1,0,0,0,0.0009472282375078471,Muito Baixo
24,48000,4.0,4200,11.99,0.09,4,0.0875,1,2,0,1,0,0,0,0,0,0,1,0,0,0,0,0.16753768580420625,Muito Baixo
48,54000,1.0,2000,5.99,0.04,16,0.037037037037037,0,1,0,1,0,0,0,0,0,1,0,0,0,0,0,0.20391551973216615,Baixo
27,40000,2.0,6000,10.99,0.15,9,0.15,0,2,0,0,0,0,1,0,0,0,0,1,0,0,0,0.062354616488396554,Muito Baixo
26,65000,3.0,10000,7.29,0.15,3,0.1538461538461538,0,1,0,1,0,0,0,0,0,0,0,0,1,0,0,0.00042648785472679024,Muito Baixo
22,28800,2.0,4000,13.48,0.14,2,0.1388888888888889,1,3,0,0,0,0,1,1,0,0,0,0,0,0,0,0.18921665694787937,Muito Baixo
22,23964,4.0,2500,9.91,0.1,2,0.1043231513937573,0,2,0,0,0,1,0,0,0,0,0,0,1,0,0,2.6448053896714753e-05,Muito Baixo
25,39996,9.0,6000,9.7,0.15,4,0.15001500150015,0,2,0,0,0,0,1,0,0,0,0,0,1,0,0,0.002076148809386908,Muito Baixo
25,39000,9.0,5000,7.49,0.13,4,0.1282051282051282,0,1,0,0,0,0,1,0,0,0,1,0,0,0,0,0.10349516642214189,Muito Baixo
25,58650,4.0,20000,14.09,0.29,4,0.3410059676044331,1,4,1,1,0,0,0,0,0,0,1,0,0,1,1,0.9905723386682386,Muito Alto
24,39996,4.0,5000,14.82,0.13,3,0.125012501250125,1,3,1,1,0,0,0,0,1,0,0,0,0,0,0,0.15253586495087942,Muito Baixo
23,31000,1.0,1000,14.96,0.03,3,0.032258064516129,1,4,1,0,0,0,1,0,0,0,0,1,0,1,1,0.974376689439244,Muito Alto
25,50000,2.0,10800,10.75,0.22,3,0.216,0,2,0,0,0,0,1,0,0,0,0,0,1,0,0,0.0009545792376439575,Muito Baixo
36,29000,5.0,4000,8.49,0.14,13,0.1379310344827586,0,1,0,1,0,0,0,0,1,0,0,0,0,1,0,0.10218605978009085,Muito Baixo
31,109440,9.0,5600,15.31,0.05,10,0.0511695906432748,1,4,0,0,0,0,1,1,0,0,0,0,0,1,1,0.981514480253399,Muito Alto
23,100000,1.0,15000,10.99,0.15,2,0.15,0,2,0,0,1,0,0,0,1,0,0,0,0,0,0,0.02064817370370238,Muito Baixo
26,55000,10.0,15000,11.12,0.27,2,0.2727272727272727,1,2,0,0,0,0,1,0,0,0,1,0,0,0,0,0.0792151045134833,Muito Baixo
23,30000,5.0,5900,7.88,0.2,2,0.1966666666666666,0,1,0,0,0,0,1,0,1,0,0,0,0,0,0,0.1291897662353855,Muito Baixo
25,25000,4.0,2000,9.91,0.08,4,0.08,0,2,0,0,0,0,1,0,0,0,0,0,1,0,0,0.006595162415832079,Muito Baixo
22,33996,3.0,2000,8.0,0.06,2,0.0588304506412519,0,1,0,0,0,0,1,0,1,0,0,0,0,0,0,0.33058811868483307,Baixo
36,60000,2.0,2400,5.79,0.04,17,0.04,0,1,0,0,0,0,1,0,0,0,0,1,0,0,0,0.0167645999707989,Muito Baixo
24,98000,2.0,5000,13.22,0.05,3,0.0510204081632653,1,3,1,1,0,0,0,0,0,0,0,1,0,1,0,0.05642088143228731,Muito Baixo
22,56400,2.0,25000,14.96,0.44,3,0.4432624113475177,1,4,1,0,0,0,1,0,0,1,0,0,0,1,1,0.9999597797856187,Muito Alto
31,92000,3.0,17000,14.54,0.18,10,0.1847826086956521,1,4,1,0,0,0,1,0,0,0,0,1,0,0,0,0.07827512771332452,Muito Baixo
29,45000,0.0,12000,12.99,0.27,7,0.2666666666666666,1,3,1,0,0,0,1,0,0,0,1,0,0,0,0,0.04065243960352806,Muito Baixo
27,61584,3.0,15000,15.21,0.24,6,0.2435697583787996,1,4,0,0,0,0,1,0,0,0,0,0,1,0,0,0.30629864200762,Baixo
40,35000,6.0,5600,10.65,0.16,13,0.16,0,2,0,1,0,0,0,0,0,0,0,0,1,0,0,0.0005078376600985944,Muito Baixo
21,72100,6.0,12000,5.79,0.17,2,0.1664355062413315,0,1,0,0,0,0,1,0,0,0,0,1,0,0,0,0.018116273937214218,Muito Baixo
40,86500,2.0,10000,10.25,0.12,14,0.1156069364161849,0,2,0,1,0,0,0,1,0,0,0,0,0,0,0,0.04389145096163385,Muito Baixo
26,300000,9.0,10000,10.38,0.03,4,0.0333333333333333,0,2,0,0,0,1,0,0,0,1,0,0,0,0,0,0.0007823869681342872,Muito Baixo
36,78708,7.0,24000,11.12,0.3,12,0.3049245311785333,1,2,0,0,0,0,1,0,0,0,1,0,0,0,0,0.25531565596221995,Baixo
38,140000,1.0,10000,14.09,0.07,16,0.0714285714285714,1,4,0,1,0,0,0,0,0,0,0,1,0,0,0,0.15658071690612843,Muito Baixo
28,39000,2.0,10400,10.37,0.27,10,0.2666666666666666,0,2,0,0,0,0,1,0,1,0,0,0,0,0,0,0.13197591311432094,Muito Baixo
22,50000,6.0,15000,6.03,0.3,2,0.3,0,1,0,0,0,0,1,0,1,0,0,0,0,0,0,0.018453782121989976,Muito Baixo
23,80000,1.0,7000,7.14,0.09,2,0.0875,0,1,0,0,0,0,1,0,0,0,0,0,1,0,0,0.0006201781174879707,Muito Baixo
26,68000,2.0,3600,6.54,0.05,3,0.0529411764705882,0,1,0,1,0,0,0,0,0,0,1,0,0,0,0,0.011134223582853186,Muito Baixo
24,42000,8.0,15000,15.27,0.36,3,0.3571428571428571,1,3,0,0,0,0,1,0,1,0,0,0,0,1,1,0.9948305689406708,Muito Alto
30,170000,14.0,25000,15.2,0.15,8,0.1470588235294117,1,4,0,0,0,0,1,0,1,0,0,0,0,0,0,0.14145118363392448,Muito Baixo
34,52000,15.0,8000,11.14,0.15,7,0.1538461538461538,1,2,0,1,0,0,0,0,0,0,0,1,0,0,0,0.06615649573095257,Muito Baixo
26,36000,0.0,6350,8.94,0.18,4,0.1763888888888889,0,1,0,1,0,0,0,1,0,0,0,0,0,0,0,0.05086659462355807,Muito Baixo
33,56000,13.0,12000,6.62,0.21,6,0.2142857142857142,0,1,0,1,0,0,0,0,0,0,1,0,0,0,0,0.06492732757024952,Muito Baixo
36,32000,4.0,3600,13.49,0.11,11,0.1125,1,3,1,0,0,1,0,0,1,0,0,0,0,0,0,0.0013081480761878556,Muito Baixo
26,108000,2.0,25000,15.05,0.23,2,0.2314814814814814,1,4,0,0,0,0,1,0,0,0,0,1,0,1,1,0.9386481741329716,Muito Alto
41,78000,3.0,6000,9.63,0.08,11,0.0769230769230769,0,2,0,0,0,0,1,0,0,1,0,0,0,0,0,0.08635994853851119,Muito Baixo
26,54000,7.0,25000,14.83,0.46,2,0.4629629629629629,1,4,1,0,0,0,1,1,0,0,0,0,0,1,1,0.9998549453836965,Muito Alto
25,90000,6.0,8500,15.21,0.09,3,0.0944444444444444,1,4,1,1,0,0,0,0,0,0,0,1,0,0,0,0.09674764224445116,Muito Baixo
30,70000,0.0,3000,13.98,0.04,9,0.0428571428571428,1,3,0,0,0,0,1,0,0,0,1,0,0,0,0,0.0427235990706679,Muito Baixo
27,80000,11.0,5000,8.0,0.06,10,0.0625,0,1,0,1,0,0,0,0,0,0,0,0,1,0,0,0.0007890643960418227,Muito Baixo
28,29950,4.0,3825,14.27,0.13,8,0.1277128547579298,1,3,0,0,0,0,1,0,1,0,0,0,0,0,0,0.29275309227347757,Baixo
27,130000,12.0,21000,10.99,0.16,9,0.1615384615384615,0,2,0,0,0,1,0,0,0,0,0,0,1,0,0,1.881888533446419e-05,Muito Baixo
27,60000,4.0,10425,9.45,0.17,8,0.17375,0,2,0,0,0,1,0,0,0,0,1,0,0,0,0,0.0008517683566946611,Muito Baixo
23,30000,1.0,4000,15.65,0.13,4,0.1333333333333333,1,4,1,0,0,1,0,1,0,0,0,0,0,0,0,0.009192853172890328,Muito Baixo
31,238000,14.0,12000,14.09,0.05,10,0.0504201680672268,1,4,1,1,0,0,0,1,0,0,0,0,0,1,1,0.9743338534697207,Muito Alto
29,71500,3.0,6000,9.63,0.08,10,0.0839160839160839,0,2,0,1,0,0,0,1,0,0,0,0,0,0,0,0.0344719263717866,Muito Baixo
21,24000,2.0,7000,11.86,0.29,3,0.2916666666666667,1,2,0,0,0,1,0,0,0,0,0,1,0,0,0,0.001045973607381625,Muito Baixo
32,67000,12.0,20000,11.83,0.3,7,0.2985074626865671,1,2,0,0,0,1,0,0,0,1,0,0,0,0,0,0.002126010557016291,Muito Baixo
28,95000,0.0,4500,10.99,0.05,7,0.0473684210526315,0,2,0,1,0,0,0,0,0,0,1,0,0,0,0,0.027720813349135662,Muito Baixo
23,105000,7.0,7200,11.71,0.07,2,0.0685714285714285,1,2,0,0,0,0,1,0,0,0,1,0,0,0,0,0.027090986848984852,Muito Baixo
27,75000,11.0,6000,15.21,0.08,9,0.08,1,4,1,0,0,0,1,0,0,0,0,0,1,0,0,0.1815640464258555,Muito Baixo
26,50400,0.0,6725,10.62,0.13,4,0.1334325396825396,0,2,0,0,0,1,0,0,0,0,0,0,1,0,0,1.5504873242103633e-05,Muito Baixo
32,80000,2.0,25000,10.99,0.31,8,0.3125,0,2,0,0,0,0,1,0,0,0,0,0,1,1,1,0.9965616002230735,Muito Alto
27,27180,4.0,4800,7.14,0.18,10,0.1766004415011037,0,1,0,0,0,0,1,0,0,0,1,0,0,0,0,0.019629791546584494,Muito Baixo
28,65000,1.0,7500,10.96,0.12,5,0.1153846153846153,0,2,0,0,0,1,0,0,0,0,0,0,1,0,0,1.3635661373570844e-05,Muito Baixo
34,113000,6.0,9600,13.48,0.08,9,0.0849557522123893,1,3,1,0,0,0,1,0,1,0,0,0,0,0,0,0.10153573685980323,Muito Baixo
23,50400,7.0,2500,10.99,0.05,2,0.0496031746031746,0,2,0,1,0,0,0,0,0,0,0,0,1,0,0,0.0012192583537435648,Muito Baixo
24,97000,3.0,6400,15.96,0.07,2,0.0659793814432989,1,3,1,1,0,0,0,1,0,0,0,0,0,0,0,0.2309467456488816,Baixo
26,61754,7.0,10000,14.83,0.14,4,0.1619328302620073,1,4,0,1,0,0,0,0,0,0,1,0,0,1,1,0.9924333745928162,Muito Alto
29,90000,13.0,21000,11.99,0.23,10,0.2333333333333333,1,2,0,1,0,0,0,1,0,0,0,0,0,0,0,0.052901072417945706,Muito Baixo
23,20000,0.0,3200,16.0,0.16,2,0.16,1,5,0,0,0,0,1,0,0,0,0,0,1,1,1,0.9589362283723587,Muito Alto
22,91800,0.0,16800,15.62,0.16,4,0.1830065359477124,1,4,1,1,0,0,0,0,0,0,1,0,0,1,1,0.9921204504488349,Muito Alto
27,32000,2.0,8600,16.02,0.27,6,0.26875,1,4,1,0,0,0,1,0,0,0,1,0,0,1,1,0.9840117049153448,Muito Alto
24,128000,4.0,12000,6.03,0.09,2,0.09375,0,1,0,1,0,0,0,0,1,0,0,0,0,0,0,0.0036079865647543133,Muito Baixo
32,53500,1.0,4200,13.98,0.08,10,0.0785046728971962,1,3,1,0,0,0,1,0,0,0,0,1,0,0,0,0.12128341090177429,Muito Baixo
32,40000,2.0,4000,9.99,0.1,8,0.1,0,2,0,0,0,0,1,0,0,0,0,1,0,0,0,0.07200975962966345,Muito Baixo
24,33048,6.0,10600,11.97,0.32,3,0.3207455821834907,1,3,1,0,0,0,1,0,1,0,0,0,0,1,1,0.9931689117704073,Muito Alto
25,70000,4.0,6300,10.37,0.09,4,0.09,0,2,0,1,0,0,0,0,0,0,0,0,1,0,0,0.0009744390383535187,Muito Baixo
39,60000,7.0,6800,17.49,0.11,14,0.1133333333333333,1,4,1,0,0,1,0,0,0,0,0,0,1,0,0,0.000614171407973312,Muito Baixo
31,61150,0.0,5100,11.49,0.08,8,0.0834014717906786,1,2,0,0,0,0,1,1,0,0,0,0,0,0,0,0.06277130279270941,Muito Baixo
25,78000,1.0,6000,9.63,0.08,4,0.0769230769230769,0,1,0,0,0,0,1,0,0,0,0,1,0,0,0,0.15073385463769606,Muito Baixo
24,100000,2.0,24000,10.99,0.24,4,0.24,0,2,0,0,0,1,0,0,0,1,0,0,0,0,0,0.0015884680094778378,Muito Baixo
24,70000,2.0,8950,11.89,0.13,2,0.1278571428571428,1,2,0,1,0,0,0,0,0,0,1,0,0,0,0,0.03637873058377148,Muito Baixo
33,36000,5.0,5600,11.99,0.16,7,0.1555555555555555,1,2,0,0,0,0,1,0,0,0,0,1,0,1,0,0.13065921157681545,Muito Baixo
25,18000,3.0,8500,10.28,0.47,4,0.4722222222222222,0,3,1,0,0,0,1,0,1,0,0,0,0,1,1,0.9997523412277326,Muito Alto
30,34000,0.0,12000,12.87,0.35,6,0.3529411764705882,1,3,0,0,0,0,1,1,0,0,0,0,0,1,1,0.9927407887085995,Muito Alto
22,76500,2.0,15000,13.48,0.2,4,0.196078431372549,1,3,1,1,0,0,0,1,0,0,0,0,0,0,0,0.09192031939015716,Muito Baixo
29,54000,8.0,7500,7.49,0.14,7,0.1388888888888889,0,1,0,1,0,0,0,0,0,0,1,0,0,1,0,0.15818694141688194,Muito Baixo
24,32000,4.0,4500,7.29,0.14,4,0.140625,0,1,0,0,0,0,1,0,0,0,1,0,0,0,0,0.054034538010467835,Muito Baixo
37,36000,7.0,9000,7.49,0.25,17,0.25,0,1,0,1,0,0,0,0,1,0,0,0,0,0,0,0.048099112644487414,Muito Baixo
30,96300,1.0,18000,13.98,0.19,9,0.1869158878504672,1,3,0,1,0,0,0,0,1,0,0,0,0,0,0,0.13209125433228305,Muito Baixo
35,73000,9.0,14000,14.59,0.19,8,0.1917808219178082,1,4,1,0,0,0,1,0,0,0,0,0,1,0,0,0.27472659303167346,Baixo
27,56000,2.0,14000,10.65,0.25,10,0.25,0,2,0,0,0,0,1,0,0,0,0,1,0,0,0,0.04685569854526857,Muito Baixo
26,85000,3.0,4000,9.25,0.05,2,0.0470588235294117,0,2,0,1,0,0,0,1,0,0,0,0,0,0,0,0.021916052823350903,Muito Baixo
23,51000,6.0,17500,14.09,0.34,2,0.3431372549019608,1,4,1,1,0,0,0,1,0,0,0,0,0,1,1,0.9834280288237052,Muito Alto
23,100000,8.0,16000,6.17,0.16,2,0.16,0,1,0,1,0,0,0,0,0,0,0,1,0,0,0,0.008709258147212028,Muito Baixo
25,70000,3.0,5600,7.9,0.08,3,0.08,0,1,0,0,0,0,1,0,0,0,1,0,0,0,0,0.014981546548987623,Muito Baixo
24,74400,1.0,3500,7.29,0.05,3,0.0470430107526881,0,1,0,0,0,0,1,0,0,0,1,0,0,0,0,0.018305455834216156,Muito Baixo
23,103000,4.0,16800,13.11,0.16,4,0.1631067961165048,1,3,0,0,0,0,1,1,0,0,0,0,0,0,0,0.08376955994416885,Muito Baixo
24,57000,5.0,8000,5.42,0.14,4,0.1403508771929824,0,1,0,1,0,0,0,0,0,1,0,0,0,0,0,0.031885448421537475,Muito Baixo
29,120000,1.0,17500,12.87,0.15,5,0.1458333333333333,1,3,0,0,0,0,1,0,0,0,1,0,0,0,0,0.040734552972135546,Muito Baixo
27,62000,1.0,3275,9.33,0.05,8,0.0528225806451612,0,2,0,1,0,0,0,0,0,1,0,0,0,0,0,0.059564057963843245,Muito Baixo
23,24091,5.0,3500,12.99,0.15,2,0.1452824706321863,1,3,1,1,0,0,0,0,0,0,0,1,0,0,0,0.12481263966692553,Muito Baixo
23,57996,7.0,7200,7.49,0.12,2,0.1241464928615766,0,1,0,1,0,0,0,1,0,0,0,0,0,0,0,0.05977981474343623,Muito Baixo
22,54000,4.0,5600,9.63,0.1,3,0.1037037037037037,0,2,0,0,0,0,1,0,0,0,0,0,1,0,0,0.004275955062596285,Muito Baixo
21,42000,5.0,1500,5.79,0.04,3,0.0357142857142857,0,1,0,0,0,0,1,0,1,0,0,0,0,0,0,0.014911574640470805,Muito Baixo
23,30000,2.0,10000,15.31,0.33,4,0.3333333333333333,1,4,1,0,0,0,1,0,0,1,0,0,0,1,1,0.9999591400726692,Muito Alto
23,24000,2.0,4000,10.99,0.17,4,0.1666666666666666,0,2,0,0,0,0,1,1,0,0,0,0,0,0,0,0.07822224050222926,Muito Baixo
27,60000,12.0,2000,15.7,0.03,6,0.0333333333333333,1,4,1,1,0,0,0,0,0,0,1,0,0,1,1,0.9708305336524722,Muito Alto
22,27360,5.0,5000,7.51,0.18,2,0.1827485380116959,0,1,0,0,0,0,1,0,1,0,0,0,0,0,0,0.07642667471377743,Muito Baixo
25,44000,4.0,5550,14.11,0.13,4,0.1261363636363636,1,4,1,1,0,0,0,0,0,0,1,0,0,1,1,0.9697688750167065,Muito Alto
22,59000,2.0,21000,10.71,0.36,3,0.3559322033898305,0,2,0,0,0,0,1,0,0,0,0,1,0,1,1,0.9955156730392164,Muito Alto
22,63000,6.0,3700,5.42,0.06,4,0.0587301587301587,0,1,0,1,0,0,0,0,1,0,0,0,0,0,0,0.01063059551162258,Muito Baixo
22,71004,6.0,1800,11.12,0.03,4,0.0253506844684806,1,2,0,0,0,0,1,0,0,0,0,1,0,0,0,0.05231229334015723,Muito Baixo
26,71400,10.0,16000,15.31,0.19,4,0.2240896358543417,1,4,1,0,0,0,1,0,0,0,1,0,0,1,1,0.968543586891246,Muito Alto
41,110004,7.0,25000,12.73,0.23,14,0.2272644631104323,1,3,1,1,0,0,0,0,1,0,0,0,0,0,0,0.0943413933028784,Muito Baixo
26,120000,5.0,8000,7.29,0.07,2,0.0666666666666666,0,1,0,1,0,0,0,0,1,0,0,0,0,0,0,0.01160796386516498,Muito Baixo
24,65004,4.0,8000,8.49,0.12,2,0.1230693495784874,0,1,0,0,0,0,1,0,0,0,0,1,0,0,0,0.06978357101290349,Muito Baixo
25,116000,9.0,19950,9.96,0.17,4,0.1719827586206896,0,2,0,1,0,0,0,0,0,0,0,0,1,0,0,0.0008863253692432331,Muito Baixo
25,28000,4.0,12200,12.53,0.44,4,0.4357142857142857,1,2,0,0,0,1,0,0,0,0,0,0,1,0,0,0.0020566224809693686,Muito Baixo
25,90000,5.0,7500,6.76,0.08,4,0.0833333333333333,0,1,0,1,0,0,0,1,0,0,0,0,0,0,0,0.008853362219578423,Muito Baixo
27,150000,0.0,10000,8.59,0.07,9,0.0666666666666666,0,1,0,0,0,1,0,0,1,0,0,0,0,0,0,0.0005100485628374389,Muito Baixo
36,47500,8.0,2700,5.79,0.06,14,0.0568421052631578,0,1,0,1,0,0,0,1,0,0,0,0,0,0,0,0.04389129184867741,Muito Baixo
35,165000,3.0,8000,11.49,0.05,8,0.0484848484848484,1,2,0,1,0,0,0,1,0,0,0,0,0,0,0,0.026585773185338026,Muito Baixo
30,44760,1.0,3300,11.71,0.07,8,0.0737265415549597,1,2,0,0,0,0,1,0,1,0,0,0,0,0,0,0.08274529781911497,Muito Baixo
22,47472,6.0,20000,11.83,0.42,3,0.4213009774182676,1,2,0,1,0,0,0,0,0,0,0,0,1,0,0,0.01055162510428305,Muito Baixo
25,25000,4.0,1600,12.98,0.06,3,0.064,1,3,0,0,0,0,1,0,0,0,1,0,0,0,0,0.22116512247983902,Baixo
24,87000,5.0,10000,10.36,0.11,3,0.1149425287356321,0,2,0,1,0,0,0,0,0,0,1,0,0,0,0,0.03297627463182901,Muito Baixo
23,28800,1.0,9250,14.35,0.32,3,0.3211805555555556,1,3,1,0,0,0,1,0,0,0,0,0,1,1,1,0.9924103094464358,Muito Alto
26,70000,10.0,4075,5.42,0.06,3,0.0582142857142857,0,1,0,0,0,0,1,0,0,0,0,1,0,0,0,0.007424026136804381,Muito Baixo
21,38400,5.0,5000,10.59,0.13,3,0.1302083333333333,0,2,0,0,0,0,1,0,1,0,0,0,0,0,0,0.07988863359836848,Muito Baixo
42,85000,3.0,5750,12.99,0.07,15,0.0676470588235294,1,3,1,0,0,0,1,0,0,0,0,0,1,0,0,0.014781782489282759,Muito Baixo
26,50500,0.0,4050,7.88,0.08,4,0.0801980198019802,0,1,0,0,0,0,1,0,0,1,0,0,0,0,0,0.08158703092089674,Muito Baixo
24,37200,8.0,7200,7.9,0.19,4,0.1935483870967742,0,1,0,0,0,0,1,1,0,0,0,0,0,0,0,0.12806005734959713,Muito Baixo
23,38004,2.0,4500,7.88,0.12,2,0.1184085885696242,0,1,0,0,0,0,1,0,1,0,0,0,0,0,0,0.03555007863487784,Muito Baixo
41,70000,2.0,10000,7.88,0.14,13,0.1428571428571428,0,1,0,0,0,0,1,0,0,1,0,0,0,0,0,0.021592182046147917,Muito Baixo
22,50400,0.0,12000,7.9,0.24,3,0.238095238095238,0,1,0,1,0,0,0,0,0,0,0,0,1,0,0,0.0007884188657866903,Muito Baixo
25,90000,3.0,25000,10.39,0.28,3,0.2777777777777778,0,2,0,1,0,0,0,0,0,0,0,0,1,0,0,0.0009850271353731394,Muito Baixo
25,175000,2.0,25000,8.9,0.14,2,0.1428571428571428,0,1,0,0,0,0,1,0,0,0,0,1,0,0,0,0.03345298919903879,Muito Baixo
25,16200,2.0,1500,6.91,0.09,4,0.0925925925925925,0,1,0,0,0,0,1,0,0,0,1,0,0,0,0,0.11885649852772572,Muito Baixo
34,38000,3.0,10500,13.49,0.28,5,0.2763157894736842,1,3,0,0,0,0,1,0,0,0,1,0,0,0,0,0.07506757757517901,Muito Baixo
25,31416,5.0,8000,12.61,0.25,4,0.2546473134708429,1,3,1,0,0,0,1,0,0,0,0,1,0,0,0,0.39980479629661103,Baixo
22,38000,5.0,10000,13.49,0.26,2,0.2631578947368421,1,3,0,0,0,0,1,0,0,0,0,1,0,0,0,0.16895645510183258,Muito Baixo
32,96000,7.0,20000,14.42,0.21,9,0.2083333333333333,1,4,0,0,0,0,1,0,0,0,0,1,0,0,0,0.10086167973963674,Muito Baixo
34,158000,2.0,12000,13.48,0.08,8,0.0759493670886076,1,3,0,1,0,0,0,0,0,0,0,0,1,1,0,0.04107535867996859,Muito Baixo
24,26000,3.0,7850,9.96,0.3,2,0.3019230769230769,0,2,0,0,0,0,1,0,0,0,1,0,0,0,0,0.05769896385661671,Muito Baixo
28,52000,10.0,13600,7.88,0.26,5,0.2615384615384615,0,1,0,1,0,0,0,1,0,0,0,0,0,0,0,0.04256378437138232,Muito Baixo
27,67200,2.0,10750,6.91,0.16,6,0.159970238095238,0,1,0,1,0,0,0,0,0,1,0,0,0,0,0,0.02541149330679799,Muito Baixo
21,35324,4.0,6000,10.99,0.17,4,0.1698561884271316,0,2,0,0,0,0,1,0,1,0,0,0,0,0,0,0.06025443520551374,Muito Baixo
23,200000,0.0,5000,7.43,0.03,2,0.025,0,1,0,1,0,0,0,0,1,0,0,0,0,0,0,0.003889563499605721,Muito Baixo
24,43000,6.0,6000,10.65,0.14,3,0.1395348837209302,0,2,0,1,0,0,0,0,0,0,1,0,0,0,0,0.10632938150210022,Muito Baixo
23,119500,4.0,24000,7.51,0.2,2,0.200836820083682,0,1,0,1,0,0,0,0,0,0,0,1,0,0,0,0.011977554419701978,Muito Baixo
27,54000,1.0,27575,10.99,0.51,5,0.5106481481481482,0,2,0,1,0,0,0,0,0,1,0,0,0,0,0,0.3677301262317201,Baixo
24,60000,8.0,3000,10.65,0.05,2,0.05,0,2,0,1,0,0,0,0,1,0,0,0,0,0,0,0.07205912420191561,Muito Baixo
25,37200,4.0,10000,9.91,0.27,3,0.2688172043010752,0,2,0,1,0,0,0,0,1,0,0,0,0,0,0,0.15871233466098875,Muito Baixo
25,32000,2.0,1000,19.03,0.03,4,0.03125,1,5,0,0,0,0,1,0,0,0,1,0,0,1,1,0.9665036370261431,Muito Alto
35,49872,2.0,8400,7.29,0.17,9,0.1684311838306063,0,1,0,0,0,0,1,0,0,0,0,0,1,0,0,0.0006062597044942411,Muito Baixo
24,90000,8.0,24000,17.56,0.27,3,0.2666666666666666,1,5,0,1,0,0,0,0,0,1,0,0,0,0,0,0.18479641288600487,Muito Baixo
26,70000,3.0,5000,17.39,0.07,2,0.0714285714285714,1,5,0,0,0,0,1,0,1,0,0,0,0,0,0,0.2902093035884346,Baixo
36,9600,1.0,3250,11.49,0.34,15,0.3385416666666667,1,2,0,1,0,0,0,0,0,0,0,0,1,1,1,0.9641580216899247,Muito Alto
24,44000,4.0,4000,7.49,0.09,3,0.0909090909090909,0,1,0,1,0,0,0,0,0,0,1,0,0,0,0,0.13029205403866267,Muito Baixo
22,52000,6.0,18000,13.48,0.35,4,0.3461538461538461,1,3,0,0,0,0,1,0,1,0,0,0,0,1,1,0.9870989538084493,Muito Alto
23,78000,7.0,6150,7.88,0.08,2,0.0788461538461538,0,1,0,1,0,0,0,0,1,0,0,0,0,0,0,0.10737161775649996,Muito Baixo
34,128000,0.0,25000,17.39,0.2,5,0.1953125,1,5,0,0,0,1,0,1,0,0,0,0,0,1,1,0.7506553277338803,Alto
36,25200,0.0,8700,12.23,0.35,14,0.3452380952380952,1,3,1,1,0,0,0,0,1,0,0,0,0,1,0,0.39989580607310865,Baixo
41,90000,0.0,5000,14.26,0.06,13,0.0555555555555555,1,3,1,0,0,0,1,0,0,0,0,0,1,0,0,0.04015853282939007,Muito Baixo
24,46809,4.0,5000,12.18,0.11,2,0.1068170650943194,1,2,0,0,0,0,1,0,0,0,1,0,0,0,0,0.20124449544525952,Baixo
23,28800,6.0,5000,11.99,0.17,4,0.1736111111111111,1,2,0,1,0,0,0,0,0,0,1,0,0,0,0,0.2002146422736632,Baixo
23,69000,3.0,15000,10.65,0.22,4,0.217391304347826,0,2,0,0,0,0,1,0,1,0,0,0,0,0,0,0.08168090279732226,Muito Baixo
25,44000,2.0,10000,15.65,0.23,2,0.2272727272727272,1,4,0,0,0,0,1,0,0,0,0,1,0,1,1,0.9841697597197142,Muito Alto
23,13000,3.0,2800,15.21,0.22,2,0.2153846153846154,1,4,1,0,0,0,1,0,0,0,0,1,0,1,1,0.9657281881743619,Muito Alto
25,87000,5.0,5500,14.61,0.06,2,0.0632183908045977,1,4,0,0,0,1,0,0,1,0,0,0,0,0,0,0.00022884667422398762,Muito Baixo
22,70600,6.0,7450,13.06,0.11,4,0.1055240793201133,1,3,1,1,0,0,0,0,0,0,1,0,0,0,0,0.04992680732186892,Muito Baixo
28,100000,13.0,13000,8.59,0.13,9,0.13,0,1,0,1,0,0,0,0,0,0,0,1,0,0,0,0.03014034349810687,Muito Baixo
23,36000,7.0,6000,8.88,0.17,2,0.1666666666666666,0,2,0,0,0,1,0,0,1,0,0,0,0,0,0,0.0012346317378120445,Muito Baixo
25,45000,4.0,15000,13.48,0.33,3,0.3333333333333333,1,3,0,0,0,0,1,1,0,0,0,0,0,1,1,0.9895573096250652,Muito Alto
24,124080,4.0,24000,16.49,0.19,4,0.1934235976789168,1,4,1,0,0,0,1,0,0,0,0,1,0,0,0,0.12348056548467173,Muito Baixo
32,80000,0.0,6400,7.88,0.08,8,0.08,0,1,0,0,0,0,1,0,0,0,1,0,0,0,0,0.005419360672590548,Muito Baixo
23,100000,4.0,4150,10.65,0.04,4,0.0415,0,2,0,0,0,0,1,0,1,0,0,0,0,0,0,0.03761859010024343,Muito Baixo
29,117000,6.0,21000,10.65,0.18,9,0.1794871794871795,0,2,0,0,0,0,1,0,0,0,0,1,0,0,0,0.0778590913417158,Muito Baixo
26,102500,4.0,11800,6.03,0.12,2,0.1151219512195122,0,1,0,1,0,0,0,0,1,0,0,0,0,0,0,0.004779628029200037,Muito Baixo
23,67000,7.0,10000,7.49,0.15,3,0.1492537313432835,0,1,0,1,0,0,0,0,0,0,0,0,1,0,0,0.0009118901525401703,Muito Baixo
25,35000,9.0,7200,8.9,0.21,3,0.2057142857142857,0,1,0,0,0,0,1,0,0,0,1,0,0,0,0,0.054995880690429974,Muito Baixo
24,70000,2.0,13000,10.0,0.19,2,0.1857142857142857,0,2,0,0,0,0,1,0,1,0,0,0,0,0,0,0.03165230687000531,Muito Baixo
24,33600,2.0,9450,7.66,0.28,2,0.28125,0,1,0,0,0,0,1,0,0,0,0,1,0,1,0,0.20810150558422885,Baixo
24,14400,3.0,1800,6.92,0.13,3,0.125,0,1,0,0,0,0,1,1,0,0,0,0,0,0,0,0.13146756039306046,Muito Baixo
32,108000,5.0,12000,11.49,0.11,10,0.1111111111111111,1,2,0,1,0,0,0,0,0,0,0,0,1,0,0,0.0023516273501325534,Muito Baixo
25,42996,4.0,12000,6.17,0.28,4,0.2790957298353335,0,1,0,1,0,0,0,0,0,1,0,0,0,0,0,0.029698183367646864,Muito Baixo
24,52000,3.0,3500,6.76,0.07,3,0.0673076923076923,0,1,0,1,0,0,0,0,0,0,0,0,1,0,0,0.000429303595008732,Muito Baixo
22,48000,6.0,5000,10.99,0.1,2,0.1041666666666666,0,2,0,0,0,0,1,0,0,0,0,0,1,0,0,0.0022814483189616333,Muito Baixo
32,66725,4.0,15000,10.99,0.19,5,0.2248032971150243,0,2,0,0,0,0,1,0,0,0,1,0,0,1,0,0.07507072441037914,Muito Baixo
25,57000,1.0,5500,10.99,0.1,4,0.0964912280701754,0,2,0,0,0,0,1,0,0,1,0,0,0,0,0,0.12061022073462264,Muito Baixo
23,74000,4.0,25000,12.18,0.34,2,0.3378378378378378,1,2,0,1,0,0,0,0,0,1,0,0,0,1,1,0.9799634689674097,Muito Alto
23,30000,0.0,5000,11.59,0.17,4,0.1666666666666666,1,3,1,0,0,0,1,0,0,0,0,1,0,0,0,0.2772357871340093,Baixo
28,56664,12.0,16300,14.91,0.29,10,0.2876605957927431,1,4,1,1,0,0,0,0,0,0,0,1,0,1,0,0.11540379770052771,Muito Baixo
24,35000,8.0,19000,11.36,0.54,2,0.5428571428571428,1,2,0,0,0,0,1,1,0,0,0,0,0,1,1,0.9885472157107752,Muito Alto
24,57600,8.0,10500,6.62,0.18,3,0.1822916666666666,0,1,0,1,0,0,0,0,0,1,0,0,0,0,0,0.06422439747306878,Muito Baixo
26,32000,5.0,2000,11.49,0.06,3,0.0625,1,2,0,0,0,0,1,1,0,0,0,0,0,0,0,0.34530519635689616,Baixo
23,120000,3.0,30000,11.49,0.25,4,0.25,1,2,0,1,0,0,0,0,0,0,1,0,0,0,0,0.02385403140003861,Muito Baixo
21,117000,3.0,4800,14.54,0.04,4,0.041025641025641,1,4,0,1,0,0,0,0,0,0,0,1,0,0,0,0.0979847250392329,Muito Baixo
24,36000,7.0,12000,8.88,0.33,4,0.3333333333333333,0,2,0,0,0,0,1,0,0,0,1,0,0,1,1,0.9924599742366225,Muito Alto
28,54400,0.0,10200,16.89,0.16,5,0.1875,1,4,0,0,0,0,1,0,0,0,1,0,0,1,1,0.9962998414918559,Muito Alto
25,77004,2.0,16000,13.92,0.21,2,0.2077814139525219,1,3,0,1,0,0,0,1,0,0,0,0,0,0,0,0.2656016071807387,Baixo
26,110000,4.0,12000,10.99,0.11,2,0.109090909090909,0,2,0,0,0,0,1,0,0,0,0,0,1,0,0,0.0016555475752232625,Muito Baixo
22,50004,5.0,5300,14.42,0.11,2,0.1059915206783457,1,4,0,0,0,0,1,0,1,0,0,0,0,0,0,0.029053860871675934,Muito Baixo
23,120000,7.0,16000,10.37,0.13,3,0.1333333333333333,0,2,0,1,0,0,0,1,0,0,0,0,0,0,0,0.02843866476208136,Muito Baixo
27,68700,0.0,10000,6.92,0.15,6,0.1455604075691411,0,1,0,0,0,1,0,0,0,0,0,1,0,0,0,0.0002697506869120834,Muito Baixo
35,130000,2.0,12000,10.08,0.09,7,0.0923076923076923,0,2,0,1,0,0,0,0,0,0,0,1,0,0,0,0.03258757677694115,Muito Baixo
25,53000,9.0,6000,7.9,0.11,4,0.1132075471698113,0,1,0,0,0,0,1,0,0,1,0,0,0,0,0,0.11005289269322047,Muito Baixo
25,44000,9.0,9800,7.49,0.22,4,0.2227272727272727,0,1,0,1,0,0,0,1,0,0,0,0,0,1,0,0.13156437418794786,Muito Baixo
31,54000,12.0,15000,8.49,0.28,5,0.2777777777777778,0,1,0,1,0,0,0,0,0,1,0,0,0,1,0,0.2929065661098086,Baixo
29,97000,13.0,10000,14.65,0.1,8,0.1030927835051546,1,3,0,1,0,0,0,0,0,0,0,0,1,0,0,0.14471361228970503,Muito Baixo
28,34000,7.0,9600,10.99,0.28,7,0.2823529411764706,0,2,0,0,0,0,1,0,0,0,1,0,0,0,0,0.22840472151421695,Baixo
33,43000,4.0,10000,13.35,0.23,10,0.2325581395348837,1,3,1,1,0,0,0,0,0,1,0,0,0,0,0,0.10150495924551071,Muito Baixo
32,125000,4.0,9000,6.62,0.07,10,0.072,0,1,0,1,0,0,0,0,1,0,0,0,0,0,0,0.013528510599190628,Muito Baixo
22,50000,5.0,2000,12.18,0.04,3,0.04,1,2,0,1,0,0,0,0,0,0,0,1,0,0,0,0.06663856556042146,Muito Baixo
25,28800,8.0,6800,9.63,0.24,3,0.2361111111111111,0,2,0,0,0,0,1,0,1,0,0,0,0,0,0,0.16990348632215163,Muito Baixo
32,28600,3.0,6700,10.37,0.23,9,0.2342657342657342,0,2,0,0,0,0,1,0,0,0,0,0,1,0,0,0.002292640162175965,Muito Baixo
33,104000,9.0,8000,11.58,0.08,8,0.0769230769230769,1,2,0,0,0,0,1,1,0,0,0,0,0,0,0,0.05323434398816635,Muito Baixo
22,72000,1.0,8500,15.96,0.12,2,0.1180555555555555,1,3,0,1,0,0,0,0,0,0,0,1,0,1,0,0.15570652696169165,Muito Baixo
29,93000,9.0,20000,16.82,0.22,8,0.2150537634408602,1,5,0,1,0,0,0,0,0,0,0,1,0,0,0,0.14023241193094166,Muito Baixo
21,34368,0.0,2500,12.87,0.07,2,0.07274208566108,1,3,1,0,0,0,1,1,0,0,0,0,0,0,0,0.14843714013499662,Muito Baixo
24,99750,8.0,12000,9.62,0.12,3,0.1203007518796992,0,2,0,1,0,0,0,0,0,1,0,0,0,0,0,0.03266235635633534,Muito Baixo
21,68100,5.0,17500,17.19,0.26,4,0.2569750367107195,1,5,0,1,0,0,0,1,0,0,0,0,0,1,1,0.9971182715952379,Muito Alto
31,15000,4.0,5000,7.49,0.33,10,0.3333333333333333,0,1,0,0,0,0,1,0,1,0,0,0,0,1,1,0.9995215513935655,Muito Alto
22,42996,3.0,4800,11.03,0.11,4,0.1116382919341334,1,3,0,0,0,0,1,0,0,0,0,1,0,0,0,0.10866353329717243,Muito Baixo
30,180000,2.0,12500,6.03,0.07,6,0.0694444444444444,0,1,0,1,0,0,0,1,0,0,0,0,0,0,0,0.005732680362667896,Muito Baixo
31,42000,12.0,12000,10.99,0.29,9,0.2857142857142857,0,2,0,0,0,0,1,0,0,0,0,1,0,0,0,0.11103085552839877,Muito Baixo
26,175000,0.0,7500,15.21,0.04,3,0.0428571428571428,1,4,0,1,0,0,0,0,1,0,0,0,0,0,0,0.14504646038464555,Muito Baixo
37,25000,0.0,2775,15.65,0.11,12,0.111,1,4,0,0,0,0,1,0,0,1,0,0,0,1,1,0.9937041019856189,Muito Alto
24,80000,5.0,2200,13.49,0.03,4,0.0275,1,3,0,0,0,1,0,0,1,0,0,0,0,0,0,0.00019200039360763838,Muito Baixo
22,80000,3.0,33950,14.54,0.42,4,0.424375,1,4,1,0,0,0,1,0,0,0,0,1,0,1,1,0.9818531694862553,Muito Alto
23,52000,4.0,6000,14.22,0.12,4,0.1153846153846153,1,3,0,0,0,0,1,1,0,0,0,0,0,0,0,0.2362986936696435,Baixo
25,18840,5.0,3000,9.91,0.16,2,0.1592356687898089,0,2,0,1,0,0,0,0,1,0,0,0,0,1,1,0.9792876856406532,Muito Alto
29,24000,11.0,10000,5.79,0.42,7,0.4166666666666667,0,1,0,0,0,1,0,0,0,0,0,0,1,0,0,0.00031357995144165607,Muito Baixo
22,57175,6.0,16000,17.15,0.28,2,0.279842588543944,1,6,1,0,0,0,1,0,1,0,0,0,0,1,0,0.17738786306308815,Muito Baixo
23,85000,3.0,15000,15.33,0.18,2,0.1764705882352941,1,4,1,0,0,1,0,0,0,0,1,0,0,0,0,0.009732393517372944,Muito Baixo
23,44248,4.0,13200,7.49,0.3,2,0.2983185680708732,0,1,0,0,0,0,1,0,1,0,0,0,0,0,0,0.10763464527619417,Muito Baixo
27,75000,1.0,14400,11.36,0.19,7,0.192,1,2,0,0,0,0,1,0,1,0,0,0,0,0,0,0.07032986924493433,Muito Baixo
50,30000,8.0,5000,12.84,0.17,15,0.1666666666666666,1,3,1,0,0,0,1,0,0,0,0,0,1,0,0,0.09768089738498834,Muito Baixo
41,137004,0.0,5600,8.59,0.04,11,0.0408747189863069,0,1,0,0,0,0,1,0,0,0,0,0,1,0,0,0.0019128009819115777,Muito Baixo
24,60000,0.0,8500,10.59,0.14,4,0.1416666666666666,0,2,0,1,0,0,0,1,0,0,0,0,0,0,0,0.031192492558074134,Muito Baixo
26,116004,6.0,18000,11.83,0.16,4,0.155167063204717,1,2,0,0,0,0,1,0,0,0,0,0,1,0,0,0.006142780461744887,Muito Baixo
23,40000,3.0,8000,11.49,0.2,3,0.2,1,2,0,0,0,0,1,0,1,0,0,0,0,0,0,0.06256061358436227,Muito Baixo
32,68000,9.0,3800,16.89,0.06,8,0.0558823529411764,1,4,1,0,0,0,1,0,0,0,0,0,1,0,0,0.17632421907209092,Muito Baixo
21,20004,2.0,3000,10.37,0.15,3,0.1499700059988002,0,2,0,0,0,0,1,0,1,0,0,0,0,0,0,0.09093567109828443,Muito Baixo
22,150000,2.0,8200,6.99,0.05,3,0.0546666666666666,0,1,0,0,0,0,1,0,0,0,1,0,0,0,0,0.007493204849421389,Muito Baixo
33,36000,1.0,6000,13.22,0.17,8,0.1666666666666666,1,3,1,0,0,0,1,0,0,0,1,0,0,0,0,0.08318791422850652,Muito Baixo
25,126996,8.0,5000,12.73,0.04,2,0.0393713187816939,1,3,1,1,0,0,0,1,0,0,0,0,0,1,0,0.05566733141650067,Muito Baixo
25,65600,1.0,10000,11.78,0.15,2,0.1524390243902439,1,3,1,1,0,0,0,0,0,0,1,0,0,0,0,0.10596294485472176,Muito Baixo
30,131004,14.0,5000,8.49,0.04,8,0.0381667735336325,0,1,0,1,0,0,0,0,0,0,0,0,1,0,0,0.001007845976804712,Muito Baixo
28,83135,3.0,8000,13.99,0.1,10,0.0962290250796896,1,3,1,1,0,0,0,0,1,0,0,0,0,0,0,0.05528384686758683,Muito Baixo
28,57600,1.0,3300,10.99,0.06,8,0.0572916666666666,0,2,0,0,0,0,1,0,0,0,0,1,0,0,0,0.052581165768572025,Muito Baixo
26,115000,3.0,12000,10.99,0.1,3,0.1043478260869565,0,2,0,0,0,0,1,0,0,0,0,0,1,0,0,0.002152669711111354,Muito Baixo
21,44000,5.0,7500,12.92,0.17,4,0.1704545454545454,1,4,0,1,0,0,0,0,0,0,0,0,1,1,0,0.3982225692756889,Baixo
21,45000,5.0,3000,10.99,0.07,4,0.0666666666666666,0,2,0,1,0,0,0,0,0,0,1,0,0,0,0,0.045728535643408966,Muito Baixo
47,44000,3.0,4000,11.14,0.09,16,0.0909090909090909,1,2,0,0,0,1,0,0,0,1,0,0,0,0,0,0.0024874943525913643,Muito Baixo
39,60000,1.0,3600,5.99,0.06,11,0.06,0,1,0,0,0,0,1,0,0,0,0,1,0,0,0,0.0045771481210546815,Muito Baixo
28,99000,12.0,18000,9.76,0.18,7,0.1818181818181818,0,2,0,1,0,0,0,0,0,0,0,0,1,0,0,0.0012152069880751021,Muito Baixo
26,45000,6.0,3575,7.49,0.08,2,0.0794444444444444,0,1,0,0,0,0,1,0,0,0,1,0,0,0,0,0.02649168811405113,Muito Baixo
25,49000,9.0,10000,6.62,0.2,2,0.2040816326530612,0,1,0,0,0,0,1,1,0,0,0,0,0,1,0,0.10828466169854234,Muito Baixo
35,32000,19.0,8000,5.99,0.25,9,0.25,0,1,0,0,0,0,1,0,0,1,0,0,0,1,1,0.8497617931445545,Muito Alto
39,116000,1.0,8000,15.27,0.07,11,0.0689655172413793,1,3,0,0,0,0,1,0,0,0,0,0,1,1,0,0.2627603213207706,Baixo
31,24000,14.0,2000,16.29,0.08,9,0.0833333333333333,1,4,0,0,0,1,0,0,0,0,0,1,0,0,0,0.0007330724298401117,Muito Baixo
24,96000,6.0,7000,9.91,0.07,3,0.0729166666666666,0,2,0,0,0,0,1,0,0,0,0,0,1,0,0,0.0012527957735198158,Muito Baixo
35,80004,2.0,3200,11.11,0.04,7,0.039998000099995,1,2,0,1,0,0,0,0,0,0,0,1,0,0,0,0.0672802924997688,Muito Baixo
28,13500,0.0,6700,9.63,0.5,5,0.4962962962962963,0,1,0,0,0,1,0,0,0,0,0,1,0,1,1,0.998662307917548,Muito Alto
21,55260,0.0,14000,6.54,0.25,2,0.2533478103510677,0,1,0,0,0,0,1,0,1,0,0,0,0,0,0,0.03794934240198955,Muito Baixo
26,54000,10.0,8500,5.42,0.16,3,0.1574074074074074,0,1,0,1,0,0,0,0,0,0,1,0,0,1,0,0.06802087765758662,Muito Baixo
33,55259,15.0,11200,17.49,0.2,5,0.2026819160679708,1,4,0,0,0,0,1,0,1,0,0,0,0,0,0,0.21891576485046463,Baixo
23,73500,7.0,10000,6.92,0.14,4,0.1360544217687075,0,1,0,1,0,0,0,0,0,0,0,0,1,0,0,0.0011207497470148609,Muito Baixo
47,244000,10.0,9000,13.61,0.04,11,0.0368852459016393,1,3,0,0,0,0,1,0,0,1,0,0,0,0,0,0.08640313465206649,Muito Baixo
24,160000,9.0,12000,16.77,0.07,4,0.075,1,5,0,1,0,0,0,0,0,0,0,0,1,0,0,0.10179872436625978,Muito Baixo
31,45500,5.0,7500,11.49,0.16,5,0.1648351648351648,1,2,0,1,0,0,0,0,0,0,0,0,1,0,0,0.0019698846871158537,Muito Baixo
44,57000,1.0,4200,10.99,0.07,13,0.0736842105263157,0,2,0,0,0,0,1,0,0,0,1,0,0,0,0,0.05880721070576602,Muito Baixo
28,44500,4.0,6000,8.0,0.13,9,0.1348314606741573,0,1,0,1,0,0,0,0,0,0,0,0,1,0,0,0.0020370883889329573,Muito Baixo
22,53000,6.0,8000,16.82,0.15,4,0.1509433962264151,1,5,0,1,0,0,0,0,0,0,0,0,1,0,0,0.20452610334953972,Baixo
35,75573,9.0,22000,9.88,0.29,8,0.2911092585976473,0,2,0,1,0,0,0,0,0,1,0,0,0,0,0,0.06870558266681222,Muito Baixo
23,90000,0.0,10000,7.49,0.11,3,0.1111111111111111,0,1,0,0,0,0,1,1,0,0,0,0,0,0,0,0.0063562412443939125,Muito Baixo
22,43000,5.0,2400,10.99,0.06,3,0.055813953488372,0,2,0,0,0,0,1,0,0,0,0,0,1,0,0,0.0023590769264525604,Muito Baixo
22,90000,6.0,12000,10.99,0.13,4,0.1333333333333333,0,2,0,0,0,0,1,0,0,0,0,0,1,0,0,0.001171229794946709,Muito Baixo
28,21000,0.0,4200,15.21,0.2,10,0.2,1,4,1,0,0,0,1,0,0,0,0,1,0,1,1,0.9105405294262912,Muito Alto
41,50000,0.0,6000,8.88,0.12,17,0.12,0,2,0,0,0,0,1,0,0,0,0,1,0,0,0,0.014976961745989822,Muito Baixo
37,39600,17.0,6000,7.49,0.15,17,0.1515151515151515,0,1,0,1,0,0,0,0,0,1,0,0,0,0,0,0.08203437801151192,Muito Baixo
34,160000,1.0,23000,6.91,0.14,10,0.14375,0,1,0,1,0,0,0,0,0,1,0,0,0,0,0,0.01995583462379059,Muito Baixo
29,53200,7.0,1000,13.49,0.02,6,0.018796992481203,1,3,1,1,0,0,0,0,0,1,0,0,0,0,0,0.19639874926189876,Muito Baixo
25,130000,3.0,2000,6.99,0.02,4,0.0153846153846153,0,1,0,0,0,0,1,0,0,1,0,0,0,0,0,0.013541037578425417,Muito Baixo
28,50000,12.0,3000,10.36,0.06,7,0.06,0,2,0,1,0,0,0,0,0,0,0,0,1,0,0,0.000923581393230071,Muito Baixo
25,46500,9.0,9000,13.48,0.19,3,0.1935483870967742,1,3,0,0,0,0,1,0,0,0,1,0,0,0,0,0.09852307987233747,Muito Baixo
24,65000,4.0,10000,10.25,0.15,3,0.1538461538461538,0,2,0,0,0,0,1,0,0,0,1,0,0,0,0,0.03612899301799123,Muito Baixo
22,40000,2.0,6200,12.69,0.15,3,0.155,1,2,0,0,0,0,1,0,1,0,0,0,0,0,0,0.06301771408798536,Muito Baixo
23,52800,6.0,3000,10.99,0.06,4,0.0568181818181818,0,2,0,0,0,0,1,0,0,0,1,0,0,0,0,0.06661150564966711,Muito Baixo
25,65000,0.0,12000,7.9,0.18,4,0.1846153846153846,0,1,0,1,0,0,0,0,0,0,0,0,1,0,0,0.0005023312430293295,Muito Baixo
31,82000,4.0,10000,7.29,0.12,5,0.1219512195121951,0,1,0,1,0,0,0,0,1,0,0,0,0,0,0,0.02122367514919542,Muito Baixo
21,30000,2.0,4150,6.76,0.14,3,0.1383333333333333,0,1,0,0,0,0,1,0,0,0,1,0,0,0,0,0.05362364206357286,Muito Baixo
36,180000,11.0,20000,11.48,0.11,15,0.1111111111111111,1,2,0,0,1,0,0,0,0,0,0,1,0,1,0,0.033962434177633824,Muito Baixo
24,71151,6.0,12000,6.62,0.17,4,0.1686553948644432,0,1,0,0,0,0,1,0,0,0,0,0,1,0,0,0.0010677322299227473,Muito Baixo
27,30000,11.0,4900,11.71,0.16,5,0.1633333333333333,1,2,0,0,0,0,1,0,0,0,1,0,0,0,0,0.13896045355824993,Muito Baixo
25,24996,8.0,2500,12.98,0.1,4,0.1000160025604096,1,3,0,0,0,0,1,1,0,0,0,0,0,0,0,0.35012010960265916,Baixo
28,73000,9.0,15600,6.03,0.21,9,0.2136986301369863,0,1,0,1,0,0,0,1,0,0,0,0,0,0,0,0.03840425808846806,Muito Baixo
24,51500,8.0,15000,8.49,0.29,2,0.2912621359223301,0,1,0,0,0,0,1,0,1,0,0,0,0,0,0,0.2437169692927981,Baixo
24,56000,8.0,2000,11.49,0.04,2,0.0357142857142857,1,2,0,0,0,1,0,0,1,0,0,0,0,0,0,0.0010320517785753598,Muito Baixo
22,50985,4.0,11000,13.11,0.22,2,0.2157497303128371,1,3,0,0,0,0,1,0,1,0,0,0,0,0,0,0.09846941990755713,Muito Baixo
29,120000,2.0,20000,13.92,0.17,6,0.1666666666666666,1,3,0,1,0,0,0,0,0,0,0,1,0,0,0,0.057032397244170946,Muito Baixo
23,90000,7.0,35000,8.9,0.39,4,0.3888888888888889,0,1,0,0,0,1,0,0,0,0,1,0,0,0,0,0.0006660379239331682,Muito Baixo
27,78200,4.0,35000,17.99,0.38,7,0.4475703324808184,1,5,1,0,0,1,0,0,0,0,1,0,0,1,1,0.9502179895045602,Muito Alto
29,85000,0.0,10000,16.63,0.12,8,0.1176470588235294,1,5,0,1,0,0,0,0,0,0,0,0,1,0,0,0.14567449449123507,Muito Baixo
29,35000,1.0,17475,7.66,0.5,5,0.4992857142857143,0,1,0,0,0,0,1,0,0,0,1,0,0,1,1,0.9929597362250546,Muito Alto
24,70000,4.0,10000,12.41,0.14,2,0.1428571428571428,1,3,1,0,0,0,1,0,0,0,0,0,1,0,0,0.04367978959598788,Muito Baixo
38,43000,3.0,8250,7.51,0.19,12,0.191860465116279,0,1,0,1,0,0,0,1,0,0,0,0,0,0,0,0.020701524056247426,Muito Baixo
23,46800,4.0,5000,6.99,0.11,2,0.1068376068376068,0,1,0,1,0,0,0,0,0,0,0,1,0,0,0,0.06372888554844147,Muito Baixo
33,240000,15.0,15000,13.16,0.06,10,0.0625,1,3,1,0,0,1,0,0,0,0,0,1,0,0,0,0.0003266276137542728,Muito Baixo
24,48000,2.0,5500,11.36,0.11,3,0.1145833333333333,1,2,0,1,0,0,0,0,0,0,0,0,1,0,0,0.0021770993141775564,Muito Baixo
24,56000,2.0,8000,7.51,0.14,3,0.1428571428571428,0,1,0,0,0,0,1,0,0,0,1,0,0,0,0,0.041590376750101535,Muito Baixo
36,24000,3.0,6500,7.29,0.27,13,0.2708333333333333,0,1,0,0,0,0,1,0,0,0,1,0,0,0,0,0.02445024670751841,Muito Baixo
23,33000,4.0,8000,13.48,0.24,3,0.2424242424242424,1,3,0,0,0,0,1,0,1,0,0,0,0,0,0,0.24691131237495337,Baixo
30,170000,4.0,35000,13.06,0.21,9,0.2058823529411764,1,3,1,0,0,0,1,0,1,0,0,0,0,0,0,0.10598409393787411,Muito Baixo
23,66300,7.0,9800,15.7,0.13,2,0.1478129713423831,1,4,1,0,0,0,1,0,0,0,1,0,0,1,1,0.9758779959122579,Muito Alto
28,65000,3.0,7000,12.69,0.11,10,0.1076923076923077,1,2,0,0,0,0,1,0,0,1,0,0,0,0,0,0.07199644182988565,Muito Baixo
23,69360,5.0,4000,7.74,0.06,3,0.0576701268742791,0,1,0,0,0,0,1,1,0,0,0,0,0,0,0,0.025173712530752755,Muito Baixo
22,24702,4.0,2000,13.23,0.08,4,0.0809651040401586,1,3,1,0,0,0,1,0,1,0,0,0,0,0,0,0.11242154590500661,Muito Baixo
32,68800,13.0,4800,7.49,0.07,6,0.0697674418604651,0,1,0,1,0,0,0,0,1,0,0,0,0,0,0,0.03771593721994405,Muito Baixo
35,42000,6.0,5000,6.99,0.12,10,0.119047619047619,0,1,0,0,0,0,1,0,0,0,1,0,0,0,0,0.026706681887662127,Muito Baixo
37,59000,3.0,9000,10.25,0.15,13,0.1525423728813559,0,2,0,1,0,0,0,0,0,1,0,0,0,0,0,0.1745407289235062,Muito Baixo
25,45996,3.0,11500,12.53,0.25,4,0.2500217410209583,1,3,0,0,0,0,1,0,0,0,0,0,1,0,0,0.15434441329876164,Muito Baixo
36,84000,0.0,20000,9.64,0.24,16,0.238095238095238,0,2,0,0,0,0,1,0,1,0,0,0,0,1,0,0.033112048273855305,Muito Baixo
24,73000,2.0,6500,7.49,0.09,4,0.0890410958904109,0,1,0,0,0,0,1,1,0,0,0,0,0,0,0,0.026675207508114872,Muito Baixo
29,46000,3.0,7500,14.35,0.16,5,0.1630434782608695,1,3,1,1,0,0,0,0,0,1,0,0,0,0,0,0.23008406061849934,Baixo
31,29000,0.0,10000,13.75,0.34,8,0.3448275862068966,1,5,0,0,0,0,1,1,0,0,0,0,0,1,1,0.9999527380170593,Muito Alto
21,60996,2.0,8500,10.99,0.14,2,0.1393534002229654,0,2,0,0,0,0,1,0,0,0,0,0,1,0,0,0.0013941128662870261,Muito Baixo
40,28800,3.0,4200,14.72,0.15,16,0.1458333333333333,1,3,1,0,0,0,1,0,0,0,0,1,0,1,0,0.11239494389038944,Muito Baixo
32,95000,9.0,8500,5.79,0.09,6,0.0894736842105263,0,1,0,1,0,0,0,0,0,0,0,1,0,0,0,0.00344840196539656,Muito Baixo
20,135000,1.0,15000,15.96,0.11,2,0.1111111111111111,1,3,1,1,0,0,0,0,0,0,0,0,1,0,0,0.09402038868263718,Muito Baixo
26,65935,1.0,24250,14.96,0.37,4,0.3677864563585349,1,4,0,0,0,0,1,0,1,0,0,0,0,1,1,0.997311322157121,Muito Alto
27,46713,3.0,12375,10.91,0.26,6,0.2649155481343523,0,3,0,1,0,0,0,0,0,0,0,0,1,0,0,0.09054547756397517,Muito Baixo
25,306000,2.0,24250,13.85,0.08,3,0.0792483660130718,1,3,0,0,0,0,1,1,0,0,0,0,0,0,0,0.10158336600597728,Muito Baixo
23,44000,4.0,3000,9.62,0.07,4,0.0681818181818181,0,2,0,0,0,0,1,0,0,0,0,1,0,1,0,0.3450050308739239,Baixo
21,31700,0.0,7200,11.71,0.23,4,0.2271293375394321,1,2,0,0,0,0,1,1,0,0,0,0,0,1,0,0.2669096943404093,Baixo
32,44000,9.0,15600,6.17,0.35,5,0.3545454545454545,0,1,0,1,0,0,0,1,0,0,0,0,0,0,0,0.1217443274467886,Muito Baixo
22,37000,6.0,7500,10.95,0.2,3,0.2027027027027027,0,2,0,1,0,0,0,0,0,0,0,0,1,0,0,0.001477540731774469,Muito Baixo
25,58000,5.0,3150,6.17,0.05,4,0.0543103448275862,0,1,0,1,0,0,0,0,1,0,0,0,0,0,0,0.025314025819016334,Muito Baixo
32,40000,2.0,7500,8.0,0.19,6,0.1875,0,1,0,0,0,0,1,0,1,0,0,0,0,0,0,0.05587556599944322,Muito Baixo
33,120000,1.0,6000,7.14,0.05,10,0.05,0,1,0,0,0,1,0,0,1,0,0,0,0,0,0,7.02565036890686e-05,Muito Baixo
31,59712,0.0,24000,17.43,0.4,9,0.4019292604501607,1,5,0,0,0,0,1,1,0,0,0,0,0,1,1,0.9999739683805173,Muito Alto
33,55000,4.0,12000,7.51,0.22,9,0.2181818181818181,0,1,0,0,0,1,0,0,0,1,0,0,0,0,0,0.0013012298298514953,Muito Baixo
26,48000,9.0,8000,10.59,0.17,4,0.1666666666666666,0,2,0,1,0,0,0,0,0,0,0,1,0,0,0,0.11928882381526797,Muito Baixo
31,125000,4.0,12500,11.48,0.1,10,0.1,1,2,0,1,0,0,0,0,0,0,0,0,1,0,0,0.00122319584229903,Muito Baixo
23,57500,5.0,9000,6.91,0.16,2,0.1565217391304348,0,1,0,0,0,0,1,0,1,0,0,0,0,0,0,0.03186813712068716,Muito Baixo
21,35000,3.0,3500,12.53,0.1,4,0.1,1,3,1,0,0,0,1,1,0,0,0,0,0,0,0,0.06716257939930557,Muito Baixo
23,101138,2.0,20500,13.48,0.2,4,0.2026933496806343,1,3,0,1,0,0,0,0,1,0,0,0,0,0,0,0.027657261977935874,Muito Baixo
27,88000,11.0,5000,8.9,0.06,9,0.0568181818181818,0,1,0,1,0,0,0,0,0,1,0,0,0,1,0,0.050660873623151054,Muito Baixo
22,12240,1.0,1000,14.96,0.08,3,0.0816993464052287,1,4,1,0,0,0,1,0,0,0,0,1,0,1,1,0.9826504790131888,Muito Alto
40,53000,2.0,3000,10.62,0.06,17,0.0566037735849056,0,2,0,1,0,0,0,0,0,0,1,0,0,0,0,0.1462198119597402,Muito Baixo
62,66000,2.0,6000,10.99,0.09,23,0.0909090909090909,0,2,0,0,0,0,1,0,1,0,0,0,0,0,0,0.08482758666277201,Muito Baixo
32,34000,5.0,4000,7.49,0.12,9,0.1176470588235294,0,1,0,1,0,0,0,1,0,0,0,0,0,0,0,0.09228620954914982,Muito Baixo
38,24000,3.0,3000,13.48,0.13,16,0.125,1,3,1,0,0,0,1,0,0,0,1,0,0,0,0,0.025514584357332663,Muito Baixo
25,125000,2.0,14000,10.99,0.11,4,0.112,0,2,0,1,0,0,0,0,0,0,0,1,0,0,0,0.03493493429253226,Muito Baixo
23,80796,7.0,5000,7.49,0.06,2,0.0618842516956284,0,1,0,1,0,0,0,1,0,0,0,0,0,0,0,0.04224941616245441,Muito Baixo
28,89602,4.0,4800,5.42,0.05,8,0.0535702328073034,0,1,0,1,0,0,0,0,0,0,0,0,1,0,0,0.00013444167141654078,Muito Baixo
25,31200,2.0,7000,7.88,0.22,2,0.2243589743589743,0,1,0,0,0,0,1,0,1,0,0,0,0,0,0,0.17159450293983355,Muito Baixo
33,44000,3.0,2725,12.18,0.06,7,0.0619318181818181,1,2,0,0,0,0,1,0,0,1,0,0,0,1,1,0.8166382194864138,Muito Alto
31,113000,1.0,9600,14.91,0.08,7,0.0849557522123893,1,4,1,0,0,0,1,0,0,1,0,0,0,1,1,0.8471447512177875,Muito Alto
34,68000,1.0,15000,11.78,0.22,7,0.2205882352941176,1,3,1,1,0,0,0,0,1,0,0,0,0,0,0,0.12682567648955836,Muito Baixo
29,39000,6.0,7100,8.32,0.18,5,0.182051282051282,0,1,0,1,0,0,0,0,0,0,1,0,0,0,0,0.2503371118347567,Baixo
24,72000,1.0,12000,5.42,0.17,2,0.1666666666666666,0,1,0,1,0,0,0,0,0,0,0,1,0,0,0,0.009775609388597152,Muito Baixo
28,37000,12.0,1000,10.99,0.03,6,0.027027027027027,0,2,0,1,0,0,0,0,0,0,0,1,0,0,0,0.11559409414385544,Muito Baixo
28,40000,10.0,10000,11.26,0.25,6,0.25,1,2,0,1,0,0,0,1,0,0,0,0,0,0,0,0.09706156809310998,Muito Baixo
23,105000,5.0,15000,16.82,0.14,4,0.1428571428571428,1,5,1,1,0,0,0,0,1,0,0,0,0,0,0,0.049105948631163535,Muito Baixo
22,60000,3.0,5000,14.22,0.08,4,0.0833333333333333,1,3,0,0,0,0,1,0,0,0,0,1,0,0,0,0.07474604820191204,Muito Baixo
26,95400,8.0,5000,12.68,0.05,3,0.0524109014675052,1,3,0,1,0,0,0,0,0,0,0,1,0,0,0,0.04525080053000489,Muito Baixo
24,114000,2.0,15000,9.76,0.13,3,0.131578947368421,0,2,0,1,0,0,0,1,0,0,0,0,0,0,0,0.028128993379102088,Muito Baixo
27,41500,11.0,4500,7.49,0.11,5,0.108433734939759,0,1,0,0,0,1,0,0,0,0,0,0,1,0,0,2.2036137191138723e-05,Muito Baixo
25,112000,0.0,16000,6.99,0.14,4,0.1428571428571428,0,1,0,1,0,0,0,0,0,1,0,0,0,0,0,0.008761651303320791,Muito Baixo
22,32000,3.0,8400,11.49,0.26,4,0.2625,1,2,0,0,0,0,1,0,1,0,0,0,0,0,0,0.20111460618739543,Baixo
38,106000,4.0,5000,12.99,0.05,12,0.0471698113207547,1,3,1,1,0,0,0,0,0,1,0,0,0,0,0,0.0298746217823363,Muito Baixo
29,35000,11.0,4200,12.99,0.12,7,0.12,1,3,1,0,0,1,0,0,0,0,1,0,0,0,0,0.0010109118059029685,Muito Baixo
25,52000,9.0,16000,13.98,0.31,3,0.3076923076923077,1,3,0,0,0,0,1,0,1,0,0,0,0,1,1,0.9887825082451419,Muito Alto
22,69600,6.0,1350,12.68,0.02,3,0.0193965517241379,1,3,0,0,0,0,1,1,0,0,0,0,0,0,0,0.06089618807281376,Muito Baixo
24,40000,5.0,10000,11.99,0.25,4,0.25,1,2,0,0,0,0,1,0,0,0,0,1,0,0,0,0.09840352808792215,Muito Baixo
26,30000,1.0,4200,16.49,0.14,3,0.14,1,4,0,0,0,0,1,0,1,0,0,0,0,1,1,0.9430406097062309,Muito Alto
23,77000,2.0,16000,11.14,0.21,3,0.2077922077922078,1,2,0,0,0,0,1,1,0,0,0,0,0,0,0,0.0593279160433363,Muito Baixo
40,95000,0.0,17000,10.0,0.18,15,0.1789473684210526,0,2,0,0,0,0,1,0,0,0,0,1,0,0,0,0.01376994361902174,Muito Baixo
28,101000,8.0,15000,8.94,0.15,9,0.1485148514851485,0,1,0,1,0,0,0,0,0,0,1,0,0,0,0,0.028613653152065915,Muito Baixo
25,65000,4.0,6000,8.9,0.09,2,0.0923076923076923,0,1,0,1,0,0,0,0,0,0,0,1,0,1,0,0.06237386652929989,Muito Baixo
30,56000,7.0,4800,13.92,0.09,9,0.0857142857142857,1,3,1,0,0,0,1,0,0,1,0,0,0,0,0,0.2733431607227093,Baixo
30,62496,14.0,3200,10.99,0.05,8,0.0512032770097286,0,2,0,1,0,0,0,0,0,0,0,1,0,0,0,0.1276923903843929,Muito Baixo
24,45792,3.0,17000,10.38,0.37,2,0.3712438853948288,0,2,0,0,0,0,1,1,0,0,0,0,0,1,1,0.9838517674842592,Muito Alto
22,61000,3.0,5000,9.99,0.08,2,0.081967213114754,0,2,0,0,0,0,1,0,0,0,1,0,0,0,0,0.09292498753132764,Muito Baixo
32,45000,3.0,3000,12.61,0.07,7,0.0666666666666666,1,3,0,0,0,0,1,0,0,0,0,1,0,0,0,0.06003203510011402,Muito Baixo
35,50000,1.0,3000,7.88,0.06,8,0.06,0,1,0,0,0,0,1,0,1,0,0,0,0,0,0,0.021505545416563385,Muito Baixo
23,40992,7.0,5000,10.99,0.12,2,0.1219750195160031,0,2,0,0,0,0,1,0,1,0,0,0,0,0,0,0.1336208065320356,Muito Baixo
29,83000,5.0,7500,7.49,0.09,10,0.0903614457831325,0,1,0,1,0,0,0,0,0,0,0,0,1,0,0,0.0004685855942731088,Muito Baixo
27,60000,1.0,10000,13.22,0.17,7,0.1666666666666666,1,3,0,0,0,0,1,0,0,0,0,0,1,0,0,0.05720532244422708,Muito Baixo
26,35000,10.0,6000,7.51,0.17,3,0.1714285714285714,0,1,0,1,0,0,0,0,0,0,1,0,0,0,0,0.041809222453572076,Muito Baixo
28,28320,4.0,8700,14.61,0.31,8,0.3072033898305085,1,4,0,0,0,0,1,0,0,0,0,0,1,1,1,0.9886341544734355,Muito Alto
29,70008,8.0,5000,5.99,0.07,5,0.0714204090961033,0,1,0,1,0,0,0,0,0,0,1,0,0,0,0,0.0038260310470832567,Muito Baixo
28,79701,11.0,20000,13.92,0.25,7,0.2509378803277248,1,3,0,0,0,0,1,0,0,0,0,1,0,0,0,0.17043443024906382,Muito Baixo
22,28800,4.0,14500,9.88,0.5,2,0.5034722222222222,0,2,0,1,0,0,0,0,0,0,0,1,0,0,0,0.4833116620395726,Moderado
24,38000,0.0,12000,11.34,0.32,3,0.3157894736842105,1,3,0,0,0,0,1,0,1,0,0,0,0,1,1,0.9918569878894902,Muito Alto
23,54000,5.0,8500,12.42,0.16,2,0.1574074074074074,1,2,0,1,0,0,0,0,0,0,0,0,1,0,0,0.008881652213494807,Muito Baixo
37,80000,18.0,20000,11.83,0.25,13,0.25,1,2,0,1,0,0,0,0,0,0,1,0,0,0,0,0.036474155485365596,Muito Baixo
23,144000,0.0,24250,11.83,0.17,3,0.1684027777777778,1,2,0,0,0,0,1,0,1,0,0,0,0,0,0,0.04966450663373941,Muito Baixo
22,35000,0.0,2000,12.99,0.06,2,0.0571428571428571,1,3,1,0,0,0,1,0,0,0,0,0,1,0,0,0.06683789218054498,Muito Baixo
38,37200,1.0,5000,9.99,0.13,11,0.1344086021505376,0,2,0,0,0,0,1,1,0,0,0,0,0,0,0,0.11088510962811128,Muito Baixo
23,32000,3.0,20000,12.61,0.63,4,0.625,1,4,0,0,0,0,1,1,0,0,0,0,0,1,1,0.9996947104253785,Muito Alto
22,55200,6.0,7200,7.49,0.13,4,0.1304347826086956,0,1,0,1,0,0,0,0,0,1,0,0,0,1,1,0.917153448327751,Muito Alto
32,37000,0.0,15000,10.62,0.41,8,0.4054054054054054,0,2,0,0,0,0,1,0,0,0,0,0,1,1,1,0.9984595103330052,Muito Alto
30,42000,0.0,2250,8.88,0.05,7,0.0535714285714285,0,2,0,0,0,0,1,0,1,0,0,0,0,0,0,0.11886132912350518,Muito Baixo
48,66000,6.0,6000,11.89,0.09,11,0.0909090909090909,1,2,0,0,0,0,1,0,0,0,0,0,1,0,0,0.008027378918368204,Muito Baixo
22,67145,2.0,10000,10.62,0.15,4,0.1489314170824335,0,2,0,1,0,0,0,0,1,0,0,0,0,0,0,0.03787370498838713,Muito Baixo
32,36000,4.0,6000,16.07,0.17,10,0.1666666666666666,1,4,1,0,0,0,1,0,0,0,1,0,0,1,1,0.5511050873683585,Moderado
26,51000,10.0,12500,14.18,0.25,4,0.2450980392156862,1,5,0,0,0,0,1,1,0,0,0,0,0,1,1,0.9893482558794673,Muito Alto
22,71004,6.0,1800,11.12,0.03,4,0.0253506844684806,1,2,0,0,0,0,1,0,1,0,0,0,0,0,0,0.02712635293313476,Muito Baixo
29,54000,1.0,25000,20.16,0.46,8,0.4629629629629629,1,7,1,1,0,0,0,0,0,0,0,1,0,1,1,0.9670630444864634,Muito Alto
23,108000,7.0,5000,7.66,0.05,4,0.0462962962962962,0,1,0,0,0,0,1,0,1,0,0,0,0,0,0,0.02006714564415874,Muito Baixo
28,140000,0.0,7400,6.03,0.05,9,0.0528571428571428,0,1,0,0,0,0,1,1,0,0,0,0,0,0,0,0.002609932481043872,Muito Baixo
23,42000,3.0,6000,14.42,0.14,4,0.1428571428571428,1,4,0,0,0,0,1,1,0,0,0,0,0,1,1,0.9883588520306624,Muito Alto
23,56525,1.0,15000,11.48,0.23,4,0.2653693056169836,1,2,0,0,0,0,1,0,0,0,1,0,0,1,0,0.1730538423318959,Muito Baixo
21,12960,2.0,2525,10.99,0.19,2,0.1948302469135802,0,2,0,0,0,0,1,0,0,0,0,0,1,1,1,0.987288418122595,Muito Alto
24,56000,8.0,12000,7.49,0.21,3,0.2142857142857142,0,1,0,1,0,0,0,1,0,0,0,0,0,0,0,0.051647014029668724,Muito Baixo
24,45996,1.0,13000,13.47,0.28,2,0.2826332724584746,1,3,1,0,0,0,1,0,0,0,1,0,0,1,0,0.09340217717818312,Muito Baixo
23,92111,7.0,35000,20.25,0.32,4,0.3799763329026935,1,6,0,0,0,0,1,0,0,0,1,0,0,1,1,0.999664514538838,Muito Alto
28,43680,3.0,4475,15.27,0.1,8,0.1024496336996337,1,3,0,0,0,0,1,0,1,0,0,0,0,0,0,0.45178298651050924,Moderado
26,51000,10.0,5000,12.42,0.1,4,0.0980392156862745,1,2,0,0,0,0,1,0,0,0,1,0,0,1,0,0.18551947522989676,Muito Baixo
28,65000,12.0,10000,14.96,0.15,6,0.1538461538461538,1,4,1,0,0,0,1,0,0,0,0,0,1,0,0,0.1884856303618442,Muito Baixo
26,100000,4.0,25000,11.99,0.25,3,0.25,1,2,0,1,0,0,0,1,0,0,0,0,0,0,0,0.06381133967543462,Muito Baixo
24,68000,8.0,8000,7.49,0.12,4,0.1176470588235294,0,1,0,1,0,0,0,0,0,0,1,0,0,0,0,0.020843123175154066,Muito Baixo
27,20000,2.0,4000,10.65,0.2,8,0.2,0,2,0,0,0,0,1,0,0,0,1,0,0,0,0,0.048096007732254836,Muito Baixo
33,45000,2.0,8500,10.62,0.19,6,0.1888888888888888,0,2,0,0,0,0,1,0,0,0,1,0,0,0,0,0.03966927077846542,Muito Baixo
26,55080,10.0,2500,7.66,0.04,3,0.0453885257806826,0,1,0,1,0,0,0,0,0,0,1,0,0,1,0,0.10045727311956125,Muito Baixo
34,42000,3.0,2400,13.8,0.06,10,0.0571428571428571,1,4,1,0,0,0,1,1,0,0,0,0,0,1,1,0.9681442843091156,Muito Alto
28,48000,12.0,12500,15.95,0.26,7,0.2604166666666667,1,4,0,0,0,0,1,0,0,0,0,1,0,0,0,0.15917935305405467,Muito Baixo
32,110000,2.0,5600,10.74,0.05,7,0.0509090909090909,0,2,0,1,0,0,0,0,0,0,0,0,1,0,0,0.0006384985977340432,Muito Baixo
30,44000,4.0,15000,6.54,0.34,5,0.3409090909090909,0,1,0,0,0,0,1,1,0,0,0,0,0,1,1,0.9944028271798312,Muito Alto
26,40000,10.0,5300,5.42,0.13,2,0.1325,0,1,0,1,0,0,0,0,0,1,0,0,0,0,0,0.0558748331877532,Muito Baixo
22,63400,6.0,10500,9.99,0.17,2,0.1656151419558359,0,2,0,1,0,0,0,0,0,0,0,1,0,0,0,0.1250285187358078,Muito Baixo
27,48000,7.0,4000,9.62,0.08,10,0.0833333333333333,0,2,0,0,0,0,1,0,0,0,0,1,0,0,0,0.11060885155989,Muito Baixo
32,78096,4.0,10000,10.99,0.13,5,0.1280475312435976,0,2,0,1,0,0,0,0,1,0,0,0,0,0,0,0.17722613706772003,Muito Baixo
32,25200,9.0,4900,6.17,0.19,6,0.1944444444444444,0,1,0,0,0,0,1,0,0,0,1,0,0,0,0,0.0578218371422584,Muito Baixo
29,70553,8.0,15000,13.47,0.18,10,0.212606125891174,1,3,1,0,0,0,1,0,0,0,1,0,0,1,0,0.05527858719580599,Muito Baixo
22,21600,6.0,1600,15.31,0.07,4,0.074074074074074,1,4,1,0,0,0,1,0,0,0,0,1,0,0,0,0.32695113084845623,Baixo
32,104400,17.0,24000,8.9,0.23,5,0.2298850574712643,0,1,0,1,0,0,0,1,0,0,0,0,0,1,0,0.07991130714576207,Muito Baixo
23,72000,7.0,9000,6.76,0.13,2,0.125,0,1,0,1,0,0,0,0,0,0,0,0,1,0,0,0.000646809079196497,Muito Baixo
28,80000,12.0,12000,12.18,0.15,5,0.15,1,2,0,1,0,0,0,1,0,0,0,0,0,0,0,0.08336125636933865,Muito Baixo
24,14400,4.0,2000,10.65,0.14,4,0.1388888888888889,0,2,0,0,0,0,1,0,0,0,0,0,1,0,0,0.00828127695578167,Muito Baixo
37,90000,15.0,12000,7.51,0.13,13,0.1333333333333333,0,1,0,0,0,0,1,0,0,0,0,1,0,0,0,0.008748975232013897,Muito Baixo
24,24000,0.0,4000,12.21,0.17,2,0.1666666666666666,1,2,0,0,0,0,1,0,0,0,0,0,1,0,0,0.00826812252854315,Muito Baixo
27,90000,7.0,10000,14.27,0.11,8,0.1111111111111111,1,3,1,0,0,0,1,0,0,0,0,0,1,0,0,0.04988969675344981,Muito Baixo
22,44004,3.0,9000,14.11,0.2,3,0.2045268611944368,1,4,1,1,0,0,0,0,0,0,0,0,1,1,0,0.2515239156879066,Baixo
47,86500,13.0,24000,13.48,0.28,17,0.2774566473988439,1,3,0,1,0,0,0,0,0,0,1,0,0,0,0,0.3535918324596389,Baixo
30,12000,4.0,1800,14.35,0.15,5,0.15,1,3,1,0,0,0,1,0,0,0,1,0,0,0,0,0.30496526652485134,Baixo
26,22296,4.0,5400,5.42,0.24,3,0.2421959095801937,0,1,0,0,0,1,0,0,0,0,0,1,0,0,0,0.0008381462116841276,Muito Baixo
27,116000,0.0,3500,12.53,0.03,10,0.0301724137931034,1,3,0,1,0,0,0,0,1,0,0,0,0,1,0,0.04010562088222737,Muito Baixo
26,135000,6.0,15000,15.33,0.11,2,0.1111111111111111,1,4,1,1,0,0,0,0,1,0,0,0,0,0,0,0.05868770389195415,Muito Baixo
43,45000,2.0,7000,12.99,0.16,14,0.1555555555555555,1,3,0,0,0,0,1,0,1,0,0,0,0,0,0,0.1658623884299621,Muito Baixo
21,34500,5.0,10500,8.49,0.3,3,0.3043478260869565,0,1,0,0,0,0,1,0,1,0,0,0,0,1,0,0.2637064214991172,Baixo
25,54499,2.0,12000,9.63,0.22,4,0.2201875263766307,0,1,0,1,0,0,0,0,0,1,0,0,0,0,0,0.06303918753761086,Muito Baixo
28,82500,12.0,11000,7.49,0.13,7,0.1333333333333333,0,1,0,1,0,0,0,1,0,0,0,0,0,0,0,0.03022631524963419,Muito Baixo
29,100000,8.0,7000,9.88,0.07,10,0.07,0,2,0,1,0,0,0,0,0,1,0,0,0,0,0,0.037660030036266494,Muito Baixo
23,72000,3.0,14400,11.14,0.2,3,0.2,1,2,0,0,0,0,1,1,0,0,0,0,0,0,0,0.05957055657599215,Muito Baixo
29,46344,0.0,3500,11.36,0.08,8,0.0755221819437251,1,2,0,0,0,0,1,0,1,0,0,0,0,0,0,0.10556590164334985,Muito Baixo
40,82531,1.0,6000,7.49,0.07,14,0.0726999551683609,0,1,0,1,0,0,0,0,0,0,1,0,0,0,0,0.011716221318685376,Muito Baixo
26,60000,2.0,14000,12.69,0.23,4,0.2333333333333333,1,2,0,0,0,0,1,0,0,0,1,0,0,0,0,0.05167526295243354,Muito Baixo
25,20400,3.0,4750,12.98,0.23,4,0.2328431372549019,1,3,1,0,0,0,1,0,0,0,0,0,1,0,0,0.1343549146775469,Muito Baixo
30,55000,6.0,21250,15.7,0.39,6,0.3863636363636363,1,4,1,0,0,1,0,0,1,0,0,0,0,0,0,0.0009902495222966537,Muito Baixo
27,42000,6.0,5950,5.99,0.14,5,0.1416666666666666,0,1,0,0,0,0,1,0,0,0,0,1,0,0,0,0.04965904987562753,Muito Baixo
21,25000,6.0,1000,7.51,0.04,3,0.04,0,1,0,1,0,0,0,0,0,0,0,1,0,0,0,0.21472505255198554,Baixo
23,27000,6.0,6000,11.66,0.22,3,0.2222222222222222,1,3,0,0,0,0,1,0,1,0,0,0,0,0,0,0.11649956004792936,Muito Baixo
23,50000,7.0,2050,7.49,0.04,2,0.041,0,1,0,0,0,1,0,0,0,0,0,0,1,0,0,1.4076885905483553e-05,Muito Baixo
27,80000,3.0,14500,10.75,0.18,6,0.18125,0,2,0,1,0,0,0,0,0,1,0,0,0,0,0,0.03275159048474738,Muito Baixo
25,55000,3.0,24200,8.49,0.44,3,0.44,0,1,0,1,0,0,0,1,0,0,0,0,0,0,0,0.06668705888147346,Muito Baixo
34,130000,18.0,16000,6.03,0.12,6,0.123076923076923,0,1,0,0,0,0,1,0,0,0,0,0,1,0,0,0.0002494091430545575,Muito Baixo
31,56000,4.0,7000,7.29,0.13,8,0.125,0,1,0,0,0,0,1,0,0,0,1,0,0,0,0,0.04041238896623644,Muito Baixo
23,29000,1.0,13475,14.26,0.46,4,0.4646551724137931,1,3,1,0,0,0,1,0,0,0,0,0,1,1,1,0.9981956291456203,Muito Alto
25,96000,1.0,12000,9.99,0.13,4,0.125,0,2,0,0,0,0,1,0,0,1,0,0,0,0,0,0.027356503008425362,Muito Baixo
42,61000,2.0,14400,7.51,0.24,17,0.2360655737704918,0,1,0,0,0,1,0,0,0,0,0,1,0,0,0,0.00027762056397069915,Muito Baixo
23,70550,0.0,14000,17.51,0.17,2,0.1984408221119773,1,5,1,0,0,0,1,0,0,0,1,0,0,1,1,0.9983994554192884,Muito Alto
23,62500,7.0,26000,11.71,0.42,2,0.416,1,2,0,0,0,0,1,0,0,0,1,0,0,1,1,0.9971522228084265,Muito Alto
27,85000,2.0,7000,13.99,0.08,9,0.0823529411764705,1,3,1,0,0,0,1,0,0,0,0,0,1,0,0,0.06506458877268144,Muito Baixo
26,55000,10.0,5000,6.92,0.09,3,0.0909090909090909,0,1,0,1,0,0,0,0,0,0,0,0,1,0,0,0.0007181439997588565,Muito Baixo
29,98850,6.0,12500,7.49,0.13,9,0.1264542235710672,0,1,0,0,0,0,1,0,0,1,0,0,0,0,0,0.030872589566530793,Muito Baixo
21,35000,3.0,5000,14.27,0.14,3,0.1428571428571428,1,3,1,0,0,1,0,0,1,0,0,0,0,0,0,0.0005552097954484601,Muito Baixo
28,44000,0.0,5000,12.99,0.11,5,0.1136363636363636,1,3,1,0,0,0,1,0,0,1,0,0,0,1,1,0.781537565839877,Alto
23,43000,3.0,9800,8.59,0.23,2,0.227906976744186,0,1,0,1,0,0,0,1,0,0,0,0,0,0,0,0.06124108662314791,Muito Baixo
37,65000,4.0,12000,16.49,0.18,17,0.1846153846153846,1,4,0,0,0,0,1,0,0,0,0,1,0,0,0,0.10163682363717023,Muito Baixo
25,68515,2.0,5600,12.61,0.08,3,0.0817339268773261,1,3,0,0,0,0,1,0,0,0,1,0,0,0,0,0.06869236706748914,Muito Baixo
30,69000,3.0,11200,12.42,0.16,6,0.1623188405797101,1,2,0,0,0,0,1,0,1,0,0,0,0,1,0,0.1610640444339956,Muito Baixo
28,128000,11.0,14400,22.11,0.11,8,0.1125,1,7,1,1,0,0,0,1,0,0,0,0,0,1,1,0.9999191471964123,Muito Alto
22,31760,3.0,12875,12.53,0.41,4,0.4053841309823677,1,2,0,0,0,0,1,0,0,0,0,1,0,1,1,0.9953465717698634,Muito Alto
26,45000,10.0,15000,7.29,0.33,4,0.3333333333333333,0,1,0,0,0,0,1,1,0,0,0,0,0,1,1,0.9876233620243497,Muito Alto
21,50000,4.0,11000,10.0,0.22,3,0.22,0,2,0,0,0,0,1,0,1,0,0,0,0,0,0,0.04441486121078248,Muito Baixo
22,48000,6.0,6000,7.49,0.13,4,0.125,0,1,0,0,0,0,1,0,0,0,0,0,1,0,0,0.0013163233719438018,Muito Baixo
35,762000,8.0,10000,8.94,0.01,10,0.0131233595800524,0,1,0,0,0,1,0,0,0,0,1,0,0,0,0,0.00037873240346677356,Muito Baixo
22,36000,0.0,6500,13.48,0.18,3,0.1805555555555555,1,3,0,0,0,0,1,0,0,0,0,1,0,0,0,0.15371580316919461,Muito Baixo
27,100000,1.0,16000,13.43,0.16,5,0.16,1,3,0,1,0,0,0,1,0,0,0,0,0,0,0,0.07399271900249733,Muito Baixo
25,104000,4.0,11000,13.11,0.11,3,0.1057692307692307,1,3,0,1,0,0,0,0,0,0,0,0,1,0,0,0.055898754980721554,Muito Baixo
24,136000,9.0,25000,19.13,0.18,3,0.1838235294117647,1,6,0,1,0,0,0,1,0,0,0,0,0,1,1,0.998084345712485,Muito Alto
34,57000,9.0,7500,11.14,0.13,7,0.131578947368421,1,2,0,0,0,0,1,1,0,0,0,0,0,0,0,0.0869728732460296,Muito Baixo
34,25000,1.0,1000,9.63,0.04,6,0.04,0,2,0,1,0,0,0,1,0,0,0,0,0,0,0,0.07338436766302506,Muito Baixo
36,120000,4.0,15000,12.99,0.13,15,0.125,1,3,1,0,0,0,1,0,0,1,0,0,0,0,0,0.0919514287954595,Muito Baixo
26,54000,10.0,3600,12.69,0.07,4,0.0666666666666666,1,2,0,1,0,0,0,0,0,1,0,0,0,1,0,0.32848864945179845,Baixo
46,47000,5.0,6000,7.14,0.13,15,0.1276595744680851,0,1,0,1,0,0,0,0,0,0,0,1,0,0,0,0.0317479644932857,Muito Baixo
28,150000,12.0,15000,11.89,0.1,9,0.1,1,2,0,1,0,0,0,0,0,1,0,0,0,0,0,0.04651724606695193,Muito Baixo
28,139913,7.0,5375,8.94,0.04,6,0.0384167303967465,0,1,0,1,0,0,0,0,0,1,0,0,0,0,0,0.03354574478504207,Muito Baixo
25,180488,9.0,24000,12.87,0.13,2,0.132972829218563,1,3,0,1,0,0,0,0,0,1,0,0,0,0,0,0.09529821625574172,Muito Baixo
23,60000,0.0,12000,7.88,0.2,2,0.2,0,1,0,0,0,0,1,0,0,0,0,1,0,0,0,0.020478363118422823,Muito Baixo
23,26000,3.0,4500,8.49,0.17,2,0.173076923076923,0,1,0,0,0,0,1,0,0,0,1,0,0,1,0,0.06341897770889773,Muito Baixo
23,52000,5.0,12800,10.65,0.25,2,0.2461538461538461,0,2,0,1,0,0,0,0,1,0,0,0,0,0,0,0.031935905517181076,Muito Baixo
26,15000,0.0,4375,12.69,0.29,4,0.2916666666666667,1,2,0,0,0,0,1,1,0,0,0,0,0,1,1,0.9814151615742942,Muito Alto
40,43000,18.0,2500,12.84,0.06,14,0.0581395348837209,1,3,0,1,0,0,0,0,0,0,1,0,0,0,0,0.11827780984505362,Muito Baixo
23,83004,7.0,3500,12.61,0.04,2,0.0421666425714423,1,3,1,1,0,0,0,0,0,0,0,0,1,0,0,0.05827176370174164,Muito Baixo
23,75000,8.0,8000,6.17,0.11,2,0.1066666666666666,0,1,0,0,0,1,0,0,1,0,0,0,0,0,0,0.00018020758137013716,Muito Baixo
26,124500,10.0,6000,10.62,0.05,2,0.0481927710843373,0,2,0,1,0,0,0,0,0,0,0,1,0,0,0,0.07773557458357762,Muito Baixo
26,32000,7.0,6375,10.74,0.2,2,0.19921875,0,2,0,0,0,0,1,1,0,0,0,0,0,0,0,0.25793500916718276,Baixo
26,57550,4.0,3500,5.42,0.06,4,0.0608166811468288,0,1,0,1,0,0,0,1,0,0,0,0,0,0,0,0.04495583709231606,Muito Baixo
25,115000,4.0,4000,7.88,0.03,4,0.0347826086956521,0,1,0,1,0,0,0,0,0,0,1,0,0,0,0,0.018923390427446514,Muito Baixo
25,155004,9.0,10500,7.49,0.07,2,0.0677401873500038,0,1,0,1,0,0,0,0,0,1,0,0,0,0,0,0.02028238845982304,Muito Baixo
51,84000,7.0,12000,7.49,0.14,23,0.1428571428571428,0,1,0,0,0,0,1,0,0,1,0,0,0,0,0,0.0224696633238381,Muito Baixo
25,153000,9.0,14500,13.85,0.09,3,0.0947712418300653,1,3,0,1,0,0,0,0,1,0,0,0,0,0,0,0.07980893912982835,Muito Baixo
33,62000,3.0,3700,6.39,0.06,6,0.0596774193548387,0,1,0,1,0,0,0,0,0,1,0,0,0,0,0,0.011345856732958598,Muito Baixo
30,60000,5.0,4000,6.99,0.07,7,0.0666666666666666,0,1,0,1,0,0,0,0,0,0,0,0,1,0,0,0.00025456569679907655,Muito Baixo
21,38000,5.0,3500,10.59,0.09,3,0.0921052631578947,0,2,0,0,0,0,1,0,0,0,0,0,1,0,0,0.0026259183613888686,Muito Baixo
23,89204,5.0,18000,7.9,0.2,4,0.2017846733330344,0,1,0,1,0,0,0,0,1,0,0,0,0,0,0,0.009315921344234741,Muito Baixo
33,53326,8.0,1200,16.29,0.02,7,0.0225030941754491,1,4,0,0,0,0,1,0,0,0,1,0,0,1,1,0.9294965887978257,Muito Alto
25,44000,1.0,8000,12.92,0.18,4,0.1818181818181818,1,4,0,0,0,0,1,0,0,0,1,0,0,1,1,0.9898639062617909,Muito Alto
40,65000,1.0,5000,9.63,0.08,16,0.0769230769230769,0,2,0,0,0,0,1,1,0,0,0,0,0,0,0,0.02144456837420301,Muito Baixo
27,50000,5.0,7300,7.29,0.15,9,0.146,0,1,0,0,0,0,1,0,0,0,1,0,0,0,0,0.01198686513886416,Muito Baixo
40,95000,0.0,17000,10.0,0.18,12,0.1789473684210526,0,2,0,0,0,0,1,0,0,1,0,0,0,0,0,0.016189565591811658,Muito Baixo
27,44196,2.0,5500,13.8,0.12,10,0.1244456511901529,1,3,0,0,0,0,1,1,0,0,0,0,0,0,1,0.5715116128103868,Moderado
36,430000,2.0,25000,13.8,0.06,11,0.0581395348837209,1,3,0,0,0,0,1,0,1,0,0,0,0,0,0,0.08399657610696153,Muito Baixo
25,76800,5.0,20000,13.48,0.26,2,0.2604166666666667,1,3,1,1,0,0,0,0,0,0,0,1,0,0,0,0.11622518923030964,Muito Baixo
22,45000,6.0,16000,10.59,0.36,4,0.3555555555555555,0,2,0,0,0,0,1,1,0,0,0,0,0,1,1,0.9878042296475414,Muito Alto
29,71500,2.0,10000,13.57,0.14,6,0.1398601398601398,1,3,0,0,0,0,1,0,0,0,1,0,0,0,0,0.04750855207183622,Muito Baixo
26,53000,2.0,4800,15.62,0.09,3,0.090566037735849,1,4,1,0,0,0,1,0,0,0,0,1,0,1,1,0.935590422773897,Muito Alto
22,45600,5.0,10000,14.61,0.22,4,0.219298245614035,1,4,0,0,0,0,1,0,0,0,0,0,1,0,0,0.13667830003450163,Muito Baixo
26,29000,1.0,1000,11.28,0.03,3,0.0344827586206896,1,3,0,0,0,0,1,0,1,0,0,0,0,1,1,0.566677786418108,Moderado
28,30996,0.0,8000,7.29,0.26,10,0.2580978190734288,0,1,0,0,0,0,1,1,0,0,0,0,0,0,0,0.11211391580978383,Muito Baixo
26,95000,0.0,12000,8.49,0.13,4,0.1263157894736842,0,1,0,0,0,0,1,0,0,0,0,0,1,0,0,0.000789016164354499,Muito Baixo
22,53000,2.0,16000,7.9,0.3,4,0.3018867924528302,0,1,0,0,0,0,1,0,1,0,0,0,0,0,0,0.02710718604328854,Muito Baixo
30,138000,0.0,11000,7.49,0.08,10,0.0797101449275362,0,1,0,0,0,0,1,0,0,0,0,0,1,0,0,0.0013885073111751737,Muito Baixo
26,70000,0.0,8000,14.84,0.11,3,0.1142857142857142,1,4,0,1,0,0,0,0,0,1,0,0,0,0,0,0.16943972464291474,Muito Baixo
27,64000,11.0,3500,11.99,0.05,8,0.0546875,1,2,0,1,0,0,0,0,0,0,1,0,0,0,0,0.24562676008019246,Baixo
38,30000,8.0,10000,7.51,0.33,14,0.3333333333333333,0,1,0,0,0,0,1,0,1,0,0,0,0,1,1,0.9848996930717494,Muito Alto
30,63552,4.0,6000,11.49,0.09,7,0.0944108761329305,1,2,0,0,0,0,1,0,0,0,1,0,0,0,0,0.21921913429762416,Baixo
36,69000,20.0,35000,13.48,0.51,15,0.5072463768115942,1,3,0,0,0,0,1,0,0,0,0,0,1,1,1,0.9880767619919041,Muito Alto
31,70000,3.0,8000,7.88,0.11,5,0.1142857142857142,0,1,0,1,0,0,0,0,0,0,0,1,0,0,0,0.02357657594362919,Muito Baixo
24,100000,6.0,11000,5.42,0.11,4,0.11,0,1,0,0,0,0,1,1,0,0,0,0,0,0,0,0.008375536633550553,Muito Baixo
27,25000,4.0,8000,14.84,0.32,5,0.32,1,4,0,0,0,0,1,1,0,0,0,0,0,1,1,0.9992150398998287,Muito Alto
24,40000,4.0,12000,6.03,0.3,4,0.3,0,1,0,0,0,1,0,0,0,0,0,0,1,0,0,1.310977324386059e-05,Muito Baixo
24,50000,6.0,5000,6.54,0.1,2,0.1,0,1,0,0,0,0,1,0,0,0,1,0,0,0,0,0.023050959291010843,Muito Baixo
23,59000,7.0,10000,13.48,0.17,3,0.1694915254237288,1,3,1,0,0,0,1,0,1,0,0,0,0,0,0,0.1840223837715337,Muito Baixo
35,55000,3.0,3200,5.79,0.06,10,0.0581818181818181,0,1,0,1,0,0,0,1,0,0,0,0,0,0,0,0.022597331404377415,Muito Baixo
23,121000,4.0,3600,5.79,0.03,4,0.0297520661157024,0,1,0,1,0,0,0,0,0,0,0,1,0,0,0,0.002116361248826233,Muito Baixo
35,110000,3.0,10000,8.59,0.09,6,0.0909090909090909,0,1,0,1,0,0,0,0,0,1,0,0,0,0,0,0.01840676929566249,Muito Baixo
31,741600,3.0,12000,10.25,0.02,6,0.0161812297734627,0,2,0,1,0,0,0,0,0,0,1,0,0,0,0,0.08637654557155364,Muito Baixo
23,70522,7.0,9325,10.91,0.13,3,0.1322282408326479,0,3,1,0,0,0,1,0,0,0,1,0,0,0,0,0.04477358566275161,Muito Baixo
25,62004,10.0,15000,13.47,0.24,4,0.2419198761370234,1,3,0,1,0,0,0,0,0,1,0,0,0,0,0,0.090526112680605,Muito Baixo
32,84996,7.0,6000,12.99,0.07,7,0.0705915572497529,1,3,1,1,0,0,0,1,0,0,0,0,0,0,0,0.052209859789386616,Muito Baixo
24,90000,8.0,7000,10.99,0.08,3,0.0777777777777777,0,2,0,1,0,0,0,0,0,0,0,0,1,0,0,0.0008433480035329625,Muito Baixo
25,21600,0.0,4900,13.72,0.23,2,0.2268518518518518,1,3,1,0,0,0,1,0,1,0,0,0,0,0,0,0.189349825577542,Muito Baixo
22,13440,1.0,4800,12.53,0.36,4,0.3571428571428571,1,2,0,0,0,0,1,0,0,0,1,0,0,1,1,0.9995937185247646,Muito Alto
24,50500,7.0,9600,7.49,0.19,2,0.1900990099009901,0,1,0,0,0,0,1,0,0,1,0,0,0,0,0,0.08398530125404265,Muito Baixo
32,180000,12.0,10000,7.9,0.06,10,0.0555555555555555,0,1,0,1,0,0,0,0,0,0,0,1,0,0,0,0.014977813396063184,Muito Baixo
26,85000,2.0,28000,7.49,0.33,3,0.3294117647058823,0,1,0,0,0,0,1,0,0,0,0,0,1,1,1,0.9964201869761857,Muito Alto
22,62400,3.0,24000,14.84,0.38,2,0.3846153846153846,1,4,0,0,0,0,1,0,1,0,0,0,0,1,1,0.9874149979379054,Muito Alto
27,40200,2.0,6600,11.14,0.16,7,0.1641791044776119,1,2,0,0,0,0,1,0,0,0,0,0,1,0,0,0.0017225555033770275,Muito Baixo
24,90000,8.0,35000,12.68,0.39,2,0.3888888888888889,1,3,1,1,0,0,0,0,1,0,0,0,0,0,0,0.04595206897219086,Muito Baixo
22,31000,4.0,3600,12.69,0.12,3,0.1161290322580645,1,2,0,0,0,0,1,0,0,0,0,0,1,0,0,0.021527462425045326,Muito Baixo
26,91800,10.0,10000,16.32,0.09,4,0.1089324618736383,1,5,1,1,0,0,0,0,0,0,1,0,0,1,1,0.9953701295186397,Muito Alto
46,70000,0.0,10000,8.59,0.14,14,0.1428571428571428,0,1,0,0,0,0,1,0,0,0,1,0,0,0,0,0.01056563384926916,Muito Baixo
35,71000,3.0,8000,11.49,0.11,6,0.1126760563380281,1,2,0,0,0,0,1,0,1,0,0,0,0,0,0,0.08656964138523186,Muito Baixo
30,108000,0.0,4925,10.99,0.05,9,0.0456018518518518,0,2,0,1,0,0,0,1,0,0,0,0,0,1,0,0.044834150761366084,Muito Baixo
23,57664,4.0,10000,6.62,0.17,4,0.1734184239733629,0,1,0,1,0,0,0,0,1,0,0,0,0,0,0,0.036453391752432195,Muito Baixo
23,25100,7.0,10800,14.59,0.43,3,0.4302788844621514,1,4,1,0,0,1,0,0,1,0,0,0,0,0,0,0.0021258226596671103,Muito Baixo
33,48000,2.0,7500,8.0,0.16,10,0.15625,0,1,0,1,0,0,0,0,0,1,0,0,0,0,0,0.04090289343731766,Muito Baixo
29,47500,14.0,3500,8.9,0.07,9,0.0736842105263157,0,1,0,1,0,0,0,0,0,0,0,0,1,0,0,0.0016693612042441401,Muito Baixo
25,37818,5.0,15000,13.48,0.4,3,0.3966365222909725,1,3,0,0,0,0,1,1,0,0,0,0,0,1,1,0.9913609211096306,Muito Alto
33,117300,3.0,16000,15.99,0.12,5,0.1364023870417732,1,4,0,1,0,0,0,0,0,0,1,0,0,1,1,0.990980126787403,Muito Alto
24,65000,0.0,8000,10.99,0.12,3,0.123076923076923,0,2,0,1,0,0,0,0,0,0,1,0,0,0,0,0.0467483685474694,Muito Baixo
24,60000,5.0,7000,7.14,0.12,2,0.1166666666666666,0,1,0,1,0,0,0,1,0,0,0,0,0,0,0,0.019283825871904595,Muito Baixo
25,50400,4.0,6000,7.14,0.12,4,0.119047619047619,0,1,0,1,0,0,0,0,0,1,0,0,0,0,0,0.04131572542938424,Muito Baixo
25,56004,0.0,14000,6.92,0.25,2,0.2499821441325619,0,1,0,0,0,0,1,1,0,0,0,0,0,0,0,0.02871608153376959,Muito Baixo
24,61200,9.0,13500,10.83,0.19,2,0.2205882352941176,0,2,0,1,0,0,0,0,0,0,1,0,0,1,0,0.19188314105514415,Muito Baixo
46,60000,10.0,15000,13.49,0.25,17,0.25,1,3,0,0,0,0,1,0,0,0,1,0,0,0,0,0.06696493226895589,Muito Baixo
30,134000,14.0,5600,7.49,0.04,5,0.0417910447761194,0,1,0,1,0,0,0,1,0,0,0,0,0,0,0,0.006738705892923047,Muito Baixo
30,92000,9.0,5000,7.49,0.05,10,0.0543478260869565,0,1,0,1,0,0,0,0,0,0,0,0,1,0,0,0.00025144335625982043,Muito Baixo
29,100000,0.0,20000,13.98,0.2,6,0.2,1,3,1,0,0,0,1,0,0,0,0,1,0,0,0,0.07037897654008839,Muito Baixo
23,49000,1.0,2500,18.535,0.05,2,0.0510204081632653,1,6,0,0,0,0,1,1,0,0,0,0,0,1,1,0.9987022074491421,Muito Alto
26,15000,8.0,3200,12.21,0.21,2,0.2133333333333333,1,2,0,0,0,0,1,0,0,0,1,0,0,1,1,0.978412374885816,Muito Alto
31,151000,1.0,21000,11.97,0.14,8,0.1390728476821192,1,3,0,1,0,0,0,0,0,1,0,0,0,0,0,0.11987775188187064,Muito Baixo
24,65000,8.0,15000,9.88,0.23,2,0.2307692307692307,0,2,0,0,0,0,1,0,0,0,1,0,0,0,0,0.04686972753836607,Muito Baixo
25,62000,9.0,8500,10.99,0.14,2,0.1370967741935483,0,2,0,1,0,0,0,0,0,0,0,0,1,0,0,0.0013188865158151168,Muito Baixo
23,26000,7.0,5000,7.91,0.19,2,0.1923076923076923,0,1,0,1,0,0,0,0,0,0,1,0,0,0,0,0.13950820502495956,Muito Baixo
27,300000,11.0,35000,7.49,0.12,8,0.1166666666666666,0,1,0,1,0,0,0,1,0,0,0,0,0,0,0,0.025567682150975452,Muito Baixo
24,64000,8.0,4800,12.21,0.07,4,0.075,1,2,0,1,0,0,0,0,0,0,0,0,1,0,0,0.009664923150759896,Muito Baixo
23,60000,7.0,1200,10.99,0.02,3,0.02,0,2,0,0,0,0,1,1,0,0,0,0,0,0,0,0.01808503187142595,Muito Baixo
27,50000,1.0,8000,13.98,0.16,9,0.16,1,3,0,0,0,0,1,0,1,0,0,0,0,0,0,0.09639742629871607,Muito Baixo
23,90000,7.0,21000,12.42,0.23,2,0.2333333333333333,1,2,0,1,0,0,0,0,0,0,1,0,0,0,0,0.08699832432182653,Muito Baixo
23,40000,3.0,6000,5.79,0.15,4,0.15,0,1,0,0,0,0,1,0,1,0,0,0,0,0,0,0.016403796545343043,Muito Baixo
22,36000,6.0,18500,7.9,0.51,4,0.5138888888888888,0,1,0,1,0,0,0,0,0,0,0,1,0,0,0,0.18215416762729386,Muito Baixo
42,32004,1.0,2500,7.49,0.08,17,0.0781152355955505,0,1,0,0,0,0,1,1,0,0,0,0,0,1,0,0.08732187400933973,Muito Baixo
31,75000,3.0,8000,18.21,0.11,7,0.1066666666666666,1,6,1,1,0,0,0,0,0,0,0,0,1,0,0,0.12173682469922167,Muito Baixo
29,63000,13.0,10000,7.49,0.16,5,0.1587301587301587,0,1,0,0,0,0,1,0,0,0,1,0,0,0,0,0.046801151374921336,Muito Baixo
25,40000,9.0,3500,13.49,0.09,3,0.0875,1,3,0,1,0,0,0,1,0,0,0,0,0,0,0,0.13879443712830433,Muito Baixo
23,26496,1.0,2000,13.61,0.08,4,0.0754830917874396,1,3,0,0,0,0,1,1,0,0,0,0,0,0,0,0.3497254708752104,Baixo
27,62000,1.0,3275,9.33,0.05,8,0.0528225806451612,0,2,0,1,0,0,0,0,0,1,0,0,0,0,0,0.059564057963843245,Muito Baixo
25,84000,1.0,8000,16.45,0.1,2,0.0952380952380952,1,5,0,0,0,0,1,0,0,0,0,0,1,1,1,0.9217766552686687,Muito Alto
28,97000,6.0,6000,7.49,0.06,10,0.0618556701030927,0,1,0,1,0,0,0,1,0,0,0,0,0,0,0,0.006683391281327132,Muito Baixo
22,68000,6.0,3500,6.39,0.05,4,0.0514705882352941,0,1,0,1,0,0,0,0,1,0,0,0,0,0,0,0.01876611880465955,Muito Baixo
27,68400,0.0,5000,12.99,0.07,8,0.0730994152046783,1,3,0,0,0,1,0,0,1,0,0,0,0,0,0,0.0011420912287632937,Muito Baixo
34,66996,4.0,13000,15.2,0.19,9,0.1940414353095707,1,4,1,0,0,0,1,1,0,0,0,0,0,1,1,0.9897250759016256,Muito Alto
29,110000,9.0,25600,10.99,0.23,5,0.2327272727272727,0,2,0,0,0,0,1,1,0,0,0,0,0,0,0,0.040340188869605914,Muito Baixo
37,22800,18.0,7000,6.03,0.31,15,0.3070175438596491,0,1,0,0,0,1,0,0,1,0,0,0,0,0,0,0.0004211812608415109,Muito Baixo
24,47000,7.0,15000,10.74,0.32,2,0.3191489361702128,0,2,0,1,0,0,0,0,0,0,1,0,0,0,0,0.2398853932212746,Baixo
22,35900,6.0,6000,15.27,0.17,3,0.1671309192200557,1,3,0,1,0,0,0,0,0,0,0,1,0,0,0,0.1828846824202054,Muito Baixo
25,78000,9.0,8000,16.0,0.1,4,0.1025641025641025,1,4,0,1,0,0,0,1,0,0,0,0,0,1,1,0.9984110763189,Muito Alto
37,79000,2.0,6000,10.0,0.08,16,0.0759493670886076,0,2,0,0,0,0,1,1,0,0,0,0,0,0,0,0.09801884540890704,Muito Baixo
28,51000,5.0,8000,9.63,0.16,9,0.1568627450980392,0,1,0,0,0,0,1,0,0,1,0,0,0,0,0,0.1522526049871278,Muito Baixo
23,92004,6.0,30000,15.23,0.33,3,0.3260727794443719,1,3,1,0,0,0,1,0,0,0,0,1,0,1,1,0.9896379419666466,Muito Alto
23,149385,7.0,7000,8.94,0.05,4,0.0468587876962211,0,1,0,0,0,1,0,0,0,0,0,0,1,0,0,1.3202735507869966e-05,Muito Baixo
31,300000,1.0,25000,14.83,0.08,9,0.0833333333333333,1,4,0,1,0,0,0,0,0,0,0,0,1,0,0,0.1636197699381912,Muito Baixo
22,21996,6.0,2400,12.53,0.11,4,0.1091107474086197,1,3,0,0,0,0,1,1,0,0,0,0,0,0,0,0.32461285510220844,Baixo
32,164000,15.0,2400,14.42,0.01,10,0.0146341463414634,1,4,0,1,0,0,0,1,0,0,0,0,0,1,1,0.9795294333596484,Muito Alto
22,14400,0.0,2100,11.14,0.15,4,0.1458333333333333,1,2,0,0,0,1,0,0,0,0,0,1,0,0,0,0.0007911739057058372,Muito Baixo
29,94000,13.0,30000,6.62,0.32,7,0.3191489361702128,0,1,0,1,0,0,0,0,0,0,0,1,0,0,0,0.04320173733241106,Muito Baixo
27,52000,2.0,7000,11.89,0.13,8,0.1346153846153846,1,2,0,1,0,0,0,0,0,1,0,0,0,0,0,0.14914036359980404,Muito Baixo
24,200000,8.0,12000,13.49,0.06,2,0.06,1,3,0,1,0,0,0,0,0,1,0,0,0,0,0,0.04021471864521259,Muito Baixo
28,55200,12.0,3000,11.72,0.05,10,0.0543478260869565,1,3,0,1,0,0,0,0,0,0,0,0,1,0,0,0.19845729373002222,Muito Baixo
35,28000,3.0,7600,6.62,0.27,10,0.2714285714285714,0,1,0,0,0,1,0,0,0,0,0,0,1,0,0,3.0263549532434448e-05,Muito Baixo
25,26000,7.0,2000,12.99,0.08,4,0.0769230769230769,1,3,1,0,0,0,1,0,0,0,1,0,0,0,0,0.17019189570450588,Muito Baixo
31,66000,8.0,4200,7.49,0.06,7,0.0636363636363636,0,1,0,1,0,0,0,0,0,0,0,0,1,0,0,0.000877612010631273,Muito Baixo
28,43150,3.0,6000,9.99,0.14,9,0.1390498261877172,0,2,0,0,0,0,1,0,0,0,0,0,1,0,0,0.0017895876389325321,Muito Baixo
33,63000,7.0,18250,8.9,0.29,9,0.2896825396825397,0,1,0,1,0,0,0,1,0,0,0,0,0,0,0,0.07311767005058217,Muito Baixo
30,66996,0.0,14000,12.84,0.21,8,0.2089676995641531,1,3,0,0,0,0,1,0,1,0,0,0,0,0,0,0.10796517134343991,Muito Baixo
23,62844,7.0,7500,11.97,0.12,4,0.1193431353828527,1,3,0,0,0,0,1,0,0,1,0,0,0,1,1,0.9522021939539398,Muito Alto
35,150000,16.0,10000,7.9,0.07,9,0.0666666666666666,0,1,0,1,0,0,0,0,0,1,0,0,0,0,0,0.030219467937482838,Muito Baixo
25,63000,3.0,2400,7.14,0.04,4,0.0380952380952381,0,1,0,0,0,0,1,1,0,0,0,0,0,0,0,0.020696581102123267,Muito Baixo
24,30000,8.0,8000,9.25,0.27,2,0.2666666666666666,0,2,0,0,0,0,1,0,0,0,0,1,0,0,0,0.34833464484142035,Baixo
27,78000,4.0,6000,12.18,0.08,10,0.0769230769230769,1,2,0,0,0,1,0,0,0,0,0,0,1,0,0,6.42066754741539e-05,Muito Baixo
43,68000,9.0,5000,6.99,0.07,15,0.0735294117647058,0,1,0,0,0,1,0,0,1,0,0,0,0,0,0,0.0002698398373552034,Muito Baixo
31,125004,13.0,24000,9.25,0.19,8,0.1919938561966017,0,2,0,0,0,0,1,0,0,0,0,0,1,0,0,0.0028848543993925755,Muito Baixo
25,60000,5.0,14000,10.99,0.23,2,0.2333333333333333,0,2,0,0,0,0,1,0,0,1,0,0,0,0,0,0.04459478396143806,Muito Baixo
28,60000,12.0,15000,8.94,0.25,9,0.25,0,1,0,1,0,0,0,0,0,0,1,0,0,0,0,0.13481881879466293,Muito Baixo
43,27036,1.0,13750,15.31,0.51,15,0.5085811510578488,1,4,1,0,0,0,1,0,0,0,0,1,0,1,1,0.9986185195874702,Muito Alto
27,47000,3.0,25000,15.7,0.53,10,0.5319148936170213,1,4,1,0,0,0,1,0,0,0,0,0,1,1,1,0.9941102378357931,Muito Alto
37,49000,3.0,4000,15.65,0.08,17,0.0816326530612244,1,4,0,1,0,0,0,0,0,0,1,0,0,1,1,0.989669286980756,Muito Alto
35,35000,10.0,8600,15.99,0.25,5,0.2457142857142857,1,4,0,0,0,0,1,0,0,0,0,1,0,0,0,0.14445024108646293,Muito Baixo
34,21000,2.0,2100,7.88,0.1,8,0.1,0,1,0,0,0,0,1,0,0,0,1,0,0,0,0,0.02893499080829419,Muito Baixo
22,36000,6.0,1000,9.99,0.03,3,0.0277777777777777,0,2,0,1,0,0,0,0,0,0,1,0,0,0,0,0.07983110026880907,Muito Baixo
24,36500,3.0,2500,10.37,0.07,3,0.0684931506849315,0,2,0,1,0,0,0,0,1,0,0,0,0,0,0,0.11883802901718445,Muito Baixo
21,18456,2.0,3500,13.35,0.19,2,0.1896402254009536,1,3,1,0,0,0,1,0,0,0,1,0,0,1,1,0.9808909472611281,Muito Alto
24,40000,6.0,1000,6.76,0.03,3,0.025,0,1,0,0,0,1,0,0,0,0,0,0,1,0,0,1.122609748419723e-05,Muito Baixo
27,30000,8.0,11000,9.91,0.37,10,0.3666666666666666,0,2,0,0,0,0,1,1,0,0,0,0,0,1,1,0.9904516925163214,Muito Alto
30,49777,7.0,6000,14.54,0.12,6,0.1205375976856781,1,4,0,1,0,0,0,0,0,0,1,0,0,1,1,0.98754587113899,Muito Alto
28,84000,0.0,1000,9.99,0.01,10,0.0119047619047619,0,2,0,1,0,0,0,0,1,0,0,0,0,0,0,0.020109044027860245,Muito Baixo
44,108000,12.0,10000,11.11,0.09,11,0.0925925925925925,1,2,0,1,0,0,0,0,0,1,0,0,0,0,0,0.07971052151534794,Muito Baixo
22,55000,2.0,6800,11.99,0.12,2,0.1236363636363636,1,2,0,0,0,0,1,0,1,0,0,0,0,0,0,0.0407944883856572,Muito Baixo
29,70000,2.0,6125,7.49,0.09,8,0.0875,0,1,0,0,0,0,1,0,0,0,0,0,1,0,0,0.0007432825385812118,Muito Baixo
29,40000,1.0,3600,8.59,0.09,8,0.09,0,1,0,0,0,0,1,0,1,0,0,0,0,0,0,0.07392604494834643,Muito Baixo
36,60000,3.0,13000,14.11,0.22,14,0.2166666666666666,1,4,1,1,0,0,0,1,0,0,0,0,0,1,1,0.9847558472500368,Muito Alto
27,80000,1.0,18000,10.39,0.23,8,0.225,0,2,0,0,0,0,1,0,0,0,0,0,1,0,0,0.0010353376245366645,Muito Baixo
30,190000,3.0,15000,11.48,0.08,8,0.0789473684210526,1,2,0,0,0,0,1,1,0,0,0,0,0,0,0,0.036936908537346505,Muito Baixo
33,42000,3.0,12000,13.57,0.29,6,0.2857142857142857,1,3,1,0,0,0,1,0,0,0,1,0,0,0,0,0.056257679147792033,Muito Baixo
26,34000,2.0,13000,9.63,0.38,2,0.3823529411764705,0,2,0,0,0,0,1,0,0,0,1,0,0,1,1,0.9985986001593582,Muito Alto
24,40000,5.0,10000,7.88,0.25,3,0.25,0,1,0,0,0,0,1,0,0,0,0,1,0,0,0,0.058457494647681935,Muito Baixo
21,55000,5.0,12000,10.62,0.22,2,0.2181818181818181,0,2,0,0,0,0,1,0,0,0,1,0,0,0,0,0.055175553035336784,Muito Baixo
25,30720,6.0,10000,10.37,0.33,2,0.3255208333333333,0,2,0,0,0,0,1,0,1,0,0,0,0,1,1,0.9931271254112027,Muito Alto
27,65000,11.0,20000,10.99,0.31,5,0.3076923076923077,0,2,0,0,0,0,1,0,0,0,0,0,1,1,1,0.9974979699006344,Muito Alto
34,70000,14.0,14000,16.4,0.2,6,0.2,1,5,0,1,0,0,0,0,0,0,0,1,0,0,0,0.08101064619162555,Muito Baixo
22,14400,3.0,8000,9.99,0.56,4,0.5555555555555556,0,2,0,0,0,0,1,0,0,1,0,0,0,1,1,0.9999881166372736,Muito Alto
28,50000,0.0,9000,7.49,0.18,7,0.18,0,1,0,1,0,0,0,0,0,0,0,1,0,0,0,0.022344368488076086,Muito Baixo
37,54000,15.0,5400,13.99,0.1,17,0.1,1,3,1,0,0,0,1,0,0,0,1,0,0,1,0,0.37247654834312993,Baixo
25,100000,9.0,12000,8.94,0.12,4,0.12,0,1,0,1,0,0,0,0,0,0,1,0,0,0,0,0.0275317065585204,Muito Baixo
26,110000,4.0,5000,9.63,0.05,2,0.0454545454545454,0,2,0,1,0,0,0,0,0,0,0,0,1,0,0,0.0008005799029858398,Muito Baixo
27,127000,6.0,21000,10.99,0.17,8,0.1653543307086614,0,2,0,1,0,0,0,0,0,0,0,1,0,0,0,0.0460871865090838,Muito Baixo
38,22000,2.0,4000,12.68,0.18,12,0.1818181818181818,1,3,1,0,0,0,1,0,0,0,0,0,1,0,0,0.06117468257867672,Muito Baixo
22,40000,2.0,11200,7.88,0.28,2,0.28,0,1,0,0,0,0,1,0,0,0,0,0,1,0,0,0.0011809700916154864,Muito Baixo
23,30000,2.0,3000,7.49,0.1,2,0.1,0,1,0,0,0,0,1,0,0,0,0,0,1,0,0,0.003285683851133967,Muito Baixo
24,135000,8.0,12000,9.38,0.09,2,0.0888888888888888,0,1,0,1,0,0,0,0,1,0,0,0,0,0,0,0.03186692464379862,Muito Baixo
27,49000,11.0,8500,10.59,0.17,10,0.173469387755102,0,2,0,1,0,0,0,0,0,0,1,0,0,0,0,0.1292162639318274,Muito Baixo
26,29400,4.0,12000,9.32,0.41,4,0.4081632653061224,0,1,0,1,0,0,0,0,0,0,1,0,0,1,0,0.42386257975643193,Moderado
21,78000,4.0,10000,5.99,0.13,2,0.1282051282051282,0,1,0,0,0,0,1,0,0,0,0,0,1,0,0,0.0012673324722014608,Muito Baixo
25,78000,2.0,6000,10.99,0.08,4,0.0769230769230769,0,2,0,1,0,0,0,0,0,0,0,0,1,0,0,0.0028373666761000215,Muito Baixo
28,39500,4.0,3600,11.99,0.09,9,0.0911392405063291,1,2,0,0,0,0,1,0,0,0,1,0,0,0,0,0.15312015503855061,Muito Baixo
24,42000,6.0,3125,8.9,0.07,3,0.0744047619047619,0,1,0,1,0,0,0,0,0,0,1,0,0,0,0,0.09956898058185504,Muito Baixo
21,65000,5.0,2200,12.42,0.03,3,0.0338461538461538,1,2,0,1,0,0,0,1,0,0,0,0,0,0,0,0.05579733101569616,Muito Baixo
35,46000,3.0,10000,17.14,0.22,5,0.217391304347826,1,5,0,0,0,0,1,0,0,0,1,0,0,0,1,0.7202858718682233,Alto
27,165000,6.0,35000,12.42,0.21,10,0.2121212121212121,1,2,0,1,0,0,0,0,0,0,1,0,0,0,0,0.05933191844471238,Muito Baixo
21,32000,2.0,8400,16.77,0.26,4,0.2625,1,4,1,0,0,0,1,1,0,0,0,0,0,1,1,0.9992951947875727,Muito Alto
39,45000,2.0,3000,7.9,0.07,15,0.0666666666666666,0,1,0,1,0,0,0,0,0,0,0,1,0,0,0,0.0334790412765413,Muito Baixo
48,30000,0.0,10000,13.48,0.33,12,0.3333333333333333,1,3,1,0,0,1,0,0,1,0,0,0,0,0,0,0.004649689861446536,Muito Baixo
24,32000,4.0,3000,12.29,0.09,2,0.09375,1,3,1,0,0,0,1,0,0,0,1,0,0,0,0,0.23860385619379856,Baixo
25,54000,6.0,20000,8.88,0.37,3,0.3703703703703703,0,2,0,0,0,0,1,0,0,0,0,1,0,1,1,0.9964556210245088,Muito Alto
24,42000,0.0,15000,11.58,0.36,4,0.3571428571428571,1,2,0,0,0,0,1,0,0,0,0,0,1,1,1,0.9990683148659161,Muito Alto
32,106000,12.0,12000,5.79,0.11,8,0.1132075471698113,0,1,0,1,0,0,0,0,0,1,0,0,0,0,0,0.004053942588371778,Muito Baixo
33,38500,1.0,5000,7.14,0.13,10,0.1298701298701298,0,1,0,0,0,0,1,1,0,0,0,0,0,0,0,0.03997062803672405,Muito Baixo
23,72000,7.0,11875,10.38,0.16,3,0.1649305555555555,0,2,0,1,0,0,0,0,1,0,0,0,0,0,0,0.04601768719653104,Muito Baixo
24,39996,2.0,1000,7.49,0.03,3,0.025002500250025,0,1,0,0,0,0,1,0,1,0,0,0,0,0,0,0.022365323193250967,Muito Baixo
29,75000,11.0,4200,10.99,0.06,6,0.056,0,2,0,1,0,0,0,0,0,1,0,0,0,0,0,0.0721528438970817,Muito Baixo
46,51600,16.0,10000,7.51,0.19,17,0.1937984496124031,0,1,0,1,0,0,0,0,0,0,0,1,0,0,0,0.02416495206436897,Muito Baixo
23,66000,3.0,6000,7.88,0.09,2,0.0909090909090909,0,1,0,1,0,0,0,0,0,0,0,0,1,0,0,0.0007784865318380807,Muito Baixo
29,24000,1.0,3000,11.14,0.13,6,0.125,1,2,0,0,0,0,1,0,0,0,0,1,0,0,0,0.21408885120829074,Baixo
33,120999,7.0,15200,13.61,0.13,7,0.125620872899776,1,3,1,1,0,0,0,1,0,0,0,0,0,0,0,0.07795492148170237,Muito Baixo
31,76000,9.0,12000,15.96,0.16,5,0.1578947368421052,1,3,0,1,0,0,0,0,1,0,0,0,0,1,0,0.26986984498540134,Baixo
30,56000,1.0,14000,12.18,0.25,7,0.25,1,2,0,1,0,0,0,0,0,0,1,0,0,0,0,0.21055618796385184,Baixo
34,24000,5.0,2000,9.2,0.08,7,0.0833333333333333,0,2,0,1,0,0,0,0,0,0,1,0,0,0,0,0.08692589472652452,Muito Baixo
24,65000,0.0,14000,10.99,0.22,4,0.2153846153846154,0,2,0,0,0,0,1,0,1,0,0,0,0,0,0,0.03773994724077138,Muito Baixo
24,105000,2.0,19000,12.29,0.18,2,0.1809523809523809,1,3,1,0,0,0,1,0,0,1,0,0,0,0,0,0.18537918313658888,Muito Baixo
23,85000,3.0,15000,10.0,0.18,2,0.1764705882352941,0,2,0,1,0,0,0,0,1,0,0,0,0,0,0,0.023873474141248546,Muito Baixo
28,60000,13.0,12000,5.79,0.2,8,0.2,0,1,0,1,0,0,0,1,0,0,0,0,0,0,0,0.021089275883555327,Muito Baixo
27,60000,3.0,5000,12.73,0.08,8,0.0833333333333333,1,3,1,1,0,0,0,0,1,0,0,0,0,0,0,0.07275842398772545,Muito Baixo
25,48000,0.0,7500,7.05,0.16,3,0.15625,0,1,0,0,0,1,0,0,0,0,0,0,1,0,0,1.3609228306323218e-05,Muito Baixo
24,40000,5.0,3000,11.99,0.07,4,0.075,1,2,0,1,0,0,0,1,0,0,0,0,0,0,0,0.12182098608964695,Muito Baixo
25,55000,7.0,8500,14.22,0.15,2,0.1545454545454545,1,3,0,0,0,0,1,0,0,0,1,0,0,0,0,0.16442483934884522,Muito Baixo
23,56000,6.0,6000,7.49,0.11,4,0.1071428571428571,0,1,0,0,0,0,1,0,1,0,0,0,0,0,0,0.044878470510695746,Muito Baixo
57,53000,1.0,5800,13.16,0.11,30,0.1094339622641509,1,3,0,1,0,0,0,0,0,0,0,1,0,0,0,0.08557385794849628,Muito Baixo
44,51850,7.0,10000,14.11,0.16,12,0.1928640308582449,1,4,0,0,0,0,1,0,0,0,1,0,0,1,1,0.9522364477958656,Muito Alto
26,130000,9.0,7000,8.0,0.05,2,0.0538461538461538,0,1,0,1,0,0,0,0,1,0,0,0,0,0,0,0.025806422972122527,Muito Baixo
24,16000,2.0,4200,15.31,0.26,4,0.2625,1,4,0,0,0,0,1,1,0,0,0,0,0,1,1,0.9998706181471939,Muito Alto
31,105000,9.0,15000,10.59,0.14,8,0.1428571428571428,0,2,0,0,0,0,1,0,0,1,0,0,0,0,0,0.057732148007223205,Muito Baixo
27,48000,0.0,10000,10.62,0.21,7,0.2083333333333333,0,2,0,0,0,0,1,1,0,0,0,0,0,0,0,0.03861015570594064,Muito Baixo
22,14400,0.0,4400,19.91,0.31,4,0.3055555555555556,1,5,0,0,0,0,1,0,0,1,0,0,0,1,1,0.9999949574682812,Muito Alto
36,60000,2.0,8000,13.92,0.13,15,0.1333333333333333,1,3,0,1,0,0,0,0,1,0,0,0,0,0,0,0.10272169785523944,Muito Baixo
23,85596,5.0,6000,10.0,0.07,2,0.0700967334922192,0,2,0,1,0,0,0,0,0,0,0,0,1,0,0,0.0012908285002554676,Muito Baixo
27,32000,10.0,15000,13.48,0.47,7,0.46875,1,3,0,0,1,0,0,0,1,0,0,0,0,1,1,0.9616998856277417,Muito Alto
29,57995,8.0,5600,10.37,0.1,6,0.0965600482800241,0,2,0,0,0,0,1,0,0,0,1,0,0,0,0,0.10331870723088352,Muito Baixo
32,115000,2.0,4000,12.69,0.03,10,0.0347826086956521,1,2,0,0,0,0,1,0,1,0,0,0,0,0,0,0.07539296576820982,Muito Baixo
42,13200,4.0,2500,13.48,0.19,15,0.1893939393939394,1,3,1,0,0,0,1,0,0,0,0,0,1,1,1,0.9567631482530087,Muito Alto
27,96000,3.0,3000,14.17,0.03,9,0.03125,1,3,1,1,0,0,0,0,0,0,0,0,1,1,0,0.029065222461416577,Muito Baixo
32,29000,0.0,2000,8.49,0.07,8,0.0689655172413793,0,1,0,0,0,1,0,0,0,0,0,1,0,0,0,0.0029120076948478493,Muito Baixo
35,80000,7.0,2000,12.99,0.03,9,0.025,1,3,1,0,0,0,1,0,0,0,0,0,1,0,0,0.01720030938092516,Muito Baixo
43,138000,4.0,9900,6.99,0.07,14,0.0717391304347826,0,1,0,1,0,0,0,0,0,1,0,0,0,0,0,0.04052589273767703,Muito Baixo
25,68000,4.0,20000,12.53,0.29,4,0.2941176470588235,1,3,1,0,0,0,1,0,0,0,0,1,0,0,0,0.1868834942266149,Muito Baixo
48,82500,4.0,18000,7.51,0.22,16,0.2181818181818181,0,1,0,0,0,0,1,0,0,1,0,0,0,0,0,0.03361440283475989,Muito Baixo
33,100000,12.0,8000,11.86,0.08,7,0.08,1,2,0,1,0,0,0,0,0,0,0,0,1,0,0,0.001810159811445923,Muito Baixo
27,100000,1.0,12000,6.03,0.12,6,0.12,0,1,0,1,0,0,0,0,0,1,0,0,0,0,0,0.0036217744044222946,Muito Baixo
26,24000,0.0,2500,11.83,0.1,4,0.1041666666666666,1,2,0,0,0,1,0,0,0,0,1,0,0,0,0,0.0013049246786609827,Muito Baixo
27,60132,11.0,10000,10.62,0.17,10,0.1663008048958957,0,2,0,0,0,0,1,0,0,0,0,0,1,0,0,0.0017636202191539938,Muito Baixo
46,90000,5.0,20000,6.91,0.22,16,0.2222222222222222,0,1,0,1,0,0,0,1,0,0,0,0,0,0,0,0.0037004685500173174,Muito Baixo
34,37000,7.0,4400,10.99,0.12,5,0.1189189189189189,0,2,0,1,0,0,0,1,0,0,0,0,0,0,0,0.1052120481564323,Muito Baixo
40,23004,2.0,7750,7.88,0.34,16,0.3368979307946444,0,1,0,0,0,1,0,0,0,0,1,0,0,0,0,0.0007000791545672953,Muito Baixo
24,54480,8.0,10000,11.89,0.18,3,0.1835535976505139,1,2,0,0,0,0,1,0,0,1,0,0,0,0,0,0.17365038111408596,Muito Baixo
27,40000,0.0,8000,15.65,0.2,6,0.2,1,4,1,0,0,0,1,0,0,0,0,0,1,1,1,0.940177136038814,Muito Alto
34,75000,9.0,25000,10.38,0.33,8,0.3333333333333333,0,2,0,0,0,0,1,1,0,0,0,0,0,1,1,0.9834873030983877,Muito Alto
24,31000,6.0,15075,15.27,0.49,2,0.4862903225806451,1,3,1,0,0,0,1,0,0,0,0,1,0,1,1,0.9936060726450546,Muito Alto
34,80300,3.0,15000,12.73,0.19,9,0.186799501867995,1,3,1,1,0,0,0,0,0,0,0,1,0,0,0,0.07834614054371915,Muito Baixo
22,50000,0.0,6250,7.88,0.13,2,0.125,0,1,0,1,0,0,0,0,0,0,0,1,0,0,0,0.026326250287225385,Muito Baixo
23,100000,0.0,7000,8.59,0.07,3,0.07,0,1,0,1,0,0,0,0,0,0,0,1,0,0,0,0.04073076706197782,Muito Baixo
44,52000,2.0,6000,8.59,0.12,11,0.1153846153846153,0,1,0,1,0,0,0,0,0,0,0,0,1,0,0,0.000980595950634085,Muito Baixo
46,185000,22.0,20000,11.36,0.11,15,0.1081081081081081,1,2,0,1,0,0,0,0,0,0,0,0,1,0,0,0.0013778835908007025,Muito Baixo
37,88000,4.0,25000,19.66,0.28,15,0.2840909090909091,1,7,1,0,0,0,1,0,1,0,0,0,0,1,1,0.9605544476891593,Muito Alto
31,49000,5.0,6000,10.59,0.12,9,0.1224489795918367,0,2,0,0,0,0,1,0,0,1,0,0,0,1,0,0.4834489073121585,Moderado
25,64000,10.0,5000,7.29,0.08,2,0.078125,0,1,0,1,0,0,0,0,0,0,1,0,0,0,0,0.10850899108403943,Muito Baixo
26,28000,7.0,6500,7.51,0.23,3,0.2321428571428571,0,1,0,0,0,0,1,0,0,0,1,0,0,0,0,0.04149699885815776,Muito Baixo
22,42000,2.0,6500,5.99,0.15,2,0.1547619047619047,0,1,0,0,0,0,1,0,1,0,0,0,0,0,0,0.02636533600021817,Muito Baixo
41,118075,5.0,28000,11.71,0.24,13,0.237137412661444,1,2,0,1,0,0,0,0,0,0,1,0,0,0,0,0.17111478650431308,Muito Baixo
26,33600,0.0,2000,13.48,0.06,2,0.0595238095238095,1,3,1,0,0,0,1,0,0,0,0,1,0,0,0,0.20841276984570362,Baixo
29,71000,4.0,4000,7.14,0.06,9,0.056338028169014,0,1,0,1,0,0,0,1,0,0,0,0,0,0,0,0.02573395908018138,Muito Baixo
27,18576,4.0,1400,9.99,0.08,6,0.0753660637381567,0,2,0,0,0,0,1,0,0,0,1,0,0,0,1,0.5443846501601636,Moderado
22,75000,6.0,25000,15.57,0.33,4,0.3333333333333333,1,4,1,1,0,0,0,0,0,0,0,0,1,1,0,0.21217531449136773,Baixo
22,30000,0.0,5000,11.48,0.17,4,0.1666666666666666,1,2,0,1,0,0,0,0,0,0,0,0,1,0,0,0.0043959120693194,Muito Baixo
22,56004,6.0,6000,7.88,0.11,4,0.1071352046282408,0,1,0,1,0,0,0,0,0,0,1,0,0,0,0,0.18541505170299444,Muito Baixo
26,14000,2.0,4000,10.99,0.29,3,0.2857142857142857,0,2,0,0,0,0,1,0,0,0,0,0,1,1,1,0.9928813741400226,Muito Alto
26,51000,3.0,12000,7.29,0.24,4,0.2352941176470588,0,1,0,1,0,0,0,1,0,0,0,0,0,0,0,0.05077211439376605,Muito Baixo
23,40000,1.0,15000,11.71,0.38,3,0.375,1,2,0,0,0,0,1,0,0,0,0,0,1,1,1,0.9986452217381374,Muito Alto
31,64900,2.0,10000,7.66,0.15,9,0.1540832049306625,0,1,0,0,0,0,1,0,0,0,0,0,1,0,0,0.0008442993145715307,Muito Baixo
36,53000,1.0,3500,9.32,0.07,17,0.0660377358490566,0,1,0,0,0,0,1,0,1,0,0,0,0,0,0,0.07296546842519566,Muito Baixo
24,83000,3.0,3200,6.99,0.04,3,0.0385542168674698,0,1,0,0,0,0,1,0,0,1,0,0,0,0,0,0.026836436032419097,Muito Baixo
25,40000,9.0,13000,10.99,0.33,3,0.325,0,2,0,0,0,0,1,0,0,0,0,1,0,1,1,0.9945976893257714,Muito Alto
24,50000,3.0,5000,14.74,0.1,4,0.1,1,4,1,0,0,0,1,0,0,0,0,1,0,0,0,0.09325258571089538,Muito Baixo
22,42000,2.0,5000,12.87,0.12,4,0.119047619047619,1,3,0,0,0,0,1,0,0,0,1,0,0,0,0,0.18533706063974,Muito Baixo
27,61200,11.0,5000,11.86,0.07,5,0.0816993464052287,1,2,0,1,0,0,0,0,0,0,1,0,0,1,1,0.5772466597066701,Moderado
33,40800,4.0,15000,7.51,0.37,5,0.3676470588235294,0,1,0,1,0,0,0,1,0,0,0,0,0,0,0,0.12158415020704752,Muito Baixo
39,77256,16.0,10000,11.86,0.13,11,0.1294397846121984,1,2,0,1,0,0,0,0,0,1,0,0,0,0,0,0.1066717431362334,Muito Baixo
26,315000,10.0,12000,13.47,0.04,3,0.0380952380952381,1,3,0,1,0,0,0,1,0,0,0,0,0,0,0,0.04690190002620839,Muito Baixo
22,68000,6.0,9000,15.27,0.13,2,0.1323529411764706,1,3,0,1,0,0,0,0,1,0,0,0,0,0,0,0.11117431151251031,Muito Baixo
25,35000,3.0,3600,13.43,0.1,3,0.1028571428571428,1,3,0,0,0,1,0,0,1,0,0,0,0,0,0,0.0006072921234130339,Muito Baixo
23,62000,1.0,10000,8.94,0.16,2,0.1612903225806451,0,1,0,0,0,0,1,1,0,0,0,0,0,0,0,0.030061179417938153,Muito Baixo
28,138600,10.0,12000,12.99,0.09,7,0.0865800865800865,1,3,0,1,0,0,0,1,0,0,0,0,0,0,0,0.05567204962109738,Muito Baixo
24,60000,8.0,14000,13.48,0.23,2,0.2333333333333333,1,3,0,1,0,0,0,1,0,0,0,0,0,0,0,0.10222463233210619,Muito Baixo
24,50000,1.0,11400,12.53,0.23,2,0.228,1,3,0,1,0,0,0,0,0,0,0,1,0,0,0,0.06128129312003276,Muito Baixo
26,80000,10.0,10800,11.99,0.14,3,0.135,1,2,0,1,0,0,0,1,0,0,0,0,0,0,0,0.06461952917885602,Muito Baixo
26,54000,4.0,9600,6.62,0.18,3,0.1777777777777777,0,1,0,1,0,0,0,0,0,0,0,1,0,0,0,0.09818979643977578,Muito Baixo
30,118000,0.0,5000,13.92,0.04,9,0.0423728813559322,1,3,1,1,0,0,0,0,0,0,0,1,0,0,0,0.04994784240099209,Muito Baixo
22,53000,7.0,2500,7.4,0.05,3,0.0471698113207547,0,1,0,1,0,0,0,0,1,0,0,0,0,0,0,0.039101100128241494,Muito Baixo
41,92000,15.0,12000,7.66,0.13,15,0.1304347826086956,0,1,0,1,0,0,0,0,0,0,1,0,0,0,0,0.009908651433585844,Muito Baixo
32,47900,2.0,11000,7.51,0.23,7,0.2296450939457202,0,1,0,0,0,0,1,0,1,0,0,0,0,0,0,0.04400808529304358,Muito Baixo
40,75000,1.0,10000,6.62,0.13,17,0.1333333333333333,0,1,0,1,0,0,0,0,0,0,0,0,1,0,0,0.0006721824092277148,Muito Baixo
24,63000,0.0,17600,8.94,0.28,4,0.2793650793650793,0,1,0,0,0,1,0,0,0,1,0,0,0,0,0,0.0007988560589436153,Muito Baixo
29,92200,7.0,25000,14.96,0.27,5,0.2711496746203904,1,4,0,0,0,0,1,0,0,0,0,0,1,0,0,0.3382762666424224,Baixo
39,30000,3.0,2300,14.79,0.08,15,0.0766666666666666,1,3,1,0,0,0,1,1,0,0,0,0,0,0,0,0.2599624856617268,Baixo
24,50000,4.0,5000,10.0,0.1,4,0.1,0,2,0,1,0,0,0,1,0,0,0,0,0,0,0,0.08335244863841748,Muito Baixo
24,27600,8.0,7000,7.9,0.25,4,0.2536231884057971,0,1,0,0,0,1,0,0,0,0,1,0,0,0,0,0.001645728540897843,Muito Baixo
47,53808,4.0,15000,11.71,0.28,16,0.2787689562890276,1,2,0,1,0,0,0,0,0,1,0,0,0,0,0,0.2877841895167944,Baixo
23,59880,0.0,15000,10.99,0.25,4,0.250501002004008,0,2,0,0,0,0,1,0,0,0,1,0,0,0,0,0.1940219823298962,Muito Baixo
21,28000,1.0,9700,11.34,0.35,2,0.3464285714285714,1,3,0,0,0,0,1,0,0,1,0,0,0,1,1,0.9998620692995693,Muito Alto
28,30000,4.0,3000,6.76,0.1,9,0.1,0,1,0,1,0,0,0,0,0,1,0,0,0,0,0,0.24261813825497505,Baixo
25,37000,1.0,4200,18.535,0.11,2,0.1135135135135135,1,6,1,0,0,0,1,1,0,0,0,0,0,1,1,0.9993063334042059,Muito Alto
25,60000,9.0,9600,7.9,0.16,2,0.16,0,1,0,0,0,0,1,1,0,0,0,0,0,0,0,0.026182068515093537,Muito Baixo
22,54000,5.0,12000,12.23,0.22,3,0.2222222222222222,1,3,1,1,0,0,0,0,1,0,0,0,0,0,0,0.19262343353155115,Muito Baixo
23,110000,4.0,2500,6.99,0.02,2,0.0227272727272727,0,1,0,1,0,0,0,0,0,0,0,0,1,0,0,0.000414315306395928,Muito Baixo
21,34500,3.0,6400,7.51,0.19,2,0.1855072463768116,0,1,0,1,0,0,0,0,1,0,0,0,0,0,0,0.053861673632770314,Muito Baixo
22,44000,6.0,10000,10.65,0.23,4,0.2272727272727272,0,2,0,0,0,0,1,0,0,0,1,0,0,0,0,0.2287469256849531,Baixo
24,42000,8.0,8000,6.62,0.19,2,0.1904761904761904,0,1,0,0,0,1,0,0,0,1,0,0,0,0,0,0.00127276084922942,Muito Baixo
30,30000,4.0,12000,15.21,0.4,6,0.4,1,4,1,0,0,0,1,1,0,0,0,0,0,1,1,0.9996332747207665,Muito Alto
25,118450,4.0,15000,10.37,0.13,4,0.1266357112705783,0,2,0,1,0,0,0,1,0,0,0,0,0,0,0,0.046236635875820734,Muito Baixo
29,48000,8.0,4500,5.42,0.09,6,0.09375,0,1,0,1,0,0,0,0,0,0,0,0,1,0,0,0.0010880298548894777,Muito Baixo
24,75000,4.0,3000,13.48,0.04,4,0.04,1,3,0,0,0,0,1,0,0,1,0,0,0,0,0,0.10757650827619827,Muito Baixo
33,70000,18.0,18000,11.89,0.26,9,0.2571428571428571,1,2,0,0,0,0,1,0,1,0,0,0,0,0,0,0.12816082201060913,Muito Baixo
23,40000,4.0,4000,6.39,0.1,3,0.1,0,1,0,1,0,0,0,0,1,0,0,0,0,0,0,0.014637394601476596,Muito Baixo
27,58000,3.0,12000,7.51,0.21,8,0.2068965517241379,0,1,0,1,0,0,0,0,0,1,0,0,0,0,0,0.049396853078851895,Muito Baixo
24,85000,4.0,7750,11.12,0.09,4,0.0911764705882352,1,2,0,1,0,0,0,0,0,0,1,0,0,0,0,0.030805449471411436,Muito Baixo
36,34000,0.0,8000,17.74,0.24,17,0.2352941176470588,1,5,0,0,0,0,1,0,0,1,0,0,0,1,1,0.9972471962698721,Muito Alto
48,100000,3.0,15000,9.88,0.15,11,0.15,0,2,0,1,0,0,0,1,0,0,0,0,0,0,0,0.020903800314417624,Muito Baixo
26,50000,1.0,12000,10.99,0.24,4,0.24,0,2,0,0,0,0,1,0,0,0,0,0,1,0,0,0.0010059282888709052,Muito Baixo
24,70000,2.0,10000,13.49,0.14,4,0.1428571428571428,1,3,0,1,0,0,0,0,0,0,1,0,0,0,0,0.04570171066550852,Muito Baixo
21,45000,5.0,8000,15.31,0.18,2,0.1777777777777777,1,4,1,0,0,0,1,0,1,0,0,0,0,0,0,0.0890775664461886,Muito Baixo
22,22560,3.0,4200,15.2,0.19,4,0.1861702127659574,1,4,1,0,0,0,1,0,0,0,0,1,0,1,0,0.188117679700977,Muito Baixo
47,65000,1.0,3100,13.49,0.05,16,0.0476923076923076,1,3,0,0,0,0,1,0,0,0,1,0,0,0,0,0.029274185338003248,Muito Baixo
25,62000,0.0,5000,7.49,0.08,3,0.0806451612903225,0,1,0,0,0,0,1,0,1,0,0,0,0,0,0,0.024993585431272145,Muito Baixo
32,235000,1.0,25000,12.53,0.11,7,0.1063829787234042,1,3,1,0,0,0,1,0,0,0,0,1,0,0,0,0.04678889541498046,Muito Baixo
29,28800,1.0,1400,7.9,0.05,8,0.0486111111111111,0,1,0,0,0,0,1,0,0,0,0,1,0,0,0,0.33457573699391835,Baixo
25,67000,9.0,10000,13.92,0.15,3,0.1492537313432835,1,3,0,0,0,0,1,0,0,0,1,0,0,0,0,0.09566471861401127,Muito Baixo
28,50000,1.0,8000,5.99,0.16,6,0.16,0,1,0,1,0,0,0,0,0,0,0,1,0,0,0,0.014447275940648948,Muito Baixo
24,42000,2.0,1000,13.16,0.02,2,0.0238095238095238,1,3,0,0,0,0,1,0,0,0,0,0,1,0,0,0.22439836757691814,Baixo
26,48996,8.0,2500,14.59,0.05,2,0.051024573434566,1,4,0,0,0,0,1,1,0,0,0,0,0,1,1,0.9911494693129292,Muito Alto
33,56000,2.0,11500,7.14,0.21,10,0.2053571428571428,0,1,0,1,0,0,0,0,0,0,0,1,0,0,0,0.020195010144025156,Muito Baixo
47,21000,9.0,5000,15.99,0.24,16,0.238095238095238,1,4,1,0,0,0,1,1,0,0,0,0,0,1,1,0.9917745798822853,Muito Alto
27,192000,11.0,15000,17.58,0.08,8,0.078125,1,4,0,1,0,0,0,1,0,0,0,0,0,1,1,0.9973619043688181,Muito Alto
48,56000,7.0,15000,6.99,0.27,14,0.2678571428571428,0,1,0,1,0,0,0,1,0,0,0,0,0,0,0,0.03237401636615456,Muito Baixo
30,40000,1.0,5500,7.74,0.14,6,0.1375,0,1,0,0,0,0,1,0,0,0,0,1,0,0,0,0.028029198423152702,Muito Baixo
25,23000,4.0,4300,11.86,0.19,3,0.1869565217391304,1,2,0,0,0,0,1,0,0,0,1,0,0,0,0,0.09657771195392766,Muito Baixo
28,53000,3.0,7475,7.9,0.14,8,0.1410377358490566,0,1,0,0,0,1,0,0,1,0,0,0,0,0,0,0.0004101464448095699,Muito Baixo
32,52000,10.0,4200,7.51,0.08,6,0.0807692307692307,0,1,0,0,0,0,1,0,1,0,0,0,0,0,0,0.04252903314855438,Muito Baixo
41,39000,0.0,5000,10.99,0.13,15,0.1282051282051282,0,2,0,0,0,0,1,0,0,0,0,0,1,0,0,0.0036882672565794767,Muito Baixo
23,125000,4.0,7500,8.0,0.06,4,0.06,0,1,0,0,1,0,0,0,0,0,0,0,1,0,0,0.00029735101164286685,Muito Baixo
22,26400,0.0,10000,13.49,0.38,3,0.3787878787878788,1,3,0,0,0,0,1,0,0,0,0,0,1,1,1,0.9941788161677696,Muito Alto
23,39600,4.0,5000,14.84,0.13,2,0.1262626262626262,1,4,1,0,0,0,1,0,0,0,1,0,0,1,1,0.9553484291126383,Muito Alto
43,85000,2.0,2000,6.62,0.02,14,0.0235294117647058,0,1,0,0,0,0,1,0,0,0,0,1,0,0,0,0.0835341591295966,Muito Baixo
39,50000,5.0,5500,6.54,0.11,13,0.11,0,1,0,0,0,0,1,0,0,0,0,1,0,0,0,0.0141544612820922,Muito Baixo
23,39000,1.0,16000,11.36,0.41,3,0.4102564102564102,1,2,0,0,0,0,1,0,0,0,0,1,0,1,1,0.9972816579752493,Muito Alto
23,27972,6.0,5000,8.94,0.18,3,0.1787501787501787,0,1,0,0,0,0,1,0,0,0,0,0,1,0,0,0.003676857712625027,Muito Baixo
32,80000,6.0,9600,11.14,0.12,5,0.12,1,2,0,0,0,0,1,1,0,0,0,0,0,0,0,0.03664534060781906,Muito Baixo
29,26400,7.0,4800,7.66,0.18,9,0.1818181818181818,0,1,0,1,0,0,0,0,0,0,1,0,0,0,0,0.09992324881671188,Muito Baixo
33,53000,6.0,2500,9.99,0.05,7,0.0471698113207547,0,2,0,0,0,0,1,1,0,0,0,0,0,0,0,0.05942618464530036,Muito Baixo
23,117696,2.0,15000,6.03,0.13,4,0.1274469820554649,0,1,0,1,0,0,0,0,0,0,1,0,0,0,0,0.005208303842404318,Muito Baixo
30,60000,7.0,6000,14.84,0.1,5,0.1,1,4,1,0,0,1,0,1,0,0,0,0,0,0,0,0.0066900328108737105,Muito Baixo
33,35000,15.0,12000,13.11,0.34,7,0.3428571428571428,1,3,1,1,0,0,0,0,0,0,1,0,0,0,0,0.1433057570716112,Muito Baixo
23,60000,7.0,6000,8.9,0.1,4,0.1,0,1,0,1,0,0,0,0,0,0,0,1,0,0,0,0.06292889778460618,Muito Baixo
28,48000,4.0,4500,11.71,0.09,7,0.09375,1,2,0,0,0,0,1,0,0,0,0,1,0,0,0,0.12421696709944215,Muito Baixo
23,60000,7.0,12000,5.99,0.2,3,0.2,0,1,0,1,0,0,0,0,1,0,0,0,0,0,0,0.013184595896450189,Muito Baixo
21,192000,0.0,20000,6.54,0.1,2,0.1041666666666666,0,1,0,1,0,0,0,0,1,0,0,0,0,0,0,0.005143900220439502,Muito Baixo
30,32400,0.0,9000,11.22,0.28,10,0.2777777777777778,1,3,0,0,0,0,1,0,0,0,0,1,0,0,0,0.3016423666155426,Baixo
21,111000,4.0,28000,7.49,0.25,2,0.2522522522522522,0,1,0,1,0,0,0,0,0,0,0,0,1,0,0,0.00030677313501136926,Muito Baixo
32,48250,3.0,8400,10.74,0.17,6,0.1740932642487046,0,2,0,1,0,0,0,0,0,0,1,0,0,0,0,0.09788230294670383,Muito Baixo
22,19200,6.0,4400,11.49,0.23,2,0.2291666666666666,1,2,0,0,0,0,1,0,0,0,0,1,0,1,1,0.9906445479452016,Muito Alto
34,55000,3.0,12000,13.16,0.22,8,0.2181818181818181,1,3,0,0,0,0,1,1,0,0,0,0,0,0,0,0.05007161410636382,Muito Baixo
37,75000,4.0,6000,6.03,0.08,11,0.08,0,1,0,1,0,0,0,0,0,0,1,0,0,0,0,0.002585084911624743,Muito Baixo
22,127500,2.0,15000,7.49,0.12,4,0.1176470588235294,0,1,0,1,0,0,0,0,0,0,1,0,0,0,0,0.006696793973841349,Muito Baixo
29,71000,4.0,11000,13.43,0.15,6,0.1549295774647887,1,3,1,1,0,0,0,0,0,1,0,0,0,0,0,0.0740923487870229,Muito Baixo
37,69996,10.0,5000,10.99,0.07,16,0.0714326532944739,0,2,0,1,0,0,0,0,0,0,0,1,0,0,0,0.09105507499509505,Muito Baixo
32,28672,5.0,4650,13.22,0.16,5,0.1621791294642857,1,3,1,0,0,1,0,0,1,0,0,0,0,0,0,0.0014647721758083187,Muito Baixo
24,75000,4.0,7000,7.66,0.09,3,0.0933333333333333,0,1,0,1,0,0,0,0,0,0,0,1,0,0,0,0.041548494685015584,Muito Baixo
25,83195,9.0,13000,11.71,0.16,3,0.1562593905883767,1,2,0,0,0,0,1,0,0,0,0,1,0,0,0,0.08990022488366459,Muito Baixo
27,65000,8.0,5000,7.88,0.08,5,0.0769230769230769,0,1,0,0,0,1,0,0,0,0,1,0,0,0,0,0.0004924627618559641,Muito Baixo
24,22000,1.0,3000,16.0,0.14,2,0.1363636363636363,1,4,1,0,0,1,0,1,0,0,0,0,0,0,0,0.013982208156205708,Muito Baixo
22,37000,6.0,7500,10.95,0.2,2,0.2027027027027027,0,2,0,1,0,0,0,0,1,0,0,0,0,0,0,0.10830026750594857,Muito Baixo
50,46000,8.0,8600,14.09,0.19,12,0.1869565217391304,1,4,0,1,0,0,0,0,1,0,0,0,0,0,0,0.44260327794406706,Moderado
26,24996,3.0,8500,6.91,0.34,4,0.3400544087053929,0,1,0,0,0,0,1,0,0,0,0,0,1,1,1,0.996782327788358,Muito Alto
26,30000,3.0,6000,7.9,0.2,2,0.2,0,1,0,0,0,1,0,0,0,0,0,1,0,0,0,0.0013260601867654696,Muito Baixo
25,55000,0.0,6400,10.71,0.12,3,0.1163636363636363,0,2,0,0,0,0,1,0,1,0,0,0,0,0,0,0.03922064755391481,Muito Baixo
30,85332,3.0,14000,14.22,0.16,7,0.1640650635166174,1,3,0,0,0,0,1,0,0,0,0,0,1,0,0,0.0933575962260311,Muito Baixo
26,32352,0.0,5000,14.84,0.15,4,0.1545499505440158,1,4,0,0,0,0,1,0,0,0,0,0,1,1,1,0.9283818792305615,Muito Alto
23,64000,5.0,8000,10.0,0.13,2,0.125,0,2,0,0,0,0,1,0,0,0,0,0,1,0,0,0.003028148272884716,Muito Baixo
23,35500,8.0,9000,7.49,0.25,3,0.2535211267605634,0,1,0,1,0,0,0,0,1,0,0,0,0,0,0,0.10339333412776397,Muito Baixo
32,66000,4.0,10000,11.71,0.15,9,0.1515151515151515,1,2,0,0,0,0,1,0,0,0,1,0,0,0,0,0.056515142222294826,Muito Baixo
29,56000,0.0,3200,10.99,0.06,7,0.0571428571428571,0,2,0,0,0,0,1,0,0,0,0,1,0,0,0,0.06451726212180792,Muito Baixo
26,51356,4.0,6000,5.79,0.12,4,0.1168315289352753,0,1,0,0,0,0,1,1,0,0,0,0,0,0,0,0.05573409946624803,Muito Baixo
25,43000,3.0,16000,11.49,0.37,2,0.3720930232558139,1,2,0,0,0,0,1,0,0,0,0,0,1,1,1,0.9985811891396342,Muito Alto
23,65000,3.0,8000,7.14,0.12,4,0.123076923076923,0,1,0,1,0,0,0,0,1,0,0,0,0,0,0,0.010672741978036766,Muito Baixo
32,52500,15.0,9500,6.92,0.18,7,0.1809523809523809,0,1,0,1,0,0,0,1,0,0,0,0,0,0,0,0.021945756751152467,Muito Baixo
24,87600,8.0,3000,5.99,0.03,2,0.0342465753424657,0,1,0,1,0,0,0,0,1,0,0,0,0,0,0,0.004068240988317926,Muito Baixo
26,31131,0.0,3000,13.36,0.1,4,0.0963669654042594,1,4,1,0,0,0,1,0,0,0,1,0,0,1,1,0.9591841020025131,Muito Alto
29,74000,0.0,9000,7.51,0.12,10,0.1216216216216216,0,1,0,1,0,0,0,0,0,1,0,0,0,0,0,0.04001552431388189,Muito Baixo
33,57492,1.0,20000,12.53,0.35,10,0.3478744868851318,1,2,0,0,0,0,1,0,0,0,1,0,0,1,1,0.9937819944067933,Muito Alto
22,68000,6.0,13000,7.88,0.19,4,0.1911764705882352,0,1,0,1,0,0,0,0,0,0,0,0,1,0,0,0.001041669491237124,Muito Baixo
29,82438,14.0,3600,10.99,0.04,9,0.0436691816880564,0,2,0,0,0,0,1,0,0,0,0,1,0,1,0,0.06976439706000731,Muito Baixo
22,78000,4.0,5600,10.99,0.07,2,0.0717948717948717,0,2,0,0,1,0,0,0,0,0,0,1,0,0,0,0.19443803287485326,Muito Baixo
28,78000,1.0,5000,12.99,0.06,7,0.0641025641025641,1,3,1,1,0,0,0,0,0,1,0,0,0,0,0,0.09739547387283176,Muito Baixo
29,57996,6.0,20475,12.72,0.35,10,0.3530415890751086,1,3,0,1,0,0,0,0,1,0,0,0,0,0,0,0.09825571667086692,Muito Baixo
22,52650,1.0,19200,17.26,0.36,4,0.3646723646723647,1,6,0,1,0,0,0,1,0,0,0,0,0,1,1,0.9961577530377855,Muito Alto
23,19200,3.0,3000,12.99,0.16,2,0.15625,1,3,1,0,0,0,1,0,0,0,0,0,1,1,1,0.9467460945830755,Muito Alto
23,73000,1.0,14000,13.11,0.19,2,0.1917808219178082,1,3,0,0,0,0,1,0,0,0,0,1,0,0,0,0.11171395169677813,Muito Baixo
25,53000,9.0,10800,7.51,0.2,2,0.2037735849056604,0,1,0,1,0,0,0,0,0,0,0,0,1,0,0,0.0008143703297725093,Muito Baixo
24,7800,1.0,1000,11.36,0.13,4,0.1282051282051282,1,2,0,0,0,0,1,0,1,0,0,0,0,0,0,0.15241044816922622,Muito Baixo
22,69383,6.0,8500,13.48,0.12,3,0.1225083954282749,1,3,1,1,0,0,0,0,0,0,0,1,0,0,0,0.10489813668153891,Muito Baixo
25,95000,9.0,24000,6.54,0.25,4,0.2526315789473684,0,1,0,0,0,0,1,0,0,0,0,0,1,0,0,0.0013997319366722894,Muito Baixo
23,36100,0.0,6000,9.88,0.17,2,0.1662049861495844,0,2,0,0,0,0,1,0,1,0,0,0,0,0,0,0.07019330032797201,Muito Baixo
21,59000,5.0,5600,11.49,0.09,4,0.0949152542372881,1,2,0,1,0,0,0,0,0,0,0,1,0,0,0,0.17735055117009083,Muito Baixo
24,14400,0.0,1600,18.25,0.11,3,0.1111111111111111,1,4,0,0,0,0,1,0,0,0,0,1,0,1,1,0.989601125905864,Muito Alto
25,46000,0.0,19750,16.7,0.43,4,0.4293478260869565,1,5,1,0,0,1,0,1,0,0,0,0,0,1,1,0.7794981780030932,Alto
21,55438,4.0,19400,13.49,0.35,2,0.3499404740430751,1,3,0,0,0,0,1,0,0,0,0,0,1,1,1,0.9939026849996805,Muito Alto
27,125000,5.0,10000,10.62,0.08,6,0.08,0,2,0,0,0,0,1,0,0,0,0,0,1,0,0,0.0021230898527837354,Muito Baixo
23,60000,5.0,5000,16.49,0.08,2,0.0833333333333333,1,4,1,0,0,0,1,0,0,0,0,0,1,0,0,0.07670202079811085,Muito Baixo
25,40000,0.0,6000,7.66,0.15,3,0.15,0,1,0,0,0,0,1,0,1,0,0,0,0,0,0,0.03957790240463546,Muito Baixo
22,42000,6.0,14750,12.99,0.35,3,0.3511904761904761,1,3,1,1,0,0,0,0,0,0,0,0,1,0,0,0.1406695795967678,Muito Baixo
40,28800,4.0,5400,10.37,0.19,15,0.1875,0,2,0,0,0,0,1,1,0,0,0,0,0,0,0,0.115806458523518,Muito Baixo
29,75000,3.0,4000,10.75,0.05,9,0.0533333333333333,0,2,0,1,0,0,0,0,0,0,1,0,0,0,0,0.025380498549179255,Muito Baixo
24,62000,7.0,6200,7.49,0.1,3,0.1,0,1,0,1,0,0,0,0,0,0,0,1,0,0,0,0.04198018182953162,Muito Baixo
22,12000,0.0,6700,7.66,0.56,4,0.5583333333333333,0,1,0,0,0,0,1,0,1,0,0,0,0,1,1,0.9997816243615095,Muito Alto
26,31836,1.0,6400,14.35,0.2,4,0.201030280185953,1,3,0,0,0,0,1,0,0,0,0,0,1,0,1,0.5463953115247177,Moderado
27,112000,9.0,13000,13.57,0.12,10,0.1160714285714285,1,3,0,1,0,0,0,0,1,0,0,0,0,0,0,0.05024419692911251,Muito Baixo
36,51000,2.0,1000,11.83,0.02,12,0.0196078431372549,1,2,0,1,0,0,0,0,0,0,0,0,1,0,0,0.0017520482677104482,Muito Baixo
28,105000,1.0,25000,11.12,0.24,9,0.238095238095238,1,2,0,1,0,0,0,0,0,0,1,0,0,0,0,0.041226762683511,Muito Baixo
30,300000,14.0,35000,10.59,0.12,10,0.1166666666666666,0,2,0,0,0,1,0,0,0,1,0,0,0,0,0,0.0006856742688492448,Muito Baixo
24,63508,8.0,2500,11.14,0.04,4,0.0393651193550418,1,2,0,1,0,0,0,0,0,1,0,0,0,1,0,0.31203706233294304,Baixo
35,72500,0.0,4000,10.25,0.06,6,0.0551724137931034,0,2,0,1,0,0,0,1,0,0,0,0,0,0,0,0.04053879219992304,Muito Baixo
26,68004,10.0,3500,15.28,0.05,3,0.0514675607317216,1,4,1,0,0,0,1,1,0,0,0,0,0,1,1,0.9898849388090029,Muito Alto
35,25200,2.0,7050,12.23,0.28,7,0.2797619047619047,1,3,1,0,0,0,1,1,0,0,0,0,0,0,0,0.18526646275933842,Muito Baixo
25,43000,9.0,4000,12.99,0.09,4,0.0930232558139534,1,3,0,0,0,0,1,0,0,0,1,0,0,0,0,0.1596806573437409,Muito Baixo
26,50000,10.0,18950,10.99,0.38,3,0.379,0,2,0,0,0,0,1,0,0,0,0,1,0,1,1,0.9920198153138807,Muito Alto
23,36000,3.0,7000,9.99,0.19,3,0.1944444444444444,0,2,0,0,0,0,1,0,1,0,0,0,0,0,0,0.10253836540522647,Muito Baixo
23,36000,2.0,5000,12.87,0.14,3,0.1388888888888889,1,3,1,0,0,1,0,0,0,0,0,0,1,0,0,0.0006976566832955928,Muito Baixo
30,84000,13.0,12000,11.11,0.14,9,0.1428571428571428,1,2,0,1,0,0,0,0,0,1,0,0,0,0,0,0.04795908840427353,Muito Baixo
24,65000,8.0,9000,7.29,0.14,4,0.1384615384615384,0,1,0,0,0,1,0,0,1,0,0,0,0,0,0,0.0003295886333014682,Muito Baixo
30,29120,0.0,5400,7.14,0.19,10,0.1854395604395604,0,1,0,0,0,0,1,1,0,0,0,0,0,0,0,0.0663937593076639,Muito Baixo
33,92000,18.0,12000,5.79,0.13,5,0.1304347826086956,0,1,0,1,0,0,0,0,0,0,0,1,0,0,0,0.003653479931249586,Muito Baixo
33,26400,13.0,7000,11.36,0.27,9,0.2651515151515151,1,2,0,0,0,1,0,0,0,0,0,0,1,0,0,5.148137950646225e-05,Muito Baixo
25,60000,9.0,23275,12.42,0.39,3,0.3879166666666667,1,2,0,1,0,0,0,1,0,0,0,0,0,0,0,0.12295100959291154,Muito Baixo
27,65000,11.0,4500,11.99,0.07,10,0.0692307692307692,1,2,0,1,0,0,0,0,0,0,0,0,1,0,0,0.005105874046273959,Muito Baixo
22,78000,3.0,12000,6.54,0.15,3,0.1538461538461538,0,1,0,1,0,0,0,0,1,0,0,0,0,0,0,0.02759880219860527,Muito Baixo
40,21408,4.0,1500,11.12,0.07,17,0.070067264573991,1,2,0,1,0,0,0,0,0,0,1,0,0,0,0,0.09530713112458516,Muito Baixo
22,46000,2.0,20000,16.0,0.43,4,0.4347826086956521,1,4,1,0,0,0,1,1,0,0,0,0,0,1,1,0.9999298108578044,Muito Alto
26,38904,1.0,10000,12.21,0.26,2,0.2570429775858524,1,2,0,1,0,0,0,0,0,1,0,0,0,0,0,0.46908007297135224,Moderado
32,96000,9.0,7000,6.62,0.07,6,0.0729166666666666,0,1,0,1,0,0,0,0,0,0,0,0,1,0,0,0.0002920406764193249,Muito Baixo
24,52000,6.0,12000,14.83,0.23,3,0.2307692307692307,1,4,0,1,0,0,0,0,0,0,0,0,1,0,0,0.170279881695158,Muito Baixo
21,48000,1.0,10000,5.79,0.21,2,0.2083333333333333,0,1,0,0,0,0,1,1,0,0,0,0,0,0,0,0.019794641121477642,Muito Baixo
28,72000,4.0,22000,10.25,0.31,6,0.3055555555555556,0,2,0,1,0,0,0,0,0,0,1,0,0,0,0,0.06413181996056308,Muito Baixo
23,14400,1.0,4750,11.11,0.33,2,0.3298611111111111,1,2,0,0,0,0,1,0,1,0,0,0,0,1,1,0.9995249355038078,Muito Alto
27,90000,6.0,5500,10.25,0.06,9,0.0611111111111111,0,2,0,1,0,0,0,0,0,0,1,0,0,0,0,0.018849412697113672,Muito Baixo
29,30000,0.0,12000,10.36,0.4,7,0.4,0,2,0,0,0,0,1,0,0,0,0,1,0,1,1,0.9952129507968863,Muito Alto
26,75000,2.0,10000,7.88,0.13,3,0.1333333333333333,0,1,0,1,0,0,0,0,1,0,0,0,0,0,0,0.022461502173077616,Muito Baixo
24,141000,8.0,10000,7.49,0.07,2,0.0709219858156028,0,1,0,0,0,1,0,0,1,0,0,0,0,0,0,0.00033724991951264937,Muito Baixo
29,59000,6.0,10000,6.91,0.17,5,0.1694915254237288,0,1,0,1,0,0,0,0,0,1,0,0,0,0,0,0.14554440946115157,Muito Baixo
22,38000,5.0,7500,5.79,0.2,4,0.1973684210526315,0,1,0,0,0,0,1,0,0,0,0,1,0,0,0,0.035969619718686334,Muito Baixo
48,30000,21.0,2100,12.42,0.07,16,0.07,1,2,0,1,0,0,0,0,0,0,0,0,1,0,0,0.00892292002422057,Muito Baixo
23,22004,8.0,2000,10.39,0.09,3,0.0908925649881839,0,2,0,0,0,0,1,0,1,0,0,0,0,0,0,0.1590171640442567,Muito Baixo
25,120000,3.0,3000,10.14,0.03,3,0.025,0,2,0,0,0,1,0,0,1,0,0,0,0,0,0,0.00013290239755617668,Muito Baixo
24,180000,8.0,21000,11.48,0.12,3,0.1166666666666666,1,2,0,0,0,1,0,0,1,0,0,0,0,0,0,0.00043358830881960964,Muito Baixo
23,32000,0.0,2500,12.8,0.08,3,0.078125,1,4,1,1,0,0,0,0,0,1,0,0,0,1,1,0.9941515424572541,Muito Alto
35,21340,0.0,8000,11.14,0.37,6,0.3748828491096532,1,2,0,0,0,0,1,0,0,0,1,0,0,1,1,0.9963765839452224,Muito Alto
25,42000,3.0,5000,7.51,0.12,3,0.119047619047619,0,1,0,0,0,0,1,0,0,0,1,0,0,0,0,0.05681819522385335,Muito Baixo
25,80000,0.0,11200,10.99,0.14,2,0.14,0,2,0,0,0,0,1,0,0,0,1,0,0,0,0,0.012558104800896966,Muito Baixo
53,46000,9.0,4925,11.71,0.11,23,0.1070652173913043,1,2,0,0,0,1,0,0,0,0,0,1,0,0,0,0.0010263299041888445,Muito Baixo
33,115000,1.0,16800,5.42,0.15,6,0.1460869565217391,0,1,0,1,0,0,0,1,0,0,0,0,0,0,0,0.003624917366676929,Muito Baixo
26,53000,3.0,6000,9.99,0.11,2,0.1132075471698113,0,2,0,0,0,1,0,0,0,0,0,0,1,0,0,1.4648481666991048e-05,Muito Baixo
35,85000,0.0,5000,9.07,0.06,6,0.0588235294117647,0,1,0,0,0,0,1,0,0,1,0,0,0,0,0,0.027645841245584068,Muito Baixo
34,38769,3.0,2400,8.9,0.06,6,0.0619051303876808,0,1,0,1,0,0,0,1,0,0,0,0,0,0,0,0.061262650820569184,Muito Baixo
24,43000,8.0,10000,16.89,0.23,2,0.2325581395348837,1,4,1,1,0,0,0,1,0,0,0,0,0,1,1,0.9934847844598509,Muito Alto
21,28776,4.0,8000,8.9,0.28,2,0.2780094523213789,0,1,0,1,0,0,0,0,0,0,0,0,1,0,0,0.0013737456314845034,Muito Baixo
32,43000,16.0,5600,7.51,0.13,7,0.1302325581395348,0,1,0,0,0,0,1,1,0,0,0,0,0,0,0,0.027502584774948227,Muito Baixo
22,51900,5.0,14100,11.49,0.27,2,0.2716763005780346,1,2,0,1,0,0,0,0,0,0,0,0,1,0,0,0.0025513683541724063,Muito Baixo
33,48000,17.0,3500,11.86,0.07,10,0.0729166666666666,1,2,0,0,0,0,1,1,0,0,0,0,0,0,0,0.19513222825435836,Muito Baixo
45,115000,8.0,8000,8.94,0.07,11,0.0695652173913043,0,1,0,1,0,0,0,0,0,0,0,0,1,0,0,0.0014876337911500941,Muito Baixo
27,48000,4.0,2800,7.49,0.06,5,0.0583333333333333,0,1,0,0,0,0,1,0,0,0,1,0,0,0,0,0.02395944692931732,Muito Baixo
22,39868,2.0,2400,16.02,0.06,4,0.060198655563359,1,4,1,1,0,0,0,1,0,0,0,0,0,1,1,0.9949777206486208,Muito Alto
27,40000,4.0,10000,15.31,0.25,6,0.25,1,4,1,0,0,0,1,0,0,0,0,1,0,0,0,0.1495136798066415,Muito Baixo
31,73000,2.0,7000,7.9,0.1,7,0.0958904109589041,0,1,0,0,0,0,1,0,0,0,0,0,1,0,0,0.0016385533779471055,Muito Baixo
22,45000,5.0,2500,14.35,0.06,2,0.0555555555555555,1,3,1,0,0,0,1,0,0,0,1,0,0,0,0,0.041563102605163604,Muito Baixo
27,71000,0.0,5000,17.39,0.07,9,0.0704225352112676,1,5,0,0,0,1,0,0,0,0,0,0,1,1,0,0.26519186461712224,Baixo
23,108600,3.0,8000,12.87,0.07,2,0.0736648250460405,1,3,1,1,0,0,0,0,0,0,1,0,0,0,0,0.027718021755292557,Muito Baixo
25,72000,9.0,4800,10.65,0.07,3,0.0666666666666666,0,2,0,1,0,0,0,1,0,0,0,0,0,0,0,0.07073373864329768,Muito Baixo
22,130000,3.0,14500,13.48,0.11,4,0.1115384615384615,1,3,1,1,0,0,0,0,1,0,0,0,0,0,0,0.01517801948071256,Muito Baixo
34,120000,7.0,20000,13.8,0.17,7,0.1666666666666666,1,3,0,0,0,0,1,0,0,0,0,0,1,0,0,0.049775831431163965,Muito Baixo
23,80000,3.0,7200,8.9,0.09,2,0.09,0,1,0,0,0,0,1,1,0,0,0,0,0,0,0,0.02839482523189826,Muito Baixo
22,50000,0.0,20000,11.48,0.4,2,0.4,1,2,0,1,0,0,0,0,1,0,0,0,0,0,0,0.05947301684896726,Muito Baixo
28,55000,1.0,10000,9.32,0.18,8,0.1818181818181818,0,1,0,0,0,0,1,0,0,0,1,0,0,0,0,0.041302540412192154,Muito Baixo
34,28800,0.0,2500,21.36,0.09,7,0.0868055555555555,1,6,0,0,0,0,1,1,0,0,0,0,0,1,1,0.9992807183703761,Muito Alto
24,70000,8.0,1600,10.99,0.02,3,0.0228571428571428,0,2,0,1,0,0,0,0,0,0,1,0,0,0,0,0.10300962960788897,Muito Baixo
26,17500,10.0,5500,7.49,0.31,2,0.3142857142857143,0,1,0,0,0,1,0,0,0,0,0,1,0,1,1,0.9987813300709741,Muito Alto
24,200000,8.0,10000,8.49,0.05,4,0.05,0,1,0,0,0,0,1,0,1,0,0,0,0,0,0,0.049554920507537466,Muito Baixo
25,38400,9.0,12000,10.38,0.31,3,0.3125,0,2,0,1,0,0,0,0,0,0,0,0,1,0,0,0.003203803305879509,Muito Baixo
22,37000,0.0,7000,10.95,0.19,4,0.1891891891891892,0,2,0,0,0,0,1,0,0,0,0,1,0,0,0,0.14522151762648666,Muito Baixo
27,117832,4.0,12500,6.17,0.11,7,0.1060832371511983,0,1,0,1,0,0,0,0,0,1,0,0,0,0,0,0.02793099917737341,Muito Baixo
24,40800,0.0,7000,11.86,0.17,2,0.1715686274509804,1,2,0,0,0,0,1,0,0,0,1,0,0,0,0,0.06008685923813096,Muito Baixo
46,35000,1.0,1000,7.9,0.03,12,0.0285714285714285,0,1,0,0,0,0,1,0,0,0,0,0,1,0,0,0.001379301427320443,Muito Baixo
33,15600,1.0,5900,7.49,0.38,7,0.3782051282051282,0,1,0,0,0,1,0,0,0,0,0,0,1,1,1,0.9997771078158549,Muito Alto
32,120000,16.0,5600,10.75,0.05,8,0.0466666666666666,0,2,0,1,0,0,0,0,0,0,0,0,1,0,0,0.0007594862614410549,Muito Baixo
34,38400,1.0,6500,9.91,0.17,7,0.1692708333333333,0,2,0,0,0,0,1,0,0,0,1,0,0,0,0,0.037652709949197956,Muito Baixo
28,34000,2.0,8000,12.69,0.24,9,0.2352941176470588,1,2,0,1,0,0,0,0,0,0,1,0,0,1,0,0.31832454529024035,Baixo
22,14400,2.0,2500,16.82,0.17,2,0.1736111111111111,1,5,0,0,0,0,1,0,0,0,0,1,0,1,1,0.9985818075152813,Muito Alto
24,150000,2.0,24250,10.38,0.16,3,0.1616666666666666,0,2,0,1,0,0,0,0,0,0,0,1,0,0,0,0.02928860076117827,Muito Baixo
25,60000,9.0,3000,13.79,0.05,2,0.05,1,3,1,0,0,1,0,0,0,1,0,0,0,0,0,0.0005946009714338646,Muito Baixo
22,130000,3.0,24250,12.18,0.19,4,0.1865384615384615,1,2,0,1,0,0,0,0,0,0,0,0,1,0,0,0.0022088375148876646,Muito Baixo
22,88200,1.0,19000,14.61,0.22,3,0.2154195011337868,1,4,1,1,0,0,0,0,0,0,0,0,1,0,0,0.3981363743315246,Baixo
27,65000,5.0,13225,12.69,0.2,6,0.2034615384615384,1,2,0,1,0,0,0,0,0,0,0,0,1,0,0,0.0030240890401237565,Muito Baixo
39,18300,0.0,1200,14.74,0.07,17,0.0655737704918032,1,4,0,0,0,0,1,0,1,0,0,0,0,1,1,0.9051772656238588,Muito Alto
25,49600,9.0,12000,7.14,0.24,3,0.2419354838709677,0,1,0,0,0,0,1,0,0,0,1,0,0,0,0,0.07936987565456191,Muito Baixo
24,28000,0.0,5600,14.12,0.2,2,0.2,1,4,1,0,0,0,1,0,0,0,0,1,0,1,1,0.9372928288154007,Muito Alto
30,96000,11.0,12000,13.23,0.13,10,0.125,1,3,0,0,0,0,1,0,1,0,0,0,0,0,0,0.040331598327467764,Muito Baixo
41,19200,2.0,2950,16.49,0.15,12,0.1536458333333333,1,4,1,0,0,0,1,0,0,0,1,0,0,1,1,0.9840455664421778,Muito Alto
29,38000,3.0,6000,15.21,0.16,9,0.1578947368421052,1,4,1,1,0,0,0,0,1,0,0,0,0,0,0,0.17675059251499853,Muito Baixo
25,78200,9.0,6000,6.54,0.08,3,0.0767263427109974,0,1,0,1,0,0,0,0,0,0,1,0,0,0,0,0.07053135027186504,Muito Baixo
35,91000,0.0,10000,8.59,0.11,9,0.1098901098901098,0,1,0,0,0,1,0,0,1,0,0,0,0,0,0,0.00017216647698376696,Muito Baixo
28,84500,13.0,9600,15.27,0.11,5,0.1136094674556213,1,3,0,1,0,0,0,0,0,1,0,0,0,0,0,0.11730623202141015,Muito Baixo
25,68500,4.0,12000,13.16,0.18,2,0.1751824817518248,1,3,1,0,0,0,1,0,1,0,0,0,0,1,0,0.11825864858569007,Muito Baixo
32,66300,5.0,6075,6.03,0.09,10,0.0916289592760181,0,1,0,1,0,0,0,1,0,0,0,0,0,0,0,0.02163188326973584,Muito Baixo
37,39996,2.0,1800,9.63,0.05,13,0.045004500450045,0,1,0,0,0,0,1,0,0,0,1,0,0,0,0,0.03724626979693027,Muito Baixo
38,65000,4.0,4500,13.43,0.07,12,0.0692307692307692,1,3,0,0,0,0,1,0,0,1,0,0,0,0,0,0.10024737158211681,Muito Baixo
24,50400,8.0,1500,7.49,0.03,2,0.0297619047619047,0,1,0,0,0,0,1,1,0,0,0,0,0,0,0,0.023502215645149937,Muito Baixo
25,53000,4.0,6000,6.62,0.11,3,0.1132075471698113,0,1,0,1,0,0,0,0,0,1,0,0,0,0,0,0.05859762138574321,Muito Baixo
26,88200,9.0,3000,10.59,0.03,4,0.0340136054421768,0,2,0,1,0,0,0,0,0,1,0,0,0,0,0,0.05760291138224046,Muito Baixo
24,106000,8.0,4575,7.51,0.04,2,0.0431603773584905,0,1,0,1,0,0,0,1,0,0,0,0,0,0,0,0.011557148676245613,Muito Baixo
26,185000,0.0,13500,5.99,0.07,3,0.0729729729729729,0,1,0,0,0,0,1,0,0,0,0,0,1,0,0,0.0005745877717869518,Muito Baixo
35,80004,5.0,10000,7.51,0.12,10,0.1249937503124843,0,1,0,0,0,0,1,0,1,0,0,0,0,0,0,0.013341830608724773,Muito Baixo
26,43000,9.0,8800,5.42,0.2,3,0.2046511627906976,0,1,0,1,0,0,0,0,0,0,0,1,0,0,0,0.05125991939363727,Muito Baixo
24,113217,2.0,6000,7.88,0.05,3,0.0529955748694983,0,1,0,1,0,0,0,0,1,0,0,0,0,0,0,0.010799385463227444,Muito Baixo
35,75000,2.0,25000,10.99,0.33,7,0.3333333333333333,0,2,0,0,0,1,0,0,0,0,1,0,0,0,0,0.0006392412975141979,Muito Baixo
22,60000,6.0,15000,13.35,0.25,3,0.25,1,3,1,0,0,0,1,0,0,0,1,0,0,0,0,0.09267173637380294,Muito Baixo
58,45000,3.0,3500,6.76,0.08,20,0.0777777777777777,0,1,0,1,0,0,0,0,0,0,0,1,0,0,0,0.028437563950673858,Muito Baixo
33,66300,3.0,22000,14.59,0.28,8,0.3318250377073906,1,4,0,1,0,0,0,0,0,0,1,0,0,1,1,0.9934265372243601,Muito Alto
29,90000,8.0,14000,7.9,0.16,9,0.1555555555555555,0,1,0,1,0,0,0,1,0,0,0,0,0,0,0,0.014424158986475196,Muito Baixo
22,107004,2.0,10000,7.29,0.09,3,0.0934544503009233,0,1,0,1,0,0,0,0,1,0,0,0,0,0,0,0.008811171625594572,Muito Baixo
25,75000,4.0,7000,7.49,0.09,2,0.0933333333333333,0,1,0,0,0,0,1,0,0,0,1,0,0,0,0,0.01115214874669511,Muito Baixo
33,77000,7.0,13000,15.31,0.17,7,0.1688311688311688,1,4,0,0,0,0,1,0,0,1,0,0,0,0,0,0.31007654083707414,Baixo
22,49000,0.0,7600,15.62,0.16,4,0.1551020408163265,1,4,0,0,0,0,1,0,1,0,0,0,0,1,1,0.9767025041725587,Muito Alto
24,25000,0.0,8500,12.21,0.34,2,0.34,1,2,0,0,0,0,1,0,0,1,0,0,0,1,1,0.99906451386826,Muito Alto
66,43000,17.0,22250,14.59,0.52,23,0.5174418604651163,1,4,1,0,0,0,1,1,0,0,0,0,0,1,1,0.9989996445731867,Muito Alto
29,74100,3.0,4500,13.61,0.06,6,0.0607287449392712,1,3,1,0,0,0,1,0,0,1,0,0,0,0,0,0.15430879338441078,Muito Baixo
32,100000,4.0,9500,5.79,0.1,8,0.095,0,1,0,1,0,0,0,0,0,0,0,0,1,0,0,0.00016400288116365756,Muito Baixo
25,59000,4.0,15000,9.99,0.25,3,0.2542372881355932,0,2,0,0,0,0,1,0,0,0,1,0,0,1,0,0.2242322493097452,Baixo
33,44500,6.0,20000,10.99,0.45,6,0.449438202247191,0,2,0,0,0,1,0,0,1,0,0,0,0,0,0,0.0019726220873117596,Muito Baixo
34,135000,7.0,15000,13.47,0.11,7,0.1111111111111111,1,3,1,1,0,0,0,0,1,0,0,0,0,0,0,0.042963436936147445,Muito Baixo
23,124800,2.0,5000,6.62,0.04,3,0.0400641025641025,0,1,0,1,0,0,0,1,0,0,0,0,0,0,0,0.006219314165019728,Muito Baixo
22,50000,2.0,8000,12.18,0.16,4,0.16,1,2,0,0,0,0,1,0,0,0,0,1,0,0,0,0.047862665733441404,Muito Baixo
23,13200,2.0,1400,9.25,0.11,4,0.106060606060606,0,2,0,1,0,0,0,0,1,0,0,0,0,0,0,0.1347155131373835,Muito Baixo
41,381450,10.0,35000,13.49,0.09,14,0.09175514484205,1,3,1,1,0,0,0,0,0,0,1,0,0,0,0,0.05821363163859212,Muito Baixo
24,39862,8.0,5000,14.22,0.13,4,0.1254327429632231,1,3,0,0,0,0,1,0,0,0,1,0,0,0,0,0.39352050745967,Baixo
29,30000,2.0,6500,8.59,0.22,10,0.2166666666666666,0,1,0,1,0,0,0,0,0,0,1,0,0,0,0,0.07838845684370246,Muito Baixo
36,55500,15.0,7875,11.99,0.14,12,0.1418918918918918,1,2,0,1,0,0,0,0,1,0,0,0,0,0,0,0.19483844061981576,Muito Baixo
24,28800,1.0,3500,9.99,0.12,4,0.1215277777777777,0,2,0,1,0,0,0,0,0,0,0,1,0,0,0,0.1498745171964923,Muito Baixo
31,93000,10.0,3000,8.49,0.03,8,0.032258064516129,0,1,0,1,0,0,0,0,0,0,1,0,0,0,0,0.017862750423269468,Muito Baixo
34,30000,2.0,12000,8.9,0.4,7,0.4,0,1,0,0,0,0,1,1,0,0,0,0,0,1,1,0.9910823153240548,Muito Alto
22,54566,6.0,4000,12.53,0.07,2,0.0733057215115639,1,2,0,1,0,0,0,0,0,0,0,1,0,0,0,0.08458368822319194,Muito Baixo
28,86000,12.0,15000,10.62,0.17,10,0.1744186046511628,0,2,0,1,0,0,0,0,1,0,0,0,0,0,0,0.030876525722639415,Muito Baixo
27,23400,2.0,4000,7.49,0.17,6,0.1709401709401709,0,1,0,0,0,0,1,0,0,0,0,1,0,0,0,0.0751058570881712,Muito Baixo
22,63996,4.0,3250,7.88,0.05,4,0.0507844240265016,0,1,0,1,0,0,0,0,1,0,0,0,0,0,0,0.0462524031556567,Muito Baixo
31,250000,14.0,12000,14.09,0.05,6,0.048,1,4,1,1,0,0,0,0,0,0,0,1,0,0,0,0.08567702308310139,Muito Baixo
28,75000,6.0,20000,13.49,0.27,5,0.2666666666666666,1,3,0,0,0,0,1,0,0,1,0,0,0,0,0,0.19478746246592712,Muito Baixo
27,49000,11.0,4000,10.59,0.08,5,0.0816326530612244,0,2,0,0,0,0,1,0,0,0,0,0,1,0,0,0.003859669146325932,Muito Baixo
22,45000,6.0,10000,9.91,0.22,2,0.2222222222222222,0,2,0,0,0,0,1,0,0,0,1,0,0,0,0,0.06493541984057342,Muito Baixo
43,78000,0.0,15000,14.46,0.19,13,0.1923076923076923,1,4,1,1,0,0,0,1,0,0,0,0,0,1,1,0.996747277713436,Muito Alto
25,41520,9.0,4400,7.29,0.11,2,0.1059730250481695,0,1,0,0,0,1,0,0,0,0,1,0,0,0,0,0.0010359805243357056,Muito Baixo
27,50004,5.0,20000,10.99,0.4,9,0.3999680025597952,0,2,0,0,0,0,1,1,0,0,0,0,0,1,1,0.9823514078262666,Muito Alto
24,54000,5.0,11000,5.42,0.2,2,0.2037037037037037,0,1,0,1,0,0,0,0,0,0,0,0,1,0,0,0.0011795209801874081,Muito Baixo
23,48000,6.0,10000,15.62,0.21,2,0.2083333333333333,1,4,1,0,0,0,1,0,0,0,0,0,1,0,0,0.15261813586048617,Muito Baixo
23,22000,2.0,3200,12.69,0.15,4,0.1454545454545454,1,2,0,0,0,0,1,0,0,0,1,0,0,0,0,0.13965100918045378,Muito Baixo
22,42000,4.0,3200,7.9,0.08,3,0.0761904761904762,0,1,0,1,0,0,0,1,0,0,0,0,0,1,0,0.08779093007845336,Muito Baixo
43,91800,0.0,8400,14.84,0.08,14,0.0915032679738562,1,4,0,1,0,0,0,0,0,0,1,0,0,1,1,0.9973506181898268,Muito Alto
32,37076,3.0,12000,12.42,0.32,7,0.3236595101952745,1,2,0,0,0,0,1,0,0,0,0,1,0,1,1,0.9963148927460604,Muito Alto
28,95000,12.0,3500,6.03,0.04,7,0.0368421052631578,0,1,0,1,0,0,0,0,0,1,0,0,0,0,0,0.002674154675642015,Muito Baixo
28,225000,2.0,30000,8.49,0.13,6,0.1333333333333333,0,1,0,1,0,0,0,0,0,0,0,0,1,0,0,0.0005058698765003,Muito Baixo
26,60000,10.0,20000,12.69,0.33,2,0.3333333333333333,1,2,0,1,0,0,0,0,0,0,0,0,1,0,0,0.008261980102509059,Muito Baixo
21,26124,3.0,8875,15.62,0.34,3,0.3397259225233501,1,4,1,0,0,0,1,0,1,0,0,0,0,1,1,0.9948628429214719,Muito Alto
36,43680,0.0,15000,13.11,0.34,15,0.3434065934065934,1,3,0,1,0,0,0,0,0,0,0,1,0,0,0,0.42316778728079285,Moderado
37,50000,0.0,5000,11.89,0.1,12,0.1,1,2,0,0,0,0,1,1,0,0,0,0,0,0,0,0.028706303233870873,Muito Baixo
27,90000,5.0,10000,7.14,0.11,5,0.1111111111111111,0,1,0,1,0,0,0,1,0,0,0,0,0,0,0,0.00894243121588204,Muito Baixo
27,190000,5.0,22000,6.91,0.12,10,0.1157894736842105,0,1,0,0,0,0,1,0,0,0,0,0,1,0,0,0.0005280796914739958,Muito Baixo
22,46000,6.0,4000,10.37,0.09,2,0.0869565217391304,0,2,0,1,0,0,0,0,0,0,0,1,0,0,0,0.12509910643031527,Muito Baixo
29,74000,2.0,30750,15.31,0.42,6,0.4155405405405405,1,4,0,0,0,0,1,1,0,0,0,0,0,1,1,0.9998939388361281,Muito Alto
43,68000,2.0,7000,12.61,0.1,11,0.1029411764705882,1,3,0,1,0,0,0,0,0,0,0,1,0,0,0,0.09403783834665148,Muito Baixo
23,36707,3.0,9250,16.32,0.25,4,0.2519955321873212,1,4,1,0,0,0,1,0,0,0,0,1,0,0,0,0.26809932627572725,Baixo
22,60350,6.0,35000,16.89,0.49,3,0.579950289975145,1,4,0,1,0,0,0,0,0,0,1,0,0,1,1,0.9924329006636687,Muito Alto
46,180000,31.0,18000,9.91,0.1,12,0.1,0,2,0,1,0,0,0,0,0,0,1,0,0,0,0,0.05299210992166191,Muito Baixo
23,92000,2.0,15000,9.91,0.16,2,0.1630434782608695,0,2,0,1,0,0,0,1,0,0,0,0,0,0,0,0.026309635470351284,Muito Baixo
28,175000,7.0,6000,7.9,0.03,10,0.0342857142857142,0,1,0,0,0,0,1,0,0,1,0,0,0,0,0,0.016527790816396347,Muito Baixo
23,10560,0.0,2800,9.99,0.27,4,0.2651515151515151,0,2,0,0,0,0,1,1,0,0,0,0,0,1,1,0.9876188446440591,Muito Alto
26,99996,7.0,8000,16.32,0.08,3,0.0800032001280051,1,4,1,0,0,0,1,0,0,0,0,1,0,0,0,0.06954829635226609,Muito Baixo
22,56000,0.0,7000,11.36,0.13,2,0.125,1,2,0,0,0,0,1,1,0,0,0,0,0,0,0,0.068471803298923,Muito Baixo
39,54996,6.0,5500,7.51,0.1,11,0.1000072732562368,0,1,0,0,0,1,0,0,0,0,0,0,1,0,0,2.045385696187325e-05,Muito Baixo
25,33000,9.0,3000,11.99,0.09,2,0.0909090909090909,1,2,0,1,0,0,0,0,0,0,1,0,0,0,0,0.22585066053453548,Baixo
28,59160,2.0,23500,10.99,0.4,6,0.3972278566599053,0,2,0,1,0,0,0,0,0,0,0,1,0,0,0,0.15517742416989283,Muito Baixo
26,80000,5.0,25000,13.61,0.31,4,0.3125,1,3,0,0,0,0,1,1,0,0,0,0,0,1,1,0.9818701392727346,Muito Alto
31,24996,0.0,10750,12.53,0.43,8,0.4300688110097616,1,3,0,0,0,0,1,0,1,0,0,0,0,1,1,0.9985217273658605,Muito Alto
25,48000,0.0,12000,13.49,0.25,2,0.25,1,3,1,0,0,0,1,0,0,0,1,0,0,0,0,0.041802423962943196,Muito Baixo
24,44600,5.0,20000,11.89,0.45,4,0.4484304932735426,1,2,0,1,0,0,0,0,0,0,1,0,0,0,0,0.21586289011444387,Baixo
23,62400,0.0,10000,12.87,0.16,4,0.1602564102564102,1,3,1,0,0,0,1,1,0,0,0,0,0,0,0,0.041279631350512346,Muito Baixo
23,43000,1.0,3000,8.49,0.07,4,0.0697674418604651,0,1,0,0,0,0,1,0,1,0,0,0,0,0,0,0.08419691703782745,Muito Baixo
22,60000,2.0,12000,10.99,0.2,2,0.2,0,2,0,0,0,0,1,0,1,0,0,0,0,0,0,0.02205997987108777,Muito Baixo
25,74000,1.0,16000,8.49,0.22,3,0.2162162162162162,0,1,0,0,0,1,0,0,0,0,0,0,1,0,0,4.877239149349683e-05,Muito Baixo
23,100000,1.0,12000,13.57,0.12,2,0.12,1,3,1,0,0,0,1,0,1,0,0,0,0,0,0,0.031600414829296014,Muito Baixo
26,75000,4.0,14000,11.11,0.19,4,0.1866666666666666,1,2,0,0,0,0,1,0,1,0,0,0,0,0,0,0.06327520443445799,Muito Baixo
24,55000,8.0,5500,8.59,0.1,4,0.1,0,1,0,1,0,0,0,0,0,1,0,0,0,0,0,0.09477124132120132,Muito Baixo
27,18000,2.0,2500,14.74,0.14,8,0.1388888888888889,1,4,0,0,0,0,1,0,0,0,0,1,0,1,1,0.9654031318160842,Muito Alto
24,54000,3.0,5600,10.59,0.1,4,0.1037037037037037,0,2,0,0,0,0,1,0,0,0,0,0,1,0,0,0.004630867439425908,Muito Baixo
22,12996,1.0,4750,10.99,0.37,3,0.3654970760233918,0,2,0,0,0,1,0,0,1,0,0,0,0,1,1,0.9994850197734347,Muito Alto
27,42504,2.0,7200,10.59,0.17,6,0.1693958215697346,0,2,0,0,0,0,1,1,0,0,0,0,0,0,0,0.0549940571572348,Muito Baixo
22,45000,3.0,5000,11.11,0.11,4,0.1111111111111111,1,2,0,0,0,0,1,0,1,0,0,0,0,0,0,0.04331929720704817,Muito Baixo
21,82000,4.0,12000,15.21,0.15,4,0.1463414634146341,1,4,0,0,0,0,1,0,0,0,0,0,1,0,0,0.17805537279231545,Muito Baixo
22,59000,2.0,11000,10.74,0.19,3,0.1864406779661017,0,2,0,0,0,0,1,1,0,0,0,0,0,0,0,0.06314641270919448,Muito Baixo
37,45000,0.0,6000,12.61,0.13,17,0.1333333333333333,1,3,0,0,0,0,1,0,1,0,0,0,0,0,0,0.12435320123355538,Muito Baixo
25,61000,9.0,15000,9.88,0.25,2,0.2459016393442623,0,2,0,1,0,0,0,0,0,1,0,0,0,0,0,0.07864439516046176,Muito Baixo
22,37200,6.0,10000,10.99,0.27,2,0.2688172043010752,0,2,0,0,0,0,1,0,0,0,0,1,0,1,0,0.20400325757566656,Baixo
26,37000,4.0,10400,8.94,0.28,3,0.2810810810810811,0,1,0,1,0,0,0,0,0,0,0,0,1,0,0,0.001058208861269019,Muito Baixo
23,60000,0.0,10000,11.26,0.17,3,0.1666666666666666,1,2,0,1,0,0,0,0,0,0,0,1,0,0,0,0.043302741241137865,Muito Baixo
28,24000,4.0,5600,12.68,0.23,5,0.2333333333333333,1,3,1,0,0,0,1,0,0,0,0,1,0,0,0,0.19272521123975436,Muito Baixo
31,79100,4.0,19150,6.99,0.24,6,0.2420986093552465,0,1,0,1,0,0,0,0,1,0,0,0,0,0,0,0.10605681850615713,Muito Baixo
37,120996,14.0,4000,7.66,0.03,15,0.0330589440973255,0,1,0,1,0,0,0,0,0,1,0,0,0,0,0,0.0076459681054616676,Muito Baixo
35,90000,4.0,13000,9.32,0.14,9,0.1444444444444444,0,1,0,0,0,0,1,0,0,0,0,1,0,0,0,0.023635479610360475,Muito Baixo
33,14076,4.0,4800,6.76,0.34,8,0.3410059676044331,0,1,0,0,0,0,1,0,1,0,0,0,0,1,1,0.999424037492816,Muito Alto
35,50000,4.0,17500,12.84,0.35,5,0.35,1,3,0,0,0,0,1,0,0,0,0,1,0,1,1,0.9899292620434476,Muito Alto
24,43500,1.0,3000,8.0,0.07,2,0.0689655172413793,0,1,0,0,0,0,1,0,0,0,0,1,0,0,0,0.08112280232551124,Muito Baixo
32,45000,0.0,5600,11.36,0.12,10,0.1244444444444444,1,2,0,0,0,0,1,0,1,0,0,0,0,0,0,0.08517467556378872,Muito Baixo
22,48000,5.0,18000,10.99,0.38,2,0.375,0,2,0,0,0,0,1,0,1,0,0,0,0,1,1,0.9917417218397732,Muito Alto
25,102996,4.0,20000,14.54,0.19,3,0.1941822983416831,1,4,1,1,0,0,0,1,0,0,0,0,0,1,1,0.9886620167599436,Muito Alto
22,61200,6.0,16000,16.45,0.22,4,0.261437908496732,1,5,0,1,0,0,0,0,0,0,1,0,0,1,1,0.9935487226124425,Muito Alto
22,50000,2.0,18400,9.99,0.37,2,0.368,0,2,0,0,0,0,1,1,0,0,0,0,0,1,1,0.9691963871946044,Muito Alto
24,30000,0.0,10000,19.29,0.33,3,0.3333333333333333,1,5,1,0,0,0,1,0,0,0,0,1,0,1,1,0.9989464210112813,Muito Alto
31,28000,1.0,3600,16.49,0.13,7,0.1285714285714285,1,4,0,0,0,0,1,0,0,1,0,0,0,1,1,0.9966738833873123,Muito Alto
25,50000,0.0,2600,6.03,0.05,3,0.052,0,1,0,1,0,0,0,1,0,0,0,0,0,0,0,0.014357856594905934,Muito Baixo
29,45000,8.0,18250,14.27,0.41,6,0.4055555555555555,1,3,0,0,0,0,1,0,0,0,1,0,0,1,1,0.9933426616461154,Muito Alto
33,113000,15.0,5000,13.49,0.04,9,0.0442477876106194,1,3,1,1,0,0,0,0,0,0,1,0,0,0,0,0.04261287136172861,Muito Baixo
36,82000,12.0,18000,13.22,0.22,17,0.2195121951219512,1,3,0,0,0,0,1,0,0,1,0,0,0,0,0,0.0915133468234898,Muito Baixo
31,35600,0.0,4000,13.61,0.11,5,0.1123595505617977,1,3,0,0,0,0,1,0,0,0,1,0,0,0,0,0.11745968157297741,Muito Baixo
24,23000,4.0,5500,6.54,0.24,3,0.2391304347826087,0,1,0,0,0,0,1,0,0,0,1,0,0,0,0,0.05793750357725749,Muito Baixo
23,72324,7.0,12000,10.99,0.17,3,0.1659200265472042,0,2,0,0,0,0,1,0,0,0,0,0,1,0,0,0.0031642096907450274,Muito Baixo
25,30000,9.0,3000,11.71,0.1,3,0.1,1,2,0,0,0,0,1,0,0,0,0,1,0,0,0,0.3663497120617787,Baixo
25,144996,2.0,25000,16.35,0.17,2,0.1724185494772269,1,5,1,1,0,0,0,0,1,0,0,0,0,0,0,0.12096156334167721,Muito Baixo
24,75000,3.0,16000,6.62,0.21,2,0.2133333333333333,0,1,0,1,0,0,0,0,0,0,0,0,1,0,0,0.00037928347325887947,Muito Baixo
22,52000,6.0,6000,15.31,0.12,3,0.1153846153846153,1,4,1,1,0,0,0,0,0,0,0,0,1,1,0,0.13694531883432187,Muito Baixo
26,26400,6.0,6000,6.0,0.23,4,0.2272727272727272,0,3,0,0,0,0,1,0,0,0,1,0,0,0,0,0.026809427477034412,Muito Baixo
44,61000,7.0,10000,14.11,0.16,12,0.1639344262295081,1,4,1,0,0,0,1,1,0,0,0,0,0,1,1,0.9795529395166208,Muito Alto
42,62000,2.0,8000,9.63,0.13,11,0.1290322580645161,0,2,0,0,0,0,1,0,0,0,0,1,0,0,0,0.03374955752364053,Muito Baixo
27,56004,5.0,5000,7.74,0.09,7,0.0892793371902007,0,1,0,1,0,0,0,0,0,1,0,0,0,0,0,0.08597813662888747,Muito Baixo
29,130900,11.0,4800,11.71,0.04,9,0.0366692131398013,1,2,0,1,0,0,0,0,0,0,0,0,1,0,0,0.002711264749465893,Muito Baixo
28,47000,5.0,9000,12.42,0.19,8,0.1914893617021276,1,2,0,1,0,0,0,0,0,1,0,0,0,0,0,0.18191771231753248,Muito Baixo
23,30000,0.0,6000,8.49,0.2,3,0.2,0,1,0,0,0,0,1,0,1,0,0,0,0,0,0,0.14245640906046914,Muito Baixo
22,32400,2.0,10400,14.84,0.32,2,0.3209876543209876,1,4,0,0,0,0,1,0,0,0,1,0,0,1,1,0.9996053702537833,Muito Alto
26,90000,10.0,5175,11.99,0.06,2,0.0575,1,2,0,1,0,0,0,0,0,1,0,0,0,0,0,0.037838504115215034,Muito Baixo
23,55000,7.0,1000,11.49,0.02,4,0.0181818181818181,1,2,0,0,0,1,0,0,0,0,0,0,1,0,0,1.988005151797028e-05,Muito Baixo
24,67000,2.0,12150,10.37,0.18,3,0.1813432835820895,0,2,0,1,0,0,0,0,0,1,0,0,0,0,0,0.058398372389640095,Muito Baixo
29,60000,1.0,6000,14.79,0.1,9,0.1,1,3,0,0,0,0,1,0,0,1,0,0,0,0,0,0.15572814912609548,Muito Baixo
40,75000,6.0,15000,7.29,0.2,11,0.2,0,1,0,0,0,0,1,0,1,0,0,0,0,0,0,0.01482194950545152,Muito Baixo
23,50000,7.0,5000,11.86,0.1,4,0.1,1,2,0,0,0,0,1,0,1,0,0,0,0,0,0,0.06775413168684136,Muito Baixo
25,75000,9.0,7500,12.61,0.1,4,0.1,1,4,1,1,0,0,0,0,0,0,0,0,1,0,0,0.12702614754851818,Muito Baixo
25,125000,4.0,12000,7.88,0.1,3,0.096,0,1,0,0,0,1,0,0,0,0,0,0,1,0,0,8.263037771825732e-06,Muito Baixo
21,60000,0.0,16000,15.31,0.27,2,0.2666666666666666,1,4,0,0,0,1,0,0,0,0,0,0,1,0,0,0.001151224776059122,Muito Baixo
22,100000,6.0,3000,11.49,0.03,3,0.03,1,2,0,1,0,0,0,0,1,0,0,0,0,0,0,0.02355498198846589,Muito Baixo
24,18000,5.0,3000,15.27,0.17,2,0.1666666666666666,1,3,0,0,0,0,1,0,1,0,0,0,0,1,1,0.9684001110952871,Muito Alto
44,71000,11.0,9000,7.49,0.13,11,0.1267605633802817,0,1,0,1,0,0,0,0,1,0,0,0,0,0,0,0.019203932747614,Muito Baixo
24,50000,7.0,1000,14.42,0.02,3,0.02,1,4,0,1,0,0,0,0,0,0,0,0,1,0,0,0.23595753215682047,Baixo
23,90000,0.0,20000,13.57,0.22,4,0.2222222222222222,1,3,0,0,0,0,1,1,0,0,0,0,0,0,0,0.08703912615311321,Muito Baixo
24,48000,4.0,3000,5.79,0.06,4,0.0625,0,1,0,0,0,1,0,0,1,0,0,0,0,0,0,0.00027597394877566924,Muito Baixo
31,66000,3.0,21000,10.37,0.32,10,0.3181818181818182,0,2,0,0,0,0,1,0,0,0,0,1,0,1,1,0.9936132909514389,Muito Alto
33,41196,0.0,3300,12.99,0.08,7,0.0801048645499563,1,3,0,0,0,1,0,0,0,0,0,0,1,0,0,0.0005759015164131079,Muito Baixo
24,69000,9.0,3000,11.11,0.04,2,0.0434782608695652,1,2,0,1,0,0,0,1,0,0,0,0,0,0,0,0.14184523701417723,Muito Baixo
23,80700,7.0,20000,11.71,0.25,2,0.2478314745972738,1,2,0,0,0,0,1,0,0,0,1,0,0,0,0,0.07035564665754772,Muito Baixo
21,17500,0.0,4000,13.22,0.23,4,0.2285714285714285,1,3,1,0,0,0,1,1,0,0,0,0,0,1,1,0.9521562291126118,Muito Alto
39,40800,4.0,14000,16.0,0.34,17,0.3431372549019608,1,4,1,0,0,0,1,0,0,0,1,0,0,1,1,0.9925805171295637,Muito Alto
23,70000,2.0,24000,8.9,0.34,4,0.3428571428571428,0,1,0,1,0,0,0,0,1,0,0,0,0,0,0,0.03507180360259815,Muito Baixo
22,57500,4.0,5400,5.42,0.09,4,0.0939130434782608,0,1,0,0,0,0,1,0,0,0,1,0,0,0,0,0.08315186211467294,Muito Baixo
29,70000,3.0,20000,10.99,0.29,8,0.2857142857142857,0,2,0,1,0,0,0,1,0,0,0,0,0,0,0,0.04250496479151952,Muito Baixo
31,305000,0.0,35000,17.58,0.11,10,0.1147540983606557,1,4,1,1,0,0,0,0,0,1,0,0,0,0,0,0.20410062646101693,Baixo
22,54000,6.0,9975,11.48,0.18,4,0.1847222222222222,1,2,0,0,0,0,1,0,1,0,0,0,0,1,0,0.24215497890319598,Baixo
29,46400,0.0,12000,7.51,0.26,10,0.2586206896551724,0,1,0,1,0,0,0,0,1,0,0,0,0,0,0,0.052222586778807666,Muito Baixo
24,50000,4.0,4000,7.49,0.08,2,0.08,0,1,0,1,0,0,0,0,0,0,1,0,0,0,0,0.04381531760827379,Muito Baixo
39,70000,5.0,13000,11.99,0.19,17,0.1857142857142857,1,2,0,0,0,0,1,0,1,0,0,0,0,0,0,0.05615499653579855,Muito Baixo
26,70000,3.0,6000,8.49,0.09,4,0.0857142857142857,0,1,0,0,0,0,1,0,0,0,0,1,0,0,0,0.040738773628335834,Muito Baixo
30,110000,14.0,12000,13.57,0.11,10,0.109090909090909,1,3,1,0,0,1,0,0,0,0,0,1,0,0,0,0.00042724402332128627,Muito Baixo
28,51996,11.0,9600,9.07,0.18,7,0.1846295868912993,0,1,0,0,0,0,1,0,0,1,0,0,0,0,0,0.16589181132908584,Muito Baixo
27,58000,0.0,4500,14.72,0.08,5,0.0775862068965517,1,3,1,0,0,0,1,0,1,0,0,0,0,0,0,0.17587908639082883,Muito Baixo
35,44000,3.0,5000,16.95,0.11,9,0.1136363636363636,1,5,1,0,0,0,1,0,0,0,0,1,0,1,1,0.5126113935635147,Moderado
22,22800,1.0,9000,5.99,0.39,2,0.3947368421052631,0,1,0,0,0,1,0,0,0,0,1,0,0,0,0,0.0035759434106594178,Muito Baixo
29,54000,13.0,12000,11.99,0.22,8,0.2222222222222222,1,2,0,1,0,0,0,0,0,0,1,0,0,0,0,0.37001936939625873,Baixo
25,29000,3.0,5000,15.7,0.17,3,0.1724137931034483,1,4,1,0,0,0,1,1,0,0,0,0,0,1,1,0.9971223775310324,Muito Alto
27,49200,4.0,4800,14.65,0.1,7,0.0975609756097561,1,3,0,0,0,0,1,1,0,0,0,0,0,0,0,0.2945709333208111,Baixo
23,20124,4.0,5950,13.49,0.3,3,0.2956668654343073,1,3,1,0,0,0,1,1,0,0,0,0,0,0,0,0.14451069235027345,Muito Baixo
27,42996,1.0,5000,13.61,0.12,6,0.1162898874313889,1,3,0,0,0,0,1,0,0,0,1,0,0,0,0,0.11703542373473082,Muito Baixo
30,48000,12.0,15000,7.49,0.31,9,0.3125,0,1,0,1,0,0,0,0,0,0,0,1,0,0,0,0.13051221231606633,Muito Baixo
31,85224,15.0,6000,10.0,0.07,9,0.070402703463813,0,2,0,0,0,1,0,0,0,0,0,1,0,0,0,0.0007679237666150954,Muito Baixo
22,35000,1.0,5700,12.99,0.16,2,0.1628571428571428,1,3,1,0,0,0,1,0,1,0,0,0,0,0,0,0.06433964024733874,Muito Baixo
32,48750,5.0,3000,13.49,0.06,7,0.0615384615384615,1,3,0,0,0,0,1,1,0,0,0,0,0,0,0,0.08565151925419584,Muito Baixo
31,25000,4.0,3000,8.9,0.12,8,0.12,0,1,0,1,0,0,0,1,0,0,0,0,0,0,0,0.11657115675332108,Muito Baixo
22,100000,6.0,9000,10.99,0.09,2,0.09,0,2,0,1,0,0,0,0,1,0,0,0,0,0,0,0.0421592383621298,Muito Baixo
29,35000,4.0,8300,7.9,0.24,7,0.2371428571428571,0,1,0,0,0,1,0,0,0,1,0,0,0,0,0,0.000980299021326908,Muito Baixo
25,63000,9.0,14000,12.42,0.22,2,0.2222222222222222,1,2,0,1,0,0,0,0,0,0,0,1,0,0,0,0.0929086558343312,Muito Baixo
22,27600,0.0,6700,15.31,0.24,3,0.2427536231884058,1,4,0,0,0,0,1,0,0,0,0,0,1,1,1,0.9041826904745123,Muito Alto
25,22000,3.0,7200,5.79,0.33,2,0.3272727272727272,0,1,0,0,0,0,1,0,0,0,0,0,1,1,1,0.9955642718231158,Muito Alto
31,49000,6.0,5600,6.03,0.11,6,0.1142857142857142,0,1,0,0,0,0,1,0,0,0,0,1,0,0,0,0.036437260648307615,Muito Baixo
25,25000,1.0,6000,16.4,0.24,2,0.24,1,5,0,0,0,0,1,1,0,0,0,0,0,1,1,0.999246646675563,Muito Alto
24,52800,1.0,8000,12.87,0.15,3,0.1515151515151515,1,3,1,0,0,0,1,0,0,0,1,0,0,0,0,0.0570076451512356,Muito Baixo
34,60000,6.0,10500,15.68,0.17,9,0.175,1,5,1,1,0,0,0,0,0,0,0,1,0,0,0,0.07162821066968728,Muito Baixo
29,66352,5.0,7000,7.88,0.11,5,0.1054979503255365,0,1,0,1,0,0,0,0,0,1,0,0,0,0,0,0.038933785350470894,Muito Baixo
24,20160,3.0,1500,13.35,0.07,4,0.0744047619047619,1,3,0,0,0,0,1,0,0,0,1,0,0,0,0,0.31466318610603894,Baixo
23,60000,7.0,10500,7.49,0.17,4,0.175,0,1,0,1,0,0,0,0,1,0,0,0,0,0,0,0.020713077725000237,Muito Baixo
29,24000,0.0,1000,9.99,0.04,7,0.0416666666666666,0,2,0,0,0,0,1,0,0,0,1,0,0,0,0,0.055543678998705805,Muito Baixo
25,55784,2.0,18500,13.61,0.33,3,0.3316363114871647,1,3,0,0,0,0,1,1,0,0,0,0,0,1,1,0.9908565014901562,Muito Alto
39,17721,0.0,3975,11.97,0.22,15,0.2243101405112578,1,3,1,0,0,1,0,1,0,0,0,0,0,1,1,0.9977999145527165,Muito Alto
34,63000,9.0,18000,11.49,0.29,9,0.2857142857142857,1,2,0,1,0,0,0,1,0,0,0,0,0,0,0,0.11954791055357782,Muito Baixo
28,48000,1.0,2650,11.26,0.06,6,0.0552083333333333,1,2,0,0,0,0,1,0,0,0,0,0,1,0,0,0.0019132449458561386,Muito Baixo
26,27983,7.0,6000,7.88,0.21,3,0.214415895365043,0,1,0,1,0,0,0,0,0,0,0,0,1,0,0,0.0011432656445856913,Muito Baixo
36,38795,4.0,2000,10.99,0.05,13,0.0515530351849465,0,2,0,1,0,0,0,0,0,1,0,0,0,0,0,0.23933020468815322,Baixo
24,66000,3.0,25000,9.91,0.38,2,0.3787878787878788,0,2,0,0,0,0,1,0,1,0,0,0,0,1,1,0.9931794887920584,Muito Alto
24,78000,0.0,5000,6.62,0.06,4,0.0641025641025641,0,1,0,1,0,0,0,0,0,1,0,0,0,0,0,0.12921556453992902,Muito Baixo
29,56033,7.0,16000,14.65,0.29,6,0.2855460175253868,1,3,0,1,0,0,0,0,0,0,0,0,1,0,0,0.24610123856753657,Baixo
28,110000,12.0,6000,6.03,0.05,5,0.0545454545454545,0,1,0,1,0,0,0,0,0,0,1,0,0,0,0,0.001965310155332884,Muito Baixo
25,45000,9.0,3000,6.17,0.07,4,0.0666666666666666,0,1,0,0,0,1,0,0,0,0,1,0,0,0,0,0.00018911573662325218,Muito Baixo
34,54000,18.0,4000,6.39,0.07,5,0.074074074074074,0,1,0,1,0,0,0,0,0,1,0,0,0,0,0,0.0828689251271135,Muito Baixo
53,85000,2.0,8000,7.74,0.09,28,0.0941176470588235,0,1,0,0,0,0,1,0,0,0,1,0,0,0,0,0.011926120084597083,Muito Baixo
27,125000,11.0,15975,12.72,0.13,8,0.1278,1,3,1,1,0,0,0,0,0,0,0,1,0,0,0,0.04880361478938416,Muito Baixo
24,47000,3.0,24000,17.8,0.51,2,0.5106382978723404,1,6,0,0,0,0,1,0,0,0,0,1,0,1,1,0.9965772905963698,Muito Alto
23,57000,0.0,12000,13.48,0.21,4,0.2105263157894736,1,3,0,0,0,0,1,0,1,0,0,0,0,0,0,0.06870591953001054,Muito Baixo
32,249996,4.0,14000,12.99,0.06,8,0.0560008960143362,1,3,0,1,0,0,0,0,0,0,0,1,0,0,0,0.039087148149841204,Muito Baixo
24,35000,8.0,7000,12.69,0.2,2,0.2,1,2,0,0,0,0,1,0,0,0,1,0,0,0,0,0.07778515803819935,Muito Baixo
30,200000,0.0,10000,8.59,0.05,7,0.05,0,1,0,1,0,0,0,0,0,1,0,0,0,0,0,0.05015801968249954,Muito Baixo
24,79400,8.0,12000,9.88,0.15,4,0.1511335012594458,0,2,0,1,0,0,0,0,0,1,0,0,0,0,0,0.10490745681175409,Muito Baixo
24,38000,8.0,4500,10.83,0.12,2,0.1184210526315789,0,2,0,0,0,0,1,0,0,0,1,0,0,0,0,0.09794496749635248,Muito Baixo
23,36000,7.0,4800,13.06,0.13,2,0.1333333333333333,1,3,1,1,0,0,0,0,0,0,0,0,1,0,0,0.09609136737348332,Muito Baixo
41,61000,7.0,15000,10.99,0.25,11,0.2459016393442623,0,2,0,1,0,0,0,1,0,0,0,0,0,0,0,0.06822959331106689,Muito Baixo
23,168000,6.0,15750,10.75,0.09,2,0.09375,0,2,0,1,0,0,0,0,0,0,0,1,0,0,0,0.04013028643879054,Muito Baixo
27,30000,4.0,8650,8.94,0.29,6,0.2883333333333333,0,1,0,0,0,0,1,0,0,0,0,1,0,0,0,0.34890681422785713,Baixo
24,78000,1.0,3500,11.83,0.04,3,0.0448717948717948,1,2,0,0,0,0,1,1,0,0,0,0,0,1,0,0.1751182457697035,Muito Baixo
22,54000,3.0,9000,7.51,0.17,3,0.1666666666666666,0,1,0,1,0,0,0,0,0,0,0,1,0,0,0,0.08100864973876631,Muito Baixo
26,84996,4.0,3600,11.99,0.04,2,0.0423549343498517,1,2,0,0,0,0,1,0,1,0,0,0,0,0,0,0.04586392564596045,Muito Baixo
28,41600,0.0,13000,11.58,0.31,9,0.3125,1,2,0,0,0,1,0,0,0,0,0,0,1,0,0,0.0002488111911201848,Muito Baixo
23,36000,2.0,17500,14.22,0.49,4,0.4861111111111111,1,3,0,0,0,0,1,0,0,0,0,0,1,1,1,0.9923041394995465,Muito Alto
25,73000,9.0,13600,11.99,0.19,2,0.1863013698630137,1,2,0,0,0,0,1,0,0,0,0,1,0,0,0,0.16319988506496444,Muito Baixo
24,57000,8.0,20000,19.13,0.35,3,0.3508771929824561,1,6,1,1,0,0,0,0,0,0,1,0,0,1,1,0.9768853647984838,Muito Alto
25,60000,2.0,20000,10.99,0.33,4,0.3333333333333333,0,2,0,0,0,0,1,0,1,0,0,0,0,1,1,0.9864365881296605,Muito Alto
24,99000,8.0,12250,9.88,0.12,2,0.1237373737373737,0,2,0,1,0,0,0,0,1,0,0,0,0,0,0,0.03839581569607095,Muito Baixo
22,52000,6.0,12000,11.99,0.23,3,0.2307692307692307,1,2,0,0,0,0,1,0,1,0,0,0,0,0,0,0.06508146864185577,Muito Baixo
27,60000,3.0,10000,12.53,0.17,10,0.1666666666666666,1,2,0,1,0,0,0,0,0,1,0,0,0,0,0,0.03947858741433289,Muito Baixo
23,30000,4.0,7000,7.49,0.23,3,0.2333333333333333,0,1,0,0,0,1,0,0,0,0,0,0,1,0,0,4.4800585047007135e-05,Muito Baixo
26,25000,7.0,11500,7.88,0.46,3,0.46,0,1,0,0,0,1,0,0,0,0,0,0,1,0,0,0.00029575519741425663,Muito Baixo
27,42000,0.0,4200,6.76,0.1,7,0.1,0,1,0,1,0,0,0,0,0,1,0,0,0,0,0,0.044812485712828164,Muito Baixo
27,235000,5.0,28000,15.96,0.12,9,0.1191489361702127,1,3,0,1,0,0,0,0,0,0,0,1,0,0,0,0.11883972621917642,Muito Baixo
23,140000,0.0,3500,5.79,0.03,3,0.025,0,1,0,1,0,0,0,0,1,0,0,0,0,0,0,0.0011252684242501366,Muito Baixo
23,44000,2.0,3000,9.25,0.07,3,0.0681818181818181,0,2,0,0,0,0,1,0,0,0,1,0,0,0,0,0.141106407284026,Muito Baixo
30,54996,4.0,8000,5.79,0.15,10,0.1454651247363444,0,1,0,0,0,0,1,1,0,0,0,0,0,0,0,0.018713968867550754,Muito Baixo
24,40000,1.0,9000,8.94,0.23,3,0.225,0,1,0,0,0,1,0,0,0,1,0,0,0,0,0,0.0011285614911942464,Muito Baixo
31,105600,5.0,17700,10.99,0.17,6,0.1676136363636363,0,2,0,0,0,0,1,1,0,0,0,0,0,0,0,0.048039867241611744,Muito Baixo
26,87000,10.0,10000,9.99,0.11,3,0.1149425287356321,0,2,0,1,0,0,0,1,0,0,0,0,0,0,0,0.05165102267795403,Muito Baixo
35,106369,2.0,8325,6.99,0.08,10,0.0782652840583252,0,1,0,1,0,0,0,0,0,0,0,0,1,0,0,0.00043146562291767395,Muito Baixo
33,75000,2.0,7500,10.08,0.1,9,0.1,0,2,0,1,0,0,0,1,0,0,0,0,0,1,0,0.030959578087414827,Muito Baixo
30,66000,14.0,11200,13.49,0.17,6,0.1696969696969697,1,3,0,1,0,0,0,1,0,0,0,0,0,1,0,0.16177443706810066,Muito Baixo
23,110000,7.0,20000,11.14,0.18,3,0.1818181818181818,1,2,0,1,0,0,0,0,0,0,0,0,1,0,0,0.0008643986940218005,Muito Baixo
22,53832,2.0,11700,12.87,0.22,2,0.2173428444048149,1,3,0,1,0,0,0,0,0,0,1,0,0,0,0,0.32498927513459197,Baixo
21,41033,2.0,5700,12.99,0.14,4,0.1389125825555041,1,3,0,1,0,0,0,1,0,0,0,0,0,0,0,0.10387411398307,Muito Baixo
27,85000,9.0,24000,11.71,0.28,10,0.2823529411764706,1,2,0,1,0,0,0,0,0,0,1,0,0,0,0,0.050033369526532506,Muito Baixo
21,52000,5.0,7000,7.49,0.13,4,0.1346153846153846,0,1,0,0,0,0,1,0,1,0,0,0,0,0,0,0.020106621565305172,Muito Baixo
25,100000,9.0,15000,12.73,0.15,4,0.15,1,3,1,1,0,0,0,0,0,0,1,0,0,0,0,0.04305212098664175,Muito Baixo
23,44160,4.0,10000,14.27,0.23,3,0.2264492753623188,1,3,1,0,0,0,1,0,1,0,0,0,0,0,0,0.2615102493349412,Baixo
23,28000,7.0,1500,14.17,0.05,4,0.0535714285714285,1,3,1,0,0,0,1,0,0,0,0,1,0,0,1,0.5229860281531471,Moderado
27,185232,10.0,35000,7.49,0.19,8,0.188952232875529,0,1,0,1,0,0,0,0,0,0,0,1,0,0,0,0.012771633202890357,Muito Baixo
23,66000,0.0,9200,11.86,0.14,2,0.1393939393939394,1,2,0,0,0,0,1,0,0,0,1,0,0,0,0,0.051204678178004566,Muito Baixo
22,60000,7.0,12000,10.0,0.2,3,0.2,0,2,0,1,0,0,0,0,0,0,0,1,0,0,0,0.05276346324037874,Muito Baixo
35,81000,15.0,5400,10.99,0.07,5,0.0666666666666666,0,2,0,1,0,0,0,1,0,0,0,0,0,0,0,0.04523816552960998,Muito Baixo
22,60000,3.0,6500,9.25,0.11,2,0.1083333333333333,0,2,0,0,0,0,1,0,0,0,0,1,0,0,0,0.034456869000152525,Muito Baixo
26,14400,1.0,1500,9.25,0.1,4,0.1041666666666666,0,2,0,0,0,0,1,0,0,0,0,1,0,0,1,0.6328070191117778,Alto
25,138000,3.0,9000,12.22,0.07,3,0.0652173913043478,1,3,0,1,0,0,0,0,1,0,0,0,0,0,0,0.11669002294691502,Muito Baixo
24,13200,1.0,4000,5.79,0.3,3,0.303030303030303,0,1,0,0,0,0,1,0,1,0,0,0,0,1,1,0.9729670022868164,Muito Alto
28,90000,7.0,12000,8.32,0.13,8,0.1333333333333333,0,1,0,1,0,0,0,0,1,0,0,0,0,0,0,0.026415057468043863,Muito Baixo
40,60000,1.0,3500,12.99,0.06,14,0.0583333333333333,1,3,1,1,0,0,0,0,0,1,0,0,0,0,0,0.03214097053713258,Muito Baixo
27,32496,4.0,9200,11.86,0.28,8,0.2831117676021664,1,2,0,0,0,1,0,0,0,0,0,0,1,0,0,7.694845219304554e-05,Muito Baixo
28,107364,12.0,8000,6.76,0.07,9,0.074512872098655,0,1,0,1,0,0,0,1,0,0,0,0,0,0,0,0.012841786119039822,Muito Baixo
28,104000,12.0,20000,15.31,0.19,9,0.1923076923076923,1,4,0,1,0,0,0,0,0,0,0,1,0,0,0,0.0852310135456451,Muito Baixo
22,58000,4.0,11050,6.54,0.19,4,0.1905172413793103,0,1,0,1,0,0,0,0,0,0,1,0,0,0,0,0.08102602667115501,Muito Baixo
23,37700,7.0,10000,9.63,0.27,3,0.2652519893899204,0,1,0,1,0,0,0,1,0,0,0,0,0,1,0,0.10951709016881221,Muito Baixo
27,38500,0.0,11500,12.42,0.3,9,0.2987012987012987,1,2,0,0,0,0,1,1,0,0,0,0,0,0,0,0.10557440699655224,Muito Baixo
30,25800,7.0,6000,5.99,0.23,6,0.2325581395348837,0,1,0,1,0,0,0,1,0,0,0,0,0,0,0,0.06957198820119001,Muito Baixo
26,148000,3.0,7500,18.39,0.05,3,0.0506756756756756,1,5,1,1,0,0,0,1,0,0,0,0,0,1,1,0.9864833287882255,Muito Alto
25,47000,9.0,7000,7.51,0.15,4,0.1489361702127659,0,1,0,0,0,1,0,0,0,0,0,1,0,0,0,0.0007435217146449706,Muito Baixo
22,25000,2.0,7000,13.85,0.28,3,0.28,1,3,1,0,0,0,1,0,0,0,0,1,0,0,0,0.23759865537563468,Baixo
27,44000,4.0,2000,13.35,0.05,5,0.0454545454545454,1,3,0,0,0,1,0,0,0,0,0,1,0,0,0,0.0020214385573981727,Muito Baixo
24,67000,5.0,20000,13.48,0.3,2,0.2985074626865671,1,3,1,0,0,0,1,0,0,1,0,0,0,0,0,0.1954201084342033,Muito Baixo
27,47000,2.0,4000,15.33,0.09,10,0.0851063829787234,1,4,1,0,0,0,1,0,0,1,0,0,0,1,1,0.9687516034329353,Muito Alto
22,61300,4.0,13000,9.63,0.21,3,0.2120717781402936,0,1,0,1,0,0,0,0,0,0,0,0,1,0,0,0.0009933628999505822,Muito Baixo
22,25200,7.0,7500,14.96,0.3,3,0.2976190476190476,1,4,0,0,0,0,1,1,0,0,0,0,0,1,1,0.9912184892147026,Muito Alto
26,77368,1.0,15000,10.0,0.19,3,0.1938786061420742,0,2,0,0,0,0,1,0,0,0,0,0,1,0,0,0.002477508799720004,Muito Baixo
29,48504,0.0,5000,13.98,0.1,5,0.103084281708725,1,3,1,0,0,0,1,1,0,0,0,0,0,0,0,0.11033027377323201,Muito Baixo
25,69000,3.0,10000,14.09,0.14,2,0.144927536231884,1,4,1,0,0,0,1,0,0,1,0,0,0,1,0,0.29387604588380284,Baixo
41,100000,3.0,12000,10.74,0.12,12,0.12,0,2,0,0,0,0,1,0,0,0,0,0,1,0,0,0.001195238383097051,Muito Baixo
23,85000,7.0,20000,13.22,0.24,4,0.2352941176470588,1,3,1,1,0,0,0,0,1,0,0,0,0,0,0,0.03284881734916894,Muito Baixo
23,24960,0.0,10000,9.64,0.4,4,0.4006410256410256,0,2,0,0,0,0,1,0,0,0,0,1,0,1,1,0.9940388661807162,Muito Alto
35,60000,12.0,16000,15.96,0.27,5,0.2666666666666666,1,3,1,1,0,0,0,0,0,0,1,0,0,0,0,0.33746440943311556,Baixo
28,34000,3.0,3000,10.37,0.09,10,0.088235294117647,0,2,0,0,0,0,1,0,0,0,1,0,0,1,0,0.30227541827967574,Baixo
21,27996,2.0,14075,10.99,0.5,2,0.5027503929132733,0,2,0,0,0,0,1,0,0,0,0,0,1,1,1,0.998734582794445,Muito Alto
28,100000,4.0,25000,15.31,0.25,6,0.25,1,4,0,1,0,0,0,0,0,0,0,0,1,1,0,0.12440296915863125,Muito Baixo
24,59000,3.0,6800,12.53,0.12,2,0.1152542372881356,1,3,0,1,0,0,0,0,1,0,0,0,0,1,0,0.1808768590165102,Muito Baixo
25,80000,9.0,14000,15.62,0.17,4,0.175,1,4,1,1,0,0,0,0,0,0,0,0,1,0,0,0.054233815282659505,Muito Baixo
32,39000,4.0,16700,7.51,0.43,8,0.4282051282051282,0,1,0,1,0,0,0,0,0,0,0,0,1,0,0,0.005489911087724987,Muito Baixo
25,136000,1.0,8000,12.87,0.06,3,0.0588235294117647,1,3,0,1,0,0,0,1,0,0,0,0,0,0,0,0.06530440239953032,Muito Baixo
25,54000,1.0,6000,6.17,0.11,4,0.1111111111111111,0,1,0,1,0,0,0,0,1,0,0,0,0,0,0,0.055994387879962984,Muito Baixo
27,60000,3.0,5075,5.99,0.08,8,0.0845833333333333,0,1,0,1,0,0,0,0,1,0,0,0,0,0,0,0.037970375084392195,Muito Baixo
42,52400,14.0,21000,10.38,0.4,13,0.4007633587786259,0,2,0,1,0,0,0,0,0,1,0,0,0,0,0,0.06175345778583702,Muito Baixo
30,49110,2.0,19775,12.42,0.4,9,0.4026674811647322,1,2,0,0,0,0,1,0,0,0,0,1,0,1,1,0.9974207377866832,Muito Alto
21,48000,5.0,7350,10.65,0.15,2,0.153125,0,2,0,1,0,0,0,0,0,0,0,0,1,0,0,0.0010309373249580821,Muito Baixo
25,100000,9.0,20000,13.06,0.2,3,0.2,1,3,1,0,0,0,1,0,0,0,0,1,0,0,0,0.05748613566449502,Muito Baixo
21,60000,5.0,10000,12.18,0.17,4,0.1666666666666666,1,2,0,0,0,0,1,0,0,0,1,0,0,0,0,0.04963562685099978,Muito Baixo
22,35000,6.0,5000,11.14,0.14,2,0.1428571428571428,1,2,0,0,0,1,0,0,0,0,1,0,0,0,0,0.0009823656139077508,Muito Baixo
24,61284,3.0,15000,18.25,0.24,4,0.2447620912473076,1,4,1,0,0,0,1,0,0,1,0,0,0,0,0,0.2020338634013456,Baixo
23,82000,0.0,14400,7.49,0.18,2,0.1756097560975609,0,1,0,1,0,0,0,0,0,0,1,0,0,0,0,0.01835591164831819,Muito Baixo
26,36000,2.0,15000,7.66,0.42,3,0.4166666666666667,0,1,0,0,0,0,1,0,0,0,0,1,0,1,1,0.9965374462878975,Muito Alto
29,54996,1.0,10000,9.99,0.18,10,0.1818314059204305,0,2,0,0,0,0,1,0,0,0,0,0,1,0,0,0.000982678914173794,Muito Baixo
24,140300,6.0,6000,11.14,0.04,3,0.0427655024946543,1,2,0,1,0,0,0,1,0,0,0,0,0,0,0,0.034366582723343427,Muito Baixo
29,40800,2.0,3500,11.97,0.09,9,0.0857843137254902,1,3,1,0,0,0,1,1,0,0,0,0,0,0,0,0.12729470913197982,Muito Baixo
22,29000,6.0,10000,7.29,0.34,3,0.3448275862068966,0,1,0,0,0,0,1,0,0,0,1,0,0,1,1,0.9969333469423082,Muito Alto
31,30000,2.0,2000,7.9,0.07,10,0.0666666666666666,0,1,0,1,0,0,0,0,0,0,0,1,0,0,0,0.08718157089408698,Muito Baixo
29,145000,0.0,14000,16.77,0.1,5,0.096551724137931,1,4,1,1,0,0,0,0,0,0,0,0,1,0,0,0.1676324231643481,Muito Baixo
26,35000,4.0,7200,11.11,0.21,4,0.2057142857142857,1,2,0,0,0,1,0,0,0,0,0,1,0,0,0,0.0003632195862324062,Muito Baixo
29,43200,13.0,4625,5.42,0.11,6,0.1070601851851851,0,1,0,0,0,1,0,0,0,0,0,1,0,0,0,0.000280862267768839,Muito Baixo
24,50000,2.0,12500,9.32,0.25,3,0.25,0,1,0,1,0,0,0,0,1,0,0,0,0,0,0,0.03708342664591388,Muito Baixo
35,34000,4.0,12800,8.94,0.38,7,0.3764705882352941,0,1,0,1,0,0,0,1,0,0,0,0,0,0,0,0.1947364687683998,Muito Baixo
28,63000,0.0,5000,13.67,0.08,7,0.0793650793650793,1,4,1,1,0,0,0,0,1,0,0,0,0,0,0,0.30599980989668074,Baixo
25,69000,5.0,8500,6.92,0.12,4,0.1231884057971014,0,1,0,0,0,0,1,0,0,1,0,0,0,1,0,0.05130921743807379,Muito Baixo
22,28150,0.0,1600,6.39,0.06,4,0.0568383658969804,0,1,0,0,0,0,1,0,0,0,1,0,0,0,0,0.03042059622903141,Muito Baixo
25,51000,6.0,3000,13.99,0.06,2,0.0588235294117647,1,3,0,1,0,0,0,0,1,0,0,0,0,0,0,0.15200724073752309,Muito Baixo
21,38000,3.0,10000,12.18,0.26,3,0.2631578947368421,1,2,0,0,0,0,1,0,0,0,0,1,0,0,0,0.1769582167961488,Muito Baixo
25,37200,6.0,7000,7.14,0.19,4,0.1881720430107527,0,1,0,0,0,0,1,0,0,0,0,0,1,0,0,0.0027915582096895274,Muito Baixo
21,96000,1.0,7000,12.53,0.07,4,0.0729166666666666,1,2,0,0,0,1,0,0,1,0,0,0,0,0,0,0.00029411083354870336,Muito Baixo
22,42000,6.0,4800,7.49,0.11,3,0.1142857142857142,0,1,0,0,0,1,0,0,0,0,0,0,1,0,0,1.725411853198896e-05,Muito Baixo
25,49700,2.0,7200,10.38,0.14,2,0.1448692152917505,0,2,0,0,0,0,1,0,0,0,0,1,0,1,0,0.09362856443566295,Muito Baixo
33,70000,3.0,20000,12.84,0.29,7,0.2857142857142857,1,3,1,1,0,0,0,0,0,0,0,0,1,0,0,0.05810866758151426,Muito Baixo
26,29136,0.0,10100,13.55,0.35,4,0.3466501922020867,1,4,1,0,0,0,1,0,0,0,0,1,0,1,1,0.9987353696987474,Muito Alto
22,40906,4.0,7500,9.63,0.18,2,0.1833471862318486,0,2,0,0,0,0,1,0,0,0,0,0,1,0,0,0.0024501838644022966,Muito Baixo
34,55000,6.0,2500,13.49,0.05,5,0.0454545454545454,1,3,0,1,0,0,0,0,0,0,0,1,0,0,0,0.07173761914442538,Muito Baixo
30,25716,1.0,3000,13.72,0.12,10,0.1166588894073728,1,3,0,0,0,0,1,0,0,0,0,1,0,0,0,0.3390960371622076,Baixo
27,70176,3.0,9000,7.88,0.13,8,0.1282489740082079,0,1,0,0,0,0,1,0,0,0,0,0,1,0,0,0.0009604238199102589,Muito Baixo
31,96588,2.0,20000,10.95,0.21,9,0.2070650598418023,0,2,0,0,0,0,1,0,0,1,0,0,0,0,0,0.17429806688111518,Muito Baixo
24,155000,5.0,12000,7.49,0.08,4,0.0774193548387096,0,1,0,1,0,0,0,0,0,0,0,1,0,0,0,0.014297696717880563,Muito Baixo
28,75000,12.0,15250,11.34,0.2,5,0.2033333333333333,1,3,0,1,0,0,0,0,0,0,0,0,1,0,0,0.05837579619563219,Muito Baixo
47,126000,1.0,10000,6.91,0.08,17,0.0793650793650793,0,1,0,0,0,0,1,0,0,0,1,0,0,0,0,0.0222522515424799,Muito Baixo
35,30000,2.0,3300,5.99,0.11,6,0.11,0,1,0,1,0,0,0,0,1,0,0,0,0,0,0,0.05308129406865694,Muito Baixo
29,75000,2.0,4000,8.49,0.05,6,0.0533333333333333,0,1,0,0,0,0,1,1,0,0,0,0,0,0,0,0.027938889651095575,Muito Baixo
28,186480,12.0,10000,14.22,0.05,9,0.0536250536250536,1,3,1,1,0,0,0,0,0,0,1,0,0,0,0,0.09621529118815254,Muito Baixo
25,60000,0.0,7000,9.25,0.12,4,0.1166666666666666,0,2,0,0,0,0,1,1,0,0,0,0,0,0,0,0.021585815681583687,Muito Baixo
25,108000,10.0,24250,10.75,0.22,2,0.224537037037037,0,2,0,1,0,0,0,0,0,1,0,0,0,0,0,0.046708745827088984,Muito Baixo
30,63500,9.0,12000,15.33,0.19,9,0.1889763779527559,1,4,1,1,0,0,0,0,0,0,0,0,1,0,0,0.2705178334743555,Baixo
25,100000,0.0,15000,6.03,0.15,3,0.15,0,1,0,1,0,0,0,0,1,0,0,0,0,0,0,0.0068959251794294745,Muito Baixo
23,27996,3.0,5500,12.53,0.2,2,0.1964566366623803,1,3,0,0,0,0,1,0,0,0,1,0,0,0,0,0.11015078638829466,Muito Baixo
22,73063,4.0,11200,13.48,0.15,2,0.153292364124112,1,3,1,1,0,0,0,0,0,0,0,1,0,0,0,0.1291873191244209,Muito Baixo
30,77500,2.0,9000,7.88,0.12,7,0.1161290322580645,0,1,0,1,0,0,0,1,0,0,0,0,0,0,0,0.02177504079774171,Muito Baixo
31,30000,1.0,15000,10.0,0.5,6,0.5,0,2,0,0,0,0,1,0,0,1,0,0,0,1,1,0.9992421093519612,Muito Alto
55,28800,1.0,5000,15.33,0.17,22,0.1736111111111111,1,4,0,0,0,1,0,0,0,0,0,1,0,0,0,0.0009131862317928725,Muito Baixo
26,20004,4.0,3600,10.99,0.18,4,0.1799640071985603,0,2,0,1,0,0,0,0,0,1,0,0,0,0,0,0.16215057037053596,Muito Baixo
25,41000,9.0,5000,11.71,0.12,2,0.1219512195121951,1,2,0,0,0,0,1,0,0,0,1,0,0,0,0,0.14978572461116252,Muito Baixo
28,45000,1.0,10000,9.91,0.22,5,0.2222222222222222,0,2,0,0,0,0,1,0,0,0,1,0,0,0,0,0.033371964692195666,Muito Baixo
36,43000,12.0,13600,15.58,0.32,12,0.3162790697674418,1,4,1,0,0,0,1,1,0,0,0,0,0,1,1,0.9994612404926299,Muito Alto
27,54120,2.0,6000,11.36,0.11,6,0.1108647450110864,1,2,0,1,0,0,0,0,0,0,0,0,1,0,0,0.0021597829399599452,Muito Baixo
26,95000,10.0,6600,7.51,0.07,4,0.0694736842105263,0,1,0,1,0,0,0,0,0,0,0,1,0,0,0,0.011708152809691764,Muito Baixo
25,29000,0.0,6000,13.49,0.21,3,0.2068965517241379,1,3,0,0,0,0,1,0,0,0,1,0,0,1,0,0.2612726127269156,Baixo
23,55000,1.0,1500,11.49,0.03,3,0.0272727272727272,1,2,0,1,0,0,0,0,0,0,0,0,1,0,0,0.0013471827618068536,Muito Baixo
27,66000,12.0,8400,16.49,0.13,7,0.1272727272727272,1,4,1,1,0,0,0,0,1,0,0,0,0,0,0,0.2567316563526474,Baixo
25,47000,1.0,6000,12.87,0.13,3,0.1276595744680851,1,3,1,0,0,0,1,0,1,0,0,0,0,0,0,0.0977251650549384,Muito Baixo
32,81400,2.0,20000,14.84,0.25,6,0.2457002457002457,1,4,1,0,0,0,1,0,0,0,0,0,1,1,1,0.9127896796570305,Muito Alto
23,49000,7.0,2400,7.66,0.05,3,0.0489795918367346,0,1,0,1,0,0,0,1,0,0,0,0,0,0,0,0.09053096121186562,Muito Baixo
24,26400,3.0,9000,11.49,0.34,3,0.3409090909090909,1,2,0,0,0,0,1,0,0,1,0,0,0,1,1,0.9982041498694489,Muito Alto
41,37000,2.0,3000,10.99,0.08,16,0.081081081081081,0,2,0,0,0,0,1,0,0,0,1,0,0,0,0,0.0751300203180699,Muito Baixo
23,42000,2.0,4000,5.79,0.1,4,0.0952380952380952,0,1,0,0,0,0,1,0,0,0,0,0,1,0,0,0.0009365837100108648,Muito Baixo
30,61828,10.0,4500,18.39,0.07,8,0.0727825580643074,1,5,0,0,0,0,1,0,0,0,0,1,0,0,0,0.1666320818176647,Muito Baixo
22,45000,1.0,20000,13.92,0.44,3,0.4444444444444444,1,3,1,0,0,0,1,1,0,0,0,0,0,1,1,0.9870029776457183,Muito Alto
22,60000,5.0,2100,14.65,0.04,2,0.035,1,3,0,0,0,0,1,1,0,0,0,0,0,0,0,0.14059122420510856,Muito Baixo
34,50000,0.0,3600,11.99,0.07,7,0.072,1,2,0,0,0,0,1,0,0,0,0,1,0,0,0,0.03723485393630827,Muito Baixo
22,75000,2.0,19600,12.42,0.26,3,0.2613333333333333,1,2,0,0,0,0,1,0,1,0,0,0,0,0,0,0.0576993402968929,Muito Baixo
22,52000,3.0,12000,13.57,0.23,2,0.2307692307692307,1,3,1,0,0,0,1,0,0,0,0,1,0,0,0,0.058225721667451526,Muito Baixo
37,33888,7.0,3200,12.86,0.09,16,0.0944287063267233,1,4,1,0,0,0,1,0,1,0,0,0,0,0,0,0.4962551675562731,Moderado
23,46800,7.0,9000,13.48,0.19,4,0.1923076923076923,1,3,1,0,0,1,0,0,0,0,0,0,1,0,0,0.0007904669138217154,Muito Baixo
21,12000,0.0,3000,7.88,0.25,3,0.25,0,1,0,0,0,0,1,0,0,0,0,0,1,1,1,0.9971060633703007,Muito Alto
44,140787,3.0,35000,16.49,0.21,15,0.2486024988102594,1,4,1,1,0,0,0,0,0,0,1,0,0,1,1,0.9938650202488422,Muito Alto
23,136000,2.0,9800,15.99,0.07,3,0.0720588235294117,1,4,1,1,0,0,0,0,0,0,0,1,0,0,0,0.20740348395320668,Baixo
25,35392,9.0,6000,7.4,0.17,3,0.1695298372513562,0,1,0,0,0,0,1,0,1,0,0,0,0,0,0,0.0854104393835211,Muito Baixo
31,30000,4.0,5000,7.49,0.17,7,0.1666666666666666,0,1,0,1,0,0,0,0,0,0,0,0,1,0,0,0.0016856719425834346,Muito Baixo
22,30000,2.0,3600,10.99,0.12,3,0.12,0,2,0,0,0,0,1,1,0,0,0,0,0,0,0,0.16266145214971084,Muito Baixo
26,99000,10.0,5000,11.49,0.05,2,0.0505050505050505,1,2,0,1,0,0,0,0,0,0,0,0,1,0,0,0.0018145232202874562,Muito Baixo
24,48200,3.0,5000,10.38,0.1,3,0.1037344398340249,0,2,0,0,0,0,1,0,0,0,0,0,1,0,0,0.0019975260962496796,Muito Baixo
22,76875,0.0,13750,7.49,0.18,4,0.1788617886178861,0,1,0,1,0,0,0,0,0,0,1,0,0,0,0,0.015533330008005431,Muito Baixo
29,75000,6.0,6500,10.74,0.09,5,0.0866666666666666,0,2,0,0,0,0,1,0,0,1,0,0,0,0,0,0.0760752440636367,Muito Baixo
26,67000,4.0,10400,8.9,0.16,4,0.1552238805970149,0,1,0,1,0,0,0,0,0,0,1,0,0,0,0,0.034432502911875246,Muito Baixo
24,53004,6.0,21000,10.65,0.4,3,0.3961965134706814,0,2,0,1,0,0,0,1,0,0,0,0,0,0,0,0.09012313620205563,Muito Baixo
47,93000,1.0,10000,10.99,0.11,16,0.1075268817204301,0,2,0,0,0,0,1,0,0,0,0,1,0,0,0,0.027114100219016623,Muito Baixo
24,44000,4.0,3600,5.79,0.08,2,0.0818181818181818,0,1,0,1,0,0,0,0,0,0,1,0,0,0,0,0.06105310924856596,Muito Baixo
24,54000,8.0,10000,10.99,0.19,3,0.1851851851851851,0,2,0,0,0,1,0,0,0,0,0,1,0,0,0,0.0013861293502764915,Muito Baixo
29,62000,10.0,3600,7.14,0.06,9,0.0580645161290322,0,1,0,1,0,0,0,0,1,0,0,0,0,0,0,0.03704731870890996,Muito Baixo
28,92000,4.0,15000,7.9,0.16,9,0.1630434782608695,0,1,0,0,0,0,1,1,0,0,0,0,0,0,0,0.017821664442451438,Muito Baixo
23,102000,2.0,6000,7.51,0.06,2,0.0588235294117647,0,1,0,1,0,0,0,0,0,0,0,1,0,0,0,0.01308325338013728,Muito Baixo
26,66000,3.0,25000,11.58,0.38,4,0.3787878787878788,1,2,0,0,0,0,1,0,0,1,0,0,0,1,1,0.9932713049074626,Muito Alto
22,60000,5.0,5600,7.49,0.09,4,0.0933333333333333,0,1,0,1,0,0,0,0,0,0,0,0,1,0,0,0.0004203457462045033,Muito Baixo
31,86000,1.0,25000,16.0,0.29,5,0.2906976744186046,1,4,1,0,0,0,1,1,0,0,0,0,0,1,1,0.9992874630117061,Muito Alto
48,19200,1.0,7000,13.48,0.36,16,0.3645833333333333,1,3,0,0,0,1,0,0,0,0,1,0,0,1,1,0.9993021654620304,Muito Alto
27,52275,7.0,20050,17.58,0.33,10,0.3835485413677666,1,4,1,0,0,0,1,0,0,0,1,0,0,1,1,0.999580655463762,Muito Alto
39,80000,0.0,5000,11.22,0.06,13,0.0625,1,3,0,0,0,1,0,0,0,0,1,0,0,0,0,0.0002065883367415366,Muito Baixo
26,48000,4.0,10000,5.79,0.21,4,0.2083333333333333,0,1,0,1,0,0,0,0,0,0,0,1,0,0,0,0.03654289247306798,Muito Baixo
22,150000,2.0,8200,6.99,0.05,3,0.0546666666666666,0,1,0,0,0,0,1,0,1,0,0,0,0,0,0,0.008504156916182172,Muito Baixo
48,80000,0.0,7700,9.63,0.1,11,0.09625,0,1,0,1,0,0,0,1,0,0,0,0,0,0,0,0.014138902477097967,Muito Baixo
25,96000,4.0,10925,12.69,0.11,4,0.1138020833333333,1,2,0,1,0,0,0,0,0,0,0,0,1,0,0,0.00223143029464407,Muito Baixo
24,37000,3.0,5500,9.2,0.15,2,0.1486486486486486,0,2,0,0,0,0,1,0,0,0,0,1,0,0,0,0.10902156830483786,Muito Baixo
28,51000,13.0,7500,16.49,0.15,7,0.1470588235294117,1,4,1,0,0,0,1,0,0,0,0,0,1,0,0,0.3296104476496783,Baixo
23,57600,1.0,4000,7.75,0.07,2,0.0694444444444444,0,1,0,0,0,0,1,1,0,0,0,0,0,0,0,0.049104067069402686,Muito Baixo
23,42048,7.0,8500,7.74,0.2,3,0.2021499238964992,0,1,0,1,0,0,0,0,1,0,0,0,0,0,0,0.06680416860030021,Muito Baixo
22,42000,6.0,2000,10.36,0.05,4,0.0476190476190476,0,2,0,0,0,0,1,0,1,0,0,0,0,0,0,0.11902316962666226,Muito Baixo
29,91560,8.0,22000,6.91,0.24,5,0.2402795980777632,0,1,0,1,0,0,0,0,0,0,0,1,0,0,0,0.016784818217066958,Muito Baixo
40,40000,12.0,13750,8.88,0.34,16,0.34375,0,2,0,0,0,1,0,0,0,1,0,0,0,0,0,0.00024567649475456247,Muito Baixo
50,69996,19.0,8000,9.32,0.11,17,0.1142922452711583,0,1,0,0,0,1,0,0,0,0,0,0,1,0,0,1.4051543932272004e-05,Muito Baixo
23,25920,4.0,10000,15.58,0.39,2,0.3858024691358024,1,4,0,0,0,0,1,0,1,0,0,0,0,1,1,0.9964092462142631,Muito Alto
28,95000,5.0,12000,13.11,0.13,9,0.1263157894736842,1,3,0,1,0,0,0,0,1,0,0,0,0,0,0,0.032047843571367175,Muito Baixo
24,30000,0.0,3600,7.49,0.12,4,0.12,0,1,0,0,0,0,1,0,0,0,0,1,0,0,0,0.10550457387404728,Muito Baixo
32,33280,6.0,2400,10.59,0.07,10,0.0721153846153846,0,2,0,1,0,0,0,0,0,1,0,0,0,0,0,0.47808899995213205,Moderado
22,52000,7.0,4300,13.48,0.08,2,0.0826923076923076,1,3,1,0,0,0,1,1,0,0,0,0,0,0,0,0.07648989660653538,Muito Baixo
27,50000,0.0,12000,6.62,0.24,8,0.24,0,1,0,1,0,0,0,0,0,0,0,0,1,0,0,0.00033445620187185404,Muito Baixo
24,22100,4.0,8000,13.23,0.36,2,0.3619909502262443,1,3,0,0,0,0,1,0,1,0,0,0,0,1,1,0.9956500198513494,Muito Alto
26,65000,5.0,3200,11.71,0.05,3,0.0492307692307692,1,2,0,0,0,0,1,1,0,0,0,0,0,0,0,0.05882529987952787,Muito Baixo
28,58868,12.0,8400,13.57,0.14,9,0.1426921247536862,1,3,1,1,0,0,0,0,0,0,1,0,0,0,0,0.47757834420829,Moderado
32,21120,0.0,10000,7.49,0.47,6,0.4734848484848485,0,1,0,0,0,0,1,0,0,0,1,0,0,1,1,0.9942012662595007,Muito Alto
21,45996,2.0,17000,13.16,0.37,4,0.3695973562918515,1,3,1,1,0,0,0,0,1,0,0,0,0,1,0,0.09681083993148848,Muito Baixo
23,52000,8.0,6600,7.49,0.13,3,0.1269230769230769,0,1,0,0,0,0,1,1,0,0,0,0,0,0,0,0.028941556825976197,Muito Baixo
22,21600,1.0,9000,9.83,0.42,4,0.4166666666666667,0,2,0,0,0,0,1,0,0,0,0,0,1,1,1,0.9990552064092854,Muito Alto
28,43000,4.0,13800,6.91,0.32,6,0.3209302325581395,0,1,0,1,0,0,0,0,0,0,1,0,0,0,0,0.07540055275376327,Muito Baixo
59,40000,5.0,3600,7.49,0.09,24,0.09,0,1,0,1,0,0,0,0,0,0,0,1,0,0,0,0.01778954470119457,Muito Baixo
24,48000,2.0,14550,9.62,0.3,3,0.303125,0,2,0,0,0,0,1,1,0,0,0,0,0,0,0,0.04144810571983094,Muito Baixo
22,30000,5.0,10000,13.98,0.33,2,0.3333333333333333,1,3,1,0,0,0,1,0,0,0,0,1,0,1,1,0.9931759728465982,Muito Alto
26,59000,7.0,500,9.76,0.01,2,0.0084745762711864,0,2,0,1,0,0,0,0,0,1,0,0,0,0,0,0.24717864637253603,Baixo
29,90000,3.0,15000,6.99,0.17,8,0.1666666666666666,0,1,0,1,0,0,0,0,1,0,0,0,0,0,0,0.011051118414903307,Muito Baixo
22,42500,0.0,1500,17.19,0.04,4,0.0352941176470588,1,5,1,0,0,0,1,0,0,0,1,0,0,1,1,0.9931081273026516,Muito Alto
26,65000,10.0,5000,7.51,0.08,2,0.0769230769230769,0,1,0,1,0,0,0,1,0,0,0,0,0,0,0,0.030286616932509326,Muito Baixo
35,36153,2.0,3000,11.86,0.08,8,0.0829806655049373,1,4,0,1,0,0,0,0,0,0,0,1,0,0,0,0.20110444634632732,Baixo
36,38208,2.0,1500,15.31,0.04,15,0.0392587939698492,1,4,1,1,0,0,0,0,0,0,0,0,1,0,0,0.22450204348157043,Baixo
22,144500,5.0,18000,13.72,0.12,3,0.1245674740484429,1,3,0,0,0,0,1,1,0,0,0,0,0,0,0,0.1264191427914344,Muito Baixo
27,90000,5.0,15000,7.49,0.17,5,0.1666666666666666,0,1,0,1,0,0,0,0,0,1,0,0,0,0,0,0.012980532569741809,Muito Baixo
25,45000,7.0,7500,8.0,0.17,3,0.1666666666666666,0,1,0,1,0,0,0,0,1,0,0,0,0,0,0,0.08700033739795218,Muito Baixo
24,71496,5.0,15000,15.95,0.21,3,0.2098019469620678,1,4,1,1,0,0,0,0,0,0,0,1,0,0,0,0.1005932256322141,Muito Baixo
39,100000,0.0,6000,14.11,0.06,16,0.06,1,4,0,1,0,0,0,0,0,0,0,0,1,0,0,0.04572635577263927,Muito Baixo
35,41000,0.0,8000,10.83,0.2,6,0.1951219512195122,0,2,0,1,0,0,0,1,0,0,0,0,0,0,0,0.07433040010469906,Muito Baixo
28,202040,12.0,12000,14.46,0.06,8,0.0593941793704217,1,4,1,1,0,0,0,0,0,0,0,1,0,0,0,0.055773359760711544,Muito Baixo
69,24000,3.0,6000,6.62,0.25,20,0.25,0,1,0,0,0,0,1,0,0,0,1,0,0,0,0,0.00738171267233886,Muito Baixo
22,54000,1.0,5000,6.54,0.09,3,0.0925925925925925,0,1,0,0,0,0,1,1,0,0,0,0,0,1,0,0.08437610467811048,Muito Baixo
35,90000,0.0,12000,10.99,0.13,6,0.1333333333333333,0,2,0,0,0,0,1,1,0,0,0,0,0,0,0,0.016953463910881875,Muito Baixo
29,159996,1.0,10000,11.86,0.06,7,0.0625015625390634,1,2,0,0,0,1,0,0,0,1,0,0,0,0,0,0.000633555801110138,Muito Baixo
22,15996,3.0,4000,13.35,0.25,2,0.2500625156289072,1,3,1,0,0,0,1,1,0,0,0,0,0,1,1,0.9677582598709813,Muito Alto
25,48000,3.0,9000,13.79,0.19,2,0.1875,1,3,1,0,0,0,1,0,0,0,1,0,0,0,0,0.08278297063082295,Muito Baixo
24,30000,1.0,3000,10.37,0.1,2,0.1,0,2,0,0,0,0,1,0,0,0,0,1,0,0,0,0.27076192402123406,Baixo
23,130000,2.0,10000,11.36,0.08,3,0.0769230769230769,1,2,0,1,0,0,0,0,0,0,0,1,0,0,0,0.04209596799795962,Muito Baixo
29,300000,1.0,16000,11.58,0.05,8,0.0533333333333333,1,2,0,0,0,0,1,0,0,1,0,0,0,0,0,0.08633857043298972,Muito Baixo
29,32400,2.0,10625,10.99,0.33,8,0.3279320987654321,0,2,0,1,0,0,0,1,0,0,0,0,0,0,0,0.1180749036668945,Muito Baixo
29,30000,7.0,9000,6.91,0.3,8,0.3,0,1,0,0,0,0,1,0,0,1,0,0,0,1,1,0.8932608550723439,Muito Alto
25,35000,5.0,9600,9.91,0.27,2,0.2742857142857143,0,2,0,0,0,0,1,0,0,0,0,0,1,0,0,0.0016183787942902661,Muito Baixo
26,40000,10.0,6925,15.99,0.17,4,0.173125,1,4,0,0,0,0,1,0,0,0,0,1,0,0,0,0.20263542834980242,Baixo
31,36000,8.0,1600,10.59,0.04,7,0.0444444444444444,0,2,0,1,0,0,0,0,1,0,0,0,0,0,0,0.16985258753188176,Muito Baixo
22,135000,0.0,10800,8.0,0.08,4,0.08,0,1,0,1,0,0,0,1,0,0,0,0,0,0,0,0.01851167663530703,Muito Baixo
28,24000,8.0,8875,10.65,0.37,9,0.3697916666666667,0,2,0,0,0,0,1,0,0,0,0,0,1,1,1,0.9979926172475422,Muito Alto
23,45000,6.0,5600,11.71,0.12,3,0.1244444444444444,1,2,0,1,0,0,0,0,0,0,1,0,0,0,0,0.19900561391848826,Muito Baixo
22,76000,6.0,7000,11.12,0.09,2,0.0921052631578947,1,2,0,0,0,0,1,0,1,0,0,0,0,0,0,0.06589425037725032,Muito Baixo
27,39000,4.0,7200,10.65,0.18,5,0.1846153846153846,0,2,0,0,0,0,1,1,0,0,0,0,0,1,0,0.22817300729752296,Baixo
29,162350,12.0,25000,21.64,0.13,9,0.1539882968894364,1,7,1,0,0,0,1,0,0,0,1,0,0,1,1,0.9993774790725466,Muito Alto
22,70000,3.0,18000,14.42,0.26,3,0.2571428571428571,1,4,0,1,0,0,0,0,1,0,0,0,0,0,0,0.07712674398291132,Muito Baixo
40,25920,2.0,4750,15.31,0.18,17,0.1832561728395061,1,4,0,0,0,1,0,0,0,1,0,0,0,0,0,0.001807897918456804,Muito Baixo
22,95000,6.0,12000,10.99,0.13,4,0.1263157894736842,0,2,0,1,0,0,0,1,0,0,0,0,0,0,0,0.03317651506268334,Muito Baixo
24,115500,2.0,3200,16.29,0.03,2,0.0277056277056277,1,4,0,1,0,0,0,0,1,0,0,0,0,0,0,0.058146783067594174,Muito Baixo
33,98000,3.0,25000,11.83,0.26,10,0.2551020408163265,1,2,0,1,0,0,0,0,0,0,0,0,1,0,0,0.0041838699347705585,Muito Baixo
23,90000,7.0,8500,5.79,0.09,4,0.0944444444444444,0,1,0,0,0,1,0,0,0,0,1,0,0,0,0,9.409873645109926e-05,Muito Baixo
34,65000,5.0,21200,9.99,0.33,6,0.3261538461538461,0,2,0,1,0,0,0,0,1,0,0,0,0,0,0,0.035217699659507294,Muito Baixo
30,55000,2.0,11500,7.9,0.21,9,0.209090909090909,0,1,0,1,0,0,0,0,1,0,0,0,0,0,0,0.02954878113158042,Muito Baixo
23,81600,7.0,9000,7.49,0.11,3,0.1102941176470588,0,1,0,1,0,0,0,0,0,0,0,0,1,0,0,0.0008425812054430025,Muito Baixo
26,59700,5.0,15000,10.99,0.25,4,0.2512562814070351,0,2,0,1,0,0,0,0,0,0,0,0,1,0,0,0.0011215149067646476,Muito Baixo
39,42000,0.0,11000,13.55,0.26,12,0.2619047619047619,1,4,0,0,0,0,1,0,0,0,0,1,0,1,1,0.856350665235911,Muito Alto
23,52800,4.0,14000,14.27,0.27,4,0.2651515151515151,1,3,0,0,0,0,1,0,0,0,0,0,1,0,0,0.18122071426579547,Muito Baixo
25,61959,9.0,25000,12.73,0.4,4,0.4034926322245356,1,3,1,0,0,0,1,0,1,0,0,0,0,1,1,0.9917701613800045,Muito Alto
25,85000,9.0,1000,9.32,0.01,2,0.0117647058823529,0,1,0,1,0,0,0,0,0,0,0,1,0,0,0,0.02477305163289566,Muito Baixo
27,18000,3.0,8000,10.75,0.44,10,0.4444444444444444,0,2,0,0,0,0,1,0,1,0,0,0,0,1,1,0.9996651113860047,Muito Alto
31,103000,8.0,14000,9.91,0.14,7,0.1359223300970873,0,2,0,1,0,0,0,1,0,0,0,0,0,0,0,0.04187770760774021,Muito Baixo
24,82000,8.0,5325,10.99,0.06,3,0.0649390243902439,0,2,0,1,0,0,0,0,0,0,0,0,1,0,0,0.001146116358458715,Muito Baixo
23,45000,8.0,13000,10.99,0.29,2,0.2888888888888888,0,2,0,1,0,0,0,0,0,0,0,0,1,0,0,0.0009397198836910256,Muito Baixo
23,27000,2.0,5000,16.77,0.19,2,0.1851851851851851,1,5,1,0,0,0,1,0,0,0,1,0,0,1,1,0.9955173407147723,Muito Alto
25,70000,9.0,1000,12.69,0.01,2,0.0142857142857142,1,2,0,1,0,0,0,0,0,0,0,1,0,0,0,0.03696681646517162,Muito Baixo
28,50400,8.0,18500,16.02,0.37,5,0.367063492063492,1,4,0,0,0,0,1,0,1,0,0,0,0,1,1,0.9947518784456817,Muito Alto
33,24000,2.0,6000,10.25,0.25,6,0.25,0,2,0,1,0,0,0,1,0,0,0,0,0,0,0,0.05701942036654949,Muito Baixo
28,67000,3.0,12000,10.99,0.18,5,0.1791044776119403,0,2,0,0,0,0,1,0,0,1,0,0,0,0,0,0.07403004511169721,Muito Baixo
25,25000,4.0,8500,6.03,0.34,2,0.34,0,1,0,0,0,1,0,0,1,0,0,0,0,0,0,0.000604503782606908,Muito Baixo
25,78996,9.0,4500,8.63,0.06,2,0.0569649096156767,0,1,0,0,0,0,1,0,1,0,0,0,0,0,0,0.19970091958274067,Muito Baixo
22,51996,4.0,3500,9.62,0.07,2,0.0673128702207862,0,2,0,0,0,0,1,0,0,0,0,1,0,0,0,0.059099042966417756,Muito Baixo
28,23350,8.0,4900,7.88,0.21,6,0.2098501070663811,0,1,0,0,0,0,1,0,0,0,1,0,0,0,0,0.07896276649789072,Muito Baixo
27,32000,3.0,4500,9.99,0.14,8,0.140625,0,2,0,1,0,0,0,0,0,1,0,0,0,1,0,0.30313330073528,Baixo
22,60000,0.0,13000,8.94,0.22,2,0.2166666666666666,0,1,0,0,0,0,1,1,0,0,0,0,0,0,0,0.01757511439889666,Muito Baixo
30,69000,0.0,14000,10.14,0.2,10,0.2028985507246377,0,2,0,1,0,0,0,1,0,0,0,0,0,1,0,0.05584498432186379,Muito Baixo
24,72000,4.0,4000,7.88,0.06,3,0.0555555555555555,0,1,0,0,0,0,1,1,0,0,0,0,0,0,0,0.023391728399825257,Muito Baixo
29,51000,12.0,1800,11.49,0.04,8,0.0352941176470588,1,2,0,1,0,0,0,0,0,0,0,1,0,0,0,0.28482038514233016,Baixo
27,75000,11.0,12000,9.91,0.16,10,0.16,0,2,0,1,0,0,0,0,1,0,0,0,0,1,0,0.044782021951307927,Muito Baixo
51,74628,3.0,3000,13.49,0.04,18,0.0401993889692876,1,3,1,1,0,0,0,0,0,0,0,1,0,0,0,0.0634392390878783,Muito Baixo
22,70000,6.0,6000,11.49,0.09,2,0.0857142857142857,1,2,0,1,0,0,0,0,0,0,0,0,1,0,0,0.0015564893215250797,Muito Baixo
22,60000,0.0,10000,11.14,0.17,4,0.1666666666666666,1,2,0,0,0,0,1,0,0,0,1,0,0,0,0,0.024013707519675083,Muito Baixo
33,120000,9.0,25000,11.36,0.21,8,0.2083333333333333,1,2,0,0,0,0,1,1,0,0,0,0,0,0,0,0.04783981767853552,Muito Baixo
30,70000,6.0,10200,6.91,0.15,8,0.1457142857142857,0,1,0,1,0,0,0,0,0,1,0,0,0,0,0,0.02291331225852872,Muito Baixo
21,50252,4.0,5000,11.46,0.1,2,0.0994985274217941,1,2,0,0,0,0,1,1,0,0,0,0,0,0,0,0.0740822974337645,Muito Baixo
34,130000,5.0,20000,10.65,0.15,10,0.1538461538461538,0,2,0,1,0,0,0,1,0,0,0,0,0,0,0,0.023401361841625792,Muito Baixo
24,49278,4.0,11000,13.22,0.22,2,0.2232233451032915,1,3,0,0,0,0,1,0,0,0,0,0,1,0,0,0.14900991905732083,Muito Baixo
31,30000,3.0,9450,8.49,0.32,8,0.315,0,1,0,1,0,0,0,0,0,0,0,1,0,0,0,0.2610366664223318,Baixo
35,110000,2.0,11500,11.49,0.1,10,0.1045454545454545,1,2,0,0,0,0,1,0,0,0,0,0,1,0,0,0.0018847528435316323,Muito Baixo
22,64000,6.0,15000,13.23,0.23,3,0.234375,1,3,1,1,0,0,0,0,0,0,0,0,1,0,0,0.17292047148917397,Muito Baixo
35,62000,0.0,9475,6.03,0.15,5,0.1528225806451613,0,1,0,1,0,0,0,0,1,0,0,0,0,0,0,0.009577449962111295,Muito Baixo
23,30000,4.0,4000,16.32,0.13,4,0.1333333333333333,1,4,1,1,0,0,0,0,0,0,1,0,0,1,1,0.9747195358382661,Muito Alto
21,53000,5.0,3000,7.51,0.06,4,0.0566037735849056,0,1,0,0,0,1,0,0,0,0,1,0,0,0,0,0.0004330846905159728,Muito Baixo
26,108000,1.0,6000,7.49,0.06,4,0.0555555555555555,0,1,0,1,0,0,0,0,1,0,0,0,0,0,0,0.010554496220330407,Muito Baixo
27,75000,11.0,21000,15.2,0.28,8,0.28,1,5,0,1,0,0,0,0,1,0,0,0,0,0,0,0.1908504313344265,Muito Baixo
39,117996,6.0,7500,13.24,0.06,14,0.0635614766602257,1,4,1,0,0,0,1,0,0,1,0,0,0,1,0,0.09498077197752035,Muito Baixo
26,48000,3.0,4000,5.79,0.08,2,0.0833333333333333,0,1,0,0,0,0,1,0,0,0,0,0,1,0,0,0.0020554805066042743,Muito Baixo
34,50000,11.0,4000,8.9,0.08,8,0.08,0,1,0,1,0,0,0,0,0,0,0,0,1,0,0,0.0009171172672694449,Muito Baixo
27,118500,4.0,15000,6.91,0.13,9,0.1265822784810126,0,1,0,1,0,0,0,1,0,0,0,0,0,0,0,0.027978910807733445,Muito Baixo
29,60000,9.0,9000,12.23,0.15,10,0.15,1,3,0,0,0,1,0,0,0,0,0,1,0,0,0,0.0005117725258688943,Muito Baixo
34,125000,0.0,9175,10.99,0.07,5,0.0734,0,2,0,1,0,0,0,0,0,0,1,0,0,0,0,0.05075387019153985,Muito Baixo
50,68000,5.0,10000,11.49,0.15,16,0.1470588235294117,1,2,0,1,0,0,0,0,0,0,0,1,0,0,0,0.07985559556816206,Muito Baixo
21,37000,0.0,4000,10.08,0.11,3,0.1081081081081081,0,2,0,0,0,0,1,0,0,0,0,1,0,0,0,0.13093557544040693,Muito Baixo
25,45000,3.0,9000,6.62,0.2,3,0.2,0,1,0,1,0,0,0,0,1,0,0,0,0,0,0,0.040434406291167485,Muito Baixo
34,57000,1.0,10000,11.14,0.18,8,0.175438596491228,1,2,0,0,0,0,1,0,1,0,0,0,0,0,0,0.09963259244584198,Muito Baixo
24,110000,8.0,10000,15.62,0.09,4,0.0909090909090909,1,4,1,1,0,0,0,0,0,0,0,1,0,0,0,0.06709685022203521,Muito Baixo
22,50000,1.0,11000,7.49,0.22,3,0.22,0,1,0,0,0,0,1,0,1,0,0,0,0,0,0,0.023086375533666166,Muito Baixo
34,25200,6.0,12000,13.48,0.48,10,0.4761904761904761,1,3,0,0,0,0,1,0,0,0,0,1,0,1,1,0.9976098050575254,Muito Alto
28,64049,7.0,20000,12.69,0.31,7,0.3122609252291214,1,2,0,1,0,0,0,0,1,0,0,0,0,0,0,0.1351909625868976,Muito Baixo
24,61650,4.0,6500,6.03,0.11,4,0.105433901054339,0,1,0,1,0,0,0,0,0,1,0,0,0,0,0,0.017695374460856103,Muito Baixo
51,62046,8.0,8000,7.49,0.13,30,0.1289365954291977,0,1,0,0,0,0,1,0,0,0,0,0,1,0,0,0.002252561624380173,Muito Baixo
24,64000,8.0,8000,7.9,0.13,2,0.125,0,1,0,0,0,0,1,0,0,1,0,0,0,0,0,0.10109989078102066,Muito Baixo
25,79000,3.0,14000,6.92,0.18,2,0.1772151898734177,0,1,0,0,0,1,0,0,0,0,0,0,1,0,0,2.5077450500238226e-05,Muito Baixo
25,72000,8.0,18000,7.66,0.25,3,0.25,0,1,0,0,0,1,0,0,1,0,0,0,0,0,0,0.0005369087581138385,Muito Baixo
23,37460,2.0,7125,13.99,0.19,4,0.1902028830752803,1,3,0,1,0,0,0,0,1,0,0,0,0,0,0,0.13465783716549506,Muito Baixo
28,42000,4.0,5000,5.42,0.12,5,0.119047619047619,0,1,0,0,0,0,1,0,0,0,1,0,0,0,0,0.022115127744162046,Muito Baixo
41,38200,4.0,8875,19.03,0.23,11,0.2323298429319371,1,5,0,0,0,0,1,0,0,0,1,0,0,0,1,0.6143121026824521,Alto
37,45000,11.0,12000,12.21,0.27,12,0.2666666666666666,1,2,0,0,0,1,0,0,1,0,0,0,0,0,0,0.0007938491678231745,Muito Baixo
23,75000,3.0,10200,12.68,0.14,2,0.136,1,3,1,1,0,0,0,0,0,0,0,0,1,0,0,0.03817912239580359,Muito Baixo
25,69500,7.0,7000,10.78,0.1,3,0.1007194244604316,0,3,1,0,0,0,1,0,0,0,1,0,0,0,0,0.05347966905004091,Muito Baixo
33,68500,6.0,8000,10.62,0.12,6,0.1167883211678832,0,2,0,0,0,0,1,0,0,1,0,0,0,0,0,0.09679765286944528,Muito Baixo
24,60000,2.0,5000,13.99,0.08,2,0.0833333333333333,1,3,1,0,0,0,1,0,0,0,1,0,0,0,0,0.09745084204737521,Muito Baixo
23,21360,0.0,7500,7.14,0.35,4,0.351123595505618,0,1,0,0,0,0,1,0,0,0,1,0,0,1,1,0.9875941577535358,Muito Alto
22,45000,1.0,8000,12.84,0.18,3,0.1777777777777777,1,3,1,0,0,0,1,1,0,0,0,0,0,0,0,0.05446147049218923,Muito Baixo
25,37700,7.0,9000,11.58,0.24,2,0.2387267904509283,1,2,0,1,0,0,0,0,1,0,0,0,0,1,0,0.1734490186538477,Muito Baixo
23,38004,5.0,5000,6.91,0.13,4,0.1315650984106936,0,1,0,0,0,0,1,0,1,0,0,0,0,0,0,0.05461535634579572,Muito Baixo
24,120000,0.0,6000,10.99,0.05,3,0.05,0,2,0,0,0,0,1,0,0,0,0,1,0,0,0,0.03626825942657393,Muito Baixo
28,42000,5.0,6000,5.42,0.14,9,0.1428571428571428,0,1,0,1,0,0,0,0,0,1,0,0,0,0,0,0.036962433071480706,Muito Baixo
34,34000,0.0,8000,7.9,0.24,7,0.2352941176470588,0,1,0,0,0,0,1,0,0,0,0,1,0,0,0,0.3675875941756592,Baixo
22,124000,6.0,11000,13.48,0.09,3,0.0887096774193548,1,3,0,1,0,0,0,0,0,0,1,0,0,0,0,0.06851897579869888,Muito Baixo
35,54996,1.0,3000,12.21,0.05,5,0.0545494217761291,1,2,0,0,0,0,1,0,0,0,0,0,1,0,0,0.003793651114652878,Muito Baixo
26,38400,8.0,9100,15.37,0.24,2,0.2369791666666666,1,4,1,0,0,0,1,0,0,0,0,0,1,0,0,0.37024929114567967,Baixo
23,50000,2.0,7000,9.32,0.14,3,0.14,0,1,0,0,0,0,1,0,1,0,0,0,0,0,0,0.03150026111876071,Muito Baixo
32,37000,4.0,6000,10.36,0.16,8,0.1621621621621621,0,2,0,0,0,0,1,0,0,0,1,0,0,0,0,0.10318512968977968,Muito Baixo
33,50000,0.0,12000,13.49,0.24,7,0.24,1,3,0,0,0,0,1,0,0,0,0,0,1,0,0,0.06890671916722155,Muito Baixo
28,62000,2.0,12800,13.16,0.21,5,0.2064516129032258,1,3,1,0,0,0,1,0,0,0,1,0,0,0,0,0.05213111898105433,Muito Baixo
22,60000,6.0,6125,6.17,0.1,2,0.1020833333333333,0,1,0,1,0,0,0,0,0,0,1,0,0,0,0,0.015744609561396027,Muito Baixo
40,132000,18.0,11200,12.68,0.08,11,0.0848484848484848,1,3,1,0,0,0,1,0,1,0,0,0,0,0,0,0.06628345591642336,Muito Baixo
22,25200,7.0,4000,12.73,0.16,2,0.1587301587301587,1,3,0,1,0,0,0,0,0,0,1,0,0,1,0,0.19915287690592176,Muito Baixo
32,25000,3.0,11200,7.88,0.45,5,0.448,0,1,0,0,1,0,0,1,0,0,0,0,0,1,1,0.9648736160634066,Muito Alto
36,74000,9.0,1500,10.62,0.02,16,0.0202702702702702,0,2,0,1,0,0,0,0,1,0,0,0,0,0,0,0.19054694893147725,Muito Baixo
21,23000,2.0,7000,8.9,0.3,3,0.3043478260869565,0,1,0,1,0,0,0,0,0,0,1,0,0,0,0,0.07035892428387366,Muito Baixo
24,120000,8.0,20000,7.9,0.17,4,0.1666666666666666,0,1,0,1,0,0,0,0,0,0,0,0,1,0,0,0.0003419664179666168,Muito Baixo
22,169000,1.0,14000,11.14,0.08,3,0.0828402366863905,1,2,0,0,0,0,1,0,0,0,0,1,0,0,0,0.03213276204062366,Muito Baixo
23,115000,3.0,13000,11.83,0.11,4,0.1130434782608695,1,2,0,1,0,0,0,0,1,0,0,0,0,0,0,0.023484851914242683,Muito Baixo
24,55243,6.0,2900,9.62,0.04,2,0.0524953387759535,0,2,0,1,0,0,0,0,0,0,1,0,0,1,0,0.1925393024534607,Muito Baixo
22,93600,6.0,5000,9.99,0.05,2,0.0534188034188034,0,2,0,1,0,0,0,0,1,0,0,0,0,0,0,0.02506016497442157,Muito Baixo
38,22000,2.0,2350,14.17,0.11,16,0.1068181818181818,1,3,1,0,0,0,1,1,0,0,0,0,0,0,0,0.35318813476499833,Baixo
25,44000,1.0,15000,14.59,0.34,3,0.3409090909090909,1,4,0,0,0,0,1,0,1,0,0,0,0,1,1,0.9988410003509952,Muito Alto
42,66500,8.0,6000,10.25,0.09,15,0.0902255639097744,0,2,0,0,0,0,1,0,0,0,0,0,1,0,0,0.0026068868667488195,Muito Baixo
23,97600,7.0,14500,7.51,0.15,2,0.1485655737704918,0,1,0,1,0,0,0,0,0,0,1,0,0,0,0,0.023572133368526725,Muito Baixo
23,39000,1.0,6000,15.99,0.15,3,0.1538461538461538,1,4,1,0,0,0,1,1,0,0,0,0,0,1,1,0.9995443213449743,Muito Alto
26,56810,10.0,2500,13.48,0.04,3,0.0440063369125154,1,3,1,1,0,0,0,1,0,0,0,0,0,0,0,0.09208880361821813,Muito Baixo
21,159800,5.0,30000,15.62,0.16,2,0.1877346683354192,1,4,0,1,0,0,0,0,0,0,1,0,0,1,1,0.9806432379481992,Muito Alto
22,40000,0.0,6000,8.0,0.15,3,0.15,0,1,0,0,0,1,0,0,1,0,0,0,0,0,0,0.0003463199947027655,Muito Baixo
25,35000,9.0,4800,11.14,0.14,2,0.1371428571428571,1,2,0,0,0,0,1,0,0,0,0,0,1,0,0,0.002218969823456825,Muito Baixo
23,36000,2.0,16750,15.28,0.47,4,0.4652777777777778,1,4,1,0,0,0,1,0,0,0,1,0,0,1,1,0.9998294791354811,Muito Alto
25,54000,5.0,5100,9.62,0.09,4,0.0944444444444444,0,2,0,1,0,0,0,1,0,0,0,0,0,0,0,0.15226585901195122,Muito Baixo
36,75000,5.0,10000,11.99,0.13,12,0.1333333333333333,1,2,0,0,0,0,1,0,0,1,0,0,0,0,0,0.07133573570781403,Muito Baixo
29,53000,0.0,5000,5.42,0.09,6,0.0943396226415094,0,1,0,0,0,0,1,0,0,1,0,0,0,0,0,0.07761833206307324,Muito Baixo
25,50000,2.0,20000,11.71,0.4,4,0.4,1,2,0,0,0,1,0,0,0,1,0,0,0,0,0,0.0007884341613491151,Muito Baixo
42,33564,5.0,6000,16.29,0.18,15,0.1787629603146228,1,4,0,0,0,0,1,0,0,0,0,1,0,1,0,0.2317777977093453,Baixo
27,33000,6.0,12000,7.51,0.36,7,0.3636363636363636,0,1,0,1,0,0,0,0,0,0,0,0,1,0,0,0.007149270812199309,Muito Baixo
24,65453,9.0,24250,15.7,0.31,2,0.3704948589063908,1,4,0,0,0,0,1,0,0,0,1,0,0,1,1,0.9993394991741011,Muito Alto
24,45000,0.0,10625,14.27,0.24,4,0.2361111111111111,1,3,0,1,0,0,0,0,1,0,0,0,0,1,0,0.18541371824406727,Muito Baixo
39,60000,1.0,17000,14.65,0.28,14,0.2833333333333333,1,3,1,1,0,0,0,0,1,0,0,0,0,0,0,0.07972593095729519,Muito Baixo
21,30000,3.0,6000,8.94,0.2,2,0.2,0,1,0,0,0,0,1,0,0,0,1,0,0,0,0,0.13617282549266382,Muito Baixo
40,95000,12.0,5000,10.65,0.05,16,0.0526315789473684,0,2,0,0,0,1,0,0,0,1,0,0,0,0,0,0.00035847784211406484,Muito Baixo
26,99900,10.0,2700,7.49,0.03,3,0.027027027027027,0,1,0,1,0,0,0,0,0,0,0,1,0,0,0,0.00957756931071252,Muito Baixo
29,92000,2.0,25000,19.42,0.27,8,0.2717391304347826,1,5,0,1,0,0,0,0,1,0,0,0,0,0,0,0.3241818086631916,Baixo
24,92000,7.0,15000,11.11,0.16,4,0.1630434782608695,1,2,0,1,0,0,0,0,0,0,0,1,0,0,0,0.06119010859159651,Muito Baixo
21,75000,5.0,12000,12.09,0.16,2,0.16,1,3,1,0,0,0,1,0,0,0,0,1,0,0,0,0.07472392155483541,Muito Baixo
31,14400,0.0,4200,14.17,0.29,8,0.2916666666666667,1,3,1,0,0,0,1,1,0,0,0,0,0,1,1,0.9889004154346811,Muito Alto
22,54000,0.0,10000,15.95,0.19,4,0.1851851851851851,1,5,0,0,0,0,1,0,0,0,0,0,1,1,1,0.9788464212387943,Muito Alto
23,75000,2.0,3700,6.03,0.05,2,0.0493333333333333,0,1,0,0,0,0,1,1,0,0,0,0,0,0,0,0.006001116416127194,Muito Baixo
33,90000,0.0,12000,6.03,0.13,6,0.1333333333333333,0,1,0,0,0,0,1,1,0,0,0,0,0,0,0,0.002368478788643504,Muito Baixo
23,59000,1.0,17500,9.25,0.3,4,0.2966101694915254,0,2,0,0,0,0,1,0,1,0,0,0,0,0,0,0.052777650699782436,Muito Baixo
26,33800,4.0,13000,13.57,0.38,2,0.3846153846153846,1,3,1,0,0,0,1,0,0,0,0,1,0,1,1,0.9979080134348459,Muito Alto
26,61000,10.0,4200,7.29,0.07,4,0.0688524590163934,0,1,0,1,0,0,0,0,0,0,0,1,0,0,0,0.03687873893650405,Muito Baixo
27,45000,6.0,3600,12.42,0.08,8,0.08,1,2,0,0,0,0,1,0,0,0,0,0,1,0,0,0.005829660860911693,Muito Baixo
28,158000,6.0,15000,7.9,0.09,5,0.0949367088607595,0,1,0,1,0,0,0,0,0,0,1,0,0,0,0,0.023453020263326074,Muito Baixo
22,94692,5.0,20000,11.49,0.21,4,0.211211084357707,1,2,0,1,0,0,0,0,1,0,0,0,0,0,0,0.027873890779158722,Muito Baixo
24,30000,0.0,10000,14.61,0.33,3,0.3333333333333333,1,4,0,0,0,0,1,0,0,0,1,0,0,1,1,0.9993269127032184,Muito Alto
22,60000,5.0,9000,5.99,0.15,4,0.15,0,1,0,0,0,0,1,0,0,0,0,1,0,0,0,0.013885602596288014,Muito Baixo
28,41400,2.0,14000,13.48,0.34,6,0.3381642512077294,1,3,0,0,0,0,1,1,0,0,0,0,0,1,1,0.990315643351846,Muito Alto
33,46709,4.0,6200,10.99,0.13,8,0.1327367316791196,0,2,0,1,0,0,0,0,1,0,0,0,0,0,0,0.09477024874233034,Muito Baixo
22,44000,4.0,16000,14.74,0.36,3,0.3636363636363636,1,4,1,1,0,0,0,0,0,0,1,0,0,1,1,0.9740764437330154,Muito Alto
26,155000,7.0,24000,10.99,0.15,4,0.1548387096774193,0,2,0,0,0,0,1,1,0,0,0,0,0,0,0,0.06359315749948358,Muito Baixo
29,32000,6.0,10800,13.57,0.34,6,0.3375,1,3,0,0,0,0,1,1,0,0,0,0,0,1,1,0.991867777016677,Muito Alto
37,174996,11.0,6500,13.35,0.04,17,0.0371437061418546,1,3,1,1,0,0,0,0,0,0,1,0,0,0,0,0.03996222963896232,Muito Baixo
29,107220,9.0,10000,10.99,0.09,10,0.0932661816825219,0,2,0,1,0,0,0,0,0,1,0,0,0,0,0,0.06921727540315749,Muito Baixo
22,47000,2.0,6000,5.42,0.13,3,0.1276595744680851,0,1,0,0,0,0,1,0,0,0,1,0,0,0,0,0.013542275511396196,Muito Baixo
35,126400,0.0,13000,10.38,0.1,8,0.1028481012658227,0,2,0,1,0,0,0,1,0,0,0,0,0,0,0,0.0252621401897062,Muito Baixo
22,53000,0.0,4000,10.39,0.08,2,0.0754716981132075,0,2,0,1,0,0,0,1,0,0,0,0,0,0,0,0.055513444938307434,Muito Baixo
22,50724,7.0,6300,15.96,0.12,4,0.1242015613910575,1,3,1,0,0,0,1,0,1,0,0,0,0,0,0,0.11053925539993086,Muito Baixo
42,153936,26.0,20000,7.49,0.13,15,0.1299241243114021,0,1,0,0,0,1,0,0,0,0,0,1,0,0,0,0.00029947121373659065,Muito Baixo
49,60000,7.0,7000,13.48,0.12,13,0.1166666666666666,1,3,0,0,0,1,0,0,0,0,0,1,0,0,0,0.0005410367642462669,Muito Baixo
38,50000,8.0,20000,13.85,0.4,14,0.4,1,3,0,0,0,0,1,0,0,0,1,0,0,1,1,0.9885614527555265,Muito Alto
32,45000,8.0,2100,6.99,0.05,10,0.0466666666666666,0,1,0,1,0,0,0,1,0,0,0,0,0,0,0,0.02722069759441895,Muito Baixo
25,33772,3.0,3600,16.02,0.11,3,0.1065971810967665,1,4,1,0,0,0,1,0,0,0,0,0,1,1,1,0.5744420234426545,Moderado
30,75000,0.0,15000,12.98,0.2,8,0.2,1,3,0,1,0,0,0,0,0,1,0,0,0,0,0,0.0839122953923107,Muito Baixo
23,34560,5.0,9600,16.02,0.28,3,0.2777777777777778,1,4,1,0,0,0,1,1,0,0,0,0,0,1,1,0.9892748608018225,Muito Alto
33,43000,6.0,8000,10.0,0.19,8,0.1860465116279069,0,2,0,0,0,0,1,0,1,0,0,0,0,0,0,0.14828921780692023,Muito Baixo
21,20000,4.0,5600,10.75,0.28,4,0.28,0,2,0,0,0,0,1,0,0,0,1,0,0,0,0,0.07806397387851786,Muito Baixo
23,42900,6.0,1000,6.76,0.02,3,0.0233100233100233,0,1,0,0,0,1,0,0,0,0,1,0,0,0,0,0.0006886801495952208,Muito Baixo
24,48602,0.0,9500,12.73,0.2,4,0.1954652071931196,1,3,0,0,0,0,1,0,0,0,1,0,0,0,0,0.0711383770200655,Muito Baixo
25,68000,3.0,6500,16.29,0.1,3,0.0955882352941176,1,4,1,1,0,0,0,0,0,1,0,0,0,0,0,0.1255087915824724,Muito Baixo
25,75600,7.0,15000,12.68,0.2,3,0.1984126984126984,1,3,1,1,0,0,0,0,0,0,1,0,0,0,0,0.06329200385229816,Muito Baixo
29,73000,2.0,8000,7.4,0.11,7,0.1095890410958904,0,1,0,0,0,0,1,0,0,1,0,0,0,0,0,0.05993541244006164,Muito Baixo
34,36500,4.0,6500,15.65,0.18,10,0.1780821917808219,1,4,0,0,0,0,1,1,0,0,0,0,0,1,1,0.9891651648497666,Muito Alto
27,24000,0.0,10000,7.68,0.42,9,0.4166666666666667,0,1,0,0,0,0,1,0,0,0,1,0,0,1,1,0.9945557538622651,Muito Alto
38,103970,0.0,15000,14.35,0.14,14,0.1442723862652688,1,3,1,1,0,0,0,1,0,0,0,0,0,0,0,0.1452476986487455,Muito Baixo
25,130000,7.0,10000,7.49,0.08,2,0.0769230769230769,0,1,0,0,0,0,1,0,0,1,0,0,0,0,0,0.031109690668681893,Muito Baixo
33,60000,7.0,18000,8.49,0.3,5,0.3,0,1,0,0,0,0,1,0,0,1,0,0,0,0,0,0.06374995817475315,Muito Baixo
29,87000,6.0,4800,8.94,0.06,5,0.0551724137931034,0,1,0,1,0,0,0,0,0,0,0,0,1,0,0,0.0012348485896742495,Muito Baixo
25,60000,2.0,12500,11.49,0.21,2,0.2083333333333333,1,2,0,1,0,0,0,0,0,0,1,0,0,0,0,0.0911724749758763,Muito Baixo
28,119000,2.0,5325,10.38,0.04,7,0.0447478991596638,0,2,0,1,0,0,0,0,0,0,1,0,0,0,0,0.021665200942867797,Muito Baixo
22,34000,6.0,5000,9.63,0.15,3,0.1470588235294117,0,1,0,1,0,0,0,0,1,0,0,0,0,0,1,0.550315478109284,Moderado
26,96000,2.0,10000,15.28,0.1,2,0.1041666666666666,1,4,1,0,0,0,1,0,1,0,0,0,0,1,1,0.774804806005295,Alto
24,67500,2.0,14400,11.71,0.21,2,0.2133333333333333,1,2,0,1,0,0,0,0,1,0,0,0,0,0,0,0.11702625445489485,Muito Baixo
61,53000,3.0,7000,7.49,0.13,23,0.1320754716981132,0,1,0,1,0,0,0,0,0,0,0,1,0,0,0,0.024827146406665352,Muito Baixo
23,19136,4.0,5500,17.93,0.29,3,0.2874163879598662,1,5,1,0,0,0,1,0,1,0,0,0,0,1,1,0.9427826650186039,Muito Alto
23,39000,5.0,8400,13.79,0.22,2,0.2153846153846154,1,3,0,0,0,0,1,0,0,0,0,1,0,1,0,0.325360507159491,Baixo
22,50000,6.0,3000,10.99,0.06,3,0.06,0,2,0,0,0,0,1,0,0,0,0,1,0,0,0,0.05319517532722708,Muito Baixo
27,80000,5.0,35000,13.48,0.44,8,0.4375,1,3,0,1,0,0,0,0,0,0,0,0,1,0,0,0.07459570782509799,Muito Baixo
43,44000,18.0,8000,9.32,0.18,15,0.1818181818181818,0,1,0,0,0,1,0,0,0,0,1,0,0,0,0,0.000497947971646078,Muito Baixo
22,43200,6.0,5000,12.69,0.12,2,0.1157407407407407,1,2,0,0,0,0,1,0,1,0,0,0,0,0,0,0.13740782436682203,Muito Baixo
28,39500,11.0,11000,7.14,0.28,8,0.2784810126582278,0,1,0,1,0,0,0,0,1,0,0,0,0,0,0,0.19225161082036127,Muito Baixo
26,30000,3.0,4000,14.27,0.13,2,0.1333333333333333,1,3,1,0,0,0,1,0,0,0,1,0,0,1,0,0.11007132470015646,Muito Baixo
29,47000,2.0,5000,10.62,0.11,9,0.1063829787234042,0,2,0,0,0,0,1,0,0,0,1,0,0,0,0,0.07416868296115621,Muito Baixo
47,31400,1.0,6500,9.32,0.21,16,0.2070063694267516,0,1,0,0,0,0,1,0,0,0,0,0,1,0,0,0.0033104409955293937,Muito Baixo
30,115000,3.0,20000,11.11,0.17,7,0.1739130434782608,1,2,0,0,0,0,1,1,0,0,0,0,0,0,0,0.042200499238525334,Muito Baixo
35,46000,2.0,12800,13.48,0.28,8,0.2782608695652174,1,3,1,0,0,0,1,0,0,0,0,1,0,0,0,0.08352915125507687,Muito Baixo
26,75000,10.0,9250,12.69,0.12,4,0.1233333333333333,1,2,0,0,0,1,0,0,0,0,1,0,0,0,0,0.00039954037673124124,Muito Baixo
26,80000,0.0,6300,5.79,0.08,4,0.07875,0,1,0,1,0,0,0,0,1,0,0,0,0,0,0,0.010637296359118286,Muito Baixo
24,45000,0.0,6000,17.19,0.13,3,0.1333333333333333,1,5,1,0,0,0,1,0,1,0,0,0,0,1,1,0.9451712316987221,Muito Alto
44,36000,5.0,4000,16.29,0.11,11,0.1111111111111111,1,4,0,0,0,1,0,0,1,0,0,0,0,0,0,0.0010695362017060094,Muito Baixo
24,62472,2.0,5500,12.73,0.09,2,0.0880394416698681,1,3,0,0,0,0,1,0,1,0,0,0,0,0,0,0.07599988278999832,Muito Baixo
24,56496,5.0,2000,9.32,0.04,3,0.0354007363353157,0,1,0,0,0,0,1,0,1,0,0,0,0,0,0,0.09552909310173159,Muito Baixo
21,21000,2.0,6250,13.85,0.3,3,0.2976190476190476,1,3,0,0,0,0,1,0,1,0,0,0,0,0,0,0.06254214698421759,Muito Baixo
33,57000,7.0,15000,10.39,0.26,7,0.2631578947368421,0,2,0,1,0,0,0,0,1,0,0,0,0,0,0,0.16842063090837073,Muito Baixo
33,83000,14.0,18000,8.49,0.22,6,0.216867469879518,0,1,0,1,0,0,0,1,0,0,0,0,0,0,0,0.051517180760633115,Muito Baixo
26,49000,2.0,8400,18.25,0.17,4,0.1714285714285714,1,4,1,0,0,0,1,0,0,0,0,0,1,1,1,0.9662518675570348,Muito Alto
22,33504,3.0,12000,13.98,0.36,3,0.3581661891117478,1,3,1,0,0,0,1,0,0,0,0,1,0,1,1,0.9938459716111194,Muito Alto
38,91200,0.0,9000,12.68,0.1,16,0.0986842105263157,1,3,0,1,0,0,0,0,0,1,0,0,0,0,0,0.05897315428208801,Muito Baixo
28,120000,5.0,22000,13.72,0.18,6,0.1833333333333333,1,3,1,1,0,0,0,0,0,0,1,0,0,0,0,0.10705342213936336,Muito Baixo
29,24960,13.0,4000,5.42,0.16,6,0.1602564102564102,0,1,0,0,0,0,1,0,0,0,0,0,1,0,0,0.002852355387108279,Muito Baixo
24,26650,6.0,1000,12.53,0.04,2,0.0375234521575985,1,2,0,1,0,0,0,0,0,0,1,0,0,0,0,0.26697248143677926,Baixo
32,18000,0.0,4750,7.88,0.26,6,0.2638888888888889,0,1,0,0,0,1,0,0,0,0,0,0,1,1,1,0.999594103801673,Muito Alto
30,41000,14.0,18000,9.01,0.44,7,0.4390243902439024,0,2,0,1,0,0,0,0,0,1,0,0,0,0,0,0.07572809223107207,Muito Baixo
28,40000,2.0,5000,10.99,0.13,10,0.125,0,2,0,1,0,0,0,0,0,0,0,0,1,0,0,0.0009683937448712835,Muito Baixo
24,46500,2.0,8000,15.23,0.17,2,0.1720430107526881,1,3,1,0,0,0,1,0,0,1,0,0,0,1,1,0.7064465457520325,Alto
26,45000,3.0,1500,10.25,0.03,3,0.0333333333333333,0,2,0,0,0,0,1,0,0,0,0,0,1,0,0,0.0013636069295674237,Muito Baixo
41,45000,2.0,16000,12.99,0.36,14,0.3555555555555555,1,3,0,0,0,0,1,0,0,0,1,0,0,1,1,0.9890094074209492,Muito Alto
28,91000,11.0,7000,6.99,0.08,6,0.0769230769230769,0,1,0,0,0,1,0,0,0,0,0,0,1,0,0,9.423575344360539e-06,Muito Baixo
34,72000,8.0,10000,13.49,0.14,8,0.1388888888888889,1,3,1,1,0,0,0,0,0,1,0,0,0,0,0,0.05868443276268449,Muito Baixo
21,33000,2.0,11000,13.11,0.33,3,0.3333333333333333,1,3,1,0,0,1,0,0,1,0,0,0,0,0,0,0.000936638332895615,Muito Baixo
22,37200,6.0,7000,7.9,0.19,4,0.1881720430107527,0,1,0,0,0,0,1,1,0,0,0,0,0,1,0,0.13165861619335448,Muito Baixo
30,24000,4.0,6000,5.79,0.25,9,0.25,0,1,0,0,0,1,0,0,0,0,0,1,0,0,0,0.0006527772848802338,Muito Baixo
24,26000,6.0,10000,10.99,0.38,4,0.3846153846153846,0,2,0,0,0,0,1,0,0,0,0,1,0,1,1,0.9947259826392971,Muito Alto
22,100000,0.0,20000,12.21,0.2,3,0.2,1,2,0,0,0,0,1,0,0,0,0,1,0,0,0,0.05918995241165008,Muito Baixo
36,145000,0.0,25000,10.99,0.17,15,0.1724137931034483,0,2,0,0,0,0,1,0,0,0,1,0,0,0,0,0.03693762813879159,Muito Baixo
27,51996,7.0,7600,14.17,0.15,8,0.1461650896222786,1,3,0,0,0,0,1,0,0,1,0,0,0,0,0,0.3737848657820131,Baixo
24,32000,2.0,2000,10.59,0.06,3,0.0625,0,2,0,0,0,0,1,0,1,0,0,0,0,1,0,0.23816663182681608,Baixo
40,27599,6.0,3000,10.25,0.11,17,0.1086995905648755,0,2,0,0,0,0,1,0,0,0,0,0,1,0,0,0.0037087311767935705,Muito Baixo
23,140000,7.0,9000,7.14,0.06,2,0.0642857142857142,0,1,0,0,0,0,1,0,0,0,0,0,1,0,0,0.0009877860521897925,Muito Baixo
33,50500,2.0,4000,15.31,0.08,8,0.0792079207920792,1,4,1,1,0,0,0,0,0,0,1,0,0,1,1,0.9695339857654116,Muito Alto
24,90000,9.0,15000,14.42,0.17,3,0.1666666666666666,1,4,1,0,0,0,1,0,0,0,0,0,1,0,0,0.09943954785460124,Muito Baixo
27,12000,2.0,5000,8.49,0.42,10,0.4166666666666667,0,1,0,0,0,0,1,0,0,0,1,0,0,1,1,0.9997679612015035,Muito Alto
22,50000,0.0,13000,12.42,0.26,2,0.26,1,2,0,0,0,0,1,1,0,0,0,0,0,0,0,0.04708758689178852,Muito Baixo
25,100000,2.0,10000,7.51,0.1,4,0.1,0,1,0,1,0,0,0,0,0,0,0,1,0,0,0,0.010585807545800378,Muito Baixo
23,49800,2.0,2400,11.83,0.05,2,0.0481927710843373,1,2,0,0,0,0,1,0,0,0,0,1,0,0,0,0.13398930247459448,Muito Baixo
22,36000,2.0,12000,7.51,0.33,4,0.3333333333333333,0,1,0,1,0,0,0,0,0,0,0,1,0,0,0,0.10462703226055875,Muito Baixo
23,30000,3.0,4500,10.62,0.15,3,0.15,0,2,0,1,0,0,0,0,0,0,0,1,0,0,0,0.16530811375640608,Muito Baixo
22,61000,6.0,12000,7.29,0.2,3,0.1967213114754098,0,1,0,1,0,0,0,1,0,0,0,0,0,0,0,0.03115725939757703,Muito Baixo
27,45000,12.0,10400,14.65,0.23,9,0.2311111111111111,1,3,0,0,0,0,1,1,0,0,0,0,0,0,0,0.2630722020366393,Baixo
25,49000,2.0,3000,12.68,0.06,3,0.0612244897959183,1,3,1,0,0,0,1,0,0,0,0,0,1,1,0,0.11688401226572372,Muito Baixo
34,73000,7.0,20675,7.49,0.28,7,0.2832191780821917,0,1,0,1,0,0,0,0,0,1,0,0,0,0,0,0.04907158373717336,Muito Baixo
22,78000,6.0,21600,11.26,0.28,3,0.2769230769230769,1,2,0,0,0,0,1,1,0,0,0,0,0,1,0,0.12264219330402001,Muito Baixo
24,19000,3.0,7400,13.85,0.39,2,0.3894736842105263,1,3,0,0,0,1,0,0,0,0,1,0,0,1,1,0.9976635818658361,Muito Alto
23,78000,3.0,20000,11.58,0.26,3,0.2564102564102564,1,2,0,0,0,0,1,0,0,0,0,0,1,0,0,0.006533558047242584,Muito Baixo
34,72000,2.0,10000,7.51,0.14,7,0.1388888888888889,0,1,0,0,0,0,1,0,0,1,0,0,0,0,0,0.029791791278582447,Muito Baixo
22,46000,1.0,6200,15.31,0.13,4,0.1347826086956521,1,4,0,0,0,0,1,1,0,0,0,0,0,1,1,0.998798681390602,Muito Alto
23,30000,5.0,3000,12.18,0.1,2,0.1,1,2,0,0,0,1,0,0,0,0,0,1,0,0,0,0.0013562700522375122,Muito Baixo
26,36000,1.0,7000,8.94,0.19,3,0.1944444444444444,0,1,0,0,0,0,1,0,0,0,0,0,1,0,0,0.0033267421250226226,Muito Baixo
28,39000,0.0,9600,7.49,0.25,8,0.2461538461538461,0,1,0,0,0,0,1,0,0,0,1,0,0,0,0,0.044928268798843665,Muito Baixo
37,48000,3.0,7500,16.29,0.16,12,0.15625,1,4,1,0,0,0,1,0,0,0,1,0,0,0,0,0.45988886220276043,Moderado
24,56000,5.0,13000,8.94,0.23,3,0.2321428571428571,0,1,0,1,0,0,0,0,0,0,0,0,1,0,0,0.000813587699475029,Muito Baixo
29,58000,4.0,14000,6.62,0.24,5,0.2413793103448276,0,1,0,0,0,0,1,0,0,0,0,1,0,0,0,0.0421327656406232,Muito Baixo
29,38000,0.0,2450,13.48,0.06,6,0.0644736842105263,1,3,1,1,0,0,0,0,0,1,0,0,0,0,0,0.232722106334529,Baixo
29,51996,2.0,2000,13.72,0.04,6,0.0384644972690206,1,3,1,0,0,0,1,1,0,0,0,0,0,0,0,0.08427624195727791,Muito Baixo
24,46700,5.0,8000,15.65,0.17,3,0.171306209850107,1,4,1,0,0,0,1,0,1,0,0,0,0,0,0,0.15864333179075762,Muito Baixo
38,55550,1.0,22500,7.49,0.41,12,0.405040504050405,0,1,0,1,0,0,0,0,0,1,0,0,0,0,0,0.10746570651549849,Muito Baixo
25,125000,6.0,8000,9.63,0.06,2,0.064,0,1,0,1,0,0,0,0,0,0,1,0,0,0,0,0.02005529338628223,Muito Baixo
29,77000,3.0,5000,7.14,0.06,7,0.0649350649350649,0,1,0,1,0,0,0,0,0,0,0,1,0,0,0,0.030835772646735052,Muito Baixo
25,14400,7.0,5375,5.79,0.37,2,0.3732638888888889,0,1,0,0,0,1,0,0,1,0,0,0,0,1,1,0.9988022195020165,Muito Alto
24,74000,0.0,20000,12.69,0.27,3,0.2702702702702703,1,2,0,0,0,0,1,0,0,1,0,0,0,0,1,0.5847070820411451,Moderado
23,95000,1.0,19800,13.22,0.21,4,0.2084210526315789,1,3,1,1,0,0,0,0,1,0,0,0,0,1,0,0.02230448428335699,Muito Baixo
22,20000,7.0,1675,7.74,0.08,3,0.08375,0,1,0,0,0,0,1,0,1,0,0,0,0,0,0,0.1537347051694608,Muito Baixo
23,30000,0.0,4000,10.36,0.13,3,0.1333333333333333,0,2,0,0,0,0,1,1,0,0,0,0,0,0,0,0.13237157654547832,Muito Baixo
33,53000,2.0,10000,8.94,0.19,9,0.1886792452830188,0,1,0,0,0,0,1,0,1,0,0,0,0,0,0,0.04096193950800023,Muito Baixo
36,48450,2.0,10000,13.61,0.21,15,0.2063983488132094,1,3,0,0,0,0,1,1,0,0,0,0,0,0,0,0.08414960342785781,Muito Baixo
23,80196,2.0,30000,9.91,0.37,3,0.3740834954361813,0,2,0,0,0,1,0,0,0,0,0,1,0,0,0,0.0005153635557799553,Muito Baixo
25,80000,9.0,6000,6.03,0.07,4,0.075,0,1,0,1,0,0,0,0,0,0,0,0,1,0,0,0.0003361965329583373,Muito Baixo
31,45000,8.0,7500,10.62,0.17,5,0.1666666666666666,0,2,0,1,0,0,0,0,0,0,0,0,1,0,0,0.0013559349107152064,Muito Baixo
23,84000,2.0,20000,12.61,0.24,2,0.238095238095238,1,4,1,1,0,0,0,0,1,0,0,0,0,0,0,0.170904126727879,Muito Baixo
25,31200,4.0,4200,8.9,0.13,3,0.1346153846153846,0,1,0,0,0,0,1,0,0,0,1,0,0,0,0,0.10058686760330285,Muito Baixo
24,120000,0.0,5775,6.17,0.05,2,0.048125,0,1,0,0,0,0,1,0,0,0,0,0,1,0,0,0.0002667554912287225,Muito Baixo
31,190000,4.0,9000,6.03,0.05,7,0.0473684210526315,0,1,0,1,0,0,0,1,0,0,0,0,0,0,0,0.006279177732281019,Muito Baixo
21,22000,4.0,5325,12.42,0.24,3,0.2420454545454545,1,2,0,0,0,0,1,0,0,0,0,1,0,1,0,0.21882225676461511,Baixo
26,18000,1.0,2400,13.06,0.13,2,0.1333333333333333,1,3,1,0,0,0,1,0,0,0,0,0,1,1,0,0.07391253225543049,Muito Baixo
23,45000,1.0,10000,12.21,0.22,2,0.2222222222222222,1,2,0,1,0,0,0,0,0,0,1,0,0,0,0,0.16787758692129184,Muito Baixo
33,54000,7.0,32000,15.23,0.59,7,0.5925925925925926,1,3,1,1,0,0,0,0,0,0,1,0,0,1,1,0.6642820512868457,Alto
23,102000,5.0,35000,7.9,0.34,3,0.3431372549019608,0,1,0,1,0,0,0,0,0,0,0,1,0,0,0,0.02758534473221471,Muito Baixo
30,67275,4.0,6500,8.94,0.1,7,0.0966183574879227,0,1,0,0,0,0,1,0,0,1,0,0,0,0,0,0.08180280098203059,Muito Baixo
22,17400,6.0,1000,11.36,0.06,2,0.057471264367816,1,2,0,1,0,0,0,0,0,0,0,0,1,0,0,0.02068266049488441,Muito Baixo
23,65000,7.0,7000,6.99,0.11,4,0.1076923076923077,0,1,0,1,0,0,0,0,0,0,1,0,0,0,0,0.02707901044608171,Muito Baixo
21,35000,5.0,10000,10.99,0.29,4,0.2857142857142857,0,2,0,0,0,1,0,0,0,0,0,0,1,0,0,7.158877967979327e-06,Muito Baixo
28,96636,10.0,30000,8.49,0.31,5,0.3104433130510369,0,1,0,1,0,0,0,0,0,0,1,0,0,0,0,0.030110622735105827,Muito Baixo
26,85000,8.0,8500,15.31,0.1,4,0.1,1,4,0,1,0,0,0,0,1,0,0,0,0,0,0,0.0766613708087678,Muito Baixo
23,36000,7.0,1200,13.99,0.03,3,0.0333333333333333,1,3,0,0,0,0,1,0,0,0,0,1,0,0,0,0.17293495693219085,Muito Baixo
55,51000,2.0,8000,5.79,0.16,26,0.1568627450980392,0,1,0,0,0,0,1,0,0,0,0,1,0,0,0,0.011401116541270401,Muito Baixo
27,116000,11.0,18000,7.49,0.16,10,0.1551724137931034,0,1,0,1,0,0,0,1,0,0,0,0,0,0,0,0.0102758678370817,Muito Baixo
35,123000,2.0,25000,17.19,0.2,8,0.2032520325203252,1,5,1,0,0,0,1,0,0,0,0,1,0,1,1,0.9434141586315867,Muito Alto
46,76800,0.0,13000,15.96,0.17,13,0.1692708333333333,1,3,1,1,0,0,0,1,0,0,0,0,0,0,0,0.3811068436497161,Baixo
24,60000,8.0,17000,7.49,0.28,2,0.2833333333333333,0,1,0,1,0,0,0,0,0,0,1,0,0,0,0,0.03736322438972166,Muito Baixo
26,42000,4.0,15000,11.26,0.36,4,0.3571428571428571,1,2,0,1,0,0,0,0,0,0,1,0,0,0,0,0.2314779084580685,Baixo
22,60000,1.0,10000,5.42,0.17,2,0.1666666666666666,0,1,0,1,0,0,0,0,0,0,0,1,0,0,0,0.011431527548492878,Muito Baixo
41,53000,20.0,11000,13.48,0.21,14,0.2075471698113207,1,3,1,1,0,0,0,0,0,0,0,0,1,0,0,0.035627480985682074,Muito Baixo
37,97000,8.0,25000,19.41,0.26,11,0.2577319587628865,1,6,0,0,0,0,1,0,0,1,0,0,0,0,0,0.41301009840517694,Moderado
33,71000,17.0,19600,16.07,0.28,6,0.276056338028169,1,4,1,0,0,0,1,0,0,1,0,0,0,1,0,0.20338571436948805,Baixo
22,53000,6.0,10000,17.39,0.19,3,0.1886792452830188,1,5,0,1,0,0,0,0,1,0,0,0,0,0,0,0.17407271881120348,Muito Baixo
28,60000,10.0,10500,15.27,0.17,6,0.175,1,3,1,0,0,0,1,0,0,1,0,0,0,0,0,0.11694571574648703,Muito Baixo
37,108000,0.0,20000,16.32,0.19,15,0.1851851851851851,1,5,0,0,0,0,1,0,0,1,0,0,0,1,1,0.878756042690411,Muito Alto
41,30000,3.0,8875,5.42,0.3,16,0.2958333333333333,0,1,0,0,0,0,1,0,0,0,0,1,0,0,0,0.10638572172646511,Muito Baixo
24,87600,8.0,10000,13.49,0.11,3,0.1141552511415525,1,3,1,1,0,0,0,0,0,0,0,0,1,0,0,0.08579546987156962,Muito Baixo
52,48000,3.0,11000,12.73,0.23,22,0.2291666666666666,1,3,0,0,0,0,1,0,0,0,1,0,0,0,0,0.05241211796417357,Muito Baixo
27,45000,11.0,13000,8.94,0.29,6,0.2888888888888888,0,1,0,0,0,0,1,1,0,0,0,0,0,0,0,0.07314503336090625,Muito Baixo
23,69000,0.0,15000,14.96,0.22,2,0.217391304347826,1,4,0,1,0,0,0,0,0,1,0,0,0,1,1,0.9925649782971686,Muito Alto
24,85000,2.0,7500,13.99,0.09,2,0.088235294117647,1,3,1,1,0,0,0,0,0,0,0,1,0,0,0,0.05675497956882478,Muito Baixo
23,56000,2.0,2400,8.9,0.04,3,0.0428571428571428,0,1,0,0,0,0,1,0,0,0,1,0,0,0,0,0.1115297054706576,Muito Baixo
23,49000,7.0,4000,13.99,0.08,4,0.0816326530612244,1,3,0,1,0,0,0,0,0,0,0,0,1,0,0,0.18660399809758543,Muito Baixo
24,27600,8.0,7000,7.9,0.25,2,0.2536231884057971,0,1,0,0,0,1,0,0,0,0,0,1,0,0,0,0.001506443569936561,Muito Baixo
31,73000,1.0,20000,15.05,0.27,5,0.273972602739726,1,4,1,0,0,0,1,0,0,1,0,0,0,1,1,0.957255384285878,Muito Alto
37,85000,21.0,1200,8.9,0.01,13,0.0141176470588235,0,1,0,0,0,0,1,0,0,0,0,0,1,0,0,0.0015816743894532766,Muito Baixo
30,46000,5.0,9000,7.29,0.2,5,0.1956521739130435,0,1,0,0,0,0,1,0,0,0,0,0,1,0,0,0.0014953458168938951,Muito Baixo
27,43000,11.0,15000,7.51,0.35,5,0.3488372093023256,0,1,0,0,0,1,0,0,1,0,0,0,0,0,0,0.0010565723409228975,Muito Baixo
26,71004,0.0,20000,13.36,0.28,2,0.2816742718720072,1,4,1,0,0,0,1,0,0,1,0,0,0,1,1,0.9299308674225657,Muito Alto
22,48000,7.0,10000,17.99,0.21,4,0.2083333333333333,1,5,1,0,0,0,1,1,0,0,0,0,0,1,1,0.994038739653301,Muito Alto
28,96000,3.0,28000,7.9,0.29,10,0.2916666666666667,0,1,0,0,0,0,1,0,0,1,0,0,0,0,0,0.03903780978482373,Muito Baixo
22,30004,6.0,6600,10.33,0.22,2,0.2199706705772563,0,2,0,0,0,0,1,0,0,0,1,0,0,0,0,0.1412253645190602,Muito Baixo
35,44004,7.0,10000,11.36,0.23,7,0.2272520679938187,1,2,0,1,0,0,0,0,0,0,1,0,0,1,0,0.2554425461849982,Baixo
25,57000,1.0,9500,12.53,0.17,4,0.1666666666666666,1,2,0,0,0,0,1,0,0,1,0,0,0,0,0,0.23332809306499971,Baixo
31,78000,10.0,25000,10.75,0.32,8,0.3205128205128205,0,2,0,0,0,0,1,0,0,0,1,0,0,1,1,0.9924565882325168,Muito Alto
25,59000,6.0,5100,8.32,0.09,3,0.0864406779661016,0,1,0,1,0,0,0,0,0,0,1,0,0,0,0,0.4113311272483598,Moderado
24,26400,4.0,8875,6.62,0.34,3,0.3361742424242424,0,1,0,0,0,0,1,0,1,0,0,0,0,1,1,0.9913665784702311,Muito Alto
30,42000,8.0,8000,12.99,0.19,9,0.1904761904761904,1,3,0,0,0,1,0,0,0,0,1,0,0,0,0,0.0018777864423506706,Muito Baixo
22,38004,0.0,4100,11.49,0.11,4,0.1078833806967687,1,2,0,0,0,0,1,0,0,0,1,0,0,0,0,0.13939655368415146,Muito Baixo
30,73000,4.0,12000,14.26,0.16,5,0.1643835616438356,1,3,1,0,0,0,1,0,0,0,0,0,1,1,0,0.13117427505064808,Muito Baixo
29,92052,6.0,6500,7.49,0.07,9,0.0706122626341633,0,1,0,1,0,0,0,0,0,1,0,0,0,0,0,0.011098816806051138,Muito Baixo
26,31200,1.0,6400,7.51,0.21,3,0.2051282051282051,0,1,0,0,0,0,1,0,0,0,0,0,1,0,0,0.005558990729652298,Muito Baixo
21,60000,5.0,7800,9.99,0.13,2,0.13,0,2,0,1,0,0,0,1,0,0,0,0,0,0,0,0.04197307319501222,Muito Baixo
23,32400,7.0,10000,8.49,0.31,3,0.3086419753086419,0,1,0,0,0,0,1,0,1,0,0,0,0,1,1,0.9869578645787077,Muito Alto
21,43000,5.0,8500,15.58,0.2,2,0.1976744186046511,1,4,0,0,0,0,1,0,0,0,0,0,1,0,0,0.4056524875765852,Moderado
24,64151,0.0,5000,11.86,0.08,4,0.0779411076990226,1,2,0,0,0,0,1,0,1,0,0,0,0,0,0,0.09147619872374976,Muito Baixo
35,55000,4.0,8500,7.88,0.15,8,0.1545454545454545,0,1,0,1,0,0,0,0,1,0,0,0,0,0,0,0.02543554770824696,Muito Baixo
28,45000,3.0,2800,13.48,0.06,8,0.0622222222222222,1,3,0,0,0,0,1,0,1,0,0,0,0,0,0,0.09762773916043782,Muito Baixo
41,140000,3.0,25000,13.8,0.18,12,0.1785714285714285,1,3,1,1,0,0,0,0,0,0,0,0,1,0,0,0.0762547216839816,Muito Baixo
24,71000,8.0,20000,11.36,0.28,2,0.2816901408450704,1,2,0,1,0,0,0,0,1,0,0,0,0,0,0,0.08706418163764199,Muito Baixo
22,62000,2.0,7500,13.87,0.12,3,0.1209677419354838,1,4,1,1,0,0,0,0,0,0,0,1,0,0,0,0.20727232909043233,Baixo
21,20000,0.0,2000,7.49,0.1,3,0.1,0,1,0,0,0,0,1,0,0,0,1,0,0,0,0,0.07056197319088602,Muito Baixo
23,95000,7.0,19000,7.51,0.2,4,0.2,0,1,0,1,0,0,0,0,1,0,0,0,0,0,0,0.008972553794842304,Muito Baixo
36,42000,2.0,2000,15.62,0.05,13,0.0476190476190476,1,3,1,0,0,1,0,0,0,0,1,0,0,0,0,0.0003897682589844736,Muito Baixo
24,60000,5.0,3400,15.31,0.06,2,0.0566666666666666,1,4,0,0,0,0,1,0,0,1,0,0,0,0,0,0.0987018930491489,Muito Baixo
26,60000,3.0,20000,10.08,0.33,4,0.3333333333333333,0,2,0,0,0,0,1,0,0,1,0,0,0,1,1,0.9785038989215195,Muito Alto
22,60000,6.0,13000,9.99,0.22,4,0.2166666666666666,0,2,0,0,0,0,1,0,0,0,0,0,1,0,0,0.0016161139861909004,Muito Baixo
50,36000,0.0,5000,10.37,0.14,16,0.1388888888888889,0,2,0,0,0,0,1,0,0,0,0,0,1,0,0,0.0033181715328358735,Muito Baixo
28,266000,12.0,9000,5.42,0.03,10,0.0338345864661654,0,1,0,1,0,0,0,0,0,0,0,1,0,0,0,0.009236281475237926,Muito Baixo
25,28800,0.0,5000,8.9,0.17,4,0.1736111111111111,0,1,0,0,0,0,1,0,1,0,0,0,0,0,0,0.10785835066247099,Muito Baixo
33,110004,15.0,12000,10.99,0.11,7,0.1090869422930075,0,2,0,1,0,0,0,0,0,0,1,0,0,0,0,0.039900564573136066,Muito Baixo
22,60000,7.0,14000,7.88,0.23,2,0.2333333333333333,0,1,0,0,0,0,1,0,0,0,0,0,1,0,0,0.0012008209711523111,Muito Baixo
22,62000,2.0,13000,15.27,0.21,2,0.2096774193548387,1,3,1,1,0,0,0,1,0,0,0,0,0,0,0,0.25575523788999943,Baixo
25,58000,5.0,10000,13.24,0.17,4,0.1724137931034483,1,4,0,1,0,0,0,0,0,1,0,0,0,0,0,0.21495532937524883,Baixo
34,45000,1.0,3800,13.16,0.08,5,0.0844444444444444,1,3,1,1,0,0,0,1,0,0,0,0,0,0,0,0.050950029214751655,Muito Baixo
24,30000,6.0,5000,12.69,0.17,4,0.1666666666666666,1,2,0,0,0,0,1,1,0,0,0,0,0,1,0,0.44661876715592475,Moderado
26,59000,3.0,12000,15.31,0.2,4,0.2033898305084746,1,4,0,0,0,0,1,0,0,0,1,0,0,1,1,0.9877766155595108,Muito Alto
25,80000,9.0,2100,7.49,0.03,4,0.02625,0,1,0,0,0,0,1,0,0,0,0,1,0,0,0,0.029228739923366696,Muito Baixo
35,34000,1.0,1600,14.84,0.05,6,0.0470588235294117,1,4,1,0,0,0,1,0,0,0,0,0,1,1,1,0.9516852538097349,Muito Alto
36,55000,6.0,9000,13.48,0.16,16,0.1636363636363636,1,3,0,0,0,1,0,0,0,0,1,0,0,0,0,0.0007761961152985908,Muito Baixo
28,42900,3.0,14000,11.14,0.33,5,0.3263403263403263,1,2,0,0,0,0,1,0,0,0,0,1,0,1,1,0.9942363280177126,Muito Alto
28,60000,6.0,4125,9.99,0.07,10,0.06875,0,2,0,1,0,0,0,1,0,0,0,0,0,0,0,0.07971949519831008,Muito Baixo
30,228000,9.0,12800,15.33,0.06,8,0.0561403508771929,1,4,0,1,0,0,0,0,0,0,0,0,1,0,0,0.0630884480865582,Muito Baixo
28,53000,12.0,1200,13.48,0.02,8,0.0226415094339622,1,3,1,0,0,0,1,0,0,0,1,0,0,0,0,0.03083328339530305,Muito Baixo
25,85000,5.0,14400,8.49,0.17,2,0.1694117647058823,0,1,0,0,0,0,1,0,1,0,0,0,0,0,0,0.038472504283188214,Muito Baixo
25,100000,6.0,12000,9.91,0.12,4,0.12,0,2,0,1,0,0,0,0,0,0,0,0,1,0,0,0.0009235687544089654,Muito Baixo
26,174000,8.0,12000,12.53,0.07,4,0.0689655172413793,1,2,0,0,0,0,1,1,0,0,0,0,0,0,0,0.08914169474017328,Muito Baixo
27,42000,7.0,5000,5.42,0.12,5,0.119047619047619,0,1,0,0,0,0,1,1,0,0,0,0,0,0,0,0.07454385239716052,Muito Baixo
35,38000,5.0,5000,6.62,0.13,7,0.131578947368421,0,1,0,1,0,0,0,0,0,1,0,0,0,0,0,0.06562517060545121,Muito Baixo
24,120000,1.0,24000,12.69,0.2,4,0.2,1,2,0,0,0,0,1,0,0,0,0,0,1,0,0,0.004250001138798427,Muito Baixo
26,80000,6.0,14000,10.99,0.17,2,0.175,0,2,0,0,0,0,1,0,1,0,0,0,0,0,0,0.033038606020843284,Muito Baixo
30,18000,6.0,2200,10.99,0.12,6,0.1222222222222222,0,2,0,1,0,0,0,0,0,0,1,0,0,1,0,0.3618044047044008,Baixo
27,68120,6.0,8000,10.0,0.12,5,0.1174398120963006,0,2,0,0,0,0,1,0,1,0,0,0,0,0,0,0.09703039099217378,Muito Baixo
23,78000,2.0,25000,16.32,0.32,3,0.3205128205128205,1,4,1,0,0,0,1,0,0,0,0,0,1,1,1,0.9983301303568608,Muito Alto
27,37273,4.0,8500,10.0,0.23,10,0.2280471118504011,0,2,0,0,0,0,1,0,0,0,0,1,0,0,0,0.13578656576760464,Muito Baixo
21,26000,5.0,6000,7.49,0.23,2,0.2307692307692307,0,1,0,0,0,0,1,1,0,0,0,0,0,0,0,0.09539295239800068,Muito Baixo
25,67200,6.0,3250,11.49,0.05,2,0.0483630952380952,1,2,0,1,0,0,0,0,0,1,0,0,0,0,0,0.10875179401079967,Muito Baixo
27,33600,4.0,3200,11.99,0.1,9,0.0952380952380952,1,2,0,0,0,0,1,0,0,0,0,1,0,0,0,0.3278841285875643,Baixo
27,84000,0.0,16000,12.21,0.19,10,0.1904761904761904,1,2,0,0,0,0,1,0,0,0,1,0,0,0,0,0.05180118489067692,Muito Baixo
24,65000,3.0,7000,13.61,0.11,3,0.1076923076923077,1,3,1,1,0,0,0,1,0,0,0,0,0,0,0,0.08452208642114081,Muito Baixo
21,71688,2.0,7500,13.17,0.1,4,0.1046200200870438,1,4,1,1,0,0,0,0,1,0,0,0,0,0,0,0.07684072146664646,Muito Baixo
35,27204,16.0,1800,7.74,0.07,7,0.0661667401852668,0,1,0,1,0,0,0,0,0,0,0,1,0,0,0,0.0873431374881985,Muito Baixo
33,98004,2.0,4000,10.99,0.04,9,0.0408146606260968,0,2,0,1,0,0,0,0,0,0,0,0,1,0,0,0.0007332967144625237,Muito Baixo
21,98000,5.0,6000,10.59,0.06,4,0.0612244897959183,0,2,0,1,0,0,0,0,0,0,0,1,0,0,0,0.04373536109325563,Muito Baixo
26,92500,3.0,12000,11.71,0.13,4,0.1297297297297297,1,2,0,0,0,0,1,1,0,0,0,0,0,0,0,0.03494393259822823,Muito Baixo
33,44000,2.0,7000,12.99,0.16,8,0.1590909090909091,1,3,1,1,0,0,0,0,1,0,0,0,0,1,0,0.22485586246918962,Baixo
29,26004,0.0,6500,11.91,0.25,10,0.249961544377788,1,3,0,0,0,0,1,0,1,0,0,0,0,0,0,0.11974217578545829,Muito Baixo
23,32000,0.0,8500,13.16,0.27,4,0.265625,1,3,0,0,0,0,1,0,0,0,1,0,0,0,0,0.2138863918993212,Baixo
25,115000,3.0,19000,13.49,0.17,4,0.1652173913043478,1,3,0,1,0,0,0,1,0,0,0,0,0,0,0,0.05683650379295651,Muito Baixo
26,125000,5.0,7400,12.53,0.06,2,0.0592,1,2,0,1,0,0,0,0,0,1,0,0,0,0,0,0.040670838870496245,Muito Baixo
35,158000,14.0,10000,9.63,0.06,10,0.0632911392405063,0,2,0,0,0,1,0,0,1,0,0,0,0,0,0,0.00033427175971150434,Muito Baixo
33,37500,3.0,6500,15.33,0.17,7,0.1733333333333333,1,4,1,1,0,0,0,0,1,0,0,0,0,0,0,0.21508969525126256,Baixo
23,57744,7.0,2500,10.37,0.04,2,0.0432945414242172,0,2,0,1,0,0,0,0,0,0,0,1,0,0,0,0.11324856565542091,Muito Baixo
21,120000,4.0,10000,9.99,0.08,3,0.0833333333333333,0,2,0,0,0,0,1,1,0,0,0,0,0,0,0,0.04186240345983496,Muito Baixo
23,57600,3.0,10000,15.58,0.17,4,0.1736111111111111,1,4,1,0,0,0,1,0,0,0,0,0,1,0,0,0.28259613795875144,Baixo
42,120000,0.0,9250,11.86,0.08,13,0.0770833333333333,1,2,0,1,0,0,0,0,1,0,0,0,0,0,0,0.09659269855268601,Muito Baixo
24,37000,0.0,8500,12.53,0.23,2,0.2297297297297297,1,3,1,1,0,0,0,0,0,0,1,0,0,1,0,0.13244602390365603,Muito Baixo
22,30000,2.0,13000,13.11,0.43,3,0.4333333333333333,1,3,0,0,0,0,1,0,1,0,0,0,0,1,1,0.9956431426378596,Muito Alto
39,50000,1.0,8000,7.68,0.16,11,0.16,0,1,0,1,0,0,0,0,0,0,0,1,0,0,0,0.012320564367333196,Muito Baixo
32,150000,16.0,16000,6.03,0.11,10,0.1066666666666666,0,1,0,1,0,0,0,0,0,0,1,0,0,0,0,0.001502173780791901,Muito Baixo
27,115000,2.0,1000,5.99,0.01,8,0.008695652173913,0,1,0,1,0,0,0,0,0,0,1,0,0,0,0,0.0015268260423632577,Muito Baixo
33,120000,1.0,9150,13.99,0.08,5,0.07625,1,3,0,0,0,0,1,0,0,0,0,1,0,0,0,0.10422926020064423,Muito Baixo
26,43200,5.0,3200,14.35,0.07,4,0.074074074074074,1,3,1,0,0,0,1,0,1,0,0,0,0,0,0,0.13334426561553947,Muito Baixo
37,27000,4.0,5500,10.99,0.2,12,0.2037037037037037,0,2,0,0,0,0,1,0,0,0,1,0,0,0,0,0.02579381045146896,Muito Baixo
32,27000,2.0,6000,12.73,0.22,10,0.2222222222222222,1,3,0,0,0,0,1,0,0,0,1,0,0,0,0,0.07104590213019223,Muito Baixo
23,85000,1.0,21400,13.49,0.25,4,0.2517647058823529,1,3,1,1,0,0,0,0,0,0,0,0,1,0,0,0.047555098011486885,Muito Baixo
29,47000,1.0,5000,9.76,0.11,10,0.1063829787234042,0,2,0,1,0,0,0,1,0,0,0,0,0,0,0,0.0946568163032172,Muito Baixo
32,120000,3.0,8000,8.9,0.07,6,0.0666666666666666,0,1,0,1,0,0,0,1,0,0,0,0,0,0,0,0.011097869005017724,Muito Baixo
27,65000,4.0,28000,7.9,0.43,6,0.4307692307692308,0,1,0,0,0,0,1,0,1,0,0,0,0,1,1,0.9921273234597388,Muito Alto
22,29004,6.0,2500,6.91,0.09,3,0.0861950075851606,0,1,0,1,0,0,0,0,1,0,0,0,0,0,0,0.19146095434853302,Muito Baixo
22,39300,6.0,7000,9.62,0.18,4,0.178117048346056,0,2,0,1,0,0,0,0,0,0,1,0,0,0,0,0.20567655953841268,Baixo
23,58500,2.0,3000,9.88,0.05,2,0.0512820512820512,0,2,0,0,0,0,1,1,0,0,0,0,0,0,0,0.13907588570683246,Muito Baixo
30,38220,1.0,9775,7.49,0.26,10,0.2557561486132915,0,1,0,1,0,0,0,1,0,0,0,0,0,0,0,0.03583499640309483,Muito Baixo
23,72000,4.0,10000,13.85,0.14,3,0.1388888888888889,1,3,0,0,0,0,1,1,0,0,0,0,0,0,0,0.19661091944736775,Muito Baixo
23,39996,5.0,10000,7.51,0.25,3,0.25002500250025,0,1,0,1,0,0,0,0,1,0,0,0,0,0,0,0.032623675299699756,Muito Baixo
23,45000,1.0,17625,8.9,0.39,4,0.3916666666666666,0,1,0,0,0,0,1,1,0,0,0,0,0,1,1,0.9821802650999382,Muito Alto
29,92000,4.0,14000,6.03,0.15,8,0.1521739130434782,0,1,0,1,0,0,0,0,0,1,0,0,0,0,0,0.005723528676018815,Muito Baixo
28,75500,12.0,3500,14.91,0.05,9,0.0463576158940397,1,4,0,1,0,0,0,0,1,0,0,0,0,0,0,0.1722491286045615,Muito Baixo
30,55000,6.0,17000,10.99,0.31,9,0.3090909090909091,0,2,0,0,0,0,1,0,1,0,0,0,0,1,1,0.9834320670954718,Muito Alto
23,8628,4.0,1400,7.49,0.16,2,0.1622624014835419,0,1,0,0,0,1,0,0,1,0,0,0,0,1,1,0.9994317018496475,Muito Alto
21,21000,6.0,6500,11.89,0.31,4,0.3095238095238095,1,2,0,0,0,0,1,0,1,0,0,0,0,1,1,0.9636851039845705,Muito Alto
47,55250,9.0,25000,15.31,0.38,13,0.4524886877828054,1,4,1,0,0,0,1,0,0,0,1,0,0,1,1,0.9998698037677383,Muito Alto
26,48000,1.0,15000,18.64,0.31,3,0.3125,1,5,0,0,0,0,1,0,1,0,0,0,0,1,1,0.9977617436376125,Muito Alto
24,54000,1.0,1500,5.42,0.03,3,0.0277777777777777,0,1,0,1,0,0,0,1,0,0,0,0,0,1,0,0.02603399900680836,Muito Baixo
23,53000,6.0,6000,10.65,0.11,3,0.1132075471698113,0,2,0,1,0,0,0,1,0,0,0,0,0,1,0,0.09774747705697791,Muito Baixo
37,72000,9.0,1600,13.92,0.02,16,0.0222222222222222,1,3,1,1,0,0,0,0,1,0,0,0,0,0,0,0.08059723492501712,Muito Baixo
24,24000,1.0,8500,7.9,0.35,3,0.3541666666666667,0,1,0,0,0,0,1,0,0,0,0,1,0,1,1,0.9926311610184599,Muito Alto
34,47300,3.0,12000,7.88,0.25,8,0.2536997885835095,0,1,0,1,0,0,0,0,0,0,1,0,0,0,0,0.06107132385074806,Muito Baixo
23,30000,0.0,8400,14.65,0.28,3,0.28,1,3,0,0,0,0,1,0,1,0,0,0,0,0,0,0.45260057464691117,Moderado
29,69000,6.0,18000,12.61,0.26,9,0.2608695652173913,1,4,0,1,0,0,0,0,0,0,0,1,0,0,0,0.3614568679108846,Baixo
30,120000,12.0,6000,5.42,0.05,9,0.05,0,1,0,1,0,0,0,0,1,0,0,0,0,0,0,0.004574499193314903,Muito Baixo
25,60000,5.0,10000,7.14,0.17,4,0.1666666666666666,0,1,0,0,0,0,1,0,0,1,0,0,0,0,0,0.02541051762321852,Muito Baixo
22,61500,5.0,30000,6.62,0.49,3,0.4878048780487805,0,1,0,1,0,0,0,0,0,0,0,0,1,0,0,0.0013689595767757813,Muito Baixo
32,138000,16.0,20000,7.88,0.14,7,0.144927536231884,0,1,0,1,0,0,0,0,1,0,0,0,0,0,0,0.024120021366216136,Muito Baixo
21,93600,5.0,25000,10.36,0.27,3,0.2670940170940171,0,2,0,1,0,0,0,0,1,0,0,0,0,0,0,0.03511100355476122,Muito Baixo
26,83300,0.0,28000,15.62,0.29,2,0.3361344537815126,1,4,1,1,0,0,0,0,0,0,1,0,0,1,1,0.9901646245881434,Muito Alto
23,36000,0.0,4800,11.11,0.13,3,0.1333333333333333,1,2,0,0,0,0,1,0,0,0,0,1,0,0,0,0.11235842315980618,Muito Baixo
25,40000,9.0,5600,14.61,0.14,4,0.14,1,4,1,0,0,0,1,0,0,0,1,0,0,0,1,0.5879094228407657,Moderado
44,36000,6.0,1000,7.51,0.03,14,0.0277777777777777,0,1,0,1,0,0,0,0,1,0,0,0,0,0,0,0.08186428707601029,Muito Baixo
24,66500,7.0,1400,12.53,0.02,4,0.0210526315789473,1,3,1,1,0,0,0,0,0,0,0,0,1,0,0,0.17884791710588585,Muito Baixo
27,44000,11.0,3000,18.39,0.07,7,0.0681818181818181,1,5,1,0,0,0,1,0,0,0,0,0,1,0,0,0.42870711477982526,Moderado
24,54000,8.0,1200,13.11,0.02,3,0.0222222222222222,1,3,1,0,0,1,0,0,1,0,0,0,0,0,0,0.002479824540186004,Muito Baixo
32,48000,4.0,8000,5.79,0.17,7,0.1666666666666666,0,1,0,0,0,1,0,0,1,0,0,0,0,0,0,0.0005171384166126533,Muito Baixo
29,50000,6.0,3000,7.29,0.06,10,0.06,0,1,0,0,0,0,1,0,1,0,0,0,0,0,0,0.024288172575746683,Muito Baixo
48,41500,3.0,5000,7.29,0.12,14,0.1204819277108433,0,1,0,0,0,0,1,0,0,0,1,0,0,0,0,0.032026203950772006,Muito Baixo
22,22880,5.0,6000,13.57,0.26,4,0.2622377622377622,1,3,1,0,0,0,1,1,0,0,0,0,0,0,0,0.1818264713342956,Muito Baixo
30,50000,11.0,1400,10.36,0.03,8,0.028,0,2,0,1,0,0,0,1,0,0,0,0,0,0,0,0.040948073365198255,Muito Baixo
27,50000,4.0,7800,15.99,0.16,10,0.156,1,4,0,0,0,1,0,0,0,1,0,0,0,0,0,0.00027836036192896473,Muito Baixo
30,142000,5.0,10000,11.12,0.07,8,0.0704225352112676,1,2,0,1,0,0,0,0,0,0,0,0,1,0,0,0.0013325406205971434,Muito Baixo
35,82000,3.0,18800,7.51,0.23,10,0.2292682926829268,0,1,0,1,0,0,0,0,0,0,0,1,0,0,0,0.016891248164181496,Muito Baixo
25,115000,9.0,19000,13.49,0.17,3,0.1652173913043478,1,3,1,1,0,0,0,0,0,0,1,0,0,0,0,0.0427957040873703,Muito Baixo
34,33666,4.0,8000,17.49,0.24,5,0.2376284678904532,1,4,1,0,0,0,1,1,0,0,0,0,0,1,1,0.9959669674803,Muito Alto
24,62000,2.0,8000,10.08,0.13,3,0.1290322580645161,0,2,0,1,0,0,0,0,0,1,0,0,0,0,0,0.05498628281838237,Muito Baixo
41,125000,7.0,20000,13.11,0.16,13,0.16,1,3,1,1,0,0,0,1,0,0,0,0,0,0,0,0.05533400642681276,Muito Baixo
23,95000,3.0,10000,6.17,0.11,3,0.1052631578947368,0,1,0,0,0,0,1,0,0,0,0,1,0,0,0,0.0043581580870358985,Muito Baixo
25,26000,3.0,3825,11.71,0.15,2,0.1471153846153846,1,2,0,1,0,0,0,0,1,0,0,0,0,0,0,0.09833831094885553,Muito Baixo
33,71000,11.0,6000,14.72,0.08,7,0.0845070422535211,1,3,1,1,0,0,0,0,0,0,0,1,0,0,0,0.07483841231856288,Muito Baixo
41,75000,1.0,20000,11.14,0.27,11,0.2666666666666666,1,2,0,0,0,0,1,0,0,0,0,1,0,0,0,0.040435604109262606,Muito Baixo
41,50000,0.0,7000,12.87,0.14,12,0.14,1,3,1,0,0,0,1,0,0,0,0,1,0,0,0,0.02487421509026993,Muito Baixo
24,56000,8.0,5000,14.27,0.09,4,0.0892857142857142,1,3,0,0,0,0,1,0,0,0,0,1,0,0,0,0.16531726954838433,Muito Baixo
25,81000,9.0,12000,15.31,0.15,2,0.1481481481481481,1,4,1,0,0,1,0,0,0,0,0,0,1,0,0,0.00034037460346628834,Muito Baixo
22,51300,6.0,11200,15.31,0.22,3,0.2183235867446393,1,4,1,0,0,1,0,0,0,0,0,1,0,0,0,0.0006357475405514151,Muito Baixo
23,40000,2.0,5000,13.48,0.13,3,0.125,1,3,0,0,0,0,1,0,0,0,1,0,0,0,0,0.1008625142356174,Muito Baixo
22,21600,1.0,2000,16.89,0.09,2,0.0925925925925925,1,4,0,0,0,0,1,1,0,0,0,0,0,1,1,0.9993885576764445,Muito Alto
30,50000,0.0,10000,16.89,0.2,10,0.2,1,4,0,1,0,0,0,0,1,0,0,0,0,0,0,0.14855847834886418,Muito Baixo
28,63000,3.0,11200,14.42,0.18,7,0.1777777777777777,1,4,1,1,0,0,0,1,0,0,0,0,0,1,1,0.9896547283997739,Muito Alto
54,39000,4.0,20000,10.71,0.51,19,0.5128205128205128,0,2,0,1,0,0,0,0,0,0,0,1,0,0,0,0.4957955360601972,Moderado
24,190000,6.0,5000,5.42,0.03,2,0.0263157894736842,0,1,0,1,0,0,0,0,0,0,0,1,0,0,0,0.001505769657268148,Muito Baixo
24,92259,4.0,6000,7.49,0.07,4,0.0650343055962019,0,1,0,1,0,0,0,0,0,1,0,0,0,0,0,0.008447805507997251,Muito Baixo
24,72000,4.0,17000,7.49,0.24,4,0.2361111111111111,0,1,0,1,0,0,0,0,0,0,0,0,1,0,0,0.0006462433429537782,Muito Baixo
36,38000,15.0,20000,12.41,0.53,16,0.5263157894736842,1,3,1,0,0,0,1,0,0,0,0,0,1,1,1,0.9903625512709967,Muito Alto
36,65000,3.0,6500,5.79,0.1,12,0.1,0,1,0,1,0,0,0,0,1,0,0,0,0,0,0,0.0077221203074331595,Muito Baixo
24,95000,5.0,14000,10.99,0.15,4,0.1473684210526315,0,2,0,0,0,0,1,0,0,0,0,0,1,0,0,0.0010840521544401578,Muito Baixo
34,38400,4.0,6500,9.25,0.17,10,0.1692708333333333,0,2,0,1,0,0,0,0,1,0,0,0,0,0,0,0.02987202183863659,Muito Baixo
23,16000,1.0,5600,12.84,0.35,4,0.35,1,3,0,1,0,0,0,0,0,0,1,0,0,1,1,0.9787031804182841,Muito Alto
24,120000,4.0,10000,13.61,0.08,2,0.0833333333333333,1,3,0,0,0,0,1,0,0,1,0,0,0,0,0,0.09346544478843774,Muito Baixo
22,38000,2.0,8000,9.99,0.21,3,0.2105263157894736,0,2,0,1,0,0,0,0,0,0,1,0,0,0,0,0.12514868935599754,Muito Baixo
25,30000,3.0,8500,13.98,0.28,4,0.2833333333333333,1,3,1,0,0,0,1,0,1,0,0,0,0,0,0,0.30026533185632887,Baixo
23,33600,1.0,5500,10.99,0.16,3,0.1636904761904762,0,2,0,0,0,0,1,1,0,0,0,0,0,0,0,0.11903877524668363,Muito Baixo
23,54000,0.0,3600,12.42,0.07,3,0.0666666666666666,1,2,0,0,0,0,1,0,0,0,1,0,0,0,0,0.1654874292475997,Muito Baixo
25,51850,2.0,3600,13.99,0.06,2,0.0694310511089681,1,3,0,0,0,0,1,0,0,0,1,0,0,1,0,0.32793726957825975,Baixo
28,65000,2.0,2500,5.99,0.04,7,0.0384615384615384,0,1,0,1,0,0,0,0,0,0,0,0,1,0,0,0.00024825271544203474,Muito Baixo
26,190300,5.0,15000,7.49,0.08,3,0.0788229111928534,0,1,0,1,0,0,0,0,0,0,0,1,0,0,0,0.019897524112495773,Muito Baixo
45,48500,7.0,18000,13.85,0.37,15,0.3711340206185567,1,3,1,0,0,0,1,0,0,0,1,0,0,1,1,0.9957673679547979,Muito Alto
30,110925,1.0,25000,15.33,0.19,9,0.225377507324769,1,4,0,1,0,0,0,0,0,0,1,0,0,1,1,0.9864479008398345,Muito Alto
35,34868,14.0,5000,6.0,0.14,6,0.1433979580130779,0,5,0,0,0,0,1,0,0,0,1,0,0,1,0,0.07407975510025691,Muito Baixo
23,83000,5.0,20000,11.83,0.24,4,0.2409638554216867,1,2,0,1,0,0,0,0,1,0,0,0,0,1,0,0.05318198174582112,Muito Baixo
24,42000,2.0,2000,11.28,0.05,2,0.0476190476190476,1,3,0,1,0,0,0,0,0,0,0,1,0,0,0,0.132496408680959,Muito Baixo
24,69996,5.0,7500,7.49,0.11,2,0.1071489799417109,0,1,0,0,0,0,1,0,0,0,0,0,1,0,0,0.0007808337742645572,Muito Baixo
24,95000,7.0,10000,10.65,0.11,4,0.1052631578947368,0,2,0,1,0,0,0,0,0,1,0,0,0,0,0,0.030579434877789826,Muito Baixo
23,25000,5.0,7200,8.49,0.29,2,0.288,0,1,0,0,0,1,0,0,0,0,1,0,0,0,0,0.0005329090609640433,Muito Baixo
25,20000,2.0,2500,15.7,0.13,2,0.125,1,4,0,0,0,0,1,0,0,0,0,1,0,1,1,0.9748505767093114,Muito Alto
37,75000,0.0,17000,11.78,0.23,11,0.2266666666666666,1,3,0,1,0,0,0,0,0,0,0,0,1,0,0,0.032264289180101914,Muito Baixo
25,65000,6.0,15000,11.86,0.23,3,0.2307692307692307,1,2,0,1,0,0,0,0,0,0,1,0,0,0,0,0.1228172653439055,Muito Baixo
31,47500,2.0,10000,15.96,0.21,10,0.2105263157894736,1,3,0,0,0,0,1,0,0,0,1,0,0,0,0,0.16877609526742937,Muito Baixo
41,55000,17.0,9000,5.99,0.16,17,0.1636363636363636,0,1,0,1,0,0,0,0,0,0,0,1,0,0,0,0.01046263219202178,Muito Baixo
27,82000,11.0,4000,7.9,0.05,10,0.048780487804878,0,1,0,1,0,0,0,0,0,0,0,0,1,0,0,0.0007840062988104621,Muito Baixo
28,72000,13.0,16000,14.26,0.22,9,0.2222222222222222,1,3,0,1,0,0,0,0,0,0,0,1,0,0,0,0.10246015049873132,Muito Baixo
21,180000,0.0,5000,8.07,0.03,3,0.0277777777777777,0,1,0,1,0,0,0,0,1,0,0,0,0,0,0,0.021326213931098358,Muito Baixo
24,50000,0.0,7200,11.71,0.14,2,0.144,1,2,0,0,0,0,1,0,0,0,0,0,1,0,0,0.001973808515772422,Muito Baixo
21,14400,4.0,5500,11.48,0.38,3,0.3819444444444444,1,2,0,0,0,0,1,0,0,0,1,0,0,1,1,0.9996764866769069,Muito Alto
23,25000,8.0,5000,10.62,0.2,3,0.2,0,2,0,0,0,0,1,0,1,0,0,0,0,0,0,0.15996560806689003,Muito Baixo
35,100596,2.0,25000,10.59,0.25,8,0.2485188277863931,0,2,0,1,0,0,0,0,0,0,0,1,0,0,0,0.05095391392787167,Muito Baixo
33,82150,4.0,5000,7.51,0.06,5,0.0608642726719415,0,1,0,0,0,0,1,0,0,1,0,0,0,0,0,0.02940643012645374,Muito Baixo
40,28000,2.0,5000,12.99,0.18,13,0.1785714285714285,1,3,1,0,0,0,1,0,0,0,0,0,1,0,0,0.04955013868806704,Muito Baixo
24,30000,6.0,6000,7.51,0.2,3,0.2,0,1,0,0,0,0,1,0,0,0,1,0,0,0,0,0.09858758104235874,Muito Baixo
22,48000,2.0,5000,11.89,0.1,4,0.1041666666666666,1,2,0,0,0,0,1,1,0,0,0,0,0,0,0,0.08992448314867621,Muito Baixo
26,85000,4.0,2750,9.33,0.03,3,0.0323529411764705,0,2,0,1,0,0,0,0,0,0,1,0,0,1,0,0.014468348340100398,Muito Baixo
36,83625,6.0,13200,7.51,0.16,12,0.1578475336322869,0,1,0,1,0,0,0,0,0,0,0,1,0,0,0,0.015471120443555178,Muito Baixo
24,35500,4.0,14500,7.49,0.41,3,0.4084507042253521,0,1,0,1,0,0,0,1,0,0,0,0,0,0,0,0.18513245688617974,Muito Baixo
27,50100,11.0,6600,8.0,0.13,7,0.1317365269461078,0,1,0,0,0,0,1,0,0,0,0,0,1,0,0,0.001262474614032712,Muito Baixo
21,45000,5.0,4000,12.87,0.09,2,0.0888888888888888,1,3,1,0,0,0,1,0,0,0,0,0,1,0,0,0.04453178042254671,Muito Baixo
30,39760,0.0,14500,10.75,0.36,7,0.3646881287726358,0,2,0,1,0,0,0,1,0,0,0,0,0,1,0,0.16749740384527081,Muito Baixo
24,61100,4.0,25000,17.49,0.41,3,0.409165302782324,1,4,0,1,0,0,0,1,0,0,0,0,0,1,1,0.9954798972283098,Muito Alto
25,102000,9.0,8000,12.42,0.08,4,0.0784313725490196,1,2,0,0,0,1,0,0,0,0,1,0,0,0,0,0.0005639397335320652,Muito Baixo
25,47412,0.0,6500,8.59,0.14,2,0.1370960938159116,0,1,0,1,0,0,0,0,1,0,0,0,0,0,0,0.07750053379535736,Muito Baixo
28,72000,12.0,16000,15.95,0.22,5,0.2222222222222222,1,5,0,1,0,0,0,0,0,0,0,1,0,0,0,0.13212870788798547,Muito Baixo
33,75000,6.0,12000,5.42,0.16,10,0.16,0,1,0,1,0,0,0,0,0,0,0,1,0,0,0,0.005109776817427063,Muito Baixo
38,18720,22.0,2500,11.86,0.13,15,0.1335470085470085,1,2,0,0,0,1,0,0,0,0,0,0,1,0,0,9.254743047536267e-05,Muito Baixo
24,60000,4.0,5000,7.14,0.08,2,0.0833333333333333,0,1,0,1,0,0,0,0,0,0,1,0,0,0,0,0.070352140010672,Muito Baixo
51,80000,1.0,12000,12.69,0.15,23,0.15,1,2,0,0,0,0,1,0,0,1,0,0,0,0,0,0.04239554105233589,Muito Baixo
33,67000,8.0,18000,13.11,0.27,7,0.2686567164179104,1,3,1,0,0,0,1,0,0,1,0,0,0,1,0,0.151488039106301,Muito Baixo
21,42000,5.0,8000,9.99,0.19,4,0.1904761904761904,0,2,0,0,0,1,0,0,0,0,1,0,0,0,0,0.00098550970829633,Muito Baixo
28,110000,3.0,11000,5.79,0.1,5,0.1,0,1,0,1,0,0,0,0,0,0,0,0,1,0,0,0.00018902079006010567,Muito Baixo
22,81960,6.0,9600,7.29,0.12,2,0.1171303074670571,0,1,0,0,0,0,1,0,0,0,0,1,0,0,0,0.03455208133356583,Muito Baixo
36,75000,6.0,10000,6.99,0.13,13,0.1333333333333333,0,1,0,1,0,0,0,0,0,0,1,0,0,0,0,0.006459130102411616,Muito Baixo
38,35000,0.0,5600,11.11,0.16,11,0.16,1,2,0,0,0,0,1,0,0,0,0,1,0,0,0,0.0646917752011838,Muito Baixo
24,43000,8.0,4000,12.69,0.09,2,0.0930232558139534,1,2,0,0,0,0,1,0,0,0,0,0,1,0,0,0.010752572434407349,Muito Baixo
25,32500,3.0,12500,7.9,0.38,2,0.3846153846153846,0,1,0,1,0,0,0,0,1,0,0,0,0,0,0,0.1580896576085865,Muito Baixo
22,60000,5.0,2500,13.48,0.04,4,0.0416666666666666,1,3,1,0,0,0,1,1,0,0,0,0,0,0,0,0.03837877390464484,Muito Baixo
25,120000,9.0,10000,10.37,0.08,3,0.0833333333333333,0,2,0,1,0,0,0,0,0,0,0,1,0,0,0,0.04850480889990273,Muito Baixo
21,20000,4.0,6400,10.99,0.32,3,0.32,0,2,0,0,0,0,1,0,0,0,0,1,0,1,1,0.9871427797479375,Muito Alto
26,39600,3.0,6000,12.42,0.15,3,0.1515151515151515,1,2,0,0,0,0,1,0,0,0,0,1,0,1,0,0.18344935652944433,Muito Baixo
50,75000,4.0,5000,13.23,0.07,15,0.0666666666666666,1,3,0,0,0,0,1,0,0,0,0,0,1,0,0,0.04349674556176516,Muito Baixo
24,47211,8.0,10000,11.83,0.21,3,0.2118150431043612,1,2,0,0,0,1,0,0,0,0,0,0,1,0,0,4.085957586550742e-05,Muito Baixo
24,15120,4.0,1600,7.51,0.11,3,0.1058201058201058,0,1,0,0,0,0,1,0,0,0,1,0,0,0,0,0.14754708480544196,Muito Baixo
35,34000,0.0,5000,15.45,0.15,6,0.1470588235294117,1,5,1,0,0,0,1,1,0,0,0,0,0,1,1,0.9990586331021071,Muito Alto
22,45630,0.0,2500,18.64,0.05,4,0.0547885163269778,1,5,1,0,0,0,1,0,0,0,0,0,1,1,1,0.891721693085165,Muito Alto
25,66000,9.0,6600,11.49,0.1,4,0.1,1,2,0,1,0,0,0,0,0,0,1,0,0,0,0,0.10498429860168076,Muito Baixo
26,134000,2.0,30000,13.49,0.22,3,0.2238805970149253,1,3,1,1,0,0,0,0,1,0,0,0,0,0,0,0.02319793311194319,Muito Baixo
31,83000,11.0,7500,7.49,0.09,6,0.0903614457831325,0,1,0,1,0,0,0,0,0,0,1,0,0,0,0,0.0210179997156305,Muito Baixo
32,103000,0.0,33000,18.64,0.32,6,0.3203883495145631,1,5,0,1,0,0,0,0,0,0,0,1,0,1,0,0.3821382473910877,Baixo
33,153000,11.0,10000,14.79,0.07,5,0.065359477124183,1,3,1,1,0,0,0,0,0,0,0,0,1,0,0,0.03942438227490232,Muito Baixo
23,55000,5.0,8000,13.85,0.15,4,0.1454545454545454,1,3,0,1,0,0,0,1,0,0,0,0,0,0,0,0.22781814007590023,Baixo
22,28800,2.0,14000,7.9,0.49,2,0.4861111111111111,0,1,0,0,0,0,1,0,0,0,0,0,1,1,1,0.9988152557541975,Muito Alto
27,102000,6.0,10000,9.63,0.1,9,0.0980392156862745,0,1,0,1,0,0,0,0,0,0,0,0,1,0,0,0.0009652397212913485,Muito Baixo
28,95000,13.0,15000,9.91,0.16,7,0.1578947368421052,0,2,0,1,0,0,0,0,0,0,0,0,1,0,0,0.0006606645161748036,Muito Baixo
24,11476,0.0,5700,7.49,0.5,4,0.4966887417218543,0,1,0,0,0,0,1,0,0,0,1,0,0,1,1,0.9996347059071712,Muito Alto
30,46000,10.0,11200,14.27,0.24,10,0.2434782608695652,1,3,1,0,0,1,0,0,0,1,0,0,0,0,0,0.0011476934545333094,Muito Baixo
31,88000,11.0,14000,17.58,0.16,7,0.1590909090909091,1,4,0,1,0,0,0,0,0,0,0,0,1,0,0,0.18364252781585036,Muito Baixo
22,65000,3.0,13000,16.82,0.2,4,0.2,1,5,1,0,0,0,1,0,1,0,0,0,0,0,0,0.09079016771095672,Muito Baixo
23,33996,1.0,1500,6.99,0.04,4,0.0441228379809389,0,1,0,0,0,0,1,0,1,0,0,0,0,0,0,0.1799946365157791,Muito Baixo
27,40000,0.0,8000,10.25,0.2,10,0.2,0,2,0,0,0,0,1,0,0,0,0,0,1,0,0,0.0010965388510442277,Muito Baixo
30,55000,2.0,6500,10.99,0.12,9,0.1181818181818181,0,2,0,0,0,1,0,0,1,0,0,0,0,0,0,0.0002571676338279055,Muito Baixo
26,69000,7.0,18000,14.22,0.26,4,0.2608695652173913,1,3,1,1,0,0,0,0,0,0,0,0,1,0,0,0.1777358442486274,Muito Baixo
30,50000,4.0,20000,13.49,0.4,10,0.4,1,3,0,0,0,0,1,0,0,0,0,0,1,1,1,0.9859878673787255,Muito Alto
26,31200,4.0,2500,10.37,0.08,3,0.0801282051282051,0,2,0,0,0,0,1,0,0,0,0,0,1,0,0,0.007549909051555007,Muito Baixo
31,48996,0.0,5000,16.4,0.1,5,0.1020491468691321,1,5,1,0,0,0,1,1,0,0,0,0,0,1,1,0.9996110223572752,Muito Alto
33,44004,4.0,9275,7.29,0.21,7,0.2107762930642668,0,1,0,1,0,0,0,0,1,0,0,0,0,0,0,0.10422979152406463,Muito Baixo
29,86400,12.0,8000,12.99,0.09,8,0.0925925925925925,1,3,0,1,0,0,0,0,0,0,0,1,0,0,0,0.0825720066782125,Muito Baixo
36,68848,5.0,8000,9.63,0.12,16,0.116198001394376,0,2,0,0,0,0,1,0,0,0,0,1,0,0,0,0.04705542418700672,Muito Baixo
38,85000,9.0,10000,11.12,0.12,12,0.1176470588235294,1,2,0,0,0,0,1,0,0,0,1,0,0,0,0,0.02347108565992285,Muito Baixo
25,80000,2.0,12375,10.91,0.15,4,0.1546875,0,3,0,0,0,0,1,0,0,0,0,1,0,0,0,0.03743102793581696,Muito Baixo
42,360000,11.0,25000,9.99,0.07,17,0.0694444444444444,0,2,0,1,0,0,0,0,0,1,0,0,0,0,0,0.057975818499854545,Muito Baixo
33,140000,14.0,9600,6.91,0.07,5,0.0685714285714285,0,1,0,1,0,0,0,1,0,0,0,0,0,0,0,0.007208288728796218,Muito Baixo
24,90000,4.0,5000,8.0,0.06,4,0.0555555555555555,0,1,0,1,0,0,0,0,0,1,0,0,0,0,0,0.011636846029831645,Muito Baixo
28,89004,3.0,18000,7.49,0.2,10,0.2022381016583524,0,1,0,0,0,0,1,0,0,0,0,1,0,0,0,0.00867249249697256,Muito Baixo
23,43000,7.0,1000,7.51,0.02,3,0.0232558139534883,0,1,0,0,0,0,1,0,1,0,0,0,0,0,0,0.07136907092127044,Muito Baixo
40,300000,3.0,16000,14.17,0.05,14,0.0533333333333333,1,3,1,1,0,0,0,0,0,0,0,0,1,0,0,0.013393737964868955,Muito Baixo
24,40000,0.0,10000,8.49,0.25,3,0.25,0,1,0,0,0,0,1,0,0,0,0,1,0,0,0,0.06432833072648449,Muito Baixo
25,30000,4.0,4000,13.49,0.13,4,0.1333333333333333,1,3,1,0,0,0,1,0,1,0,0,0,0,0,0,0.21324448184026645,Baixo
29,125000,6.0,6400,12.87,0.05,9,0.0512,1,3,1,1,0,0,0,0,0,1,0,0,0,0,0,0.04476180949809521,Muito Baixo
34,55000,6.0,2500,13.49,0.05,7,0.0454545454545454,1,3,0,1,0,0,0,0,0,1,0,0,0,0,0,0.27742279856713087,Baixo
45,35000,13.0,10000,8.49,0.29,11,0.2857142857142857,0,1,0,0,0,0,1,1,0,0,0,0,0,0,0,0.030440215405280007,Muito Baixo
21,90000,5.0,21000,10.99,0.23,4,0.2333333333333333,0,2,0,1,0,0,0,0,0,0,0,1,0,0,0,0.042325717996269795,Muito Baixo
27,83000,11.0,3500,6.03,0.04,5,0.0421686746987951,0,1,0,1,0,0,0,0,1,0,0,0,0,0,0,0.01031743790157298,Muito Baixo
23,60000,2.0,12000,7.49,0.2,3,0.2,0,1,0,0,0,0,1,0,1,0,0,0,0,0,0,0.014204459319703013,Muito Baixo
31,81000,15.0,7200,9.63,0.09,8,0.0888888888888888,0,1,0,1,0,0,0,0,0,1,0,0,0,0,0,0.07711946447693295,Muito Baixo
28,54996,8.0,16750,10.38,0.3,9,0.3045676049167212,0,2,0,1,0,0,0,0,1,0,0,0,0,1,0,0.08437716832040891,Muito Baixo
30,65000,3.0,20000,16.77,0.31,5,0.3076923076923077,1,4,1,1,0,0,0,0,0,1,0,0,0,0,0,0.3759622239187493,Baixo
24,39000,4.0,8000,13.48,0.21,2,0.2051282051282051,1,3,0,0,0,0,1,0,0,1,0,0,0,1,1,0.9084140129405587,Muito Alto
24,75000,0.0,17000,12.53,0.23,2,0.2266666666666666,1,2,0,0,0,0,1,1,0,0,0,0,0,0,0,0.05569416081506661,Muito Baixo
21,120000,5.0,15000,10.25,0.13,2,0.125,0,2,0,1,0,0,0,0,0,0,0,0,1,0,0,0.0005433309785825929,Muito Baixo
33,45180,0.0,7000,8.0,0.15,7,0.1549358123063302,0,1,0,1,0,0,0,0,0,0,0,0,1,0,0,0.0006349437487608599,Muito Baixo
25,48000,2.0,6000,12.99,0.13,3,0.125,1,3,1,0,0,0,1,0,0,0,1,0,0,0,0,0.05320468899668821,Muito Baixo
36,83000,0.0,13000,11.97,0.16,14,0.1566265060240964,1,3,0,1,0,0,0,0,0,0,0,0,1,0,0,0.030063383024237385,Muito Baixo
22,50364,6.0,6000,6.03,0.12,3,0.1191327138432213,0,1,0,1,0,0,0,0,1,0,0,0,0,0,0,0.01114286828752475,Muito Baixo
24,16800,2.0,6000,14.84,0.36,4,0.3571428571428571,1,4,1,0,0,0,1,1,0,0,0,0,0,1,1,0.999964640821687,Muito Alto
23,79000,7.0,17825,6.62,0.23,2,0.225632911392405,0,1,0,1,0,0,0,0,1,0,0,0,0,0,0,0.03439493115550015,Muito Baixo
24,65000,8.0,6600,10.65,0.1,2,0.1015384615384615,0,2,0,1,0,0,0,1,0,0,0,0,0,0,0,0.06825459005548425,Muito Baixo
25,145000,0.0,25000,9.99,0.17,4,0.1724137931034483,0,2,0,0,0,0,1,0,1,0,0,0,0,0,0,0.04016435800881286,Muito Baixo
41,60000,7.0,23800,6.91,0.4,15,0.3966666666666666,0,1,0,0,0,0,1,0,0,1,0,0,0,1,1,0.9617106325976107,Muito Alto
50,137000,2.0,23000,7.9,0.17,13,0.1678832116788321,0,1,0,1,0,0,0,0,0,0,1,0,0,0,0,0.11393035811122923,Muito Baixo
23,57500,2.0,9000,10.37,0.16,3,0.1565217391304348,0,2,0,0,0,0,1,0,0,0,1,0,0,0,0,0.08555500214694545,Muito Baixo
22,62500,6.0,10000,5.99,0.16,3,0.16,0,1,0,1,0,0,0,0,0,0,0,1,0,0,0,0.015310779398287528,Muito Baixo
23,43500,0.0,10450,13.57,0.24,3,0.2402298850574712,1,3,0,0,0,0,1,0,0,0,0,1,0,0,0,0.12112714759112092,Muito Baixo
25,89000,9.0,14000,7.49,0.16,2,0.1573033707865168,0,1,0,1,0,0,0,0,0,0,1,0,0,0,0,0.01009881723922327,Muito Baixo
27,72000,11.0,12000,6.62,0.17,8,0.1666666666666666,0,1,0,0,0,0,1,0,1,0,0,0,0,0,0,0.03140689804875134,Muito Baixo
22,32000,0.0,2400,11.99,0.07,3,0.075,1,2,0,0,0,0,1,0,0,0,1,0,0,0,0,0.12176591974529838,Muito Baixo
30,49200,13.0,9250,7.49,0.19,8,0.1880081300813008,0,1,0,1,0,0,0,0,0,1,0,0,0,0,0,0.17259704787271002,Muito Baixo
43,43000,5.0,15000,8.88,0.35,15,0.3488372093023256,0,2,0,1,0,0,0,0,0,0,0,1,0,0,0,0.04660862022995108,Muito Baixo
27,36000,8.0,12500,6.03,0.35,7,0.3472222222222222,0,1,0,1,0,0,0,0,0,1,0,0,0,1,0,0.07893642076855222,Muito Baixo
22,51000,0.0,16000,7.9,0.31,3,0.3137254901960784,0,1,0,0,0,1,0,0,0,0,0,0,1,0,0,0.0003598396114709026,Muito Baixo
36,65000,1.0,7000,11.49,0.11,11,0.1076923076923077,1,2,0,1,0,0,0,0,0,0,0,0,1,0,0,0.0015046471368769137,Muito Baixo
21,42504,0.0,6300,6.99,0.15,3,0.1482213438735178,0,1,0,0,0,0,1,0,1,0,0,0,0,0,0,0.029698584971252783,Muito Baixo
23,56000,3.0,11000,7.49,0.2,4,0.1964285714285714,0,1,0,0,0,0,1,1,0,0,0,0,0,0,0,0.0281332557076596,Muito Baixo
25,69600,9.0,7000,11.49,0.1,2,0.1005747126436781,1,2,0,1,0,0,0,0,0,0,0,0,1,0,0,0.0027444934448671537,Muito Baixo
22,44000,0.0,12250,15.99,0.28,2,0.2784090909090909,1,4,1,0,0,0,1,0,0,0,1,0,0,1,1,0.9984355939028776,Muito Alto
27,69000,0.0,3325,16.32,0.05,7,0.0481884057971014,1,4,1,0,0,0,1,0,0,0,0,1,0,1,1,0.9717035293438746,Muito Alto
26,82000,5.0,19075,7.9,0.23,2,0.2326219512195122,0,1,0,1,0,0,0,0,0,0,0,1,0,0,0,0.04413914007930641,Muito Baixo
26,45000,3.0,6000,7.49,0.13,3,0.1333333333333333,0,1,0,0,0,0,1,0,0,0,1,0,0,0,0,0.01708438129065075,Muito Baixo
25,13000,2.0,4000,15.65,0.31,3,0.3076923076923077,1,4,1,0,0,0,1,0,0,0,0,1,0,1,1,0.9998943953009098,Muito Alto
33,32400,6.0,2500,15.33,0.08,10,0.0771604938271604,1,4,1,0,0,0,1,0,0,0,1,0,0,1,1,0.7352046333188551,Alto
23,33996,7.0,8000,10.95,0.24,3,0.2353218025650076,0,2,0,0,0,0,1,0,0,0,0,1,0,1,1,0.6167768433802359,Alto
37,27036,2.0,5000,11.49,0.18,11,0.1849386003846723,1,2,0,0,0,0,1,0,0,0,0,0,1,0,0,0.0036643125682321895,Muito Baixo
23,91000,3.0,12000,10.99,0.13,3,0.1318681318681318,0,2,0,1,0,0,0,0,0,0,0,1,0,0,0,0.023688461218493804,Muito Baixo
20,85920,3.0,12000,8.49,0.14,2,0.1396648044692737,0,1,0,1,0,0,0,1,0,0,0,0,0,0,0,0.03985294079505986,Muito Baixo
23,38000,4.0,10000,10.99,0.26,2,0.2631578947368421,0,2,0,0,0,0,1,0,0,0,0,1,0,0,0,0.15616269367972602,Muito Baixo
22,14400,0.0,4000,10.91,0.28,2,0.2777777777777778,0,3,1,0,0,0,1,1,0,0,0,0,0,1,1,0.9817218349966098,Muito Alto
27,48396,11.0,16000,14.74,0.33,7,0.3306058351929911,1,4,1,0,0,0,1,0,0,0,1,0,0,1,1,0.9942495076919575,Muito Alto
26,105000,1.0,12100,10.99,0.12,2,0.1152380952380952,0,2,0,0,0,0,1,0,0,1,0,0,0,0,0,0.03702201130639396,Muito Baixo
28,150000,4.0,20000,10.99,0.13,8,0.1333333333333333,0,2,0,1,0,0,0,0,1,0,0,0,0,0,0,0.04189874434004567,Muito Baixo
22,40000,1.0,7000,11.14,0.17,4,0.175,1,2,0,0,0,0,1,0,1,0,0,0,0,0,0,0.05528741192279159,Muito Baixo
25,45000,1.0,8000,13.47,0.18,4,0.1777777777777777,1,3,0,0,0,0,1,0,1,0,0,0,0,0,0,0.11673292391732944,Muito Baixo
45,69600,11.0,6000,7.9,0.09,13,0.0862068965517241,0,1,0,0,0,1,0,0,0,0,0,0,1,0,0,1.7236016748207292e-05,Muito Baixo
22,30000,6.0,7000,9.62,0.23,4,0.2333333333333333,0,2,0,0,0,0,1,0,0,0,1,0,0,1,0,0.1537576025557105,Muito Baixo
31,28000,1.0,2600,10.08,0.09,7,0.0928571428571428,0,2,0,0,0,0,1,0,0,0,1,0,0,0,0,0.11965215371645282,Muito Baixo
23,33000,2.0,7000,7.9,0.21,2,0.2121212121212121,0,1,0,0,0,0,1,0,0,0,0,0,1,0,0,0.00454061914317142,Muito Baixo
43,46000,5.0,3000,11.71,0.07,17,0.0652173913043478,1,2,0,0,0,0,1,0,0,0,0,0,1,0,0,0.00350194587718913,Muito Baixo
41,65000,3.0,10000,13.48,0.15,15,0.1538461538461538,1,3,0,0,0,0,1,0,1,0,0,0,0,0,0,0.08817456039339697,Muito Baixo
23,31577,6.0,2500,6.92,0.08,4,0.0791715489121829,0,1,0,0,0,1,0,0,1,0,0,0,0,0,0,0.0008890955715145409,Muito Baixo
24,25800,0.0,6000,7.14,0.23,4,0.2325581395348837,0,1,0,0,0,0,1,0,0,0,1,0,0,0,0,0.034568315193263824,Muito Baixo
23,48000,2.0,15000,10.75,0.31,3,0.3125,0,2,0,0,0,0,1,1,0,0,0,0,0,1,1,0.988573960305022,Muito Alto
21,52000,1.0,13200,12.42,0.25,2,0.2538461538461538,1,2,0,0,0,1,0,0,1,0,0,0,0,0,0,0.0005461241034836741,Muito Baixo
26,120000,10.0,10000,14.59,0.08,2,0.0833333333333333,1,4,1,1,0,0,0,0,0,1,0,0,0,0,0,0.07114379745010754,Muito Baixo
29,60000,1.0,9600,11.66,0.16,6,0.16,1,3,1,0,0,0,1,0,0,1,0,0,0,0,0,0.07839385319212377,Muito Baixo
22,44000,4.0,10000,12.69,0.23,2,0.2272727272727272,1,2,0,1,0,0,0,0,1,0,0,0,0,0,0,0.18143531603999874,Muito Baixo
39,72000,9.0,15000,11.86,0.21,15,0.2083333333333333,1,2,0,1,0,0,0,1,0,0,0,0,0,0,0,0.10518298581870562,Muito Baixo
25,69996,3.0,25000,10.62,0.36,3,0.3571632664723698,0,2,0,1,0,0,0,0,0,0,0,1,0,0,0,0.07923062504690598,Muito Baixo
24,69996,8.0,3000,6.39,0.04,3,0.0428595919766843,0,1,0,1,0,0,0,0,1,0,0,0,0,0,0,0.016777199267842692,Muito Baixo
50,34000,2.0,5000,5.79,0.15,12,0.1470588235294117,0,1,0,0,0,0,1,0,0,0,0,0,1,0,0,0.01226104235964477,Muito Baixo
21,36120,5.0,9000,10.39,0.25,2,0.2491694352159468,0,2,0,0,0,0,1,0,0,0,0,0,1,0,0,0.003137784687735266,Muito Baixo
23,62000,2.0,5575,10.99,0.09,3,0.0899193548387096,0,2,0,0,0,1,0,0,0,0,0,0,1,0,0,1.4149523000657659e-05,Muito Baixo
25,57500,4.0,6000,11.28,0.1,2,0.1043478260869565,1,3,0,0,0,0,1,0,0,0,0,0,1,1,0,0.1314822936669277,Muito Baixo
22,75000,6.0,25000,14.96,0.33,3,0.3333333333333333,1,4,1,1,0,0,0,0,0,0,0,0,1,0,0,0.1582742650661304,Muito Baixo
38,95000,6.0,14000,17.74,0.15,17,0.1473684210526315,1,5,1,0,0,1,0,0,0,0,0,0,1,0,0,0.09618797168193052,Muito Baixo
23,54096,2.0,4900,10.99,0.09,2,0.0905797101449275,0,2,0,0,0,0,1,0,0,0,0,1,0,0,0,0.06911716560126265,Muito Baixo
22,60000,4.0,3600,15.27,0.06,2,0.06,1,3,1,0,0,0,1,0,1,0,0,0,0,0,0,0.0693610342169966,Muito Baixo
24,91700,1.0,6500,9.88,0.07,3,0.0708833151581243,0,2,0,0,0,0,1,0,1,0,0,0,0,0,0,0.025259032949160085,Muito Baixo
29,32000,13.0,8000,5.99,0.25,7,0.25,0,1,0,1,0,0,0,0,0,1,0,0,0,0,0,0.21188099382675035,Baixo
23,24216,1.0,3600,16.49,0.15,3,0.1486620416253716,1,4,0,0,0,0,1,0,1,0,0,0,0,1,1,0.9266682735415238,Muito Alto
21,90000,6.0,12000,6.03,0.13,3,0.1333333333333333,0,1,0,0,0,1,0,0,0,0,1,0,0,0,0,5.69607757598275e-05,Muito Baixo
22,18204,2.0,2500,11.89,0.14,4,0.1373324544056251,1,2,0,0,0,0,1,1,0,0,0,0,0,0,0,0.14134106909306537,Muito Baixo
24,42000,7.0,4200,13.23,0.1,2,0.1,1,3,0,1,0,0,0,0,0,0,1,0,0,0,0,0.37580941890645037,Baixo
35,63600,5.0,4800,12.42,0.08,6,0.0754716981132075,1,2,0,1,0,0,0,1,0,0,0,0,0,1,0,0.1741997749344216,Muito Baixo
22,18000,3.0,3000,7.9,0.17,4,0.1666666666666666,0,1,0,0,0,1,0,0,0,0,0,1,0,1,1,0.9990072997785827,Muito Alto
29,81900,13.0,8000,7.66,0.1,10,0.0976800976800976,0,1,0,1,0,0,0,0,0,0,0,0,1,0,0,0.0005625704614620628,Muito Baixo
28,45000,6.0,10000,5.99,0.22,10,0.2222222222222222,0,1,0,1,0,0,0,1,0,0,0,0,0,0,0,0.02933269056404459,Muito Baixo
31,30000,2.0,7200,15.96,0.24,6,0.24,1,3,1,0,0,0,1,0,0,0,0,1,0,0,1,0.6218966417760976,Alto
23,98000,7.0,10000,7.49,0.1,4,0.1020408163265306,0,1,0,1,0,0,0,0,0,0,0,0,1,0,0,0.0007477534645839284,Muito Baixo
25,71400,9.0,25000,14.09,0.3,2,0.3501400560224089,1,4,0,1,0,0,0,0,0,0,1,0,0,1,1,0.9740994431862122,Muito Alto
23,95000,7.0,6000,16.49,0.06,4,0.0631578947368421,1,4,0,0,0,0,1,1,0,0,0,0,0,1,1,0.9854996880442243,Muito Alto
24,95610,8.0,6000,10.99,0.06,4,0.0627549419516786,0,2,0,1,0,0,0,0,0,0,0,0,1,0,0,0.0005773495837278933,Muito Baixo
30,98000,12.0,12000,8.88,0.12,7,0.1224489795918367,0,2,0,1,0,0,0,0,0,0,0,0,1,0,0,0.0014349352527709255,Muito Baixo
23,68500,7.0,4200,11.66,0.06,3,0.0613138686131386,1,3,0,1,0,0,0,0,0,0,0,0,1,0,0,0.16581389857582393,Muito Baixo
25,32000,0.0,4800,7.14,0.15,3,0.15,0,1,0,0,0,0,1,0,1,0,0,0,0,0,0,0.07868196068156721,Muito Baixo
42,55000,1.0,10000,13.79,0.18,13,0.1818181818181818,1,3,1,0,0,0,1,0,1,0,0,0,0,0,0,0.10171330700554508,Muito Baixo
21,54000,5.0,20000,10.74,0.37,2,0.3703703703703703,0,2,0,0,0,1,0,0,0,0,0,0,1,0,0,0.0002705710023111924,Muito Baixo
30,12500,0.0,2100,12.49,0.17,7,0.168,1,4,1,0,0,0,1,0,0,0,0,1,0,1,1,0.9987934619245854,Muito Alto
27,42000,0.0,4200,6.76,0.1,9,0.1,0,1,0,1,0,0,0,0,0,0,1,0,0,0,0,0.03842998291129388,Muito Baixo
23,65000,7.0,16000,14.59,0.25,4,0.2461538461538461,1,4,0,0,0,0,1,0,0,0,0,1,0,0,0,0.16393218405635618,Muito Baixo
24,65544,4.0,5000,10.74,0.08,2,0.0762846332234834,0,2,0,0,0,1,0,0,1,0,0,0,0,0,0,0.0006961324747268448,Muito Baixo
44,48000,12.0,17500,12.18,0.36,11,0.3645833333333333,1,2,0,1,0,0,0,0,0,1,0,0,0,0,0,0.0743336888048579,Muito Baixo
28,95000,4.0,25000,9.62,0.26,8,0.2631578947368421,0,2,0,0,0,1,0,0,0,1,0,0,0,0,0,0.000654892711782263,Muito Baixo
23,54000,4.0,5200,11.71,0.1,2,0.0962962962962963,1,2,0,0,0,0,1,0,0,0,1,0,0,0,0,0.3270422707268706,Baixo
28,60000,5.0,6000,10.99,0.1,6,0.1,0,2,0,1,0,0,0,0,0,0,1,0,0,0,0,0.0871535900299592,Muito Baixo
23,65000,6.0,8000,9.32,0.12,3,0.123076923076923,0,1,0,0,0,0,1,0,0,0,0,1,0,0,0,0.058072112435859836,Muito Baixo
30,36996,5.0,10000,8.9,0.27,6,0.2702994918369553,0,1,0,0,0,0,1,0,1,0,0,0,0,0,0,0.12308531718520503,Muito Baixo
28,81000,11.0,6000,6.17,0.07,10,0.074074074074074,0,1,0,1,0,0,0,0,0,1,0,0,0,0,0,0.023080907253078247,Muito Baixo
26,45000,2.0,10000,13.48,0.22,3,0.2222222222222222,1,3,0,0,0,0,1,0,0,0,0,1,0,0,0,0.07759332085898062,Muito Baixo
33,30000,8.0,5000,7.51,0.17,9,0.1666666666666666,0,1,0,0,0,1,0,0,0,0,1,0,0,0,0,0.000896611801497918,Muito Baixo
22,26400,6.0,1500,11.11,0.06,3,0.0568181818181818,1,2,0,0,0,0,1,0,1,0,0,0,0,0,0,0.17961753623845086,Muito Baixo
24,52000,4.0,3500,7.68,0.07,2,0.0673076923076923,0,1,0,0,0,0,1,1,0,0,0,0,0,0,0,0.04515840196018977,Muito Baixo
35,69000,5.0,6400,16.77,0.09,8,0.0927536231884058,1,4,1,0,0,0,1,1,0,0,0,0,0,1,1,0.9957579675030458,Muito Alto
25,97000,0.0,6600,7.49,0.07,2,0.068041237113402,0,1,0,0,0,0,1,0,0,0,0,0,1,0,0,0.001001165819699129,Muito Baixo
24,30000,8.0,4800,11.49,0.16,2,0.16,1,2,0,0,0,0,1,0,0,0,0,0,1,0,0,0.009593065852205061,Muito Baixo
31,48000,14.0,6600,7.14,0.14,5,0.1375,0,1,0,1,0,0,0,0,0,0,1,0,0,0,0,0.09769947923371716,Muito Baixo
30,68000,7.0,10000,10.75,0.15,7,0.1470588235294117,0,2,0,0,0,0,1,0,0,0,0,1,0,0,0,0.08632451498957061,Muito Baixo
30,76500,11.0,12000,17.27,0.13,10,0.1568627450980392,1,4,0,0,0,0,1,0,0,0,1,0,0,1,1,0.9944845437493364,Muito Alto
28,159000,3.0,15000,11.86,0.09,8,0.0943396226415094,1,2,0,1,0,0,0,0,0,0,0,1,0,0,0,0.04662213871126499,Muito Baixo
31,65000,6.0,12000,7.49,0.18,6,0.1846153846153846,0,1,0,1,0,0,0,0,0,0,0,0,1,0,0,0.0005885542346132505,Muito Baixo
26,83000,2.0,25000,10.99,0.3,3,0.3012048192771084,0,2,0,1,0,0,0,0,0,0,1,0,0,0,0,0.038603601266892947,Muito Baixo
31,112000,5.0,23000,12.18,0.21,6,0.2053571428571428,1,2,0,0,0,0,1,0,0,0,0,1,0,0,0,0.08340579205436503,Muito Baixo
26,52000,3.0,2500,14.59,0.05,4,0.048076923076923,1,4,0,1,0,0,0,0,0,1,0,0,0,0,0,0.2627847822585844,Baixo
35,50000,6.0,7200,11.99,0.14,9,0.144,1,2,0,0,0,0,1,0,0,0,0,0,1,0,0,0.0024777752875403667,Muito Baixo
44,29088,3.0,7200,11.71,0.25,17,0.2475247524752475,1,2,0,0,0,0,1,1,0,0,0,0,0,0,0,0.3239024053758663,Baixo
24,10000,8.0,3000,7.9,0.3,3,0.3,0,1,0,0,0,0,1,0,0,0,0,1,0,1,1,0.9977694212131126,Muito Alto
29,35000,4.0,15000,13.22,0.43,5,0.4285714285714285,1,3,0,0,0,0,1,1,0,0,0,0,0,1,1,0.9877819734464552,Muito Alto
29,104000,7.0,35000,7.49,0.34,8,0.3365384615384615,0,1,0,1,0,0,0,1,0,0,0,0,0,0,0,0.01691109643331788,Muito Baixo
27,56400,1.0,9700,8.88,0.17,10,0.1719858156028368,0,2,0,0,0,0,1,0,0,0,0,0,1,0,0,0.001939876095453466,Muito Baixo
22,45673,6.0,7000,7.88,0.15,4,0.1532634160225954,0,1,0,1,0,0,0,0,1,0,0,0,0,0,0,0.048998435542672455,Muito Baixo
23,75000,8.0,3000,14.11,0.04,3,0.04,1,4,0,1,0,0,0,0,1,0,0,0,0,0,0,0.10189390254812605,Muito Baixo
23,34000,4.0,5000,7.88,0.15,4,0.1470588235294117,0,1,0,0,0,0,1,0,0,0,0,0,1,0,0,0.012463729627499545,Muito Baixo
29,75000,1.0,20000,6.54,0.27,9,0.2666666666666666,0,1,0,0,0,0,1,0,0,0,0,0,1,0,0,0.0009304878316892339,Muito Baixo
28,84000,1.0,8400,7.51,0.1,10,0.1,0,1,0,1,0,0,0,0,0,0,0,1,0,0,0,0.028118203831962587,Muito Baixo
24,74000,1.0,16800,15.65,0.23,3,0.227027027027027,1,4,1,0,0,0,1,0,0,1,0,0,0,1,1,0.942495578355134,Muito Alto
23,46000,5.0,9500,12.69,0.21,4,0.2065217391304347,1,2,0,1,0,0,0,0,0,0,0,1,0,1,0,0.13207001318286057,Muito Baixo
25,85000,1.0,12000,7.49,0.14,2,0.1411764705882353,0,1,0,0,0,0,1,0,1,0,0,0,0,0,0,0.010390093869141793,Muito Baixo
24,84996,4.0,8000,15.57,0.09,2,0.0941220763330039,1,4,1,0,0,1,0,0,0,0,0,1,0,0,0,0.0003649478572846533,Muito Baixo
23,58000,4.0,5000,13.16,0.09,3,0.0862068965517241,1,3,0,0,0,0,1,0,0,0,0,1,0,0,0,0.10304882459302149,Muito Baixo
25,60000,9.0,12000,10.99,0.2,2,0.2,0,2,0,1,0,0,0,0,0,0,0,0,1,0,0,0.0009086693950262187,Muito Baixo
21,12000,2.0,3250,9.99,0.27,2,0.2708333333333333,0,2,0,0,0,0,1,0,0,1,0,0,0,1,1,0.9999183012186837,Muito Alto
25,28800,2.0,3000,11.12,0.1,3,0.1041666666666666,1,2,0,0,0,0,1,0,0,0,0,0,1,0,0,0.0037266188506642466,Muito Baixo
31,30000,5.0,7000,11.99,0.23,8,0.2333333333333333,1,2,0,0,0,0,1,0,0,0,1,0,0,0,0,0.13981068236572416,Muito Baixo
31,80000,0.0,15000,10.95,0.19,8,0.1875,0,2,0,1,0,0,0,0,0,0,1,0,0,0,0,0.025073539939794498,Muito Baixo
26,59497,2.0,7000,17.88,0.1,2,0.1176529909071045,1,5,0,0,0,1,0,0,0,0,1,0,0,1,1,0.9278642667714038,Muito Alto
29,29004,8.0,6000,12.87,0.21,5,0.2068680182043856,1,3,0,0,0,0,1,0,1,0,0,0,0,0,1,0.5098919650151885,Moderado
23,48562,4.0,3500,8.0,0.07,2,0.0720728141345084,0,1,0,0,0,0,1,0,0,0,0,0,1,0,0,0.0019910579469975425,Muito Baixo
24,40560,5.0,8000,7.66,0.2,2,0.1972386587771203,0,1,0,0,0,0,1,0,0,0,0,0,1,0,0,0.0019401691487357308,Muito Baixo
33,24947,3.0,6625,12.69,0.27,9,0.2655629935463182,1,2,0,0,0,0,1,0,0,1,0,0,0,1,1,0.9013806910367248,Muito Alto
27,33000,2.0,7500,15.65,0.23,7,0.2272727272727272,1,4,1,0,0,0,1,0,0,0,1,0,0,1,1,0.9868390256990522,Muito Alto
28,92000,0.0,6000,13.48,0.07,7,0.0652173913043478,1,3,0,1,0,0,0,0,1,0,0,0,0,0,0,0.032479451476056485,Muito Baixo
25,125000,9.0,25000,10.59,0.2,2,0.2,0,2,0,0,0,1,0,0,0,0,0,1,0,0,0,0.00039266855745155485,Muito Baixo
22,32000,2.0,3000,6.99,0.09,4,0.09375,0,1,0,0,0,1,0,0,0,0,1,0,0,0,0,0.000992832479100027,Muito Baixo
24,83290,5.0,6000,9.32,0.07,3,0.072037459478929,0,1,0,1,0,0,0,1,0,0,0,0,0,1,0,0.05995675833297286,Muito Baixo
25,55000,2.0,8000,6.03,0.15,4,0.1454545454545454,0,1,0,1,0,0,0,1,0,0,0,0,0,0,0,0.014808967534123342,Muito Baixo
24,47000,1.0,6000,11.11,0.13,4,0.1276595744680851,1,2,0,0,0,1,0,0,0,0,0,1,0,0,0,0.0004645265379638595,Muito Baixo
26,34200,9.0,9450,15.62,0.28,3,0.2763157894736842,1,4,0,0,0,0,1,0,0,0,1,0,0,1,1,0.6006782630094288,Alto
22,42500,0.0,5000,12.98,0.12,4,0.1176470588235294,1,3,1,0,0,0,1,1,0,0,0,0,0,0,0,0.08755443562478488,Muito Baixo
22,33640,4.0,12000,10.65,0.36,3,0.356718192627824,0,2,0,1,0,0,0,0,0,0,0,0,1,0,0,0.026250135078163216,Muito Baixo
34,30000,4.0,4300,7.9,0.14,5,0.1433333333333333,0,1,0,1,0,0,0,1,0,0,0,0,0,0,0,0.07133471949919917,Muito Baixo
28,70000,0.0,5275,10.99,0.08,5,0.0753571428571428,0,2,0,1,0,0,0,0,0,0,0,0,1,0,0,0.00074107396677536,Muito Baixo
23,41124,7.0,6000,7.49,0.15,4,0.1459002042602859,0,1,0,0,0,0,1,1,0,0,0,0,0,0,0,0.05972798073810936,Muito Baixo
23,52360,4.0,15000,16.49,0.29,2,0.2864782276546982,1,4,1,1,0,0,0,0,0,0,0,1,0,0,0,0.11617844074514104,Muito Baixo
28,114000,4.0,12000,7.49,0.11,5,0.1052631578947368,0,1,0,1,0,0,0,1,0,0,0,0,0,0,0,0.02050619845056717,Muito Baixo
25,54900,2.0,3000,10.99,0.05,2,0.0546448087431694,0,2,0,1,0,0,0,0,0,1,0,0,0,0,0,0.09513503043884941,Muito Baixo
28,59004,1.0,8000,7.37,0.14,6,0.1355840282014778,0,1,0,1,0,0,0,0,0,0,0,1,0,1,0,0.11066379441038059,Muito Baixo
24,40000,4.0,14000,15.58,0.35,3,0.35,1,4,1,0,0,0,1,0,0,0,1,0,0,1,1,0.9917662442820718,Muito Alto
24,120000,8.0,25000,10.65,0.21,4,0.2083333333333333,0,2,0,0,0,0,1,0,1,0,0,0,0,0,0,0.0394712210284366,Muito Baixo
27,55000,0.0,16000,11.12,0.29,9,0.2909090909090909,1,2,0,0,0,0,1,0,0,0,0,0,1,0,0,0.0016801779813923473,Muito Baixo
22,70000,6.0,12000,12.53,0.17,4,0.1714285714285714,1,2,0,0,0,1,0,0,0,0,0,1,0,0,0,0.0006243259731386846,Muito Baixo
58,51252,0.0,13500,11.58,0.26,21,0.2634043549520019,1,2,0,0,0,0,1,0,0,0,0,1,0,0,0,0.08648286002108946,Muito Baixo
24,96000,2.0,4200,10.99,0.04,4,0.04375,0,2,0,1,0,0,0,0,0,0,0,0,1,0,0,0.000591049836200088,Muito Baixo
28,31200,5.0,15000,11.83,0.48,9,0.4807692307692308,1,2,0,0,0,0,1,0,0,0,1,0,0,1,1,0.995066142185199,Muito Alto
36,52000,2.0,8000,7.51,0.15,14,0.1538461538461538,0,1,0,1,0,0,0,0,0,1,0,0,0,0,0,0.0315592531898737,Muito Baixo
26,201450,2.0,8000,16.95,0.03,4,0.0397120873665922,1,5,0,1,0,0,0,0,0,0,1,0,0,1,1,0.9722412613728624,Muito Alto
34,70000,19.0,2400,11.99,0.03,7,0.0342857142857142,1,2,0,0,0,0,1,0,0,0,1,0,0,0,0,0.022991531538493745,Muito Baixo
22,58000,2.0,6000,6.92,0.1,4,0.1034482758620689,0,1,0,0,0,0,1,0,0,0,0,1,0,0,0,0.027056092828787383,Muito Baixo
29,33000,2.0,1700,15.23,0.05,9,0.0515151515151515,1,3,1,0,0,0,1,0,0,0,0,1,0,0,1,0.5000057752406025,Moderado
27,51000,1.0,8400,10.71,0.16,5,0.1647058823529411,0,2,0,0,0,0,1,0,0,1,0,0,0,0,0,0.16561360526545488,Muito Baixo
22,59317,5.0,5000,11.48,0.08,4,0.0842928671375828,1,2,0,0,0,0,1,0,0,0,0,0,1,0,0,0.0028457083943836795,Muito Baixo
21,12120,0.0,3600,8.32,0.3,2,0.297029702970297,0,1,0,0,0,0,1,1,0,0,0,0,0,1,1,0.9730634209521853,Muito Alto
33,58800,10.0,3000,11.49,0.05,9,0.0510204081632653,1,2,0,0,0,0,1,0,0,0,1,0,0,0,0,0.26767741176639775,Baixo
25,135000,5.0,25000,11.36,0.19,4,0.1851851851851851,1,2,0,0,0,0,1,0,1,0,0,0,0,0,0,0.0476452834436279,Muito Baixo
23,21600,0.0,4400,12.53,0.2,3,0.2037037037037037,1,2,0,0,0,1,0,0,0,0,0,0,1,0,0,9.856504298390644e-05,Muito Baixo
29,160000,8.0,7000,7.49,0.04,8,0.04375,0,1,0,1,0,0,0,0,1,0,0,0,0,0,0,0.019882479959672968,Muito Baixo
23,52000,0.0,9000,12.69,0.17,2,0.173076923076923,1,2,0,0,0,0,1,0,0,0,0,0,1,0,0,0.0035655178605245026,Muito Baixo
38,81000,4.0,7000,9.99,0.09,11,0.0864197530864197,0,2,0,0,0,1,0,0,1,0,0,0,0,0,0,0.0009723400679711346,Muito Baixo
23,42000,2.0,14000,16.89,0.33,3,0.3333333333333333,1,4,0,0,0,0,1,0,0,0,0,1,0,1,1,0.9983994220943805,Muito Alto
23,54000,7.0,5000,14.96,0.09,2,0.0925925925925925,1,4,1,1,0,0,0,1,0,0,0,0,0,1,1,0.9982201862020419,Muito Alto
31,87000,7.0,15000,13.11,0.17,8,0.1724137931034483,1,3,1,0,0,1,0,0,0,1,0,0,0,0,0,0.0007230211925152321,Muito Baixo
29,54996,6.0,4200,15.95,0.08,10,0.0763691904865808,1,5,1,0,0,0,1,0,0,0,0,1,0,0,0,0.16832384906015158,Muito Baixo
23,57504,1.0,9000,6.54,0.16,3,0.1565108514190317,0,1,0,1,0,0,0,1,0,0,0,0,0,0,0,0.033020748378000044,Muito Baixo
25,25000,5.0,9000,11.49,0.36,2,0.36,1,2,0,0,0,0,1,0,0,0,1,0,0,1,1,0.9859371962043066,Muito Alto
27,36000,3.0,10000,17.19,0.28,7,0.2777777777777778,1,5,1,0,0,0,1,0,0,0,0,1,0,0,0,0.279424755042458,Baixo
22,27996,1.0,5000,17.51,0.18,4,0.1785969424203457,1,5,0,0,0,0,1,0,0,0,0,0,1,1,1,0.9216313185180838,Muito Alto
31,12000,2.0,2400,11.71,0.2,10,0.2,1,2,0,0,0,0,1,0,1,0,0,0,0,1,1,0.9945886611926288,Muito Alto
28,75000,6.0,8000,7.9,0.11,6,0.1066666666666666,0,1,0,0,0,0,1,0,1,0,0,0,0,0,0,0.04919927848126397,Muito Baixo
23,30000,7.0,4600,7.9,0.15,3,0.1533333333333333,0,1,0,1,0,0,0,0,0,0,1,0,0,0,0,0.11908013712918834,Muito Baixo
37,60000,0.0,3000,12.53,0.05,15,0.05,1,3,0,0,0,0,1,0,1,0,0,0,0,0,0,0.0871076402683189,Muito Baixo
22,54000,0.0,14000,7.14,0.26,2,0.2592592592592592,0,1,0,0,0,0,1,0,0,0,1,0,0,0,0,0.08512903532104335,Muito Baixo
37,40000,1.0,21250,12.99,0.53,16,0.53125,1,3,0,0,0,0,1,0,0,0,0,0,1,1,1,0.9866054851746123,Muito Alto
22,65000,1.0,12000,8.94,0.18,4,0.1846153846153846,0,1,0,0,0,0,1,0,1,0,0,0,0,0,0,0.027382182918208146,Muito Baixo
30,32400,13.0,6500,10.99,0.2,5,0.2006172839506173,0,2,0,1,0,0,0,0,0,0,0,0,1,0,0,0.0020521223803334726,Muito Baixo
26,51996,2.0,6500,15.68,0.13,3,0.1250096161243172,1,5,0,1,0,0,0,1,0,0,0,0,0,1,1,0.9919362490646704,Muito Alto
30,51996,5.0,3200,6.99,0.06,5,0.0615431956304331,0,1,0,1,0,0,0,0,0,0,0,1,0,0,0,0.025121531258839844,Muito Baixo
26,85000,10.0,4650,8.49,0.05,2,0.0547058823529411,0,1,0,1,0,0,0,0,1,0,0,0,0,0,0,0.03664437583154919,Muito Baixo
27,45000,11.0,3450,11.99,0.08,7,0.0766666666666666,1,2,0,1,0,0,0,0,0,0,0,1,0,0,0,0.15755674639946946,Muito Baixo
26,57000,6.0,9000,12.99,0.16,4,0.1578947368421052,1,3,1,1,0,0,0,0,0,0,1,0,0,0,0,0.2399852854494942,Baixo
42,55000,1.0,16500,12.69,0.3,11,0.3,1,2,0,1,0,0,0,0,0,0,0,0,1,0,0,0.0029771858999728005,Muito Baixo
30,36000,3.0,2400,10.65,0.07,10,0.0666666666666666,0,2,0,1,0,0,0,0,0,1,0,0,0,0,0,0.1350049637867935,Muito Baixo
30,32004,0.0,7500,13.47,0.23,10,0.2343457067866516,1,3,1,0,0,0,1,1,0,0,0,0,0,0,0,0.2289337949230973,Baixo
27,44000,2.0,2000,11.49,0.05,10,0.0454545454545454,1,2,0,0,0,0,1,0,0,0,1,0,0,1,0,0.1940445389101003,Muito Baixo
25,100000,2.0,15000,15.99,0.15,3,0.15,1,4,1,1,0,0,0,0,1,0,0,0,0,0,0,0.07039878546128804,Muito Baixo
21,40000,0.0,3000,7.49,0.07,3,0.075,0,1,0,0,0,0,1,0,0,0,0,0,1,0,0,0.0009086990512812362,Muito Baixo
29,60000,7.0,12000,9.91,0.2,7,0.2,0,2,0,0,0,0,1,0,0,0,1,0,0,0,0,0.044126313378620725,Muito Baixo
23,12000,0.0,2100,8.94,0.17,2,0.175,0,1,0,0,0,0,1,0,0,0,1,0,0,1,1,0.9888740225733401,Muito Alto
22,38000,6.0,8500,5.42,0.22,2,0.2236842105263158,0,1,0,1,0,0,0,1,0,0,0,0,0,0,0,0.04109610478410366,Muito Baixo
39,65000,17.0,15000,7.9,0.23,14,0.2307692307692307,0,1,0,1,0,0,0,0,1,0,0,0,0,0,0,0.016988290063749138,Muito Baixo
24,67000,3.0,13000,13.48,0.19,3,0.1940298507462686,1,3,1,0,0,1,0,0,0,0,0,0,1,0,0,0.0003930653881577171,Muito Baixo
26,69996,10.0,14000,13.49,0.2,2,0.2000114292245271,1,3,0,1,0,0,0,1,0,0,0,0,0,0,0,0.09732184840155773,Muito Baixo
22,61500,3.0,10000,14.22,0.16,2,0.1626016260162601,1,3,0,0,0,0,1,0,1,0,0,0,0,0,0,0.07505361888112577,Muito Baixo
31,135000,9.0,10000,7.14,0.07,6,0.074074074074074,0,1,0,1,0,0,0,0,0,0,0,0,1,0,0,0.0006094997360725108,Muito Baixo
24,23000,1.0,5000,13.48,0.22,2,0.217391304347826,1,3,1,0,0,0,1,0,0,0,0,1,0,0,0,0.2447900469580499,Baixo
32,55000,5.0,10000,8.49,0.18,10,0.1818181818181818,0,1,0,0,0,0,1,0,0,0,1,0,0,0,0,0.021165675334873117,Muito Baixo
35,36000,9.0,12000,16.29,0.33,9,0.3333333333333333,1,4,0,0,0,0,1,0,0,0,1,0,0,1,1,0.9929139777961165,Muito Alto
31,40000,4.0,12650,11.34,0.32,9,0.31625,1,3,0,1,0,0,0,0,0,0,1,0,0,0,0,0.1382453753648166,Muito Baixo
22,52000,5.0,6000,7.9,0.12,4,0.1153846153846153,0,1,0,1,0,0,0,0,1,0,0,0,0,0,0,0.015032023404010691,Muito Baixo
25,30000,4.0,5000,11.86,0.17,2,0.1666666666666666,1,2,0,0,0,0,1,0,1,0,0,0,0,0,0,0.29753729906152965,Baixo
32,11688,4.0,5600,13.48,0.48,10,0.4791238877481177,1,3,1,0,0,0,1,0,0,0,0,1,0,1,1,0.9998014713725917,Muito Alto
28,350000,1.0,20000,10.99,0.06,9,0.0571428571428571,0,2,0,0,0,0,1,1,0,0,0,0,0,0,0,0.06812858377769263,Muito Baixo
32,74000,16.0,13650,12.42,0.18,10,0.1844594594594594,1,2,0,1,0,0,0,0,1,0,0,0,0,1,0,0.3374732293039754,Baixo
24,70000,6.0,25000,13.48,0.36,3,0.3571428571428571,1,3,0,1,0,0,0,0,0,1,0,0,0,0,0,0.1555590558876837,Muito Baixo
25,35280,0.0,5000,14.96,0.14,3,0.1417233560090703,1,4,0,0,0,0,1,0,0,1,0,0,0,1,1,0.9908542458278098,Muito Alto
29,30720,2.0,3500,5.99,0.11,8,0.1139322916666666,0,1,0,0,0,0,1,0,0,0,1,0,0,0,0,0.03545793891888363,Muito Baixo
23,24000,7.0,5550,12.53,0.23,4,0.23125,1,3,1,0,0,0,1,0,0,0,0,0,1,0,0,0.12148539700336498,Muito Baixo
26,74000,5.0,10000,6.62,0.14,2,0.1351351351351351,0,1,0,1,0,0,0,1,0,0,0,0,0,0,0,0.051541056206023145,Muito Baixo
26,57500,2.0,7750,6.76,0.13,3,0.1347826086956521,0,1,0,1,0,0,0,1,0,0,0,0,0,0,0,0.04026247098700999,Muito Baixo
29,12000,0.0,4500,11.14,0.38,6,0.375,1,2,0,0,0,1,0,0,0,1,0,0,0,1,1,0.9994937900350027,Muito Alto
28,38100,6.0,4800,9.63,0.13,10,0.1259842519685039,0,2,0,0,0,0,1,1,0,0,0,0,0,1,0,0.10612291309714285,Muito Baixo
23,32640,5.0,4800,11.99,0.15,2,0.1470588235294117,1,2,0,0,0,0,1,0,0,0,0,0,1,0,0,0.011872645070064471,Muito Baixo
43,50000,11.0,11500,7.49,0.23,12,0.23,0,1,0,1,0,0,0,0,0,0,1,0,0,0,0,0.01687864543081927,Muito Baixo
27,27840,2.0,2400,5.42,0.09,7,0.0862068965517241,0,1,0,1,0,0,0,0,0,0,1,0,0,0,0,0.032641986729073924,Muito Baixo
29,45996,6.0,3000,9.76,0.07,7,0.0652230628750326,0,2,0,0,0,0,1,0,1,0,0,0,0,0,0,0.15839137659686814,Muito Baixo
26,93500,9.0,6250,14.83,0.07,3,0.0668449197860962,1,4,1,1,0,0,0,0,0,0,0,0,1,0,0,0.05320501897709191,Muito Baixo
24,120155,4.0,12000,7.49,0.1,4,0.099870999958387,0,1,0,1,0,0,0,0,1,0,0,0,0,0,0,0.010758949364224729,Muito Baixo
30,64698,11.0,9000,16.0,0.12,5,0.1391078549568765,1,4,1,0,0,0,1,0,0,0,1,0,0,1,1,0.9841704241464012,Muito Alto
28,73000,6.0,15000,11.83,0.21,7,0.2054794520547945,1,2,0,1,0,0,0,0,0,0,0,1,0,0,0,0.18206979784388178,Muito Baixo
27,55000,3.0,4500,13.49,0.08,8,0.0818181818181818,1,3,0,0,0,1,0,0,1,0,0,0,0,0,0,0.0006081943487472639,Muito Baixo
33,50000,8.0,4000,5.42,0.08,10,0.08,0,1,0,1,0,0,0,0,0,0,1,0,0,0,0,0.008905310338659716,Muito Baixo
25,63996,9.0,14000,14.42,0.22,2,0.2187636727295455,1,4,1,0,0,0,1,1,0,0,0,0,0,1,1,0.9930787614476874,Muito Alto
32,60000,15.0,6000,7.14,0.1,9,0.1,0,1,0,1,0,0,0,1,0,0,0,0,0,0,0,0.015347278152468665,Muito Baixo
23,74004,7.0,25000,16.35,0.34,4,0.3378195773201448,1,5,0,0,0,0,1,1,0,0,0,0,0,1,1,0.9998581380374729,Muito Alto
42,18000,3.0,8000,6.91,0.44,17,0.4444444444444444,0,1,0,0,0,0,1,0,0,0,0,0,1,1,1,0.9998178045568529,Muito Alto
34,53000,9.0,9600,8.94,0.18,10,0.1811320754716981,0,1,0,0,0,1,0,0,0,1,0,0,0,0,0,0.0008497745388188689,Muito Baixo
23,52000,3.0,4800,9.88,0.09,2,0.0923076923076923,0,2,0,0,0,0,1,0,1,0,0,0,0,0,0,0.03287857501327979,Muito Baixo
31,54996,6.0,5000,7.49,0.09,10,0.0909157029602152,0,1,0,0,0,0,1,0,0,0,0,1,0,0,0,0.06354407263463902,Muito Baixo
27,71352,3.0,9000,6.54,0.13,6,0.1261352169525731,0,1,0,1,0,0,0,0,0,0,0,0,1,0,0,0.00042371618236928334,Muito Baixo
25,61680,1.0,7600,13.23,0.12,4,0.1232166018158236,1,3,0,0,0,0,1,0,0,0,0,0,1,1,0,0.07421256960142252,Muito Baixo
23,44000,7.0,10000,8.49,0.23,4,0.2272727272727272,0,1,0,1,0,0,0,0,0,0,0,1,0,1,0,0.28959666855459176,Baixo
26,30000,5.0,2000,11.99,0.07,2,0.0666666666666666,1,2,0,1,0,0,0,0,0,1,0,0,0,1,0,0.36680042091651316,Baixo
22,54000,2.0,2000,10.99,0.04,3,0.037037037037037,0,2,0,0,0,1,0,0,0,0,0,0,1,0,0,2.458814183092525e-05,Muito Baixo
23,72000,7.0,7000,6.17,0.1,3,0.0972222222222222,0,1,0,1,0,0,0,0,1,0,0,0,0,0,0,0.01058320201099858,Muito Baixo
23,65500,2.0,20000,13.22,0.31,2,0.3053435114503817,1,3,0,0,0,0,1,1,0,0,0,0,0,1,1,0.9308927500094858,Muito Alto
32,30000,0.0,8000,7.74,0.27,9,0.2666666666666666,0,1,0,0,0,0,1,0,0,0,0,0,1,0,0,0.0041374353061459715,Muito Baixo
24,30000,7.0,10000,12.61,0.33,2,0.3333333333333333,1,3,1,0,0,1,0,0,0,1,0,0,0,0,0,0.001439288801622947,Muito Baixo
31,55000,15.0,8000,7.51,0.15,8,0.1454545454545454,0,1,0,0,0,1,0,0,0,0,0,1,0,0,0,0.0004243049982116808,Muito Baixo
25,95000,8.0,6800,9.63,0.07,4,0.071578947368421,0,2,0,1,0,0,0,0,1,0,0,0,0,0,0,0.03450975293296066,Muito Baixo
26,28800,5.0,8000,15.31,0.28,3,0.2777777777777778,1,4,1,0,0,0,1,0,1,0,0,0,0,0,0,0.23181513094050588,Baixo
26,54200,3.0,7000,7.49,0.13,3,0.1291512915129151,0,1,0,1,0,0,0,0,0,1,0,0,0,0,0,0.07415450244105695,Muito Baixo
22,26000,5.0,11200,16.89,0.43,3,0.4307692307692308,1,4,0,0,0,0,1,0,0,0,0,1,0,1,1,0.9957828796288596,Muito Alto
24,62000,6.0,10000,10.74,0.16,2,0.1612903225806451,0,2,0,1,0,0,0,0,0,1,0,0,0,0,0,0.06493957833476606,Muito Baixo
32,52800,2.0,24000,7.51,0.45,10,0.4545454545454545,0,1,0,1,0,0,0,0,0,1,0,0,0,0,0,0.0678671816806635,Muito Baixo
21,83000,4.0,8500,8.0,0.1,4,0.1024096385542168,0,1,0,1,0,0,0,0,0,0,1,0,0,0,0,0.04049313033429189,Muito Baixo
28,72000,3.0,4000,10.99,0.06,6,0.0555555555555555,0,2,0,1,0,0,0,0,0,1,0,0,0,0,0,0.0465564976312929,Muito Baixo
32,300000,2.0,24000,12.87,0.08,10,0.08,1,3,0,1,0,0,0,0,0,0,1,0,0,0,0,0.09954267367561198,Muito Baixo
29,22080,3.0,8000,8.59,0.36,9,0.3623188405797101,0,1,0,0,0,1,0,0,1,0,0,0,0,0,0,0.001125306700630353,Muito Baixo
25,42000,2.0,6600,10.65,0.16,4,0.1571428571428571,0,2,0,0,0,0,1,0,0,0,1,0,0,0,0,0.040514147180910266,Muito Baixo
25,88668,2.0,3000,6.62,0.03,2,0.0338340776830423,0,1,0,1,0,0,0,0,0,0,1,0,0,0,0,0.014270212475977779,Muito Baixo
28,140000,4.0,18000,14.65,0.13,7,0.1285714285714285,1,3,1,1,0,0,0,0,0,1,0,0,0,0,0,0.05398169129396675,Muito Baixo
32,50000,4.0,10000,6.03,0.2,9,0.2,0,1,0,0,0,1,0,0,1,0,0,0,0,0,0,0.00023156067252473033,Muito Baixo
23,49161,1.0,8000,13.17,0.16,4,0.1627306198002481,1,4,1,0,0,0,1,0,0,1,0,0,0,1,1,0.9992949685757543,Muito Alto
32,42000,6.0,4000,11.12,0.1,5,0.0952380952380952,1,2,0,0,0,0,1,0,0,0,0,1,0,0,0,0.12001017102647253,Muito Baixo
28,100000,6.0,24000,11.48,0.24,9,0.24,1,2,0,1,0,0,0,0,0,0,1,0,0,0,0,0.04959193712041515,Muito Baixo
24,45000,2.0,9050,6.62,0.2,4,0.2011111111111111,0,1,0,1,0,0,0,0,0,0,0,0,1,0,0,0.0004945061404895121,Muito Baixo
34,54000,2.0,7800,14.84,0.14,6,0.1444444444444444,1,4,0,0,0,0,1,0,0,0,0,0,1,1,1,0.9547196825992804,Muito Alto
25,70000,6.0,14000,5.42,0.2,2,0.2,0,1,0,1,0,0,0,0,0,0,0,0,1,0,0,0.0006887046972782459,Muito Baixo
27,60000,4.0,18500,10.99,0.31,5,0.3083333333333333,0,2,0,0,0,0,1,1,0,0,0,0,0,1,1,0.9823602092092194,Muito Alto
28,64000,11.0,15000,9.63,0.23,10,0.234375,0,1,0,0,1,0,0,0,0,0,0,1,0,1,0,0.06376542072791408,Muito Baixo
24,24000,1.0,2500,10.74,0.1,3,0.1041666666666666,0,2,0,0,0,0,1,0,0,0,1,0,0,0,0,0.1394782831572957,Muito Baixo
25,49963,9.0,2100,11.49,0.04,3,0.042031103016232,1,2,0,1,0,0,0,0,0,0,1,0,0,1,0,0.1320278643900908,Muito Baixo
33,68004,17.0,5000,13.49,0.07,8,0.0735250867596023,1,3,0,0,0,0,1,0,1,0,0,0,0,0,0,0.24080167453469234,Baixo
28,40000,0.0,5600,13.49,0.14,8,0.14,1,3,0,0,0,0,1,0,0,0,1,0,0,0,0,0.033287428096065226,Muito Baixo
31,56400,4.0,4000,13.35,0.07,5,0.0709219858156028,1,3,0,1,0,0,0,0,0,0,1,0,0,1,0,0.30963746718751467,Baixo
29,30992,3.0,8000,11.58,0.26,9,0.2581311306143521,1,2,0,1,0,0,0,0,1,0,0,0,0,1,0,0.20079613917033912,Baixo
22,24960,0.0,2500,7.51,0.1,4,0.1001602564102564,0,1,0,0,0,0,1,0,1,0,0,0,0,0,0,0.057360924479846184,Muito Baixo
45,87000,8.0,8000,13.11,0.09,15,0.0919540229885057,1,3,1,0,0,0,1,1,0,0,0,0,0,0,0,0.07000388787163442,Muito Baixo
23,40000,6.0,13200,10.99,0.33,4,0.33,0,2,0,1,0,0,0,0,0,0,1,0,0,0,0,0.13614067932626128,Muito Baixo
44,91000,14.0,7900,8.59,0.09,14,0.0868131868131868,0,1,0,1,0,0,0,0,0,0,1,0,0,0,0,0.03371495572494919,Muito Baixo
25,69000,9.0,15900,13.22,0.23,3,0.2304347826086956,1,3,1,1,0,0,0,0,0,1,0,0,0,0,0,0.1518439861559677,Muito Baixo
34,56000,16.0,5000,8.9,0.09,5,0.0892857142857142,0,1,0,0,0,0,1,1,0,0,0,0,0,0,0,0.07508388647749771,Muito Baixo
30,54000,4.0,12000,15.58,0.22,5,0.2222222222222222,1,4,0,1,0,0,0,1,0,0,0,0,0,1,1,0.9983586369238114,Muito Alto
29,115000,5.0,7500,5.99,0.07,8,0.0652173913043478,0,1,0,0,0,0,1,0,0,1,0,0,0,0,0,0.0109504975990227,Muito Baixo
40,150000,2.0,20000,12.99,0.13,14,0.1333333333333333,1,3,0,1,0,0,0,0,0,0,0,1,0,0,0,0.04188568894310178,Muito Baixo
23,30500,6.0,3000,14.96,0.1,2,0.0983606557377049,1,4,1,1,0,0,0,0,0,0,1,0,0,1,1,0.9633882396595849,Muito Alto
25,90000,9.0,7750,7.51,0.09,4,0.0861111111111111,0,1,0,1,0,0,0,0,1,0,0,0,0,0,0,0.010228554894051476,Muito Baixo
45,37000,0.0,20000,11.71,0.54,15,0.5405405405405406,1,2,0,0,0,0,1,0,0,1,0,0,0,1,1,0.9990765434721095,Muito Alto
34,48989,10.0,2400,7.14,0.05,5,0.0489905897242238,0,1,0,0,0,1,0,0,1,0,0,0,0,0,0,0.00042157543263649855,Muito Baixo
30,9600,4.0,1800,5.99,0.19,8,0.1875,0,1,0,0,0,0,1,0,0,0,0,1,0,1,1,0.9912440910366179,Muito Alto
24,85850,3.0,12000,15.99,0.12,4,0.139778683750728,1,4,1,1,0,0,0,0,0,0,1,0,0,1,1,0.9907472179979635,Muito Alto
31,68000,1.0,6000,7.49,0.09,6,0.088235294117647,0,1,0,0,0,0,1,0,0,0,0,1,0,0,0,0.0319090038870303,Muito Baixo
26,110000,1.0,5000,12.69,0.05,3,0.0454545454545454,1,2,0,1,0,0,0,0,1,0,0,0,0,0,0,0.06706423820173886,Muito Baixo
31,64000,15.0,20000,13.48,0.31,5,0.3125,1,3,1,1,0,0,0,1,0,0,0,0,0,0,0,0.37347283774063966,Baixo
24,49296,8.0,5000,7.88,0.1,4,0.1014281077572216,0,1,0,0,0,0,1,0,1,0,0,0,0,0,0,0.10664553585023855,Muito Baixo
28,32000,2.0,7750,14.22,0.24,5,0.2421875,1,3,1,0,0,0,1,0,0,0,1,0,0,0,0,0.1492207382232882,Muito Baixo
22,55000,6.0,4800,11.99,0.09,2,0.0872727272727272,1,2,0,0,0,1,0,0,0,0,1,0,0,0,0,0.0010248912907620715,Muito Baixo
25,60000,5.0,5000,7.49,0.08,4,0.0833333333333333,0,1,0,1,0,0,0,0,0,0,0,0,1,0,0,0.0004677964748314825,Muito Baixo
34,33666,4.0,8000,17.49,0.24,9,0.2376284678904532,1,4,1,0,0,0,1,0,0,0,0,1,0,1,0,0.45029551993308703,Moderado
30,27996,9.0,1500,13.48,0.05,8,0.0535790827261037,1,3,1,0,0,0,1,0,0,0,1,0,0,0,0,0.07206619719814153,Muito Baixo
24,25000,3.0,3250,13.67,0.13,4,0.13,1,4,0,0,0,0,1,0,1,0,0,0,0,0,0,0.26020291265746825,Baixo
25,58000,9.0,10400,12.18,0.18,2,0.1793103448275862,1,2,0,1,0,0,0,0,0,0,1,0,0,0,0,0.30384945248488815,Baixo
23,157500,1.0,10000,12.69,0.06,2,0.0634920634920634,1,2,0,0,0,0,1,0,1,0,0,0,0,0,0,0.043418783824544366,Muito Baixo
23,52692,4.0,3500,12.23,0.07,4,0.0664237455401199,1,3,1,0,0,0,1,0,0,0,1,0,0,0,0,0.055847459934126924,Muito Baixo
22,50000,3.0,6000,10.25,0.12,3,0.12,0,2,0,0,0,0,1,1,0,0,0,0,0,0,0,0.026293768236319178,Muito Baixo
41,28800,0.0,9600,13.49,0.33,16,0.3333333333333333,1,3,0,0,0,0,1,0,0,0,1,0,0,1,1,0.9872209914192482,Muito Alto
24,35000,7.0,15000,7.49,0.43,4,0.4285714285714285,0,1,0,1,0,0,0,0,1,0,0,0,0,0,0,0.12003873498004926,Muito Baixo
25,66000,9.0,15000,7.49,0.23,4,0.2272727272727272,0,1,0,0,0,1,0,0,0,0,0,1,0,0,0,0.0010383675462863123,Muito Baixo
23,48000,7.0,14125,7.49,0.29,3,0.2942708333333333,0,1,0,1,0,0,0,0,1,0,0,0,0,0,0,0.09101486540126186,Muito Baixo
29,65000,2.0,7000,7.29,0.11,6,0.1076923076923077,0,1,0,1,0,0,0,1,0,0,0,0,0,0,0,0.01937009229933169,Muito Baixo
27,150000,1.0,25000,11.36,0.17,6,0.1666666666666666,1,2,0,0,0,0,1,0,1,0,0,0,0,0,0,0.05979590562398182,Muito Baixo
58,85000,0.0,8000,11.49,0.09,28,0.0941176470588235,1,2,0,1,0,0,0,0,0,0,0,1,0,0,0,0.032345559180675644,Muito Baixo
23,52176,3.0,7500,10.59,0.14,3,0.1437442502299908,0,2,0,1,0,0,0,0,1,0,0,0,0,0,0,0.04783471884857028,Muito Baixo
36,35256,5.0,5000,5.99,0.14,11,0.1418198320853188,0,1,0,1,0,0,0,0,0,1,0,0,0,0,0,0.04527609815668237,Muito Baixo
28,250000,3.0,35000,11.71,0.14,7,0.14,1,2,0,1,0,0,0,0,0,0,0,1,0,0,0,0.035754079415232946,Muito Baixo
26,65000,10.0,24000,7.49,0.37,2,0.3692307692307692,0,1,0,0,0,0,1,1,0,0,0,0,0,1,1,0.9797748848869969,Muito Alto
29,70000,13.0,10000,6.99,0.14,10,0.1428571428571428,0,1,0,1,0,0,0,0,0,0,1,0,0,0,0,0.008263622987062163,Muito Baixo
31,20000,7.0,2500,12.53,0.13,10,0.125,1,3,1,0,0,0,1,0,1,0,0,0,0,0,0,0.22503998876270723,Baixo
34,140000,17.0,12000,15.21,0.09,10,0.0857142857142857,1,4,1,1,0,0,0,0,0,0,0,0,1,0,0,0.0459614849655332,Muito Baixo
22,70000,4.0,13750,10.75,0.2,3,0.1964285714285714,0,2,0,1,0,0,0,0,0,0,0,0,1,0,0,0.0009830408466562587,Muito Baixo
34,60000,2.0,15000,7.88,0.25,7,0.25,0,1,0,0,0,0,1,0,0,0,1,0,0,0,0,0.027821585996472286,Muito Baixo
22,65000,3.0,5000,11.49,0.08,3,0.0769230769230769,1,2,0,0,0,0,1,0,1,0,0,0,0,0,0,0.03817282051564544,Muito Baixo
23,85000,5.0,10000,6.17,0.12,3,0.1176470588235294,0,1,0,0,0,0,1,0,1,0,0,0,0,0,0,0.0035117413952299383,Muito Baixo
40,110000,0.0,20000,10.38,0.18,16,0.1818181818181818,0,2,0,0,0,0,1,0,1,0,0,0,0,0,0,0.02806123510976261,Muito Baixo
28,65000,5.0,4500,15.96,0.07,9,0.0692307692307692,1,3,1,1,0,0,0,0,0,0,1,0,0,0,0,0.3009025681324265,Baixo
25,61200,1.0,5650,7.66,0.09,2,0.0923202614379085,0,1,0,1,0,0,0,0,0,0,0,1,0,0,0,0.04351311122287839,Muito Baixo
26,71000,5.0,13500,12.69,0.19,3,0.1901408450704225,1,2,0,0,0,0,1,0,0,0,1,0,0,0,0,0.04248017657050387,Muito Baixo
21,21600,2.0,3800,5.99,0.18,2,0.1759259259259259,0,1,0,1,0,0,0,1,0,0,0,0,0,0,0,0.035911932551730155,Muito Baixo
23,66500,0.0,5675,7.49,0.09,2,0.0853383458646616,0,1,0,0,0,0,1,0,0,0,0,0,1,0,0,0.0008306857245970797,Muito Baixo
22,80000,6.0,35000,10.99,0.44,2,0.4375,0,2,0,1,0,0,0,0,1,0,0,0,0,0,0,0.024606847626281892,Muito Baixo
25,100000,3.0,12000,9.91,0.12,3,0.12,0,2,0,0,0,0,1,0,0,0,0,0,1,0,0,0.0012025860277085358,Muito Baixo
39,250000,21.0,4000,15.23,0.02,13,0.016,1,3,0,1,0,0,0,0,0,0,0,0,1,0,0,0.037288657928000075,Muito Baixo
24,63996,5.0,6000,10.75,0.09,3,0.0937558597412338,0,2,0,1,0,0,0,0,0,0,0,0,1,0,0,0.0023987852107832342,Muito Baixo
22,75000,3.0,9000,5.79,0.12,2,0.12,0,1,0,1,0,0,0,0,1,0,0,0,0,0,0,0.004900969265494317,Muito Baixo
32,31000,0.0,5000,11.49,0.16,8,0.1612903225806451,1,2,0,0,0,0,1,0,1,0,0,0,0,1,0,0.18098863986955235,Muito Baixo
34,30000,5.0,3600,6.92,0.12,6,0.12,0,1,0,0,0,0,1,0,0,1,0,0,0,1,1,0.6930508941603315,Alto
24,34500,4.0,12000,10.38,0.35,2,0.3478260869565217,0,2,0,0,0,0,1,0,0,0,1,0,0,1,1,0.9884061381532266,Muito Alto
22,102000,3.0,18000,8.49,0.18,3,0.1764705882352941,0,1,0,1,0,0,0,0,0,0,1,0,0,0,0,0.022122387557483084,Muito Baixo
24,31000,8.0,9000,14.84,0.29,4,0.2903225806451613,1,4,1,1,0,0,0,0,0,0,0,1,0,1,0,0.24729888705352718,Baixo
21,24996,2.0,5000,16.45,0.2,4,0.2000320051208193,1,5,0,0,0,0,1,0,1,0,0,0,0,1,1,0.934299666229945,Muito Alto
22,55000,6.0,5000,6.91,0.09,2,0.0909090909090909,0,1,0,0,0,0,1,0,1,0,0,0,0,0,0,0.027067495563809878,Muito Baixo
26,52700,3.0,7500,13.8,0.12,2,0.1423149905123339,1,4,0,1,0,0,0,0,0,0,1,0,0,1,1,0.9896246967331868,Muito Alto
22,54996,6.0,12000,8.32,0.22,4,0.2181976871045167,0,1,0,0,0,0,1,0,0,0,0,0,1,0,0,0.0015998408331895073,Muito Baixo
24,64656,8.0,14500,10.99,0.22,4,0.2242637960900767,0,2,0,1,0,0,0,0,1,0,0,0,0,0,0,0.1139977610905068,Muito Baixo
29,78000,2.0,18000,6.62,0.23,5,0.2307692307692307,0,1,0,1,0,0,0,0,0,0,0,1,0,0,0,0.06017732795468866,Muito Baixo
26,143375,10.0,12000,7.66,0.08,3,0.083696599825632,0,1,0,1,0,0,0,0,0,0,1,0,0,0,0,0.02182542784763568,Muito Baixo
26,78000,7.0,3000,11.49,0.04,2,0.0384615384615384,1,2,0,1,0,0,0,0,0,1,0,0,0,0,0,0.19871484731629785,Muito Baixo
26,67500,1.0,3000,9.32,0.04,4,0.0444444444444444,0,1,0,0,0,0,1,0,0,1,0,0,0,0,0,0.11267381358359006,Muito Baixo
32,106000,3.0,10000,7.49,0.09,7,0.0943396226415094,0,1,0,1,0,0,0,0,0,0,1,0,0,0,0,0.015016136870153586,Muito Baixo
28,40000,12.0,12000,11.11,0.3,5,0.3,1,2,0,0,0,0,1,0,0,0,0,0,1,0,0,0.0015591114164158,Muito Baixo
32,32004,16.0,4000,11.49,0.12,10,0.1249843769528809,1,2,0,0,0,0,1,0,0,0,1,0,0,0,0,0.13769589924266912,Muito Baixo
22,60612,2.0,18000,13.72,0.3,3,0.2969708968521085,1,3,1,1,0,0,0,0,0,0,1,0,0,0,0,0.1909953148999811,Muito Baixo
28,20000,5.0,4000,10.99,0.2,10,0.2,0,2,0,0,0,0,1,0,1,0,0,0,0,0,0,0.06253009977910404,Muito Baixo
28,108000,4.0,5000,12.87,0.05,9,0.0462962962962962,1,3,1,1,0,0,0,0,0,1,0,0,0,0,0,0.05586095616242282,Muito Baixo
26,66996,10.0,25000,15.21,0.37,2,0.373156606364559,1,4,1,0,0,0,1,0,0,0,0,1,0,1,1,0.9923734471171793,Muito Alto
26,213000,6.0,35000,10.65,0.16,2,0.1643192488262911,0,2,0,1,0,0,0,0,1,0,0,0,0,1,0,0.02329610103082985,Muito Baixo
36,155000,12.0,25000,10.74,0.16,11,0.1612903225806451,0,2,0,1,0,0,0,0,0,0,0,0,1,0,0,0.001071795324630731,Muito Baixo
41,480000,3.0,16000,7.9,0.03,17,0.0333333333333333,0,1,0,1,0,0,0,1,0,0,0,0,0,0,0,0.006125980077722041,Muito Baixo
27,53550,3.0,4200,11.99,0.07,8,0.0784313725490196,1,2,0,0,0,0,1,0,0,0,1,0,0,1,0,0.41611600071450494,Moderado
27,33600,1.0,3000,13.49,0.09,9,0.0892857142857142,1,3,1,0,0,0,1,0,0,0,1,0,0,0,0,0.07380451205144388,Muito Baixo
24,86854,8.0,4500,7.49,0.05,4,0.0518110852695327,0,1,0,0,0,0,1,0,0,0,0,0,1,0,0,0.0010576153448005829,Muito Baixo
25,28000,6.0,4000,6.39,0.14,3,0.1428571428571428,0,1,0,0,0,0,1,0,0,0,0,0,1,0,0,0.0024500517602647634,Muito Baixo
25,50400,0.0,6000,14.59,0.12,2,0.119047619047619,1,4,0,0,0,1,0,0,0,1,0,0,0,0,0,0.0006375486417679713,Muito Baixo
26,80000,2.0,10000,8.49,0.13,4,0.125,0,1,0,0,0,0,1,0,1,0,0,0,0,0,0,0.02265341245991967,Muito Baixo
22,60200,2.0,6325,7.51,0.11,3,0.1050664451827242,0,1,0,0,0,0,1,1,0,0,0,0,0,0,0,0.01628944477009146,Muito Baixo
25,36000,4.0,15000,9.63,0.42,3,0.4166666666666667,0,2,0,0,0,0,1,0,0,0,0,0,1,1,1,0.9986458847132623,Muito Alto
22,53000,0.0,5025,7.49,0.09,3,0.0948113207547169,0,1,0,1,0,0,0,1,0,0,0,0,0,0,0,0.04586134661585943,Muito Baixo
29,50000,9.0,10000,7.88,0.2,8,0.2,0,1,0,1,0,0,0,0,0,0,1,0,0,0,0,0.04952307128027721,Muito Baixo
26,60000,8.0,12000,10.65,0.2,2,0.2,0,2,0,1,0,0,0,0,0,1,0,0,0,0,0,0.05081379757231441,Muito Baixo
45,100000,3.0,10000,16.0,0.1,13,0.1,1,5,1,1,0,0,0,1,0,0,0,0,0,1,1,0.9865768112993009,Muito Alto
21,31200,1.0,6000,16.89,0.19,3,0.1923076923076923,1,4,0,0,0,0,1,1,0,0,0,0,0,1,1,0.9992182622874182,Muito Alto
31,351699,7.0,10500,15.7,0.03,6,0.029855074936238,1,4,0,0,0,0,1,0,0,0,0,0,1,0,0,0.1307495385697352,Muito Baixo
44,124800,1.0,10875,7.14,0.09,14,0.087139423076923,0,1,0,0,0,0,1,0,0,0,0,1,0,0,0,0.012955324534557455,Muito Baixo
23,38000,0.0,5000,11.58,0.13,3,0.131578947368421,1,2,0,0,0,0,1,0,0,0,1,0,0,0,0,0.15095142544609227,Muito Baixo
36,70000,16.0,10000,9.88,0.14,14,0.1428571428571428,0,2,0,1,0,0,0,0,0,0,0,0,1,0,0,0.0009965748712562222,Muito Baixo
21,18456,2.0,3500,13.35,0.19,3,0.1896402254009536,1,3,0,0,0,0,1,0,0,0,1,0,0,1,1,0.9845611877606485,Muito Alto
25,154000,1.0,21600,10.37,0.14,3,0.1402597402597402,0,2,0,1,0,0,0,0,1,0,0,0,0,0,0,0.029063194090002065,Muito Baixo
29,92000,8.0,12000,6.62,0.13,6,0.1304347826086956,0,1,0,1,0,0,0,0,0,1,0,0,0,0,0,0.009025509584654907,Muito Baixo
21,41004,5.0,1500,10.99,0.04,3,0.0365817968978636,0,2,0,0,0,0,1,0,1,0,0,0,0,0,0,0.08525353971207691,Muito Baixo
23,39996,3.0,3600,7.51,0.09,4,0.09000900090009,0,1,0,1,0,0,0,0,1,0,0,0,0,0,0,0.02488767860879967,Muito Baixo
25,85100,9.0,4500,6.39,0.05,3,0.0528789659224441,0,1,0,1,0,0,0,0,0,0,0,1,0,0,0,0.03447197281135721,Muito Baixo
24,50004,5.0,5000,7.14,0.1,3,0.0999920006399488,0,1,0,0,0,0,1,0,0,0,0,1,0,0,0,0.022153526386762858,Muito Baixo
23,120000,3.0,3725,8.49,0.03,2,0.0310416666666666,0,1,0,0,0,0,1,0,0,0,0,0,1,0,0,0.0012412397320463394,Muito Baixo
35,96000,5.0,14000,7.49,0.15,10,0.1458333333333333,0,1,0,1,0,0,0,0,0,0,1,0,0,0,0,0.003146380713419139,Muito Baixo
36,61000,2.0,10000,10.25,0.16,12,0.1639344262295081,0,2,0,1,0,0,0,1,0,0,0,0,0,0,0,0.028085000096289295,Muito Baixo
28,42000,0.0,12000,11.11,0.29,9,0.2857142857142857,1,2,0,0,0,0,1,0,1,0,0,0,0,0,0,0.08038684756999065,Muito Baixo
29,26400,5.0,7750,14.27,0.29,7,0.2935606060606061,1,3,0,0,0,0,1,0,0,0,1,0,0,1,0,0.24427211411520916,Baixo
34,53000,7.0,3100,7.9,0.06,6,0.0584905660377358,0,1,0,1,0,0,0,1,0,0,0,0,0,0,0,0.0397602984530724,Muito Baixo
26,60000,7.0,16000,7.9,0.27,2,0.2666666666666666,0,1,0,1,0,0,0,0,1,0,0,0,0,0,0,0.04032884262323535,Muito Baixo
29,78000,7.0,18000,9.38,0.23,6,0.2307692307692307,0,1,0,1,0,0,0,0,0,1,0,0,0,1,0,0.08868163244622557,Muito Baixo
32,63800,6.0,11200,14.74,0.18,8,0.1755485893416928,1,4,0,0,0,0,1,0,0,1,0,0,0,0,0,0.3345189925576981,Baixo
28,90000,7.0,16000,12.68,0.18,10,0.1777777777777777,1,3,0,0,0,0,1,0,0,0,0,0,1,0,0,0.034441948476213465,Muito Baixo
37,65000,7.0,12000,13.98,0.18,15,0.1846153846153846,1,3,0,0,0,0,1,0,1,0,0,0,0,0,0,0.10169642206040054,Muito Baixo
22,25200,0.0,1000,11.48,0.04,3,0.0396825396825396,1,2,0,1,0,0,0,0,0,0,1,0,0,1,0,0.22573114191022306,Baixo
51,98000,5.0,6000,15.96,0.06,23,0.0612244897959183,1,3,0,0,0,0,1,0,0,0,0,1,0,0,0,0.07452901654307562,Muito Baixo
31,59000,2.0,8750,12.68,0.15,9,0.1483050847457627,1,3,0,0,0,0,1,0,0,1,0,0,0,0,0,0.43107845399559586,Moderado
21,72000,3.0,6000,5.42,0.08,4,0.0833333333333333,0,1,0,0,0,0,1,0,1,0,0,0,0,0,0,0.014898056354186161,Muito Baixo
27,78000,6.0,17200,17.49,0.22,7,0.2205128205128205,1,4,1,0,0,0,1,1,0,0,0,0,0,1,1,0.9957848009066943,Muito Alto
37,27052,2.0,6000,10.37,0.22,12,0.2217950613633003,0,2,0,0,0,0,1,0,0,0,0,0,1,0,0,0.003775987917702634,Muito Baixo
22,44000,5.0,15000,11.11,0.34,3,0.3409090909090909,1,2,0,0,0,0,1,0,0,1,0,0,0,1,1,0.9999237971535887,Muito Alto
27,28800,6.0,5000,14.96,0.17,5,0.1736111111111111,1,4,1,0,0,0,1,0,1,0,0,0,0,0,0,0.19132066689921248,Muito Baixo
30,64800,7.0,5600,10.99,0.09,8,0.0864197530864197,0,2,0,1,0,0,0,0,1,0,0,0,0,0,0,0.10569774772521962,Muito Baixo
36,30123,5.0,2000,14.26,0.07,12,0.0663944494240281,1,3,1,0,0,0,1,0,0,0,1,0,0,0,0,0.06982960092416794,Muito Baixo
36,52000,0.0,6000,9.99,0.12,12,0.1153846153846153,0,2,0,0,0,0,1,0,1,0,0,0,0,0,0,0.06535139283765766,Muito Baixo
23,30000,2.0,6400,7.49,0.21,3,0.2133333333333333,0,1,0,0,0,0,1,0,0,0,1,0,0,0,0,0.07865021091690749,Muito Baixo
27,112548,11.0,24000,7.49,0.21,5,0.2132423499306962,0,1,0,1,0,0,0,0,0,0,0,0,1,0,0,0.0010383104614208594,Muito Baixo
24,43000,3.0,14500,10.75,0.34,2,0.3372093023255814,0,2,0,0,0,0,1,0,0,0,0,1,0,1,1,0.9967755663123636,Muito Alto
27,36000,6.0,13500,10.0,0.38,7,0.375,0,2,0,1,0,0,0,0,0,1,0,0,0,0,0,0.1359047436214074,Muito Baixo
45,38268,14.0,8400,12.18,0.22,11,0.2195045468798996,1,2,0,1,0,0,0,0,0,0,0,1,0,0,0,0.10589165108139967,Muito Baixo
25,31000,1.0,3000,10.99,0.1,4,0.0967741935483871,0,2,0,0,0,0,1,0,0,1,0,0,0,1,1,0.9003455583518174,Muito Alto
23,136000,7.0,8000,8.32,0.06,3,0.0588235294117647,0,1,0,1,0,0,0,1,0,0,0,0,0,0,0,0.07728783923219326,Muito Baixo
24,44000,0.0,2000,8.0,0.05,3,0.0454545454545454,0,1,0,0,0,0,1,0,0,0,0,1,0,1,0,0.4105864660347836,Moderado
23,52102,1.0,3500,10.75,0.06,3,0.067175924148785,0,2,0,1,0,0,0,0,0,0,1,0,0,1,0,0.28640974976408573,Baixo
34,54600,2.0,2500,7.88,0.05,8,0.0457875457875457,0,1,0,0,0,0,1,0,0,0,1,0,0,0,0,0.020610868514614796,Muito Baixo
22,35325,2.0,6500,15.95,0.18,3,0.184005661712668,1,4,0,0,0,0,1,0,1,0,0,0,0,1,1,0.8636510104863774,Muito Alto
25,85000,10.0,16000,10.99,0.19,2,0.188235294117647,0,2,0,1,0,0,0,0,0,0,0,0,1,0,0,0.0011202971758752867,Muito Baixo
40,136000,5.0,21000,9.99,0.15,16,0.1544117647058823,0,2,0,1,0,0,0,0,0,1,0,0,0,0,0,0.06596082022205817,Muito Baixo
30,34000,1.0,7500,13.48,0.22,8,0.2205882352941176,1,3,1,0,0,0,1,0,0,1,0,0,0,1,1,0.9691072766549883,Muito Alto
25,36276,0.0,5600,9.99,0.15,4,0.1543720366082258,0,2,0,0,0,0,1,0,1,0,0,0,0,0,0,0.08318189448028203,Muito Baixo
33,21996,0.0,9250,12.87,0.42,9,0.4205310056373886,1,3,0,0,0,0,1,0,1,0,0,0,0,1,1,0.9987692417709133,Muito Alto
30,26500,14.0,10625,14.27,0.4,9,0.4009433962264151,1,3,0,0,0,0,1,1,0,0,0,0,0,1,1,0.9889390388242875,Muito Alto
22,45449,6.0,12000,10.99,0.26,4,0.2640322119298554,0,2,0,0,0,0,1,0,0,0,1,0,0,1,0,0.06687210144783852,Muito Baixo
28,99996,6.0,10000,5.42,0.1,8,0.1000040001600064,0,1,0,1,0,0,0,0,0,0,0,0,1,0,0,0.0003036364956044006,Muito Baixo
23,61360,3.0,6125,8.59,0.1,4,0.0998207301173402,0,1,0,0,0,1,0,0,0,0,1,0,0,0,0,0.0007600280318936967,Muito Baixo
23,55000,3.0,7500,7.51,0.14,2,0.1363636363636363,0,1,0,1,0,0,0,0,0,0,0,1,0,0,0,0.031113374522700424,Muito Baixo
27,156000,11.0,5000,6.54,0.03,8,0.032051282051282,0,1,0,1,0,0,0,0,0,1,0,0,0,0,0,0.01929839079093689,Muito Baixo
24,75000,3.0,25000,19.74,0.33,4,0.3333333333333333,1,6,0,1,0,0,0,0,0,0,0,0,1,0,1,0.5477865067472251,Moderado
24,72000,6.0,5000,7.49,0.07,3,0.0694444444444444,0,1,0,0,0,0,1,0,0,0,1,0,0,0,0,0.010041187612454474,Muito Baixo
33,42000,3.0,9000,10.99,0.21,8,0.2142857142857142,0,2,0,0,0,0,1,0,0,0,1,0,0,0,0,0.051262256019748036,Muito Baixo
29,103000,13.0,4500,7.29,0.04,6,0.0436893203883495,0,1,0,1,0,0,0,0,0,0,1,0,0,0,0,0.01009040362409118,Muito Baixo
21,16000,5.0,6000,9.63,0.38,3,0.375,0,2,0,0,0,0,1,0,0,0,0,0,1,1,1,0.9998880941143639,Muito Alto
23,59000,7.0,2000,5.42,0.03,2,0.0338983050847457,0,1,0,1,0,0,0,0,0,0,0,0,1,0,0,0.0009121139506961446,Muito Baixo
22,82000,6.0,6000,13.48,0.07,2,0.073170731707317,1,3,0,1,0,0,0,1,0,0,0,0,0,0,0,0.15954011532960452,Muito Baixo
24,74004,7.0,25000,15.57,0.34,3,0.3378195773201448,1,4,1,1,0,0,0,1,0,0,0,0,0,1,1,0.9916890074299719,Muito Alto
22,81600,6.0,1300,6.39,0.02,3,0.0159313725490196,0,1,0,1,0,0,0,0,0,0,0,1,0,0,0,0.007353532349339942,Muito Baixo
31,63000,3.0,7000,13.92,0.11,7,0.1111111111111111,1,3,0,1,0,0,0,0,0,0,0,0,1,0,0,0.08334829796021091,Muito Baixo
22,63000,6.0,10800,5.99,0.17,2,0.1714285714285714,0,1,0,1,0,0,0,0,0,0,1,0,0,0,0,0.03531425691262545,Muito Baixo
23,87550,7.0,18000,7.51,0.17,3,0.2055968018275271,0,1,0,0,0,0,1,0,0,0,1,0,0,1,0,0.026377849328872584,Muito Baixo
30,28000,0.0,9250,11.48,0.33,9,0.3303571428571428,1,2,0,0,0,0,1,0,0,0,1,0,0,1,1,0.9816377799301823,Muito Alto
29,108996,12.0,22000,16.82,0.2,5,0.2018422694410804,1,5,1,1,0,0,0,0,0,0,0,0,1,0,0,0.12027699813886199,Muito Baixo
27,60000,0.0,6000,8.0,0.1,5,0.1,0,1,0,0,0,0,1,0,0,1,0,0,0,0,0,0.035146549524448165,Muito Baixo
30,101500,2.0,18000,12.18,0.18,10,0.1773399014778325,1,2,0,0,0,0,1,0,0,1,0,0,0,0,0,0.057169348033894805,Muito Baixo
24,51000,6.0,6000,10.75,0.12,2,0.1176470588235294,0,2,0,0,0,1,0,0,0,0,0,0,1,0,0,1.5021032058074817e-05,Muito Baixo
23,70000,1.0,17000,8.88,0.24,4,0.2428571428571428,0,2,0,0,0,0,1,0,0,0,1,0,0,0,0,0.027042703612959934,Muito Baixo
22,60000,3.0,18000,16.32,0.3,4,0.3,1,4,0,0,0,0,1,0,1,0,0,0,0,0,0,0.11861705720191652,Muito Baixo
29,83004,3.0,4500,11.49,0.05,10,0.0542142547347115,1,2,0,1,0,0,0,0,0,0,0,1,0,0,0,0.06209209000369311,Muito Baixo
39,73000,3.0,10000,7.51,0.14,13,0.136986301369863,0,1,0,1,0,0,0,1,0,0,0,0,0,0,0,0.020919975354639554,Muito Baixo
37,20800,3.0,4000,19.41,0.19,16,0.1923076923076923,1,6,0,0,0,0,1,0,0,0,0,0,1,0,0,0.39339640085282934,Baixo
26,53000,10.0,12000,5.99,0.23,4,0.2264150943396226,0,1,0,1,0,0,0,0,0,0,0,0,1,0,0,0.0008575503377546703,Muito Baixo
34,105000,0.0,8000,8.38,0.08,8,0.0761904761904762,0,1,0,0,0,0,1,0,0,0,0,1,0,0,0,0.036689336055986,Muito Baixo
36,48000,2.0,20000,13.61,0.42,14,0.4166666666666667,1,3,0,0,0,0,1,0,0,0,1,0,0,1,1,0.9930421586384715,Muito Alto
41,69350,5.0,10800,5.42,0.16,13,0.1557317952415284,0,1,0,0,0,0,1,0,1,0,0,0,0,0,0,0.005674363841744185,Muito Baixo
25,99800,1.0,12000,8.94,0.12,2,0.1202404809619238,0,1,0,1,0,0,0,0,0,0,1,0,0,0,0,0.021232997722138023,Muito Baixo
24,98450,8.0,2700,13.49,0.03,4,0.0274250888776028,1,3,0,0,0,0,1,0,1,0,0,0,0,0,0,0.07425986163496175,Muito Baixo
23,76268,7.0,15000,11.89,0.2,2,0.1966748833062359,1,2,0,1,0,0,0,1,0,0,0,0,0,1,0,0.21079069773609474,Baixo
30,120000,3.0,10000,17.04,0.08,5,0.0833333333333333,1,5,0,0,0,0,1,0,0,1,0,0,0,0,0,0.17619074745262384,Muito Baixo
28,34000,12.0,3700,6.91,0.11,8,0.1088235294117647,0,1,0,1,0,0,0,0,0,1,0,0,0,1,0,0.47860759733453323,Moderado
37,80000,8.0,13000,6.62,0.16,16,0.1625,0,1,0,1,0,0,0,1,0,0,0,0,0,0,0,0.006534453555839618,Muito Baixo
22,69996,2.0,8000,12.84,0.11,4,0.1142922452711583,1,3,1,0,0,1,0,0,0,0,1,0,0,0,0,0.0002890482521670145,Muito Baixo
35,120000,2.0,8000,7.49,0.07,10,0.0666666666666666,0,1,0,1,0,0,0,0,0,0,0,1,0,0,0,0.009486216844620688,Muito Baixo
31,50000,5.0,2000,6.39,0.04,7,0.04,0,1,0,1,0,0,0,0,0,0,0,0,1,0,0,0.0006507539357416251,Muito Baixo
30,35000,6.0,10000,5.79,0.29,9,0.2857142857142857,0,1,0,0,0,0,1,0,0,0,0,1,0,0,0,0.04973340884418591,Muito Baixo
25,69000,9.0,25000,6.99,0.36,4,0.3623188405797101,0,1,0,1,0,0,0,0,0,0,0,0,1,0,0,0.003965135757702416,Muito Baixo
25,54996,0.0,10000,8.94,0.18,2,0.1818314059204305,0,1,0,1,0,0,0,0,0,0,0,0,1,0,0,0.0006940419424962404,Muito Baixo
23,59300,1.0,3000,9.63,0.05,3,0.0505902192242833,0,1,0,0,0,0,1,0,0,0,1,0,0,0,0,0.29506005342959146,Baixo
25,36000,6.0,15000,10.99,0.42,3,0.4166666666666667,0,2,0,0,0,0,1,0,0,0,0,1,0,1,1,0.9967894871212415,Muito Alto
22,44000,5.0,10000,15.95,0.23,4,0.2272727272727272,1,4,0,0,0,0,1,0,1,0,0,0,0,0,0,0.37751919799810485,Baixo
33,36000,3.0,7800,7.14,0.22,10,0.2166666666666666,0,1,0,1,0,0,0,0,0,0,0,1,0,0,0,0.041185576920536135,Muito Baixo
25,40000,2.0,7000,8.94,0.17,3,0.175,0,1,0,0,0,0,1,1,0,0,0,0,0,0,0,0.04724080021670731,Muito Baixo
31,24000,2.0,3000,7.49,0.13,10,0.125,0,1,0,0,0,0,1,1,0,0,0,0,0,0,0,0.07068784223098717,Muito Baixo
25,50160,0.0,3000,14.42,0.06,2,0.0598086124401913,1,4,0,0,0,0,1,1,0,0,0,0,0,1,1,0.9936233462900701,Muito Alto
25,96720,9.0,18000,7.9,0.19,4,0.1861042183622828,0,1,0,1,0,0,0,0,1,0,0,0,0,0,0,0.03140526841881202,Muito Baixo
40,32878,6.0,13775,12.98,0.42,11,0.4189731735507025,1,3,0,0,0,0,1,0,0,1,0,0,0,1,1,0.9979236877112242,Muito Alto
22,90000,6.0,16000,6.03,0.18,4,0.1777777777777777,0,1,0,1,0,0,0,0,1,0,0,0,0,0,0,0.004290667339608028,Muito Baixo
23,165000,3.0,5000,5.42,0.03,3,0.0303030303030303,0,1,0,1,0,0,0,1,0,0,0,0,0,0,0,0.0018292312290163974,Muito Baixo
23,33280,2.0,10000,7.51,0.3,4,0.3004807692307692,0,1,0,0,0,0,1,0,1,0,0,0,0,0,0,0.09829032205606981,Muito Baixo
34,98000,19.0,16000,10.99,0.16,10,0.1632653061224489,0,2,0,0,0,1,0,0,0,0,1,0,0,0,0,0.0003294732660259622,Muito Baixo
30,90000,8.0,20000,14.82,0.22,8,0.2222222222222222,1,5,1,1,0,0,0,0,1,0,0,0,0,0,0,0.07945819145260477,Muito Baixo
34,54000,5.0,10000,7.29,0.19,7,0.1851851851851851,0,1,0,1,0,0,0,0,0,0,1,0,0,0,0,0.07771062120965108,Muito Baixo
27,55200,0.0,4000,6.76,0.07,10,0.072463768115942,0,1,0,0,0,0,1,0,1,0,0,0,0,0,0,0.04411901129952542,Muito Baixo
22,58000,6.0,1500,5.42,0.03,2,0.0258620689655172,0,1,0,0,0,0,1,0,1,0,0,0,0,0,0,0.007049124992293073,Muito Baixo
24,38400,8.0,10000,10.99,0.26,2,0.2604166666666667,0,2,0,1,0,0,0,0,0,1,0,0,0,0,0,0.19827870272340758,Muito Baixo
27,68000,6.0,2000,13.8,0.03,5,0.0294117647058823,1,3,0,1,0,0,0,0,1,0,0,0,0,0,0,0.11093925220556873,Muito Baixo
29,146000,12.0,3800,6.39,0.03,6,0.0260273972602739,0,1,0,1,0,0,0,0,0,0,1,0,0,0,0,0.011113953130096879,Muito Baixo
31,110000,2.0,6000,9.51,0.05,9,0.0545454545454545,0,2,0,1,0,0,0,1,0,0,0,0,0,0,0,0.011861443635567693,Muito Baixo
24,30000,0.0,9000,15.58,0.3,3,0.3,1,4,0,0,0,0,1,0,1,0,0,0,0,1,1,0.9694333988751364,Muito Alto
23,27996,2.0,9250,10.75,0.33,2,0.3304043434776396,0,2,0,0,0,1,0,0,0,0,1,0,0,0,0,0.0007988764353599027,Muito Baixo
22,41900,3.0,10500,8.49,0.25,2,0.2505966587112171,0,1,0,0,0,0,1,0,1,0,0,0,0,0,0,0.07528088641140313,Muito Baixo
31,73000,15.0,29700,11.11,0.41,7,0.4068493150684931,1,2,0,0,0,0,1,0,0,1,0,0,0,1,1,0.9907671841867868,Muito Alto
28,39600,6.0,4500,10.25,0.11,10,0.1136363636363636,0,2,0,0,0,0,1,0,0,0,0,0,1,0,0,0.006553178848605546,Muito Baixo
23,50000,5.0,7000,8.9,0.14,4,0.14,0,1,0,0,0,1,0,0,0,0,0,0,1,0,0,8.698594583374168e-06,Muito Baixo
23,91000,0.0,1000,11.71,0.01,3,0.0109890109890109,1,2,0,1,0,0,0,0,1,0,0,0,0,0,0,0.011854979102764694,Muito Baixo
24,15996,8.0,4000,8.0,0.25,2,0.2500625156289072,0,1,0,0,0,1,0,0,1,0,0,0,0,1,1,0.9991091336277695,Muito Alto
24,30000,0.0,5000,11.14,0.17,2,0.1666666666666666,1,2,0,0,0,0,1,0,1,0,0,0,0,0,0,0.19437744711768115,Muito Baixo
22,43200,6.0,6000,7.68,0.14,3,0.1388888888888889,0,1,0,0,0,1,0,0,1,0,0,0,0,0,0,0.0005478570594080522,Muito Baixo
43,22800,0.0,5075,10.59,0.22,12,0.2225877192982456,0,2,0,0,0,0,1,0,0,0,1,0,0,0,0,0.03848337206815915,Muito Baixo
23,90000,0.0,12000,8.9,0.13,3,0.1333333333333333,0,1,0,0,0,0,1,0,0,0,1,0,0,0,0,0.012742174426374618,Muito Baixo
25,50004,1.0,10000,7.29,0.2,3,0.1999840012798976,0,1,0,0,0,1,0,0,0,0,0,0,1,0,0,1.291377101005752e-05,Muito Baixo
22,61000,2.0,18200,7.51,0.3,4,0.2983606557377049,0,1,0,1,0,0,0,0,0,0,1,0,0,0,0,0.03119485756081889,Muito Baixo
27,62000,4.0,16000,7.88,0.26,10,0.2580645161290322,0,1,0,0,0,0,1,1,0,0,0,0,0,0,0,0.0281931873909312,Muito Baixo
36,23004,0.0,9450,10.37,0.41,13,0.4107981220657277,0,2,0,0,0,0,1,0,0,0,0,1,0,1,1,0.9947155259340155,Muito Alto
29,85000,12.0,25000,9.25,0.29,10,0.2941176470588235,0,2,0,1,0,0,0,0,0,0,0,1,0,0,0,0.055286536095790983,Muito Baixo
32,60040,1.0,5000,8.88,0.08,10,0.0832778147901399,0,2,0,0,0,0,1,0,0,0,0,0,1,0,0,0.0016273981993608262,Muito Baixo
33,53040,3.0,8000,9.88,0.15,10,0.1508295625942684,0,2,0,0,0,0,1,0,0,0,1,0,0,0,0,0.028954133146909627,Muito Baixo
26,65000,6.0,6000,9.07,0.09,3,0.0923076923076923,0,1,0,1,0,0,0,0,1,0,0,0,0,0,0,0.06547712603158343,Muito Baixo
24,130000,7.0,24000,11.49,0.18,3,0.1846153846153846,1,2,0,0,0,0,1,1,0,0,0,0,0,0,0,0.04858684851664163,Muito Baixo
25,107000,1.0,1000,7.4,0.01,4,0.0093457943925233,0,1,0,1,0,0,0,0,1,0,0,0,0,0,0,0.0041591150460631825,Muito Baixo
24,21000,0.0,4000,13.43,0.19,4,0.1904761904761904,1,3,0,0,0,0,1,1,0,0,0,0,0,0,0,0.151723945738454,Muito Baixo
25,30000,4.0,2000,14.22,0.07,2,0.0666666666666666,1,3,0,0,0,0,1,0,1,0,0,0,0,0,0,0.33158294753212036,Baixo
32,36000,0.0,1800,12.61,0.05,10,0.05,1,3,0,1,0,0,0,1,0,0,0,0,0,0,0,0.08471116375566579,Muito Baixo
24,78500,8.0,6000,7.49,0.08,4,0.0764331210191082,0,1,0,1,0,0,0,0,0,0,0,0,1,0,0,0.0024167001898895654,Muito Baixo
25,80000,5.0,18200,7.9,0.23,2,0.2275,0,1,0,1,0,0,0,0,0,0,0,1,0,0,0,0.02983443092922348,Muito Baixo
28,75000,4.0,7200,15.05,0.1,6,0.096,1,4,1,0,1,0,0,0,0,0,0,0,1,0,0,0.05695712270748832,Muito Baixo
27,55000,11.0,8000,11.83,0.15,9,0.1454545454545454,1,2,0,0,0,0,1,0,0,0,1,0,0,0,0,0.06773588452944093,Muito Baixo
24,80490,8.0,6000,10.59,0.07,3,0.0745434215430488,0,2,0,0,0,0,1,0,0,1,0,0,0,0,0,0.11267149463127862,Muito Baixo
36,98240,4.0,20000,16.35,0.2,12,0.2035830618892508,1,5,1,1,0,0,0,0,0,0,0,0,1,0,0,0.07534292528240981,Muito Baixo
29,14500,1.0,3600,13.61,0.25,7,0.2482758620689655,1,3,1,0,0,0,1,0,1,0,0,0,0,1,1,0.9816742177797178,Muito Alto
23,77200,4.0,22000,13.23,0.28,2,0.2849740932642487,1,3,0,1,0,0,0,0,1,0,0,0,0,1,0,0.08648800375317059,Muito Baixo
54,154000,1.0,12000,12.69,0.08,26,0.0779220779220779,1,2,0,1,0,0,0,0,0,0,0,1,0,0,0,0.05852151127912798,Muito Baixo
23,40000,7.0,14000,10.99,0.35,3,0.35,0,2,0,1,0,0,0,0,0,0,0,0,1,0,0,0.0032503220652913716,Muito Baixo
23,53000,8.0,17000,10.25,0.32,4,0.320754716981132,0,2,0,0,0,0,1,0,0,0,0,1,0,1,1,0.9942237897496765,Muito Alto
23,72000,5.0,8700,6.76,0.12,4,0.1208333333333333,0,1,0,1,0,0,0,0,0,0,0,1,0,0,0,0.02343021448980198,Muito Baixo
20,32652,0.0,6000,14.61,0.18,4,0.1837559720690922,1,4,0,1,0,0,0,0,0,0,0,1,0,1,0,0.31374119058905775,Baixo
24,105000,8.0,10000,7.51,0.1,3,0.0952380952380952,0,1,0,1,0,0,0,0,0,1,0,0,0,0,0,0.013924634977003022,Muito Baixo
31,60000,0.0,24250,12.18,0.4,7,0.4041666666666667,1,2,0,0,0,1,0,0,1,0,0,0,0,0,0,0.0008783353248199038,Muito Baixo
22,60000,7.0,6000,10.38,0.1,2,0.1,0,2,0,1,0,0,0,0,0,0,0,0,1,0,0,0.0009953188368780571,Muito Baixo
27,42000,0.0,8000,13.61,0.19,9,0.1904761904761904,1,3,1,1,0,0,0,0,0,0,0,1,0,0,0,0.09983544518814406,Muito Baixo
21,36000,0.0,14000,6.54,0.39,4,0.3888888888888889,0,1,0,1,0,0,0,0,1,0,0,0,0,1,0,0.21253328607925315,Baixo
21,62000,2.0,6000,10.25,0.1,4,0.0967741935483871,0,2,0,0,0,0,1,0,1,0,0,0,0,0,0,0.020801583294877427,Muito Baixo
28,125000,5.0,10000,9.99,0.08,9,0.08,0,2,0,0,0,0,1,0,1,0,0,0,0,0,0,0.04544548566810318,Muito Baixo
23,65000,2.0,15000,10.95,0.23,3,0.2307692307692307,0,2,0,1,0,0,0,0,1,0,0,0,0,0,0,0.036641838755318526,Muito Baixo
22,74000,6.0,11200,13.48,0.15,2,0.1513513513513513,1,3,1,1,0,0,0,0,0,1,0,0,0,1,1,0.9799219104258644,Muito Alto
29,56000,0.0,6000,13.23,0.11,7,0.1071428571428571,1,3,1,1,0,0,0,0,0,0,0,0,1,0,0,0.08718964783593376,Muito Baixo
34,45000,1.0,12000,11.86,0.27,9,0.2666666666666666,1,2,0,1,0,0,0,0,0,0,0,0,1,0,0,0.0027430337770472267,Muito Baixo
24,108000,3.0,9050,5.42,0.08,2,0.0837962962962963,0,1,0,1,0,0,0,0,1,0,0,0,0,0,0,0.008959985059312617,Muito Baixo
32,12000,2.0,6200,6.17,0.52,9,0.5166666666666667,0,1,0,0,0,0,1,0,1,0,0,0,0,1,1,0.9996890048515855,Muito Alto
27,120000,2.0,17000,6.03,0.14,5,0.1416666666666666,0,1,0,1,0,0,0,0,1,0,0,0,0,0,0,0.0029972098913206417,Muito Baixo
29,66000,4.0,3000,7.66,0.05,7,0.0454545454545454,0,1,0,1,0,0,0,0,0,0,0,1,0,0,0,0.06121938119446344,Muito Baixo
33,55000,3.0,1775,7.49,0.03,7,0.0322727272727272,0,1,0,1,0,0,0,0,0,0,1,0,0,0,0,0.028422143653456095,Muito Baixo
31,60000,5.0,7200,6.03,0.12,8,0.12,0,1,0,1,0,0,0,0,0,0,1,0,0,0,0,0.01430912005040922,Muito Baixo
38,140000,2.0,8000,10.95,0.06,14,0.0571428571428571,0,2,0,1,0,0,0,0,0,0,1,0,0,0,0,0.027505587784578154,Muito Baixo
25,9600,4.0,2100,15.99,0.22,2,0.21875,1,4,0,0,0,0,1,0,0,0,1,0,0,1,1,0.9903428345526761,Muito Alto
38,39000,1.0,5000,17.74,0.13,17,0.1282051282051282,1,5,0,0,0,0,1,0,1,0,0,0,0,1,1,0.9822515239280478,Muito Alto
32,86400,2.0,15000,6.03,0.17,7,0.1736111111111111,0,1,0,0,0,0,1,0,0,0,0,0,1,0,0,0.0007327600270752815,Muito Baixo
30,77000,2.0,25000,12.18,0.32,10,0.3246753246753247,1,2,0,1,0,0,0,0,0,0,0,1,0,0,0,0.15899115107144646,Muito Baixo
27,25200,4.0,3000,15.58,0.12,6,0.119047619047619,1,4,1,0,0,0,1,0,0,0,0,1,0,1,0,0.299209456305756,Baixo
31,55000,9.0,8000,7.49,0.15,9,0.1454545454545454,0,1,0,1,0,0,0,1,0,0,0,0,0,0,0,0.04317965979752196,Muito Baixo
28,120000,12.0,9600,8.0,0.08,7,0.08,0,1,0,0,0,0,1,0,0,0,1,0,0,0,0,0.034488085854606464,Muito Baixo
30,70000,4.0,2500,10.36,0.04,7,0.0357142857142857,0,2,0,0,0,0,1,0,0,0,0,0,1,0,0,0.002559937352346787,Muito Baixo
23,24000,0.0,6250,12.53,0.26,3,0.2604166666666667,1,2,0,0,0,0,1,0,1,0,0,0,0,0,0,0.10071915837462393,Muito Baixo
23,80004,0.0,2000,7.49,0.02,3,0.0249987500624968,0,1,0,0,0,0,1,0,0,0,0,1,0,0,0,0.1331863062084884,Muito Baixo
29,71400,1.0,8000,8.49,0.1,10,0.1120448179271708,0,1,0,1,0,0,0,0,0,0,1,0,0,1,0,0.023912336050770464,Muito Baixo
28,160000,12.0,23000,11.83,0.14,5,0.14375,1,2,0,0,0,1,0,0,0,0,0,0,1,0,0,4.211709577894556e-05,Muito Baixo
25,39000,2.0,8500,13.23,0.22,4,0.2179487179487179,1,3,1,0,0,0,1,0,0,0,0,0,1,1,0,0.17218141476672136,Muito Baixo
26,85000,4.0,6000,9.88,0.07,3,0.0705882352941176,0,2,0,1,0,0,0,0,1,0,0,0,0,0,0,0.03233533189120918,Muito Baixo
25,39000,9.0,4500,6.54,0.12,4,0.1153846153846153,0,1,0,1,0,0,0,0,0,0,1,0,0,0,0,0.18988029998172454,Muito Baixo
26,50000,8.0,4200,12.99,0.08,4,0.084,1,3,1,0,0,1,0,0,0,0,0,1,0,0,0,0.0006050465105812339,Muito Baixo
31,27600,1.0,3000,11.49,0.11,9,0.108695652173913,1,2,0,0,0,1,0,0,1,0,0,0,0,0,0,0.0008660276107507653,Muito Baixo
21,35000,5.0,6500,13.43,0.19,4,0.1857142857142857,1,3,0,0,0,1,0,0,0,0,0,0,1,0,0,0.00040087918677408186,Muito Baixo
33,51500,2.0,15000,14.42,0.29,10,0.2912621359223301,1,4,0,0,0,0,1,0,0,0,1,0,0,1,1,0.9914044448877177,Muito Alto
40,77000,9.0,12000,10.99,0.16,12,0.1558441558441558,0,2,0,1,0,0,0,0,1,0,0,0,0,0,0,0.06036866012445776,Muito Baixo
30,60000,0.0,8000,7.66,0.13,6,0.1333333333333333,0,1,0,0,0,0,1,0,0,1,0,0,0,0,0,0.022291629165996134,Muito Baixo
29,138000,0.0,25000,13.06,0.18,10,0.181159420289855,1,3,1,1,0,0,0,0,1,0,0,0,0,0,0,0.12401491290713952,Muito Baixo
22,24000,1.0,15000,12.73,0.63,4,0.625,1,3,1,0,0,0,1,0,0,0,0,1,0,1,1,0.9980533146845131,Muito Alto
30,36500,5.0,14125,8.9,0.39,7,0.386986301369863,0,1,0,0,0,0,1,0,1,0,0,0,0,1,1,0.9949771536579336,Muito Alto
31,200000,8.0,24000,8.9,0.12,9,0.12,0,1,0,1,0,0,0,1,0,0,0,0,0,0,0,0.03224978607106918,Muito Baixo
22,65000,3.0,2000,14.27,0.03,4,0.0307692307692307,1,3,1,0,0,0,1,1,0,0,0,0,0,0,0,0.07222597742277934,Muito Baixo
23,50000,7.0,2000,6.62,0.04,4,0.04,0,1,0,1,0,0,0,1,0,0,0,0,0,0,0,0.03781258806623529,Muito Baixo
34,47125,12.0,3200,10.99,0.07,8,0.0679045092838196,0,2,0,1,0,0,0,0,0,0,0,0,1,0,0,0.0014145694162451946,Muito Baixo
27,24000,1.0,6000,8.9,0.25,10,0.25,0,1,0,0,0,1,0,0,0,0,0,1,0,0,0,0.0011483236008129406,Muito Baixo
23,108000,4.0,4300,11.83,0.04,4,0.0398148148148148,1,2,0,0,0,0,1,0,0,0,0,0,1,0,0,0.005501661694036427,Muito Baixo
22,55000,5.0,8000,15.31,0.15,4,0.1454545454545454,1,4,0,0,0,0,1,0,0,0,0,1,0,1,0,0.10774520770854906,Muito Baixo
21,33000,4.0,8250,10.99,0.25,2,0.25,0,2,0,0,0,0,1,0,0,0,0,1,0,0,0,0.31359824550156545,Baixo
26,104550,5.0,24000,15.21,0.2,4,0.2295552367288378,1,4,1,1,0,0,0,0,0,0,1,0,0,1,1,0.9850147571570075,Muito Alto
32,100000,0.0,10000,9.99,0.1,8,0.1,0,2,0,0,0,0,1,1,0,0,0,0,0,0,0,0.013226636294283148,Muito Baixo
27,129996,2.0,12800,14.84,0.1,7,0.0984645681405581,1,4,1,1,0,0,0,0,0,0,0,0,1,1,0,0.15158973939027873,Muito Baixo
31,43288,7.0,10000,10.74,0.23,5,0.2310109037146553,0,2,0,0,0,0,1,0,0,0,1,0,0,0,0,0.05913792584089028,Muito Baixo
21,37200,2.0,5100,7.49,0.14,4,0.1370967741935483,0,1,0,0,0,0,1,0,0,0,1,0,0,0,0,0.06100490985618835,Muito Baixo
39,80000,0.0,19800,13.23,0.25,13,0.2475,1,3,1,1,0,0,0,0,0,1,0,0,0,0,0,0.06023330825162366,Muito Baixo
23,27000,0.0,1000,15.99,0.04,3,0.037037037037037,1,4,1,1,0,0,0,0,0,1,0,0,0,1,1,0.9962411058628322,Muito Alto
26,120000,2.0,10000,5.42,0.08,4,0.0833333333333333,0,1,0,1,0,0,0,0,1,0,0,0,0,0,0,0.007207480046662922,Muito Baixo
23,40000,0.0,1500,11.78,0.04,2,0.0375,1,3,0,0,0,0,1,0,0,0,0,0,1,0,0,0.12995923468315448,Muito Baixo
45,32000,4.0,4500,7.51,0.14,12,0.140625,0,1,0,0,0,0,1,0,0,0,0,1,0,0,0,0.1142347611887415,Muito Baixo
27,32000,11.0,1000,16.29,0.03,10,0.03125,1,4,1,1,0,0,0,1,0,0,0,0,0,1,1,0.9981240764845501,Muito Alto
29,55000,13.0,8000,13.72,0.15,9,0.1454545454545454,1,3,0,1,0,0,0,0,0,0,1,0,0,0,0,0.2646140555379846,Baixo
24,29120,0.0,5000,10.99,0.17,4,0.1717032967032967,0,2,0,0,0,0,1,0,1,0,0,0,0,0,0,0.2045089581133123,Baixo
22,125004,6.0,10000,14.74,0.08,2,0.0799974400819173,1,4,0,0,1,0,0,0,0,0,0,0,1,0,0,0.039468804002344496,Muito Baixo
22,70000,6.0,2000,10.74,0.03,2,0.0285714285714285,0,2,0,1,0,0,0,0,0,0,0,0,1,0,0,0.0010966525510194133,Muito Baixo
26,115000,5.0,6000,10.75,0.05,2,0.0521739130434782,0,2,0,1,0,0,0,0,0,0,0,0,1,0,0,0.0022617805580403337,Muito Baixo
24,70000,1.0,12000,11.58,0.17,3,0.1714285714285714,1,2,0,0,0,0,1,0,0,0,0,0,1,0,0,0.0029117627865349487,Muito Baixo
35,62000,9.0,13000,9.25,0.21,10,0.2096774193548387,0,2,0,1,0,0,0,0,0,1,0,0,0,1,0,0.019218561509608868,Muito Baixo
22,51000,0.0,20000,13.47,0.39,2,0.392156862745098,1,3,0,0,0,0,1,0,1,0,0,0,0,1,1,0.9933323397146303,Muito Alto
43,65000,2.0,24000,10.99,0.37,13,0.3692307692307692,0,2,0,1,0,0,0,0,1,0,0,0,0,0,0,0.11814978416129794,Muito Baixo
39,18300,0.0,1200,14.74,0.07,11,0.0655737704918032,1,4,1,0,0,0,1,1,0,0,0,0,0,1,1,0.9950621695653938,Muito Alto
32,92000,1.0,5000,10.99,0.05,8,0.0543478260869565,0,2,0,1,0,0,0,0,1,0,0,0,0,0,0,0.027262651519051818,Muito Baixo
47,64200,1.0,10000,10.99,0.16,14,0.1557632398753894,0,2,0,0,0,0,1,0,1,0,0,0,0,0,0,0.0815997173978566,Muito Baixo
40,81000,10.0,20000,6.17,0.25,14,0.2469135802469135,0,1,0,1,0,0,0,0,0,1,0,0,0,0,0,0.018400491755980353,Muito Baixo
21,25200,1.0,8250,7.49,0.33,4,0.3273809523809524,0,1,0,0,0,0,1,0,1,0,0,0,0,1,1,0.9918017603774375,Muito Alto
32,30000,2.0,6000,15.31,0.2,8,0.2,1,4,1,1,0,0,0,0,1,0,0,0,0,0,0,0.27673348189109526,Baixo
27,84000,8.0,7200,13.48,0.09,10,0.0857142857142857,1,3,0,0,0,0,1,0,1,0,0,0,0,0,0,0.07444781760286069,Muito Baixo
26,89000,10.0,8000,10.99,0.09,3,0.0898876404494382,0,2,0,1,0,0,0,0,0,1,0,0,0,0,0,0.08398003253075619,Muito Baixo
29,52000,6.0,12000,15.65,0.23,8,0.2307692307692307,1,4,0,1,0,0,0,0,0,0,0,0,1,0,0,0.2449503694785414,Baixo
29,130000,13.0,6000,13.04,0.05,9,0.0461538461538461,1,3,1,1,0,0,0,1,0,0,0,0,0,0,0,0.022590084618923745,Muito Baixo
38,92904,8.0,5375,10.51,0.06,16,0.0578554206492723,0,2,0,1,0,0,0,0,0,0,1,0,0,0,0,0.020018754685299525,Muito Baixo
41,92000,5.0,8000,9.63,0.09,13,0.0869565217391304,0,2,0,1,0,0,0,0,0,1,0,0,0,0,0,0.014442736151511003,Muito Baixo
22,103000,2.0,6000,10.99,0.06,4,0.058252427184466,0,2,0,1,0,0,0,0,0,0,1,0,0,0,0,0.018734214047203872,Muito Baixo
33,132444,4.0,2000,11.36,0.02,9,0.0151007218145027,1,2,0,0,0,0,1,0,1,0,0,0,0,0,0,0.02262556685617345,Muito Baixo
23,23040,0.0,2000,11.11,0.09,3,0.0868055555555555,1,2,0,0,0,1,0,0,0,0,0,0,1,0,0,1.6824617745903056e-05,Muito Baixo
43,50000,6.0,18000,14.35,0.36,16,0.36,1,3,0,0,0,0,1,0,0,0,0,1,0,1,1,0.9849644492678988,Muito Alto
25,70000,4.0,15000,13.16,0.21,3,0.2142857142857142,1,3,1,1,0,0,0,0,0,0,0,1,0,1,0,0.07912348653545477,Muito Baixo
45,140000,18.0,7000,7.29,0.05,17,0.05,0,1,0,1,0,0,0,0,0,1,0,0,0,0,0,0.008984472875279122,Muito Baixo
27,40000,2.0,3000,7.4,0.07,9,0.075,0,1,0,0,0,0,1,0,1,0,0,0,0,0,0,0.048149231192600374,Muito Baixo
49,80000,0.0,4800,7.88,0.06,15,0.06,0,1,0,0,0,0,1,0,0,1,0,0,0,0,0,0.008959305264092303,Muito Baixo
23,24000,5.0,5000,10.75,0.21,3,0.2083333333333333,0,2,0,0,0,0,1,0,0,0,0,1,0,0,0,0.17880328538534995,Muito Baixo
23,55000,7.0,6500,7.9,0.12,3,0.1181818181818181,0,1,0,1,0,0,0,0,0,0,0,0,1,0,0,0.0006376253335675868,Muito Baixo
24,185000,6.0,3000,7.88,0.02,2,0.0162162162162162,0,1,0,1,0,0,0,0,0,0,1,0,0,0,0,0.004396818913290424,Muito Baixo
31,50000,4.0,6800,19.29,0.14,8,0.136,1,5,0,0,0,0,1,0,1,0,0,0,0,0,0,0.1898671737411564,Muito Baixo
26,56000,7.0,22000,17.19,0.39,3,0.3928571428571428,1,5,0,0,0,0,1,0,0,0,1,0,0,1,1,0.9995493451631479,Muito Alto
28,96120,4.0,15000,10.0,0.16,9,0.1560549313358302,0,2,0,1,0,0,0,0,0,0,0,0,1,0,0,0.0018547664659666905,Muito Baixo
23,40000,0.0,3400,6.92,0.09,3,0.085,0,1,0,0,0,0,1,0,0,0,0,0,1,0,0,0.0005981309834728193,Muito Baixo
22,28000,1.0,10750,11.14,0.38,2,0.3839285714285714,1,2,0,1,0,0,0,1,0,0,0,0,0,0,0,0.40068983989616375,Moderado
43,25000,10.0,10000,9.62,0.4,17,0.4,0,2,0,1,0,0,0,0,1,0,0,0,0,0,0,0.16267649298229792,Muito Baixo
21,53000,5.0,14400,11.36,0.27,3,0.2716981132075471,1,2,0,0,0,1,0,0,0,0,0,1,0,0,0,0.0008636568376562733,Muito Baixo
25,59600,5.0,6000,16.45,0.1,4,0.1006711409395973,1,5,0,1,0,0,0,0,1,0,0,0,0,1,0,0.4087208919447206,Moderado
23,37500,5.0,7000,12.69,0.19,4,0.1866666666666666,1,2,0,0,0,0,1,0,0,0,0,1,0,0,0,0.17607435116582312,Muito Baixo
23,136000,7.0,8000,8.32,0.06,2,0.0588235294117647,0,1,0,1,0,0,0,0,1,0,0,0,0,0,0,0.09267153667083085,Muito Baixo
24,12000,4.0,2500,12.69,0.21,4,0.2083333333333333,1,2,0,0,0,1,0,0,0,0,0,1,0,1,1,0.9995009984804839,Muito Alto
33,44000,10.0,13000,9.91,0.3,6,0.2954545454545454,0,2,0,0,0,0,1,0,0,1,0,0,0,1,1,0.5903352113267823,Moderado
34,74700,10.0,14000,9.91,0.19,5,0.1874163319946452,0,2,0,0,0,1,0,0,0,0,1,0,0,0,0,0.0009270735645203483,Muito Baixo
24,57000,1.0,3000,7.88,0.05,3,0.0526315789473684,0,1,0,0,0,0,1,0,0,0,1,0,0,0,0,0.07872274870377144,Muito Baixo
32,37000,3.0,3000,11.49,0.08,7,0.081081081081081,1,2,0,1,0,0,0,0,0,0,0,1,0,0,0,0.10379039606951013,Muito Baixo
27,28000,3.0,6000,13.92,0.21,6,0.2142857142857142,1,3,0,0,0,0,1,0,0,0,0,0,1,0,0,0.11803233441153935,Muito Baixo
29,68004,9.0,10000,10.99,0.15,9,0.1470501735192047,0,2,0,1,0,0,0,0,0,0,0,1,0,0,0,0.09156200236900658,Muito Baixo
31,30000,2.0,3000,10.95,0.1,8,0.1,0,2,0,0,0,0,1,0,0,0,1,0,0,0,0,0.08459404489938034,Muito Baixo
28,78000,5.0,20000,11.48,0.26,5,0.2564102564102564,1,2,0,0,0,0,1,0,0,1,0,0,0,0,0,0.33222569206832986,Baixo
27,42000,0.0,14000,9.88,0.33,5,0.3333333333333333,0,2,0,0,0,0,1,1,0,0,0,0,0,1,1,0.9847686798932676,Muito Alto
33,39504,17.0,3000,7.37,0.08,9,0.0759416767922235,0,1,0,1,0,0,0,0,0,0,0,1,0,0,0,0.22107264718512987,Baixo
33,50000,14.0,10000,16.89,0.2,7,0.2,1,4,0,1,0,0,0,1,0,0,0,0,0,1,1,0.9931210121905442,Muito Alto
24,55000,1.0,5225,9.91,0.1,4,0.095,0,2,0,1,0,0,0,0,0,0,1,0,0,0,0,0.10902437309465013,Muito Baixo
26,50400,10.0,15000,10.75,0.3,2,0.2976190476190476,0,2,0,0,0,0,1,0,0,1,0,0,0,0,0,0.13363238039330427,Muito Baixo
30,102000,4.0,12250,7.66,0.12,8,0.1200980392156862,0,1,0,1,0,0,0,0,1,0,0,0,0,0,0,0.011433561267947076,Muito Baixo
28,20000,2.0,4000,13.11,0.2,6,0.2,1,3,0,0,0,0,1,0,0,1,0,0,0,1,1,0.8950661243867297,Muito Alto
29,62000,4.0,15000,6.03,0.24,7,0.2419354838709677,0,1,0,0,0,1,0,0,1,0,0,0,0,0,0,0.0005190080472498548,Muito Baixo
29,30000,3.0,5000,9.32,0.17,5,0.1666666666666666,0,1,0,0,0,0,1,0,0,0,0,0,1,0,0,0.005207979768646798,Muito Baixo
23,50000,5.0,6000,7.66,0.12,4,0.12,0,1,0,1,0,0,0,1,0,0,0,0,0,0,0,0.019338993601692007,Muito Baixo
23,37440,0.0,11000,10.99,0.29,2,0.2938034188034188,0,2,0,0,0,0,1,0,0,0,0,0,1,0,0,0.002694061427304442,Muito Baixo
25,44000,2.0,10000,15.65,0.23,4,0.2272727272727272,1,4,1,0,0,0,1,0,0,0,1,0,0,1,1,0.9949864361050949,Muito Alto
21,48000,5.0,10800,12.84,0.23,2,0.225,1,3,0,1,0,0,0,0,1,0,0,0,0,0,0,0.07527781174264407,Muito Baixo
23,48000,3.0,6600,11.11,0.14,2,0.1375,1,2,0,0,0,0,1,0,1,0,0,0,0,0,0,0.03944902574107556,Muito Baixo
22,28500,1.0,1500,10.99,0.05,4,0.0526315789473684,0,2,0,0,0,0,1,0,1,0,0,0,0,0,0,0.21057676299616832,Baixo
25,71000,4.0,3250,5.79,0.05,2,0.0457746478873239,0,1,0,0,0,1,0,0,0,0,0,0,1,0,0,7.065790298170821e-06,Muito Baixo
24,19200,2.0,2000,13.49,0.1,4,0.1041666666666666,1,3,0,0,0,0,1,0,0,0,1,0,0,0,0,0.1326928569367231,Muito Baixo
26,85200,5.0,14000,16.82,0.16,2,0.1643192488262911,1,5,1,1,0,0,0,0,0,1,0,0,0,1,0,0.07750973205773641,Muito Baixo
23,30000,2.0,8000,12.42,0.27,2,0.2666666666666666,1,2,0,0,0,0,1,0,1,0,0,0,0,0,0,0.2566589418420282,Baixo
32,84000,4.0,14400,11.99,0.17,6,0.1714285714285714,1,2,0,0,0,0,1,0,0,0,0,1,0,0,0,0.14109677708673454,Muito Baixo
24,67200,5.0,4000,15.31,0.06,2,0.0595238095238095,1,4,1,0,0,0,1,0,0,1,0,0,0,0,0,0.15414337006936712,Muito Baixo
27,48996,3.0,12000,12.53,0.24,8,0.2449179524859172,1,2,0,0,0,0,1,0,1,0,0,0,0,0,0,0.1912831136224673,Muito Baixo
27,56888,8.0,8000,16.29,0.14,5,0.1406271972999578,1,4,0,0,0,0,1,0,0,1,0,0,0,0,0,0.38544047720309255,Baixo
22,120000,3.0,22000,7.49,0.18,3,0.1833333333333333,0,1,0,1,0,0,0,0,0,0,1,0,0,0,0,0.007755666532892206,Muito Baixo
36,52000,20.0,8325,7.49,0.16,17,0.1600961538461538,0,1,0,1,0,0,0,0,0,0,0,0,1,0,0,0.0006176240588416393,Muito Baixo
21,27120,0.0,8500,8.9,0.31,2,0.3134218289085546,0,1,0,0,0,0,1,0,1,0,0,0,0,1,1,0.9836723947079836,Muito Alto
24,88000,1.0,23000,14.54,0.26,2,0.2613636363636363,1,4,0,0,0,0,1,0,0,0,0,0,1,1,1,0.9623046235884116,Muito Alto
21,33000,5.0,2000,14.27,0.06,4,0.0606060606060606,1,3,0,1,0,0,0,0,0,1,0,0,0,1,1,0.9874997368828753,Muito Alto
22,72000,6.0,8000,16.45,0.11,4,0.1111111111111111,1,5,0,1,0,0,0,0,1,0,0,0,0,0,0,0.10251085402997216,Muito Baixo
24,39000,8.0,1500,15.62,0.04,3,0.0384615384615384,1,4,1,0,0,0,1,0,0,0,1,0,0,0,1,0.5414560275177124,Moderado
31,60000,4.0,1500,12.99,0.03,10,0.025,1,3,0,1,0,0,0,1,0,0,0,0,0,0,0,0.09627354429968239,Muito Baixo
22,54000,7.0,2000,18.3,0.04,4,0.037037037037037,1,6,1,0,0,0,1,0,0,0,1,0,0,1,1,0.9773707800953544,Muito Alto
25,75000,9.0,1000,9.99,0.01,4,0.0133333333333333,0,2,0,1,0,0,0,0,0,0,0,0,1,0,0,0.0010856008018592669,Muito Baixo
29,31000,1.0,9950,7.9,0.32,6,0.3209677419354839,0,1,0,1,0,0,0,1,0,0,0,0,0,0,0,0.3009789802292427,Baixo
26,125000,5.0,21000,8.9,0.17,2,0.168,0,1,0,0,0,0,1,0,0,1,0,0,0,0,0,0.05790808195406985,Muito Baixo
24,35000,6.0,8575,10.65,0.24,3,0.245,0,2,0,1,0,0,0,0,0,0,0,0,1,0,0,0.0005834222031933099,Muito Baixo
42,32000,7.0,3000,6.99,0.09,12,0.09375,0,1,0,0,0,0,1,0,0,0,1,0,0,0,0,0.05415673204895491,Muito Baixo
36,50000,6.0,7200,13.98,0.14,17,0.144,1,3,0,0,0,0,1,0,0,0,0,0,1,0,0,0.03929152563044508,Muito Baixo
23,90000,4.0,10000,7.51,0.11,2,0.1111111111111111,0,1,0,0,0,0,1,0,0,0,0,0,1,0,0,0.0006276000268281795,Muito Baixo
25,63000,3.0,3000,13.47,0.05,2,0.0476190476190476,1,3,1,1,0,0,0,0,0,0,0,1,0,0,0,0.07366326579905223,Muito Baixo
22,75000,3.0,3500,7.29,0.05,2,0.0466666666666666,0,1,0,0,0,0,1,0,1,0,0,0,0,0,0,0.012073692923749423,Muito Baixo
44,79272,0.0,3000,5.79,0.04,11,0.0378443838934302,0,1,0,0,0,0,1,0,0,1,0,0,0,0,0,0.03754746995468005,Muito Baixo
27,90000,4.0,19200,6.99,0.21,8,0.2133333333333333,0,1,0,0,0,0,1,0,0,1,0,0,0,0,0,0.02933990920088256,Muito Baixo
22,130000,2.0,13000,11.14,0.1,3,0.1,1,2,0,1,0,0,0,0,1,0,0,0,0,0,0,0.011694774689402103,Muito Baixo
32,35000,11.0,4000,13.61,0.11,5,0.1142857142857142,1,3,1,1,0,0,0,1,0,0,0,0,0,0,0,0.12309357290399586,Muito Baixo
21,50000,5.0,7000,10.59,0.14,3,0.14,0,2,0,1,0,0,0,0,0,0,0,1,0,0,0,0.04887207620755337,Muito Baixo
46,107000,17.0,4000,13.49,0.04,14,0.0373831775700934,1,3,0,0,0,1,0,0,0,0,0,0,1,0,0,0.00010014734367268875,Muito Baixo
24,24000,1.0,1000,17.99,0.04,3,0.0416666666666666,1,5,0,0,0,0,1,0,0,0,0,1,0,1,1,0.9513304286983201,Muito Alto
26,39000,4.0,5000,13.67,0.13,3,0.1282051282051282,1,4,0,1,0,0,0,1,0,0,0,0,0,1,1,0.9957671377443369,Muito Alto
31,80000,1.0,8000,12.61,0.1,7,0.1,1,3,1,0,0,0,1,0,1,0,0,0,0,0,0,0.03252840632327436,Muito Baixo
27,67000,2.0,20000,14.26,0.3,10,0.2985074626865671,1,3,1,0,0,0,1,0,0,1,0,0,0,0,0,0.3960152983315925,Baixo
27,20000,0.0,6500,15.65,0.33,8,0.325,1,4,0,0,0,0,1,0,0,0,0,1,0,1,1,0.9985628200076178,Muito Alto
38,91200,0.0,9000,12.68,0.1,11,0.0986842105263157,1,3,0,1,0,0,0,0,1,0,0,0,0,0,0,0.05036193763148657,Muito Baixo
36,64973,6.0,9000,10.59,0.14,13,0.1385190771551259,0,2,0,1,0,0,0,0,1,0,0,0,0,0,0,0.09707246804166286,Muito Baixo
28,144000,12.0,10000,9.99,0.07,5,0.0694444444444444,0,2,0,0,0,0,1,0,0,0,0,1,0,0,0,0.0815665076568636,Muito Baixo
32,27385,3.0,2000,12.99,0.07,9,0.073032682125251,1,3,1,1,0,0,0,0,0,1,0,0,0,1,0,0.3344064632894296,Baixo
29,75000,3.0,16950,10.37,0.23,10,0.226,0,2,0,1,0,0,0,0,1,0,0,0,0,0,0,0.03904838231576272,Muito Baixo
28,37000,3.0,6000,12.53,0.16,9,0.1621621621621621,1,3,0,1,0,0,0,0,0,1,0,0,0,1,0,0.213694728907525,Baixo
24,48000,2.0,5000,7.68,0.1,4,0.1041666666666666,0,1,0,1,0,0,0,0,0,1,0,0,0,0,0,0.07717158572955243,Muito Baixo
36,30000,7.0,4000,10.74,0.13,12,0.1333333333333333,0,2,0,0,0,0,1,0,1,0,0,0,0,0,0,0.20576478782629187,Baixo
40,33000,2.0,1000,10.99,0.03,16,0.0303030303030303,0,2,0,1,0,0,0,0,0,0,1,0,0,0,0,0.12451771240959131,Muito Baixo
27,74000,7.0,24250,15.31,0.33,8,0.3277027027027027,1,4,1,0,0,0,1,1,0,0,0,0,0,1,1,0.9998062359350441,Muito Alto
30,67202,4.0,10000,7.49,0.15,7,0.1488050950864557,0,1,0,0,0,0,1,1,0,0,0,0,0,0,0,0.03420265375853924,Muito Baixo
24,90000,0.0,24000,13.06,0.27,2,0.2666666666666666,1,3,1,1,0,0,0,1,0,0,0,0,0,0,0,0.049821508768372026,Muito Baixo
45,22178,3.0,2500,5.99,0.11,11,0.1127243213995851,0,1,0,0,0,0,1,0,0,0,0,0,1,0,0,0.0021175487885623776,Muito Baixo
22,45000,3.0,10000,17.93,0.22,2,0.2222222222222222,1,5,1,0,0,0,1,0,0,0,0,1,0,0,0,0.1427055576481164,Muito Baixo
23,25800,2.0,6000,13.48,0.23,4,0.2325581395348837,1,3,1,0,0,0,1,0,0,0,0,1,0,0,0,0.19637773996530733,Muito Baixo
31,32000,0.0,4500,11.14,0.14,9,0.140625,1,2,0,0,0,0,1,0,0,1,0,0,0,1,1,0.8935974899432894,Muito Alto
30,30000,3.0,4400,11.99,0.15,5,0.1466666666666666,1,2,0,1,0,0,0,0,0,1,0,0,0,1,0,0.3697224808923199,Baixo
34,46000,18.0,6700,10.99,0.15,10,0.1456521739130434,0,2,0,1,0,0,0,1,0,0,0,0,0,0,0,0.07661070550838314,Muito Baixo
21,60000,3.0,5600,9.25,0.09,3,0.0933333333333333,0,2,0,0,0,0,1,1,0,0,0,0,0,0,0,0.04274711703601166,Muito Baixo
23,26400,3.0,5000,15.99,0.19,3,0.1893939393939394,1,4,0,0,0,0,1,0,1,0,0,0,0,0,0,0.4803691642622186,Moderado
33,25700,3.0,6700,10.99,0.26,10,0.2607003891050584,0,2,0,0,0,0,1,0,1,0,0,0,0,0,0,0.08649658511733806,Muito Baixo
26,55000,7.0,10000,8.59,0.18,3,0.1818181818181818,0,1,0,0,0,0,1,0,0,0,1,0,0,0,0,0.06815069514470747,Muito Baixo
22,41600,4.0,12000,12.42,0.29,2,0.2884615384615384,1,2,0,0,0,1,0,0,1,0,0,0,0,0,0,0.0008991780627115828,Muito Baixo
22,41000,6.0,2500,14.96,0.06,4,0.0609756097560975,1,4,1,0,0,1,0,0,0,0,1,0,0,0,0,0.0049926504071407364,Muito Baixo
29,115000,0.0,6500,10.65,0.06,10,0.0565217391304347,0,2,0,0,0,0,1,0,0,0,1,0,0,0,0,0.018164659915517814,Muito Baixo
25,50000,8.0,4800,15.96,0.1,2,0.096,1,3,0,0,0,0,1,0,1,0,0,0,0,0,0,0.11419760187648346,Muito Baixo
33,180000,17.0,13000,7.29,0.07,7,0.0722222222222222,0,1,0,1,0,0,0,1,0,0,0,0,0,0,0,0.011278102974925798,Muito Baixo
24,83004,0.0,28000,15.99,0.34,4,0.3373331405715387,1,4,1,0,0,0,1,0,0,0,0,0,1,1,1,0.99671900905587,Muito Alto
40,58500,3.0,5000,7.49,0.09,11,0.0854700854700854,0,1,0,0,0,0,1,0,1,0,0,0,0,0,0,0.06661003953720121,Muito Baixo
22,54996,0.0,5000,12.54,0.09,3,0.0909157029602152,1,3,1,0,0,0,1,0,1,0,0,0,0,0,0,0.06391687681048766,Muito Baixo
25,90000,9.0,10000,5.42,0.11,4,0.1111111111111111,0,1,0,1,0,0,0,0,0,1,0,0,0,0,0,0.00440758802310429,Muito Baixo
32,90000,2.0,10000,11.12,0.11,8,0.1111111111111111,1,2,0,0,0,0,1,1,0,0,0,0,0,0,0,0.01703431423341385,Muito Baixo
28,10000,12.0,3000,10.99,0.3,8,0.3,0,2,0,0,0,0,1,0,1,0,0,0,0,1,1,0.9964280266474559,Muito Alto
26,57000,10.0,4100,10.59,0.07,3,0.0719298245614035,0,2,0,0,0,0,1,0,0,0,1,0,0,0,0,0.08024418347697491,Muito Baixo
28,44928,5.0,1000,13.06,0.02,8,0.0222578347578347,1,3,1,1,0,0,0,0,0,0,0,0,1,0,0,0.10074843392759268,Muito Baixo
36,57600,4.0,4000,7.49,0.07,15,0.0694444444444444,0,1,0,0,0,1,0,0,1,0,0,0,0,0,0,0.0003829125058853021,Muito Baixo
29,50000,6.0,4000,5.42,0.08,8,0.08,0,1,0,0,0,1,0,0,0,0,1,0,0,0,0,0.00020791174086388738,Muito Baixo
23,28000,5.0,4000,6.92,0.14,4,0.1428571428571428,0,1,0,1,0,0,0,0,1,0,0,0,0,0,0,0.04205164330863266,Muito Baixo
30,97000,5.0,25000,16.32,0.26,5,0.2577319587628865,1,4,1,1,0,0,0,0,0,0,0,0,1,0,0,0.19037621084243647,Muito Baixo
23,54000,5.0,5200,13.99,0.1,3,0.0962962962962963,1,3,0,1,0,0,0,0,0,0,1,0,0,1,1,0.5101997171076814,Moderado
39,47471,5.0,5000,7.51,0.11,14,0.1053274630827241,0,1,0,1,0,0,0,1,0,0,0,0,0,0,0,0.040545348716565885,Muito Baixo
26,185000,10.0,5000,7.68,0.03,2,0.027027027027027,0,1,0,0,0,1,0,0,0,0,0,1,0,0,0,0.00013336973833129136,Muito Baixo
25,121680,3.0,15000,10.37,0.12,3,0.1232741617357002,0,2,0,1,0,0,0,0,0,1,0,0,0,0,0,0.024889195285515666,Muito Baixo
30,73000,15.0,5500,9.99,0.08,5,0.0753424657534246,0,2,0,0,0,0,1,0,0,0,0,1,0,0,0,0.09075081974426669,Muito Baixo
23,62000,0.0,18000,14.46,0.29,3,0.2903225806451613,1,4,1,1,0,0,0,0,0,0,0,0,1,0,0,0.2586331193172489,Baixo
25,49000,1.0,12000,13.49,0.24,4,0.2448979591836734,1,4,0,0,0,0,1,0,0,0,0,1,0,1,1,0.9183676036699395,Muito Alto
27,73400,10.0,2100,6.76,0.03,5,0.0286103542234332,0,1,0,1,0,0,0,0,0,0,1,0,0,0,0,0.013006352387043639,Muito Baixo
25,12000,0.0,1000,10.65,0.08,2,0.0833333333333333,0,2,0,0,0,0,1,0,1,0,0,0,0,0,0,0.3617311772827694,Baixo
26,83000,6.0,7000,13.49,0.08,3,0.0843373493975903,1,3,1,0,0,0,1,0,0,0,1,0,0,0,0,0.04248851724523855,Muito Baixo
25,40000,2.0,4500,10.99,0.11,3,0.1125,0,2,0,1,0,0,0,0,0,0,0,1,0,0,0,0.07493179636899357,Muito Baixo
29,32000,5.0,3100,7.51,0.1,5,0.096875,0,1,0,1,0,0,0,0,0,0,1,0,0,1,0,0.07902843636094498,Muito Baixo
31,34000,1.0,9000,11.48,0.26,5,0.2647058823529412,1,2,0,0,0,0,1,0,0,0,0,1,0,0,0,0.48752801556711156,Moderado
25,44975,2.0,11000,6.99,0.24,4,0.244580322401334,0,1,0,0,0,0,1,0,0,0,1,0,0,0,0,0.02418654210800968,Muito Baixo
34,45600,6.0,15000,11.48,0.33,9,0.3289473684210526,1,2,0,0,0,0,1,1,0,0,0,0,0,1,1,0.9894644362848631,Muito Alto
36,32004,3.0,5000,10.62,0.16,15,0.1562304711911011,0,2,0,0,0,0,1,0,0,0,0,0,1,0,0,0.005381357949770693,Muito Baixo
23,97000,4.0,16000,6.62,0.16,2,0.1649484536082474,0,1,0,1,0,0,0,1,0,0,0,0,0,0,0,0.021344037673483855,Muito Baixo
24,50000,1.0,5000,15.62,0.1,4,0.1,1,4,0,0,0,0,1,0,0,1,0,0,0,1,1,0.8245772030862388,Muito Alto
22,48000,6.0,15000,15.96,0.31,3,0.3125,1,3,0,0,0,0,1,0,1,0,0,0,0,1,1,0.9811408081185893,Muito Alto
21,42000,3.0,13750,11.36,0.33,4,0.3273809523809524,1,2,0,1,0,0,0,0,1,0,0,0,0,0,0,0.08214705461899802,Muito Baixo
31,94350,5.0,15000,15.37,0.14,8,0.1589825119236884,1,4,0,1,0,0,0,0,0,0,1,0,0,1,1,0.9911580214735716,Muito Alto
44,43200,4.0,6000,5.42,0.14,11,0.1388888888888889,0,1,0,0,0,0,1,0,0,0,1,0,0,0,0,0.00837064452852821,Muito Baixo
36,44004,4.0,2000,13.61,0.05,13,0.0454504135987637,1,3,1,0,0,0,1,1,0,0,0,0,0,1,0,0.37483918113543424,Baixo
28,83000,6.0,5000,10.99,0.06,9,0.0602409638554216,0,2,0,1,0,0,0,1,0,0,0,0,0,0,0,0.08546047369712105,Muito Baixo
28,80000,8.0,9600,7.51,0.12,6,0.12,0,1,0,1,0,0,0,0,1,0,0,0,0,0,0,0.020150850025665648,Muito Baixo
32,25200,0.0,5000,7.91,0.2,8,0.1984126984126984,0,1,0,0,0,0,1,0,0,0,0,1,0,0,0,0.0907625441613559,Muito Baixo
23,47000,7.0,16000,14.35,0.34,3,0.3404255319148936,1,3,1,1,0,0,0,0,0,0,1,0,0,1,0,0.32052028571591584,Baixo
28,85000,8.0,12500,7.49,0.15,7,0.1470588235294117,0,1,0,1,0,0,0,0,0,0,0,1,0,0,0,0.017932724616471385,Muito Baixo
34,128000,14.0,12325,8.49,0.1,5,0.0962890625,0,1,0,1,0,0,0,0,0,1,0,0,0,1,0,0.019491583841725668,Muito Baixo
35,80000,0.0,7050,8.88,0.09,10,0.088125,0,2,0,0,0,0,1,0,1,0,0,0,0,0,0,0.01755326100576192,Muito Baixo
22,44004,0.0,6300,12.29,0.14,3,0.1431688028361058,1,3,1,1,0,0,0,0,0,0,0,1,0,0,0,0.23826787381863138,Baixo
36,49000,0.0,8000,15.31,0.16,13,0.1632653061224489,1,4,1,0,0,0,1,1,0,0,0,0,0,1,1,0.9989646850441194,Muito Alto
25,52000,1.0,20000,11.36,0.38,4,0.3846153846153846,1,2,0,0,0,0,1,0,1,0,0,0,0,1,1,0.9930191112420402,Muito Alto
23,37000,2.0,2000,11.14,0.05,4,0.054054054054054,1,2,0,0,0,0,1,0,0,0,0,1,0,0,0,0.14531537007333015,Muito Baixo
28,46000,12.0,6000,8.0,0.13,7,0.1304347826086956,0,1,0,1,0,0,0,0,1,0,0,0,0,0,0,0.15680682881345884,Muito Baixo
29,30000,1.0,15000,16.4,0.5,10,0.5,1,5,0,0,0,0,1,1,0,0,0,0,0,1,1,0.9998791872246414,Muito Alto
25,9600,4.0,1200,15.23,0.13,2,0.125,1,3,0,0,0,0,1,0,0,0,1,0,0,0,0,0.477768040089892,Moderado
27,86875,5.0,8000,10.59,0.09,10,0.0920863309352518,0,2,0,1,0,0,0,0,0,0,0,0,1,0,0,0.0009258736074887879,Muito Baixo
40,40000,2.0,10000,16.82,0.25,16,0.25,1,5,0,0,0,1,0,0,1,0,0,0,0,0,0,0.15802604940633083,Muito Baixo
22,38272,6.0,4800,9.99,0.13,2,0.1254180602006689,0,2,0,0,0,1,0,0,0,0,1,0,0,0,0,0.0009987714901441775,Muito Baixo
27,120000,0.0,10000,12.61,0.08,6,0.0833333333333333,1,3,0,1,0,0,0,0,0,1,0,0,0,1,0,0.061954850972017986,Muito Baixo
26,60000,6.0,9000,6.91,0.15,3,0.15,0,1,0,1,0,0,0,0,1,0,0,0,0,0,0,0.026158053908623555,Muito Baixo
27,32220,11.0,17725,11.49,0.55,8,0.5501241464928616,1,2,0,0,0,0,1,0,0,0,1,0,0,1,1,0.9962655795914479,Muito Alto
28,50000,3.0,3200,8.49,0.06,5,0.064,0,1,0,0,0,1,0,0,1,0,0,0,0,0,0,0.00039927332457204243,Muito Baixo
25,27000,9.0,6000,11.86,0.22,3,0.2222222222222222,1,2,0,0,0,0,1,0,0,0,0,0,1,0,0,0.01119254201071089,Muito Baixo
27,127000,6.0,21000,10.99,0.17,5,0.1653543307086614,0,2,0,1,0,0,0,0,0,0,0,0,1,0,0,0.0009657664891612403,Muito Baixo
38,114000,22.0,19000,9.99,0.17,12,0.1666666666666666,0,2,0,1,0,0,0,1,0,0,0,0,0,0,0,0.023702055813060095,Muito Baixo
44,36000,0.0,1000,11.48,0.03,15,0.0277777777777777,1,2,0,1,0,0,0,0,0,0,0,0,1,0,0,0.001177124869341103,Muito Baixo
23,46000,7.0,5000,6.62,0.11,3,0.108695652173913,0,1,0,1,0,0,0,0,0,0,0,1,0,0,0,0.08452830181142781,Muito Baixo
42,2039784,0.0,8450,12.29,0.0,15,0.0041425954905029,1,3,1,0,0,0,1,0,0,0,0,0,1,0,0,0.061996946973662426,Muito Baixo
23,100000,1.0,12000,13.57,0.12,3,0.12,1,3,0,0,0,0,1,0,1,0,0,0,0,0,0,0.04059172827223362,Muito Baixo
28,110000,12.0,22400,10.99,0.2,6,0.2036363636363636,0,2,0,1,0,0,0,0,0,0,0,1,0,0,0,0.0794737082429981,Muito Baixo
25,95000,4.0,8000,15.23,0.08,4,0.0842105263157894,1,3,0,0,0,0,1,0,0,0,0,1,0,0,0,0.05573534426571074,Muito Baixo
21,14400,1.0,1000,16.29,0.07,4,0.0694444444444444,1,4,0,0,0,0,1,0,0,0,0,0,1,1,1,0.9656219447733032,Muito Alto
25,51541,0.0,6000,12.18,0.12,4,0.1164121767136842,1,2,0,0,0,0,1,1,0,0,0,0,0,0,0,0.06647198357108348,Muito Baixo
37,32400,0.0,8000,15.99,0.25,11,0.2469135802469135,1,4,0,0,0,1,0,0,0,1,0,0,0,0,0,0.0037385192997774356,Muito Baixo
38,17280,0.0,1000,16.29,0.06,11,0.0578703703703703,1,4,0,0,0,1,0,0,0,1,0,0,0,0,0,0.010233027886143727,Muito Baixo
22,50000,1.0,11000,7.49,0.22,2,0.22,0,1,0,0,0,0,1,0,0,0,1,0,0,0,0,0.026634510828663648,Muito Baixo
30,15000,4.0,2700,7.29,0.18,5,0.18,0,1,0,0,0,0,1,0,0,1,0,0,0,1,1,0.9987535650920684,Muito Alto
25,80000,9.0,12000,10.0,0.15,4,0.15,0,2,0,1,0,0,0,0,0,1,0,0,0,0,0,0.02720986058644075,Muito Baixo
41,37200,4.0,7000,9.32,0.19,16,0.1881720430107527,0,1,0,0,0,0,1,0,0,0,0,1,0,0,0,0.14029547661246253,Muito Baixo
22,43000,2.0,22800,12.69,0.53,2,0.5302325581395348,1,2,0,0,0,1,0,0,0,0,0,0,1,0,0,0.0005883554108686693,Muito Baixo
22,70000,6.0,8000,6.99,0.11,2,0.1142857142857142,0,1,0,0,0,0,1,0,1,0,0,0,0,0,0,0.012057277929831344,Muito Baixo
28,60000,12.0,5000,15.7,0.08,7,0.0833333333333333,1,4,1,0,0,0,1,0,0,1,0,0,0,0,0,0.17266456341097247,Muito Baixo
25,42000,1.0,6000,10.99,0.14,4,0.1428571428571428,0,2,0,0,0,0,1,0,0,0,1,0,0,0,0,0.044528327526890094,Muito Baixo
25,36000,9.0,8400,18.64,0.23,4,0.2333333333333333,1,5,1,0,0,0,1,0,0,0,0,1,0,0,0,0.28411417212391266,Baixo
25,150000,4.0,6000,7.66,0.04,3,0.04,0,1,0,1,0,0,0,0,1,0,0,0,0,0,0,0.011276793854704089,Muito Baixo
37,84000,4.0,5000,10.0,0.06,16,0.0595238095238095,0,2,0,0,0,0,1,0,0,1,0,0,0,0,0,0.06467107436280538,Muito Baixo
25,23000,4.0,8000,14.46,0.35,2,0.3478260869565217,1,4,1,0,0,0,1,0,0,1,0,0,0,1,1,0.9982359509764612,Muito Alto
30,240000,8.0,28000,16.49,0.12,7,0.1166666666666666,1,4,1,1,0,0,0,0,0,0,0,0,1,0,0,0.10981089934363353,Muito Baixo
23,56500,7.0,9800,7.49,0.17,2,0.1734513274336283,0,1,0,1,0,0,0,0,0,0,1,0,0,0,0,0.1998680532149654,Muito Baixo
25,38400,5.0,5700,6.17,0.15,2,0.1484375,0,1,0,1,0,0,0,0,0,0,1,0,0,0,0,0.02087376093368283,Muito Baixo
29,102000,13.0,6000,7.88,0.06,9,0.0588235294117647,0,1,0,1,0,0,0,0,0,0,1,0,0,0,0,0.005509941774679793,Muito Baixo
28,50000,0.0,9000,7.49,0.18,10,0.18,0,1,0,1,0,0,0,0,0,0,1,0,0,0,0,0.015057890107867353,Muito Baixo
22,119000,6.0,35000,16.49,0.29,3,0.2941176470588235,1,4,0,1,0,0,0,0,0,0,0,1,0,0,0,0.05888963815678308,Muito Baixo
35,45000,3.0,5500,6.92,0.12,6,0.1222222222222222,0,1,0,0,0,0,1,0,0,0,1,0,0,0,0,0.012120897785072386,Muito Baixo
30,28000,14.0,14400,12.18,0.51,5,0.5142857142857142,1,2,0,0,0,1,0,0,0,0,1,0,0,0,0,0.0024664465880786853,Muito Baixo
28,33000,9.0,4000,7.9,0.12,8,0.1212121212121212,0,1,0,1,0,0,0,0,0,0,0,1,0,1,0,0.12779443148721203,Muito Baixo
23,51996,7.0,4000,13.98,0.08,2,0.0769289945380413,1,3,1,0,0,0,1,1,0,0,0,0,0,0,0,0.17773570078807305,Muito Baixo
34,35000,3.0,10600,15.96,0.3,10,0.3028571428571429,1,3,0,0,0,0,1,0,0,0,1,0,0,0,0,0.11976719516125615,Muito Baixo
30,22000,4.0,6000,11.89,0.27,8,0.2727272727272727,1,2,0,0,0,1,0,0,0,0,0,0,1,0,0,7.057002115380551e-05,Muito Baixo
41,95000,2.0,21600,13.92,0.23,12,0.2273684210526315,1,3,1,0,0,1,0,0,0,0,1,0,0,0,0,0.0006180311410274403,Muito Baixo
49,65000,0.0,12000,10.62,0.18,17,0.1846153846153846,0,2,0,1,0,0,0,0,0,0,0,1,0,0,0,0.04401284071013473,Muito Baixo
45,48000,8.0,8000,9.63,0.17,13,0.1666666666666666,0,1,0,1,0,0,0,0,0,1,0,0,0,0,0,0.05716260515226736,Muito Baixo
29,75000,4.0,14400,13.92,0.19,9,0.192,1,3,0,1,0,0,0,1,0,0,0,0,0,0,0,0.2801805743727573,Baixo
42,35004,12.0,1500,7.37,0.04,12,0.0428522454576619,0,1,0,0,0,0,1,0,0,0,1,0,0,0,0,0.016662013931607014,Muito Baixo
24,53000,1.0,15000,16.77,0.28,2,0.2830188679245283,1,4,0,0,0,0,1,1,0,0,0,0,0,1,1,0.9987673173399445,Muito Alto
30,30000,11.0,1000,10.99,0.03,10,0.0333333333333333,0,2,0,0,0,0,1,0,0,0,1,0,0,1,0,0.116357338680621,Muito Baixo
22,94342,4.0,2400,10.59,0.03,4,0.025439358928155,0,2,0,1,0,0,0,0,1,0,0,0,0,0,0,0.013252415737524276,Muito Baixo
23,36000,5.0,10000,9.99,0.28,2,0.2777777777777778,0,2,0,0,0,0,1,0,1,0,0,0,0,0,0,0.08945174797097942,Muito Baixo
31,40000,4.0,4625,12.42,0.12,5,0.115625,1,2,0,1,0,0,0,1,0,0,0,0,0,0,0,0.14906455645763864,Muito Baixo
34,91000,19.0,15000,10.99,0.16,8,0.1648351648351648,0,2,0,1,0,0,0,0,0,0,1,0,0,0,0,0.03805225773782194,Muito Baixo
30,150000,8.0,5000,7.49,0.03,9,0.0333333333333333,0,1,0,1,0,0,0,0,0,0,0,1,0,0,0,0.014426080862580449,Muito Baixo
24,96500,0.0,6000,7.66,0.06,2,0.0621761658031088,0,1,0,0,0,0,1,1,0,0,0,0,0,0,0,0.011530689054561193,Muito Baixo
27,65000,3.0,15000,10.75,0.23,5,0.2307692307692307,0,2,0,1,0,0,0,1,0,0,0,0,0,0,0,0.04996901800577761,Muito Baixo
23,35000,2.0,14000,10.99,0.4,3,0.4,0,2,0,0,0,1,0,0,0,0,0,0,1,0,0,7.79181949335199e-05,Muito Baixo
22,50000,5.0,2000,12.18,0.04,4,0.04,1,2,0,1,0,0,0,0,1,0,0,0,0,0,0,0.048212475429231606,Muito Baixo
25,90000,7.0,6000,7.14,0.07,3,0.0666666666666666,0,1,0,1,0,0,0,1,0,0,0,0,0,0,0,0.007780866310925252,Muito Baixo
24,72000,3.0,13200,7.29,0.18,3,0.1833333333333333,0,1,0,0,0,0,1,0,0,1,0,0,0,0,0,0.031273786716695874,Muito Baixo
46,44782,14.0,6000,13.67,0.13,12,0.1339824036443213,1,4,1,1,0,0,0,0,0,0,0,1,0,0,0,0.22918152256103988,Baixo
24,40000,6.0,5400,12.42,0.14,3,0.135,1,2,0,1,0,0,0,0,1,0,0,0,0,0,0,0.0998575695060335,Muito Baixo
24,66766,4.0,9000,6.99,0.13,2,0.1347991492675913,0,1,0,1,0,0,0,0,0,1,0,0,0,0,0,0.04150914260327537,Muito Baixo
25,120000,9.0,21000,13.49,0.17,4,0.175,1,3,0,1,0,0,0,0,0,0,0,1,0,0,0,0.04138935700685485,Muito Baixo
23,46000,2.0,12800,19.41,0.28,3,0.2782608695652174,1,6,1,0,0,0,1,0,1,0,0,0,0,1,1,0.9593364865901572,Muito Alto
22,53000,5.0,25000,13.43,0.47,4,0.4716981132075472,1,3,1,0,0,0,1,0,1,0,0,0,0,1,1,0.9941809819730978,Muito Alto
35,50000,11.0,16000,9.91,0.32,5,0.32,0,2,0,0,0,0,1,0,0,0,1,0,0,1,1,0.9849304269871845,Muito Alto
31,30792,15.0,5000,8.32,0.16,9,0.1623798389191998,0,1,0,1,0,0,0,0,0,1,0,0,0,0,0,0.4164815990738451,Moderado
24,55160,0.0,3000,8.9,0.05,3,0.0543872371283538,0,1,0,0,0,0,1,0,1,0,0,0,0,1,0,0.1140242719484536,Muito Baixo
37,91800,21.0,20000,14.84,0.19,12,0.2178649237472767,1,4,1,1,0,0,0,0,0,0,1,0,0,1,1,0.9865505223482657,Muito Alto
23,64000,7.0,10000,7.49,0.16,4,0.15625,0,1,0,0,0,0,1,0,1,0,0,0,0,1,0,0.058386630353737576,Muito Baixo
25,78000,3.0,5000,7.66,0.06,3,0.0641025641025641,0,1,0,0,0,0,1,1,0,0,0,0,0,0,0,0.09528674547482863,Muito Baixo
24,75000,4.0,25000,10.25,0.33,4,0.3333333333333333,0,2,0,0,0,0,1,0,1,0,0,0,0,1,1,0.991175933385569,Muito Alto
26,125000,0.0,15500,7.88,0.12,2,0.124,0,1,0,0,0,0,1,0,1,0,0,0,0,0,0,0.008684682259593188,Muito Baixo
34,55000,3.0,12800,5.42,0.23,9,0.2327272727272727,0,1,0,1,0,0,0,0,0,0,0,0,1,0,0,0.0004572422645914251,Muito Baixo
24,55000,4.0,1600,13.79,0.03,2,0.029090909090909,1,3,0,1,0,0,0,1,0,0,0,0,0,0,0,0.17251013292164102,Muito Baixo
44,50000,8.0,6000,11.99,0.12,17,0.12,1,2,0,1,0,0,0,1,0,0,0,0,0,0,0,0.06370080116898807,Muito Baixo
29,104000,6.0,18000,7.66,0.17,7,0.173076923076923,0,1,0,1,0,0,0,0,0,1,0,0,0,0,0,0.01392358837314145,Muito Baixo
22,80000,7.0,1500,10.37,0.02,2,0.01875,0,2,0,1,0,0,0,0,1,0,0,0,0,0,0,0.011156413247449214,Muito Baixo
24,90000,8.0,10000,10.99,0.11,2,0.1111111111111111,0,2,0,0,0,0,1,0,0,1,0,0,0,0,0,0.04091884037492494,Muito Baixo
23,45312,3.0,13500,7.88,0.3,3,0.2979343220338983,0,1,0,0,0,0,1,0,1,0,0,0,0,0,0,0.027973934599521588,Muito Baixo
26,54000,0.0,13200,14.91,0.24,2,0.2444444444444444,1,4,1,0,0,0,1,0,0,0,1,0,0,1,1,0.9984399888010025,Muito Alto
22,44720,6.0,6000,7.9,0.13,2,0.1341681574239713,0,1,0,1,0,0,0,0,0,0,0,1,0,0,0,0.07030796109264387,Muito Baixo
37,45000,1.0,7000,7.49,0.16,15,0.1555555555555555,0,1,0,0,0,0,1,1,0,0,0,0,0,0,0,0.016233969205924785,Muito Baixo
23,32698,3.0,8000,18.43,0.24,3,0.2446632821579301,1,6,1,0,0,0,1,1,0,0,0,0,0,1,1,0.9955369620978058,Muito Alto
22,70000,4.0,10000,12.69,0.14,4,0.1428571428571428,1,2,0,0,0,0,1,0,1,0,0,0,0,0,0,0.052563632026081955,Muito Baixo
23,50000,4.0,15250,15.95,0.3,3,0.305,1,5,0,1,0,0,0,0,0,0,0,0,1,0,0,0.19814574527184362,Muito Baixo
27,37440,7.0,2800,10.99,0.07,9,0.0747863247863247,0,2,0,0,0,0,1,0,0,0,0,1,0,0,0,0.2052265937604802,Baixo
25,66420,1.0,4000,12.18,0.06,2,0.0602228244504667,1,2,0,1,0,0,0,0,1,0,0,0,0,0,0,0.13182400547181264,Muito Baixo
21,30000,2.0,6300,11.71,0.21,3,0.21,1,2,0,0,0,0,1,1,0,0,0,0,0,0,0,0.26131258164696214,Baixo
48,128000,0.0,7500,17.49,0.06,11,0.05859375,1,4,1,0,0,0,1,0,1,0,0,0,0,1,1,0.901620042687707,Muito Alto
44,58000,13.0,6400,16.29,0.11,13,0.1103448275862069,1,4,0,1,0,0,0,0,0,0,0,0,1,0,0,0.1717187850024177,Muito Baixo
35,100000,9.0,6000,9.99,0.06,7,0.06,0,2,0,1,0,0,0,0,1,0,0,0,0,0,0,0.022927598733288045,Muito Baixo
25,48000,6.0,7200,11.36,0.15,3,0.15,1,2,0,0,0,0,1,1,0,0,0,0,0,0,0,0.10750368991093759,Muito Baixo
36,43200,13.0,11000,10.99,0.25,12,0.2546296296296296,0,2,0,1,0,0,0,1,0,0,0,0,0,0,0,0.039758903681723544,Muito Baixo
25,46800,5.0,12000,13.11,0.26,4,0.2564102564102564,1,3,1,0,0,0,1,0,0,1,0,0,0,1,0,0.49281192721098466,Moderado
25,44000,5.0,2400,7.66,0.05,4,0.0545454545454545,0,1,0,0,0,0,1,0,0,0,1,0,0,0,0,0.15952210147509513,Muito Baixo
33,65000,4.0,1000,7.49,0.02,9,0.0153846153846153,0,1,0,0,0,0,1,0,0,0,0,0,1,0,0,0.0009486757685635821,Muito Baixo
24,33000,4.0,4800,14.91,0.15,4,0.1454545454545454,1,4,1,0,0,0,1,0,0,0,1,0,0,1,1,0.628337420363057,Alto
23,108000,7.0,4000,13.48,0.04,2,0.037037037037037,1,3,0,1,0,0,0,1,0,0,0,0,0,1,0,0.07098324521604724,Muito Baixo
22,37800,7.0,7200,10.99,0.19,2,0.1904761904761904,0,2,0,1,0,0,0,0,1,0,0,0,0,0,0,0.10666411669396934,Muito Baixo
31,15456,1.0,4000,8.9,0.26,5,0.2587991718426501,0,1,0,1,0,0,0,0,0,0,0,1,0,1,1,0.9868498519635748,Muito Alto
31,53000,8.0,3000,15.23,0.06,5,0.0566037735849056,1,3,0,1,0,0,0,0,1,0,0,0,0,0,0,0.22774097141413596,Baixo
25,230000,5.0,35000,13.99,0.15,4,0.1521739130434782,1,3,0,1,0,0,0,0,0,0,1,0,0,0,0,0.08988397585055101,Muito Baixo
24,49920,0.0,7200,13.06,0.14,3,0.1442307692307692,1,3,1,0,0,0,1,0,0,0,1,0,0,0,0,0.02769777661515649,Muito Baixo
23,25000,1.0,4025,9.91,0.16,4,0.161,0,2,0,0,0,0,1,0,0,0,0,0,1,0,0,0.0040691197587607465,Muito Baixo
36,140004,4.0,10000,6.92,0.07,11,0.0714265306705522,0,1,0,1,0,0,0,1,0,0,0,0,0,0,0,0.01582719979067338,Muito Baixo
45,110000,5.0,20000,11.11,0.18,16,0.1818181818181818,1,2,0,1,0,0,0,0,0,0,0,1,0,0,0,0.02483556411043518,Muito Baixo
28,138996,3.0,20000,13.79,0.14,9,0.1438890327779216,1,3,1,1,0,0,0,0,0,0,0,1,0,0,0,0.05898019473672531,Muito Baixo
24,13000,1.0,1200,11.89,0.09,2,0.0923076923076923,1,2,0,0,0,0,1,0,0,0,1,0,0,0,0,0.34582673396009833,Baixo
23,36500,2.0,15000,15.65,0.41,3,0.410958904109589,1,4,0,0,0,0,1,0,0,1,0,0,0,1,1,0.9999662932184228,Muito Alto
22,64000,6.0,7000,5.79,0.11,3,0.109375,0,1,0,0,0,0,1,0,1,0,0,0,0,0,0,0.017684307712953373,Muito Baixo
21,37500,5.0,6000,11.49,0.16,3,0.16,1,2,0,0,0,1,0,0,0,0,0,0,1,0,0,2.894580947453188e-05,Muito Baixo
23,45600,5.0,4250,13.48,0.09,2,0.0932017543859649,1,3,1,0,0,0,1,0,0,0,1,0,0,0,0,0.045271754110306435,Muito Baixo
28,300000,11.0,10800,6.92,0.04,5,0.036,0,1,0,1,0,0,0,1,0,0,0,0,0,0,0,0.033158598111096116,Muito Baixo
23,30000,0.0,13000,10.99,0.43,2,0.4333333333333333,0,2,0,1,0,0,0,0,0,0,0,0,1,0,0,0.02294219613512887,Muito Baixo
29,72000,13.0,15900,13.04,0.22,10,0.2208333333333333,1,3,0,0,0,0,1,1,0,0,0,0,0,0,0,0.07625232449009711,Muito Baixo
32,110000,16.0,6700,6.92,0.06,7,0.0609090909090909,0,1,0,1,0,0,0,0,0,1,0,0,0,0,0,0.005674985033749073,Muito Baixo
23,25000,6.0,8000,13.61,0.32,4,0.32,1,3,1,0,0,0,1,0,0,0,0,1,0,1,1,0.9901369801127895,Muito Alto
23,215000,7.0,35000,14.79,0.16,3,0.1627906976744186,1,3,1,1,0,0,0,0,0,0,1,0,0,0,0,0.09811754730365631,Muito Baixo
27,18000,0.0,2000,7.88,0.11,5,0.1111111111111111,0,1,0,1,0,0,0,0,0,0,0,0,1,0,0,0.007220202225066358,Muito Baixo
33,66000,17.0,5000,7.29,0.08,8,0.0757575757575757,0,1,0,0,0,0,1,0,1,0,0,0,0,0,0,0.03650091523679318,Muito Baixo
27,170496,3.0,15000,11.83,0.09,10,0.0879786036036036,1,2,0,1,0,0,0,1,0,0,0,0,0,1,0,0.02677563734194938,Muito Baixo
29,20000,0.0,1000,10.65,0.05,10,0.05,0,2,0,0,0,0,1,0,0,0,0,1,0,0,0,0.3387467766346946,Baixo
22,18000,1.0,6000,10.99,0.33,3,0.3333333333333333,0,2,0,0,0,0,1,0,0,0,1,0,0,1,1,0.9992989805847851,Muito Alto
24,91000,5.0,15000,7.88,0.16,2,0.1648351648351648,0,1,0,1,0,0,0,1,0,0,0,0,0,0,0,0.013369438602091102,Muito Baixo
28,35600,3.0,4000,7.49,0.11,6,0.1123595505617977,0,1,0,0,0,0,1,0,1,0,0,0,0,0,0,0.08140777858202954,Muito Baixo
28,206000,2.0,24000,13.48,0.12,10,0.116504854368932,1,3,0,0,0,0,1,0,0,1,0,0,0,0,0,0.10161073241588409,Muito Baixo
27,108000,4.0,6000,10.65,0.06,7,0.0555555555555555,0,2,0,0,0,0,1,1,0,0,0,0,0,0,0,0.02597255675751836,Muito Baixo
27,180000,7.0,16000,7.49,0.09,8,0.0888888888888888,0,1,0,1,0,0,0,0,0,1,0,0,0,0,0,0.012973503250078062,Muito Baixo
27,88000,11.0,9000,6.91,0.1,10,0.1022727272727272,0,1,0,0,0,0,1,1,0,0,0,0,0,0,0,0.018943026289383328,Muito Baixo
21,52700,4.0,26400,16.49,0.43,3,0.5009487666034156,1,4,0,1,0,0,0,0,0,0,1,0,0,1,1,0.9906753284600366,Muito Alto
28,90000,0.0,4000,13.49,0.04,8,0.0444444444444444,1,3,0,0,0,0,1,0,0,0,0,0,1,0,0,0.04832329386917213,Muito Baixo
22,35000,4.0,5000,13.23,0.14,2,0.1428571428571428,1,3,0,0,0,0,1,0,0,0,0,1,0,0,0,0.17593946772785812,Muito Baixo
27,83300,11.0,20000,16.0,0.2,5,0.2400960384153661,1,4,1,0,0,0,1,0,0,0,1,0,0,1,1,0.9764117044005833,Muito Alto
25,69996,9.0,25000,15.21,0.36,4,0.3571632664723698,1,4,0,0,0,0,1,0,1,0,0,0,0,1,1,0.9893098477016095,Muito Alto
24,28000,8.0,10000,6.91,0.36,3,0.3571428571428571,0,1,0,0,0,0,1,0,0,0,1,0,0,1,1,0.9816938524494023,Muito Alto
38,55000,3.0,14000,13.22,0.25,13,0.2545454545454545,1,3,0,1,0,0,0,0,0,0,1,0,0,0,0,0.1312947481910448,Muito Baixo
38,36156,1.0,8500,12.21,0.24,16,0.2350923774753844,1,2,0,1,0,0,0,0,0,1,0,0,0,0,0,0.1654019617368295,Muito Baixo
23,50000,0.0,19400,12.69,0.39,2,0.388,1,2,0,0,0,0,1,0,1,0,0,0,0,1,1,0.9885359216508665,Muito Alto
38,65000,3.0,8000,10.62,0.12,14,0.123076923076923,0,2,0,0,0,1,0,0,0,0,0,1,0,0,0,0.00033196447346350166,Muito Baixo
24,63000,3.0,11500,14.79,0.18,2,0.1825396825396825,1,3,0,0,0,0,1,0,0,0,0,0,1,0,0,0.12534431509274566,Muito Baixo
26,39996,10.0,7000,13.57,0.18,3,0.175017501750175,1,3,1,0,0,1,0,0,0,0,0,0,1,0,0,0.0006748217567854454,Muito Baixo
34,58650,7.0,12000,20.17,0.17,10,0.2046035805626598,1,7,1,1,0,0,0,0,0,0,1,0,0,1,1,0.999862308369009,Muito Alto
22,33000,5.0,4000,7.88,0.12,4,0.1212121212121212,0,1,0,0,0,0,1,1,0,0,0,0,0,0,0,0.09059078735699898,Muito Baixo
24,54100,5.0,4500,7.14,0.08,4,0.0831792975970425,0,1,0,0,0,0,1,0,0,0,0,1,0,0,0,0.046762075183955844,Muito Baixo
26,20000,9.0,6200,5.99,0.31,4,0.31,0,1,0,0,0,0,1,0,1,0,0,0,0,1,1,0.9767370565706075,Muito Alto
25,86004,1.0,15000,12.53,0.17,4,0.1744104925352309,1,3,1,0,0,0,1,0,0,0,0,1,0,0,0,0.07692984308773843,Muito Baixo
26,40000,4.0,5875,12.69,0.15,2,0.146875,1,2,0,0,0,0,1,0,0,0,0,0,1,0,0,0.006361194733355384,Muito Baixo
25,78600,0.0,8400,13.48,0.11,3,0.1068702290076335,1,3,1,0,0,0,1,1,0,0,0,0,0,0,0,0.08478111622233778,Muito Baixo
22,50000,7.0,4000,7.4,0.08,2,0.08,0,1,0,0,0,0,1,0,0,0,1,0,0,0,0,0.03164273905256568,Muito Baixo
33,44400,3.0,2000,14.22,0.05,9,0.045045045045045,1,3,1,1,0,0,0,0,0,0,0,0,1,1,0,0.05268515469542131,Muito Baixo
23,37200,7.0,7000,10.59,0.19,2,0.1881720430107527,0,2,0,1,0,0,0,0,0,1,0,0,0,1,1,0.9731711706807741,Muito Alto
29,44991,13.0,5000,14.72,0.11,8,0.1111333377786668,1,3,1,1,0,0,0,0,0,0,1,0,0,0,0,0.3287009287176359,Baixo
30,100000,11.0,12800,6.92,0.13,8,0.128,0,1,0,1,0,0,0,0,1,0,0,0,0,0,0,0.01031127068844488,Muito Baixo
32,45000,3.0,5000,5.79,0.11,5,0.1111111111111111,0,1,0,1,0,0,0,1,0,0,0,0,0,0,0,0.033694887786484023,Muito Baixo
26,45000,10.0,8000,6.99,0.18,2,0.1777777777777777,0,1,0,1,0,0,0,0,0,1,0,0,0,0,0,0.07769383902921101,Muito Baixo
25,39000,0.0,6000,13.49,0.15,2,0.1538461538461538,1,3,1,0,0,0,1,0,0,0,0,0,1,1,0,0.15760082873185327,Muito Baixo
33,56136,12.0,19000,15.68,0.34,5,0.3384637309391478,1,5,1,0,0,0,1,0,0,0,0,0,1,1,1,0.9921024715577291,Muito Alto
29,58000,0.0,20000,9.91,0.34,10,0.3448275862068966,0,2,0,0,0,0,1,0,1,0,0,0,0,1,1,0.9838032964787436,Muito Alto
27,50000,0.0,8000,7.9,0.16,8,0.16,0,1,0,0,0,0,1,0,1,0,0,0,0,0,0,0.027250982130081782,Muito Baixo
27,84000,3.0,7000,7.29,0.08,10,0.0833333333333333,0,1,0,1,0,0,0,1,0,0,0,0,0,0,0,0.019418330735285903,Muito Baixo
26,85000,1.0,15000,12.73,0.18,3,0.1764705882352941,1,3,0,1,0,0,0,1,0,0,0,0,0,0,0,0.08257612081544133,Muito Baixo
21,60000,3.0,10000,12.18,0.17,2,0.1666666666666666,1,2,0,0,0,0,1,0,0,0,1,0,0,0,0,0.0571387817193781,Muito Baixo
23,39689,1.0,13000,13.57,0.33,2,0.3275466754012446,1,3,1,0,0,1,0,0,0,0,0,0,1,0,0,0.000797784459809664,Muito Baixo
22,79200,6.0,4750,10.25,0.06,3,0.0599747474747474,0,2,0,1,0,0,0,0,0,0,0,0,1,0,0,0.0031155572665965622,Muito Baixo
22,24000,2.0,6000,12.18,0.25,3,0.25,1,2,0,0,0,0,1,0,0,1,0,0,0,1,1,0.9832449690058914,Muito Alto
30,90000,0.0,6000,10.38,0.07,8,0.0666666666666666,0,2,0,0,0,0,1,0,0,0,1,0,0,0,0,0.008971617816417707,Muito Baixo
23,42000,4.0,2500,13.61,0.06,4,0.0595238095238095,1,3,0,0,0,0,1,0,1,0,0,0,0,0,0,0.12356764895023563,Muito Baixo
31,75000,5.0,15000,12.69,0.2,5,0.2,1,2,0,0,0,0,1,1,0,0,0,0,0,0,0,0.09121125787376935,Muito Baixo
33,42000,8.0,2000,15.31,0.05,9,0.0476190476190476,1,4,1,0,0,0,1,0,0,0,1,0,0,0,1,0.5823109984929401,Moderado
25,65004,1.0,4800,13.49,0.07,4,0.0738416097470924,1,3,1,0,0,0,1,0,0,0,0,1,0,0,0,0.061955804828190415,Muito Baixo
22,27000,6.0,4000,7.14,0.15,2,0.1481481481481481,0,1,0,0,0,0,1,0,1,0,0,0,0,0,0,0.07109631977735487,Muito Baixo
22,47748,5.0,4500,6.39,0.09,4,0.0942447851218899,0,1,0,1,0,0,0,0,0,0,0,1,0,0,0,0.05681507059708407,Muito Baixo
27,45000,1.0,10000,13.48,0.22,9,0.2222222222222222,1,3,0,0,0,0,1,0,1,0,0,0,0,0,0,0.0964093808556004,Muito Baixo
23,36000,6.0,14000,12.99,0.39,3,0.3888888888888889,1,3,0,1,0,0,0,0,0,0,0,1,0,0,0,0.26435199808435794,Baixo
33,82000,9.0,5000,7.51,0.06,8,0.0609756097560975,0,1,0,0,0,0,1,0,0,0,0,0,1,0,0,0.0010691485608153536,Muito Baixo
25,50000,9.0,18650,7.9,0.37,4,0.373,0,1,0,1,0,0,0,0,0,0,0,0,1,0,0,0.001815368571134229,Muito Baixo
24,120000,8.0,16000,7.49,0.13,3,0.1333333333333333,0,1,0,1,0,0,0,0,0,0,0,1,0,0,0,0.013456950762447715,Muito Baixo
24,72100,2.0,16000,10.25,0.22,4,0.2219140083217753,0,2,0,1,0,0,0,0,1,0,0,0,0,0,0,0.06645380758679337,Muito Baixo
31,65800,15.0,25000,7.51,0.38,9,0.3799392097264438,0,1,0,0,0,0,1,1,0,0,0,0,0,1,1,0.992339109539186,Muito Alto
36,31000,3.0,7100,8.9,0.23,12,0.2290322580645161,0,1,0,0,0,0,1,0,0,0,0,0,1,0,0,0.003864121070684337,Muito Baixo
22,70000,1.0,8400,7.88,0.12,2,0.12,0,1,0,1,0,0,0,0,0,0,1,0,0,0,0,0.011773601961115822,Muito Baixo
23,83954,7.0,6000,7.49,0.07,2,0.0714677085070395,0,1,0,0,0,0,1,0,1,0,0,0,0,0,0,0.028292623453768987,Muito Baixo
21,20000,2.0,9000,7.51,0.45,4,0.45,0,1,0,0,0,0,1,0,0,0,1,0,0,1,1,0.9960263722431806,Muito Alto
59,175000,3.0,12000,10.59,0.07,27,0.0685714285714285,0,2,0,0,0,0,1,0,0,0,0,1,0,0,0,0.05249312418685564,Muito Baixo
29,70004,0.0,8000,9.63,0.11,9,0.1142791840466259,0,1,0,0,0,0,1,0,0,0,1,0,0,0,0,0.013360532528468536,Muito Baixo
36,98240,4.0,20000,16.35,0.2,16,0.2035830618892508,1,5,0,1,0,0,0,0,0,0,0,1,0,0,0,0.08065986998702052,Muito Baixo
25,76248,6.0,9750,14.27,0.13,3,0.1278722064841045,1,3,1,1,0,0,0,1,0,0,0,0,0,1,0,0.37129827207685046,Baixo
24,92000,1.0,25000,12.73,0.27,4,0.2717391304347826,1,3,1,0,0,0,1,0,0,0,0,0,1,0,0,0.15724265636338908,Muito Baixo
23,50000,0.0,6500,7.49,0.13,4,0.13,0,1,0,1,0,0,0,0,0,0,0,1,0,0,0,0.01725946723448531,Muito Baixo
29,153000,1.0,17600,8.7,0.12,7,0.115032679738562,0,2,0,0,0,0,1,1,0,0,0,0,0,0,0,0.020310158958441776,Muito Baixo
26,62400,10.0,11000,7.49,0.18,3,0.1762820512820513,0,1,0,1,0,0,0,1,0,0,0,0,0,0,0,0.03505475976699877,Muito Baixo
26,72996,1.0,15000,10.38,0.21,4,0.2054907118198257,0,2,0,1,0,0,0,0,1,0,0,0,0,0,0,0.1707736384269426,Muito Baixo
25,77800,9.0,30000,10.99,0.39,4,0.3856041131105398,0,2,0,1,0,0,0,0,0,0,0,1,0,0,0,0.09170814433415422,Muito Baixo
26,22884,2.0,7000,7.51,0.31,4,0.30589057857018,0,1,0,0,0,0,1,0,0,0,1,0,0,1,1,0.919176389149954,Muito Alto
23,41000,7.0,6000,6.03,0.15,4,0.1463414634146341,0,1,0,1,0,0,0,0,1,0,0,0,0,0,0,0.032642873196057104,Muito Baixo
32,110888,0.0,10400,9.91,0.09,6,0.0937883269605367,0,2,0,1,0,0,0,0,0,0,1,0,0,0,0,0.05572432297828135,Muito Baixo
27,57240,4.0,15000,11.99,0.26,6,0.2620545073375262,1,2,0,0,0,1,0,0,0,0,0,0,1,0,0,4.7291030208059725e-05,Muito Baixo
23,29000,1.0,5000,18.535,0.17,3,0.1724137931034483,1,6,1,0,0,0,1,0,0,0,1,0,0,1,1,0.9992369204757775,Muito Alto
46,92000,18.0,12925,7.49,0.14,17,0.1404891304347826,0,1,0,1,0,0,0,0,1,0,0,0,0,0,0,0.010251854912750089,Muito Baixo
23,36000,4.0,9000,11.11,0.25,3,0.25,1,2,0,0,0,0,1,1,0,0,0,0,0,0,0,0.13489874576679312,Muito Baixo
23,60000,3.0,4500,7.4,0.07,3,0.075,0,1,0,1,0,0,0,0,0,0,1,0,0,0,0,0.027324091679984033,Muito Baixo
22,48000,5.0,9600,7.51,0.2,4,0.2,0,1,0,1,0,0,0,0,1,0,0,0,0,0,0,0.038072725405961995,Muito Baixo
24,35364,1.0,20000,12.53,0.57,4,0.5655468838366701,1,2,0,0,0,0,1,0,0,0,1,0,0,1,1,0.9937772291555922,Muito Alto
32,43000,6.0,12000,7.88,0.28,7,0.2790697674418604,0,1,0,1,0,0,0,0,0,0,0,0,1,0,0,0.0007712327600928118,Muito Baixo
22,50750,2.0,10000,9.63,0.2,4,0.1970443349753694,0,2,0,1,0,0,0,0,0,0,1,0,0,0,0,0.08179195616969916,Muito Baixo
26,75000,2.0,4000,5.79,0.05,3,0.0533333333333333,0,1,0,1,0,0,0,0,0,0,0,0,1,0,0,0.00024241318359622527,Muito Baixo
22,60000,5.0,12500,13.11,0.21,2,0.2083333333333333,1,3,1,1,0,0,0,1,0,0,0,0,0,0,0,0.05443203342729092,Muito Baixo
33,75000,6.0,6000,7.51,0.08,8,0.08,0,1,0,1,0,0,0,0,0,0,1,0,0,0,0,0.010109544375088457,Muito Baixo
27,32200,1.0,6300,16.45,0.2,6,0.1956521739130435,1,5,0,0,0,0,1,0,1,0,0,0,0,1,1,0.9467972051154787,Muito Alto
26,67000,2.0,7600,10.0,0.11,4,0.1134328358208955,0,2,0,0,0,0,1,0,0,0,0,0,1,0,0,0.0019085705406388961,Muito Baixo
24,67000,5.0,20000,13.48,0.3,3,0.2985074626865671,1,3,1,0,0,0,1,0,0,0,0,1,0,0,0,0.09457647711329861,Muito Baixo
25,31000,2.0,1800,8.32,0.06,2,0.0580645161290322,0,1,0,0,0,0,1,1,0,0,0,0,0,0,0,0.24318128272660164,Baixo
23,55000,3.0,19200,15.21,0.35,4,0.3490909090909091,1,4,0,0,0,0,1,0,1,0,0,0,0,1,1,0.9885690036262132,Muito Alto
33,25000,0.0,3000,12.53,0.12,6,0.12,1,3,1,1,0,0,0,1,0,0,0,0,0,0,0,0.06172671505851535,Muito Baixo
22,175000,6.0,18000,10.99,0.1,3,0.1028571428571428,0,2,0,1,0,0,0,0,0,0,1,0,0,0,0,0.035884614032804796,Muito Baixo
28,73992,2.0,20000,9.96,0.27,9,0.2702994918369553,0,2,0,0,0,0,1,0,0,1,0,0,0,0,0,0.29073383473351194,Baixo
21,18000,2.0,5800,14.72,0.32,4,0.3222222222222222,1,3,1,0,0,0,1,1,0,0,0,0,0,1,1,0.9971627090330865,Muito Alto
23,50000,6.0,3000,13.48,0.06,2,0.06,1,3,1,0,0,0,1,0,1,0,0,0,0,0,0,0.039894349941459295,Muito Baixo
48,120000,18.0,3600,13.48,0.03,17,0.03,1,3,1,1,0,0,0,1,0,0,0,0,0,0,0,0.01636652988484358,Muito Baixo
30,36000,4.0,11500,13.57,0.32,8,0.3194444444444444,1,3,0,1,0,0,0,0,0,0,0,1,0,0,0,0.26698585775477407,Baixo
25,146990,0.0,28000,10.99,0.19,3,0.1904891489216953,0,2,0,1,0,0,0,0,0,0,0,0,1,0,0,0.0015868971184381218,Muito Baixo
25,16800,4.0,1200,10.38,0.07,2,0.0714285714285714,0,2,0,0,0,0,1,0,0,0,1,0,0,0,0,0.24449541950692547,Baixo
44,67000,28.0,3000,10.99,0.04,14,0.044776119402985,0,2,0,1,0,0,0,0,0,1,0,0,0,0,0,0.08389594657429615,Muito Baixo
29,50000,4.0,5050,12.73,0.1,5,0.101,1,3,0,0,0,0,1,1,0,0,0,0,0,0,0,0.12904574167904034,Muito Baixo
24,102960,2.0,16000,7.88,0.16,2,0.1554001554001554,0,1,0,1,0,0,0,1,0,0,0,0,0,0,0,0.008593789925582775,Muito Baixo
30,130000,3.0,33250,13.06,0.26,5,0.2557692307692307,1,3,1,1,0,0,0,0,1,0,0,0,0,0,0,0.029466594999114342,Muito Baixo
64,105000,8.0,20000,18.64,0.19,30,0.1904761904761904,1,5,0,0,0,0,1,0,0,1,0,0,0,0,0,0.06022251323660084,Muito Baixo
29,18000,4.0,6400,10.37,0.36,5,0.3555555555555555,0,2,0,0,0,0,1,0,0,0,0,0,1,1,1,0.9998726452716049,Muito Alto
33,100000,1.0,25000,10.39,0.25,8,0.25,0,2,0,1,0,0,0,0,0,1,0,0,0,0,0,0.05225515563948161,Muito Baixo
24,24000,0.0,6825,5.42,0.28,4,0.284375,0,1,0,0,0,0,1,0,0,0,1,0,0,0,0,0.015203811666587522,Muito Baixo
33,75000,13.0,25000,10.65,0.33,7,0.3333333333333333,0,2,0,1,0,0,0,0,0,0,1,0,0,0,0,0.0830069606069789,Muito Baixo
22,28800,2.0,10000,16.49,0.35,2,0.3472222222222222,1,4,1,0,0,1,0,0,1,0,0,0,0,0,0,0.0026848293068279937,Muito Baixo
24,100000,5.0,7000,6.76,0.07,3,0.07,0,1,0,1,0,0,0,0,0,0,0,0,1,0,0,0.0003333425016754248,Muito Baixo
40,108000,10.0,9000,11.86,0.08,12,0.0833333333333333,1,2,0,0,0,0,1,0,0,1,0,0,0,1,0,0.14717994709085472,Muito Baixo
58,100000,6.0,6000,5.42,0.06,19,0.06,0,1,0,1,0,0,0,0,0,0,0,1,0,0,0,0.0015127348980073208,Muito Baixo
23,31000,1.0,1500,8.94,0.05,3,0.0483870967741935,0,1,0,0,0,0,1,1,0,0,0,0,0,0,0,0.2710704095696308,Baixo
25,175000,3.0,20000,14.72,0.11,2,0.1142857142857142,1,3,1,0,0,0,1,1,0,0,0,0,0,0,0,0.1278763764186401,Muito Baixo
31,56000,15.0,3000,14.27,0.05,6,0.0535714285714285,1,3,0,0,0,0,1,1,0,0,0,0,0,0,0,0.2819212357468875,Baixo
31,36996,5.0,8000,7.49,0.22,6,0.2162395934695642,0,1,0,0,0,0,1,0,0,0,0,1,0,0,0,0.09730288584411925,Muito Baixo
26,64000,4.0,1000,10.75,0.02,2,0.015625,0,2,0,0,0,0,1,1,0,0,0,0,0,0,0,0.07268214063417588,Muito Baixo
33,49000,2.0,3000,16.49,0.06,7,0.0612244897959183,1,4,0,0,0,0,1,0,0,1,0,0,0,1,1,0.9824947414349259,Muito Alto
25,25000,4.0,8500,11.26,0.34,2,0.34,1,2,0,0,0,0,1,1,0,0,0,0,0,1,1,0.9844331160341985,Muito Alto
21,65004,5.0,5000,9.99,0.08,3,0.0769183434865546,0,2,0,1,0,0,0,1,0,0,0,0,0,0,0,0.07740966849850124,Muito Baixo
21,25200,1.0,4000,8.49,0.16,4,0.1587301587301587,0,1,0,0,0,0,1,0,0,0,0,1,0,0,0,0.21418609482427242,Baixo
23,39000,8.0,10000,7.51,0.26,2,0.2564102564102564,0,1,0,1,0,0,0,0,1,0,0,0,0,0,0,0.14354264525757635,Muito Baixo
24,34300,4.0,18500,10.71,0.54,2,0.5393586005830904,0,2,0,0,0,0,1,0,0,0,1,0,0,1,1,0.9955432027247276,Muito Alto
24,50000,3.0,12000,10.99,0.24,3,0.24,0,2,0,1,0,0,0,0,0,1,0,0,0,0,0,0.05109616111103692,Muito Baixo
23,45000,0.0,1775,12.72,0.04,2,0.0394444444444444,1,3,0,0,0,0,1,0,1,0,0,0,0,0,0,0.0632217687043526,Muito Baixo
28,57000,2.0,6000,12.73,0.11,10,0.1052631578947368,1,3,0,1,0,0,0,0,0,0,0,0,1,0,0,0.1335756257939187,Muito Baixo
24,42000,8.0,12000,10.38,0.29,4,0.2857142857142857,0,2,0,1,0,0,0,0,0,0,0,1,0,0,0,0.09796791985595397,Muito Baixo
30,42600,13.0,12000,11.71,0.28,8,0.2816901408450704,1,2,0,0,0,0,1,0,0,0,0,0,1,0,0,0.0047022373857619195,Muito Baixo
24,73000,1.0,11400,14.84,0.16,4,0.1561643835616438,1,4,1,0,0,0,1,1,0,0,0,0,0,1,1,0.9987508893101321,Muito Alto
27,43000,2.0,8000,12.68,0.19,6,0.1860465116279069,1,3,0,0,0,0,1,0,0,0,1,0,0,0,0,0.07821699441995443,Muito Baixo
27,48000,11.0,5650,5.42,0.12,8,0.1177083333333333,0,1,0,1,0,0,0,1,0,0,0,0,0,0,0,0.0649914467117482,Muito Baixo
23,24000,4.0,1500,11.49,0.06,2,0.0625,1,2,0,0,0,0,1,0,0,0,0,0,1,0,0,0.00902162617218023,Muito Baixo
22,100000,0.0,15000,13.85,0.15,3,0.15,1,3,0,1,0,0,0,0,0,0,0,0,1,0,0,0.06766297440926111,Muito Baixo
24,21600,4.0,10000,9.91,0.46,3,0.4629629629629629,0,2,0,0,0,0,1,0,1,0,0,0,0,1,1,0.9978164109314407,Muito Alto
23,32000,4.0,10700,6.03,0.33,3,0.334375,0,1,0,0,0,0,1,0,0,0,0,1,0,1,1,0.9866217068216824,Muito Alto
23,57600,6.0,4000,5.42,0.07,2,0.0694444444444444,0,1,0,1,0,0,0,1,0,0,0,0,0,0,0,0.03615395875444803,Muito Baixo
23,71000,7.0,11300,7.49,0.16,3,0.1591549295774648,0,1,0,0,0,0,1,0,0,0,0,1,0,0,0,0.03702930787774391,Muito Baixo
22,51000,2.0,3200,10.99,0.06,2,0.0627450980392156,0,2,0,0,0,0,1,0,1,0,0,0,0,0,0,0.05141824416119084,Muito Baixo
24,52000,1.0,7000,7.74,0.13,4,0.1346153846153846,0,1,0,0,0,0,1,0,0,0,1,0,0,0,0,0.024576723047122655,Muito Baixo
28,125000,1.0,4000,13.35,0.03,5,0.032,1,3,1,0,0,0,1,1,0,0,0,0,0,0,0,0.018453553197666152,Muito Baixo
27,30000,0.0,4500,14.65,0.15,9,0.15,1,3,0,0,0,0,1,0,0,0,1,0,0,0,0,0.10117112075766145,Muito Baixo
37,55236,9.0,6500,6.03,0.12,16,0.1176768773987978,0,1,0,1,0,0,0,0,0,0,0,0,1,0,0,0.0007277205758234817,Muito Baixo
22,32484,6.0,6250,7.51,0.19,4,0.1924024134958749,0,1,0,1,0,0,0,0,0,1,0,0,0,1,1,0.9472930513178522,Muito Alto
25,52000,2.0,7000,10.59,0.13,2,0.1346153846153846,0,2,0,0,0,0,1,0,0,1,0,0,0,0,0,0.13155477373444646,Muito Baixo
23,35000,6.0,8400,12.18,0.24,3,0.24,1,2,0,1,0,0,0,0,1,0,0,0,0,0,0,0.05160004888248343,Muito Baixo
28,60000,5.0,7200,5.42,0.12,7,0.12,0,1,0,0,0,0,1,0,0,1,0,0,0,0,0,0.017826712159754378,Muito Baixo
22,52500,6.0,8000,15.23,0.15,4,0.1523809523809524,1,3,1,1,0,0,0,0,0,0,0,0,1,0,0,0.1347132310459987,Muito Baixo
24,91800,0.0,16000,14.22,0.15,4,0.1742919389978213,1,3,0,1,0,0,0,0,0,0,1,0,0,1,0,0.2860976805324772,Baixo
32,40000,0.0,6000,12.69,0.15,8,0.15,1,2,0,0,0,0,1,0,0,0,1,0,0,0,0,0.03824256734501561,Muito Baixo
22,56000,5.0,15000,16.0,0.27,4,0.2678571428571428,1,5,1,1,0,0,0,0,0,0,1,0,0,1,1,0.9891983904013809,Muito Alto
26,24996,2.0,10000,10.99,0.4,4,0.4000640102416387,0,2,0,0,0,0,1,0,0,0,0,1,0,1,1,0.993959068161038,Muito Alto
22,57600,4.0,1500,5.99,0.03,3,0.0260416666666666,0,1,0,0,0,1,0,0,1,0,0,0,0,0,0,8.390375501313129e-05,Muito Baixo
21,30000,2.0,5000,14.96,0.17,4,0.1666666666666666,1,4,1,0,0,0,1,0,0,0,1,0,0,1,1,0.9947098354471517,Muito Alto
31,55000,5.0,15850,15.31,0.29,7,0.2881818181818182,1,4,0,0,0,1,0,0,1,0,0,0,0,0,0,0.000610057157949173,Muito Baixo
27,57996,11.0,7500,12.21,0.13,10,0.1293192633974756,1,2,0,0,0,0,1,0,1,0,0,0,0,0,0,0.21244068230206972,Baixo
30,51372,4.0,4500,6.39,0.09,7,0.0875963559915907,0,1,0,0,0,0,1,0,0,1,0,0,0,0,0,0.1395350890286207,Muito Baixo
22,60000,5.0,8800,10.37,0.15,4,0.1466666666666666,0,2,0,1,0,0,0,0,1,0,0,0,0,0,0,0.02512314281414869,Muito Baixo
40,59484,13.0,5500,7.14,0.09,14,0.0924618384775738,0,1,0,1,0,0,0,1,0,0,0,0,0,0,0,0.03492707219343106,Muito Baixo
27,44000,0.0,6000,13.23,0.14,8,0.1363636363636363,1,3,1,1,0,0,0,0,1,0,0,0,0,1,0,0.20569450050713955,Baixo
28,68496,8.0,10000,10.99,0.15,5,0.1459939266526512,0,2,0,0,0,0,1,0,0,0,0,1,0,0,0,0.08969350756426617,Muito Baixo
34,180000,9.0,12900,12.99,0.07,7,0.0716666666666666,1,3,1,1,0,0,0,0,1,0,0,0,0,0,0,0.06295564733724686,Muito Baixo
25,23000,0.0,2100,13.48,0.09,4,0.0913043478260869,1,3,1,0,0,0,1,0,1,0,0,0,0,0,0,0.13604272177955107,Muito Baixo
28,300000,1.0,9600,15.23,0.03,10,0.032,1,3,1,1,0,0,0,0,0,0,0,1,0,0,0,0.037166575065381895,Muito Baixo
25,34000,4.0,10000,6.62,0.29,4,0.2941176470588235,0,1,0,0,0,0,1,0,0,0,0,1,0,1,1,0.60915091136108,Alto
22,39000,6.0,3500,9.91,0.09,4,0.0897435897435897,0,2,0,0,0,0,1,0,0,0,1,0,0,0,0,0.19431396327872869,Muito Baixo
38,90000,2.0,5000,8.49,0.06,15,0.0555555555555555,0,1,0,0,0,0,1,0,0,0,1,0,0,0,0,0.011427386998167612,Muito Baixo
21,81600,6.0,14400,6.92,0.18,4,0.1764705882352941,0,1,0,1,0,0,0,0,1,0,0,0,0,0,0,0.039683865129853196,Muito Baixo
25,75000,2.0,12000,13.48,0.16,3,0.16,1,3,1,1,0,0,0,1,0,0,0,0,0,0,0,0.05066847843766043,Muito Baixo
42,68000,3.0,8500,10.37,0.13,12,0.125,0,2,0,0,0,0,1,0,0,0,1,0,0,0,0,0.025173017521476763,Muito Baixo
25,25200,0.0,6000,9.76,0.24,3,0.238095238095238,0,2,0,0,0,0,1,1,0,0,0,0,0,0,0,0.10289757382817677,Muito Baixo
25,90000,9.0,20000,6.54,0.22,3,0.2222222222222222,0,1,0,1,0,0,0,0,1,0,0,0,0,0,0,0.01973916089326162,Muito Baixo
27,93000,5.0,16000,13.57,0.17,10,0.1720430107526881,1,3,1,1,0,0,0,1,0,0,0,0,0,0,0,0.08002175604891014,Muito Baixo
26,105000,0.0,10000,7.49,0.1,2,0.0952380952380952,0,1,0,0,0,1,0,0,1,0,0,0,0,0,0,0.00016077541663482857,Muito Baixo
32,51996,6.0,2100,13.48,0.04,7,0.0403877221324717,1,3,1,0,0,0,1,0,0,0,1,0,0,0,0,0.03350829317327607,Muito Baixo
25,45996,2.0,5000,20.16,0.11,4,0.108705104791721,1,7,1,0,0,0,1,1,0,0,0,0,0,1,1,0.9999014969354443,Muito Alto
24,16800,4.0,3900,7.49,0.23,3,0.2321428571428571,0,1,0,1,0,0,0,1,0,0,0,0,0,1,1,0.9679213527588709,Muito Alto
22,75000,6.0,10000,5.79,0.13,3,0.1333333333333333,0,1,0,0,0,0,1,0,0,0,0,0,1,0,0,0.0008695510402577597,Muito Baixo
25,42000,4.0,3000,9.91,0.07,4,0.0714285714285714,0,2,0,1,0,0,0,1,0,0,0,0,0,0,0,0.13458669874793577,Muito Baixo
26,80000,5.0,5000,7.49,0.06,3,0.0625,0,1,0,1,0,0,0,0,0,0,1,0,0,0,0,0.007135765258427921,Muito Baixo
22,60000,0.0,25475,10.99,0.42,3,0.4245833333333333,0,2,0,0,0,0,1,0,0,0,0,0,1,1,1,0.9969927290531537,Muito Alto
22,39860,6.0,8000,11.11,0.2,3,0.2007024586051179,1,2,0,0,0,0,1,0,0,0,0,1,0,0,0,0.22753790177590835,Baixo
50,39204,4.0,10000,5.99,0.26,12,0.2550760126517702,0,1,0,0,0,0,1,0,0,0,0,0,1,0,0,0.002317871509599565,Muito Baixo
22,42000,6.0,25000,14.59,0.6,2,0.5952380952380952,1,4,1,0,0,0,1,0,0,0,1,0,0,1,1,0.9992039041295356,Muito Alto
37,60000,1.0,10000,15.99,0.17,17,0.1666666666666666,1,4,1,0,0,0,1,0,0,0,1,0,0,1,1,0.9762678016085117,Muito Alto
24,27500,0.0,5000,15.07,0.18,4,0.1818181818181818,1,5,1,0,0,0,1,0,0,0,0,1,0,1,1,0.9497295528466265,Muito Alto
25,45000,8.0,4000,6.62,0.09,4,0.0888888888888888,0,1,0,1,0,0,0,1,0,0,0,0,0,0,0,0.03667298161311211,Muito Baixo
23,51000,6.0,13500,12.23,0.26,2,0.2647058823529412,1,3,1,0,0,0,1,1,0,0,0,0,0,0,0,0.1091092486316091,Muito Baixo
23,39996,0.0,6000,11.66,0.15,3,0.15001500150015,1,3,0,0,0,0,1,0,1,0,0,0,0,0,0,0.06706430162664272,Muito Baixo
28,30000,6.0,4200,15.23,0.14,7,0.14,1,3,1,0,0,0,1,0,0,0,0,0,1,0,0,0.32383833788063104,Baixo
32,40000,3.0,8000,9.62,0.2,9,0.2,0,2,0,0,0,0,1,1,0,0,0,0,0,0,0,0.038894255570844964,Muito Baixo
23,80000,7.0,7000,16.29,0.09,3,0.0875,1,4,1,1,0,0,0,0,1,0,0,0,0,0,0,0.03157735910759012,Muito Baixo
26,200004,7.0,2500,13.61,0.01,2,0.0124997500049999,1,3,1,0,0,0,1,0,0,0,1,0,0,0,0,0.02697315546667401,Muito Baixo
29,128000,0.0,15000,9.63,0.12,9,0.1171875,0,1,0,0,0,0,1,0,1,0,0,0,0,1,0,0.025606174381868418,Muito Baixo
24,142000,3.0,3000,7.88,0.02,2,0.0211267605633802,0,1,0,0,0,0,1,1,0,0,0,0,0,0,0,0.015366635907802616,Muito Baixo
35,48000,0.0,3400,13.06,0.07,9,0.0708333333333333,1,3,0,0,0,0,1,1,0,0,0,0,0,0,0,0.0589652225218565,Muito Baixo
27,170000,3.0,12075,12.42,0.07,10,0.0710294117647058,1,2,0,0,0,0,1,0,0,1,0,0,0,0,0,0.07634693142029433,Muito Baixo
29,37200,3.0,3000,19.29,0.08,5,0.0806451612903225,1,5,1,0,0,0,1,1,0,0,0,0,0,1,1,0.9943368316086774,Muito Alto
37,15000,0.0,5000,7.74,0.33,13,0.3333333333333333,0,1,0,0,0,1,0,0,0,0,0,0,1,1,1,0.9997421023002295,Muito Alto
27,44004,2.0,10000,6.92,0.23,6,0.2272520679938187,0,1,0,1,0,0,0,0,0,0,1,0,0,0,0,0.09728487971588441,Muito Baixo
23,85000,7.0,7000,8.63,0.08,2,0.0823529411764705,0,1,0,1,0,0,0,1,0,0,0,0,0,0,0,0.05080773186902744,Muito Baixo
22,24605,3.0,10000,13.48,0.41,4,0.406421459053038,1,3,0,0,0,1,0,0,1,0,0,0,0,0,0,0.001622179817588119,Muito Baixo
28,48500,0.0,15000,12.99,0.31,7,0.3092783505154639,1,3,1,0,0,0,1,0,0,0,1,0,0,1,1,0.9932026134527362,Muito Alto
21,49000,5.0,12500,7.49,0.26,4,0.2551020408163265,0,1,0,0,0,0,1,0,0,0,0,0,1,0,0,0.005054688965689878,Muito Baixo
36,65458,4.0,8000,7.29,0.12,13,0.1222157719453695,0,1,0,1,0,0,0,0,0,0,1,0,0,0,0,0.020448459384873687,Muito Baixo
26,30000,2.0,7000,10.71,0.23,4,0.2333333333333333,0,2,0,0,0,0,1,0,0,0,1,0,0,0,0,0.0997151360496537,Muito Baixo
41,43439,4.0,15000,12.73,0.35,15,0.345311816570363,1,3,1,0,0,0,1,0,0,0,0,0,1,1,1,0.9884360941353326,Muito Alto
22,34000,1.0,6500,13.22,0.19,4,0.1911764705882352,1,3,0,0,0,0,1,0,0,0,0,0,1,1,1,0.515021378016507,Moderado
36,120000,12.0,14500,5.42,0.12,15,0.1208333333333333,0,1,0,1,0,0,0,1,0,0,0,0,0,0,0,0.00576195226048116,Muito Baixo
25,114000,4.0,10000,9.32,0.09,4,0.087719298245614,0,1,0,1,0,0,0,0,1,0,0,0,0,0,0,0.03688375705350269,Muito Baixo
46,30000,15.0,10000,13.49,0.33,12,0.3333333333333333,1,3,0,0,0,0,1,1,0,0,0,0,0,1,1,0.9900306977487167,Muito Alto
31,69000,15.0,4050,7.51,0.06,7,0.058695652173913,0,1,0,1,0,0,0,0,1,0,0,0,0,1,0,0.072191446542028,Muito Baixo
22,31200,4.0,6000,13.22,0.19,2,0.1923076923076923,1,3,0,0,0,0,1,0,1,0,0,0,0,0,0,0.21513767651319501,Baixo
21,40800,3.0,12000,15.21,0.29,2,0.2941176470588235,1,4,0,0,0,0,1,0,0,0,1,0,0,1,1,0.9584131800174236,Muito Alto
28,115000,2.0,18000,10.59,0.16,10,0.1565217391304348,0,2,0,1,0,0,0,0,0,0,0,1,0,0,0,0.031934082116866574,Muito Baixo
23,42000,1.0,4100,7.88,0.1,2,0.0976190476190476,0,1,0,0,0,0,1,0,0,0,1,0,0,0,0,0.050893014419757715,Muito Baixo
23,40800,1.0,16000,10.99,0.39,4,0.392156862745098,0,2,0,1,0,0,0,0,1,0,0,0,0,0,0,0.10842898913028222,Muito Baixo
21,12720,1.0,7500,7.05,0.59,4,0.589622641509434,0,1,0,0,0,0,1,0,1,0,0,0,0,1,1,0.9997436848382485,Muito Alto
24,185000,7.0,25000,12.68,0.14,2,0.1351351351351351,1,3,1,0,0,0,1,0,0,1,0,0,0,0,0,0.14318181053151594,Muito Baixo
23,55550,7.0,8000,10.99,0.14,3,0.144014401440144,0,2,0,0,0,0,1,1,0,0,0,0,0,0,0,0.10154878459767744,Muito Baixo
38,65000,6.0,11500,13.92,0.18,16,0.1769230769230769,1,3,0,1,0,0,0,0,0,0,1,0,0,0,0,0.13916554928398844,Muito Baixo
34,30000,6.0,4650,10.99,0.15,8,0.155,0,2,0,1,0,0,0,0,0,0,1,0,0,0,0,0.12242613313803377,Muito Baixo
24,72444,7.0,25000,10.74,0.35,4,0.3450941416818508,0,2,0,1,0,0,0,0,0,1,0,0,0,0,0,0.1430543807634525,Muito Baixo
23,60000,4.0,20000,6.54,0.33,3,0.3333333333333333,0,1,0,1,0,0,0,0,0,0,0,1,0,0,0,0.04884847883921926,Muito Baixo
40,120000,2.0,17000,10.51,0.14,15,0.1416666666666666,0,2,0,1,0,0,0,0,0,0,0,0,1,0,0,0.0007972124228308154,Muito Baixo
28,64000,3.0,7200,7.29,0.11,8,0.1125,0,1,0,1,0,0,0,0,0,0,0,0,1,0,0,0.0011980658948412739,Muito Baixo
32,75000,0.0,10000,11.89,0.13,5,0.1333333333333333,1,2,0,1,0,0,0,0,1,0,0,0,0,0,0,0.07434646492829186,Muito Baixo
30,36000,7.0,15000,11.83,0.42,10,0.4166666666666667,1,2,0,1,0,0,0,1,0,0,0,0,0,0,0,0.16623953910621558,Muito Baixo
36,69000,0.0,15600,10.99,0.23,16,0.2260869565217391,0,2,0,0,0,0,1,0,0,0,1,0,0,0,0,0.036198072257831254,Muito Baixo
27,63000,2.0,9500,8.07,0.15,6,0.1507936507936507,0,1,0,0,0,1,0,0,0,0,1,0,0,0,0,0.0013403121311162216,Muito Baixo
26,50200,1.0,9000,7.66,0.18,3,0.1792828685258964,0,1,0,0,0,0,1,0,0,1,0,0,0,0,0,0.05146481664069861,Muito Baixo
22,43000,7.0,24000,13.85,0.56,3,0.5581395348837209,1,3,1,0,0,0,1,1,0,0,0,0,0,1,1,0.9932021755766285,Muito Alto
36,70000,11.0,25000,12.84,0.36,16,0.3571428571428571,1,3,1,1,0,0,0,0,0,0,0,1,0,0,0,0.10335745038654474,Muito Baixo
26,94500,6.0,14400,10.37,0.15,3,0.1523809523809524,0,2,0,0,0,0,1,0,0,1,0,0,0,0,0,0.06609987331393526,Muito Baixo
24,58000,6.0,12000,13.11,0.21,2,0.2068965517241379,1,3,0,0,0,0,1,0,1,0,0,0,0,0,0,0.12381886107382789,Muito Baixo
25,55315,3.0,15000,10.74,0.27,2,0.2711741842176625,0,2,0,0,0,0,1,0,1,0,0,0,0,0,0,0.1148300077334689,Muito Baixo
23,100300,3.0,8400,14.84,0.07,2,0.0837487537387836,1,4,0,0,0,0,1,0,0,0,1,0,0,1,1,0.9872759191646067,Muito Alto
33,40000,15.0,15000,9.88,0.38,5,0.375,0,2,0,0,0,0,1,0,0,0,0,1,0,1,1,0.995668077451336,Muito Alto
23,39000,1.0,6000,15.99,0.15,3,0.1538461538461538,1,4,0,0,0,0,1,0,1,0,0,0,0,1,1,0.9617581986928052,Muito Alto
24,120000,3.0,4800,5.99,0.04,4,0.04,0,1,0,1,0,0,0,0,0,0,1,0,0,0,0,0.001946319843453934,Muito Baixo
37,110000,12.0,25000,10.99,0.23,12,0.2272727272727272,0,2,0,0,0,0,1,0,1,0,0,0,0,0,0,0.046251216744306836,Muito Baixo
23,44390,3.0,14300,10.99,0.32,2,0.3221446271682811,0,2,0,0,0,1,0,0,1,0,0,0,0,0,0,0.0011089166289647249,Muito Baixo
43,80000,5.0,10000,11.49,0.13,12,0.125,1,2,0,0,0,0,1,0,0,1,0,0,0,0,0,0.03802098826253218,Muito Baixo
25,30000,2.0,5200,17.19,0.17,2,0.1733333333333333,1,5,1,0,0,0,1,0,0,0,0,0,1,1,1,0.9443574019550893,Muito Alto
35,57996,0.0,6000,13.57,0.1,8,0.1034554107179805,1,3,1,0,0,0,1,0,0,1,0,0,0,0,0,0.20468891660212257,Baixo
22,60000,3.0,14000,13.48,0.23,3,0.2333333333333333,1,3,1,0,0,0,1,1,0,0,0,0,0,0,0,0.03698013636803383,Muito Baixo
26,45000,0.0,7750,12.53,0.17,4,0.1722222222222222,1,3,0,1,0,0,0,1,0,0,0,0,0,0,0,0.09716774154766984,Muito Baixo
21,27600,5.0,7000,5.99,0.25,2,0.2536231884057971,0,1,0,0,0,0,1,0,1,0,0,0,0,0,0,0.0484336006363026,Muito Baixo
39,44000,2.0,8000,9.63,0.18,17,0.1818181818181818,0,2,0,1,0,0,0,0,0,0,1,0,0,0,0,0.14417322924030568,Muito Baixo
30,103000,14.0,6400,7.49,0.06,9,0.062135922330097,0,1,0,1,0,0,0,0,0,0,0,1,0,0,0,0.015154133236496375,Muito Baixo
42,69996,1.0,10000,7.66,0.14,12,0.1428653065889479,0,1,0,1,0,0,0,0,0,0,0,1,0,0,0,0.017659987026220635,Muito Baixo
23,97781,7.0,15000,6.54,0.15,3,0.1534040355488285,0,1,0,1,0,0,0,0,0,0,0,0,1,0,0,0.0010771096122823664,Muito Baixo
22,51000,6.0,7500,5.99,0.15,2,0.1470588235294117,0,1,0,0,0,0,1,0,0,0,0,1,0,0,0,0.025443424148972264,Muito Baixo
24,116300,6.0,5000,14.96,0.04,4,0.0429922613929492,1,4,1,0,0,0,1,0,0,1,0,0,0,0,0,0.1668991395671134,Muito Baixo
24,120000,8.0,10000,6.03,0.08,4,0.0833333333333333,0,1,0,1,0,0,0,0,1,0,0,0,0,0,0,0.007891908563681048,Muito Baixo
37,52188,14.0,10000,5.79,0.19,17,0.1916149306353951,0,1,0,1,0,0,0,0,0,1,0,0,0,0,0,0.015948669604275288,Muito Baixo
22,27000,1.0,5000,10.08,0.19,2,0.1851851851851851,0,2,0,0,0,0,1,0,0,0,0,0,1,0,0,0.004798338701110346,Muito Baixo
25,43800,0.0,13000,10.38,0.3,4,0.2968036529680365,0,2,0,1,0,0,0,0,1,0,0,0,0,0,0,0.13669742600271942,Muito Baixo
23,49000,7.0,5000,15.21,0.1,2,0.1020408163265306,1,4,0,1,0,0,0,0,0,0,1,0,0,1,1,0.9962928423925445,Muito Alto
34,61200,18.0,30000,11.71,0.49,8,0.4901960784313725,1,2,0,0,0,0,1,0,0,0,1,0,0,1,1,0.9952268023068721,Muito Alto
35,54996,12.0,20000,6.62,0.36,9,0.3636628118408611,0,1,0,0,0,0,1,0,0,1,0,0,0,1,1,0.972490969388307,Muito Alto
24,80000,8.0,5000,15.62,0.06,2,0.0625,1,4,0,1,0,0,0,0,0,0,0,0,1,0,0,0.05073225664420769,Muito Baixo
23,42000,7.0,8000,5.42,0.19,3,0.1904761904761904,0,1,0,1,0,0,0,0,0,0,0,0,1,0,0,0.0006396152247782305,Muito Baixo
22,19000,6.0,3625,8.49,0.19,3,0.1907894736842105,0,1,0,0,0,1,0,0,0,0,1,0,0,1,1,0.998202425080623,Muito Alto
27,38000,11.0,4000,7.68,0.11,9,0.1052631578947368,0,1,0,0,0,1,0,0,0,1,0,0,0,0,0,0.0014784331390500058,Muito Baixo
43,55000,17.0,2000,12.53,0.04,11,0.0363636363636363,1,2,0,0,0,1,0,0,0,0,0,0,1,0,0,3.2400261711623945e-05,Muito Baixo
27,44000,5.0,13650,10.65,0.31,5,0.3102272727272727,0,2,0,0,0,0,1,0,1,0,0,0,0,1,1,0.9933523424006424,Muito Alto
25,130000,5.0,20000,13.48,0.15,2,0.1538461538461538,1,3,0,1,0,0,0,0,0,0,0,0,1,0,0,0.04537726987108664,Muito Baixo
34,35000,2.0,15000,10.99,0.43,10,0.4285714285714285,0,2,0,0,0,0,1,0,0,0,0,1,0,1,1,0.9896030706597634,Muito Alto
30,160000,4.0,7000,13.98,0.04,5,0.04375,1,3,0,1,0,0,0,0,1,0,0,0,0,0,0,0.07022435289813182,Muito Baixo
22,25200,1.0,7000,13.92,0.28,3,0.2777777777777778,1,3,0,1,0,0,0,0,0,0,0,1,0,0,0,0.27823694642393626,Baixo
26,75000,4.0,12000,6.92,0.16,3,0.16,0,1,0,1,0,0,0,0,0,1,0,0,0,0,0,0.01903719060723172,Muito Baixo
24,79000,4.0,5000,15.33,0.06,2,0.0632911392405063,1,4,0,1,0,0,0,0,0,1,0,0,0,1,0,0.22729607882206904,Baixo
31,117516,3.0,21000,13.49,0.18,5,0.178699070764832,1,3,0,1,0,0,0,0,0,0,1,0,0,0,0,0.0747855699407728,Muito Baixo
22,120000,4.0,6000,8.9,0.05,3,0.05,0,1,0,1,0,0,0,0,1,0,0,0,0,0,0,0.014864731540293143,Muito Baixo
22,29004,6.0,6200,15.23,0.21,4,0.2137636188111984,1,3,1,0,0,0,1,1,0,0,0,0,0,0,1,0.7144075629157749,Alto
23,60000,4.0,7500,7.66,0.13,2,0.125,0,1,0,0,0,0,1,0,0,0,0,1,0,0,0,0.032174228045227994,Muito Baixo
22,43200,1.0,8400,16.77,0.19,4,0.1944444444444444,1,4,0,1,0,0,0,0,0,0,0,1,0,0,0,0.2054997211978675,Baixo
23,85000,6.0,25000,10.75,0.29,4,0.2941176470588235,0,2,0,1,0,0,0,0,0,0,0,1,0,0,0,0.05043633585836402,Muito Baixo
23,108000,2.0,35000,8.49,0.32,4,0.324074074074074,0,1,0,0,0,1,0,0,0,0,0,0,1,0,0,0.00010673992387148376,Muito Baixo
24,46000,0.0,4800,8.9,0.1,2,0.1043478260869565,0,1,0,0,0,0,1,0,0,0,0,1,0,0,0,0.08442232273250348,Muito Baixo
31,70000,4.0,8000,10.99,0.11,6,0.1142857142857142,0,2,0,0,0,0,1,0,1,0,0,0,0,0,0,0.0725210523632206,Muito Baixo
23,73000,7.0,7000,10.74,0.1,3,0.0958904109589041,0,2,0,1,0,0,0,0,0,0,0,0,1,0,0,0.0024035416542110876,Muito Baixo
28,59600,2.0,5000,5.79,0.08,10,0.0838926174496644,0,1,0,0,0,0,1,0,0,1,0,0,0,0,0,0.1209260773982102,Muito Baixo
22,60000,6.0,12000,13.99,0.2,3,0.2,1,3,1,1,0,0,0,0,0,0,0,1,0,0,0,0.07253163103142184,Muito Baixo
23,92000,7.0,15000,11.26,0.16,2,0.1630434782608695,1,2,0,1,0,0,0,0,0,0,0,1,0,0,0,0.06650436403066234,Muito Baixo
31,84000,12.0,10000,5.99,0.12,8,0.119047619047619,0,1,0,1,0,0,0,0,0,1,0,0,0,0,0,0.007502727935944437,Muito Baixo
26,46800,6.0,7500,9.99,0.16,3,0.1602564102564102,0,2,0,0,0,0,1,1,0,0,0,0,0,0,0,0.08343529961443835,Muito Baixo
30,70000,15.0,10000,10.75,0.14,6,0.1428571428571428,0,2,0,1,0,0,0,1,0,0,0,0,0,0,0,0.057634561429968874,Muito Baixo
23,42000,3.0,1500,10.71,0.04,2,0.0357142857142857,0,2,0,0,0,0,1,1,0,0,0,0,0,0,0,0.08553049838747384,Muito Baixo
21,104740,5.0,19200,11.99,0.18,2,0.1833110559480618,1,2,0,1,0,0,0,0,1,0,0,0,0,0,0,0.028022962660840624,Muito Baixo
30,60000,2.0,10000,7.49,0.17,7,0.1666666666666666,0,1,0,0,0,0,1,0,0,0,0,1,0,0,0,0.01893002089419959,Muito Baixo
24,58000,5.0,5000,7.49,0.09,2,0.0862068965517241,0,1,0,0,0,0,1,0,0,0,1,0,0,0,0,0.04997105741207664,Muito Baixo
23,31200,0.0,3200,13.49,0.1,2,0.1025641025641025,1,3,1,0,0,0,1,0,0,0,0,1,0,0,0,0.2395581395622198,Baixo
37,900000,5.0,25000,12.87,0.03,13,0.0277777777777777,1,3,1,1,0,0,0,0,0,0,0,1,0,0,0,0.1997660677280357,Muito Baixo
38,18000,4.0,3000,13.23,0.17,14,0.1666666666666666,1,3,1,0,0,0,1,0,1,0,0,0,0,1,1,0.976096662220802,Muito Alto
24,30000,2.0,14000,7.9,0.47,2,0.4666666666666667,0,1,0,0,0,0,1,1,0,0,0,0,0,1,1,0.9908095554649273,Muito Alto
26,37225,4.0,2500,13.48,0.07,3,0.0671591672263264,1,3,0,0,0,0,1,0,0,0,0,1,0,0,0,0.20560311739082876,Baixo
28,84000,8.0,25000,7.9,0.3,7,0.2976190476190476,0,1,0,0,0,1,0,0,0,0,0,0,1,0,0,2.327705698333732e-05,Muito Baixo
33,170000,15.0,21000,14.26,0.12,5,0.1235294117647058,1,3,0,0,0,1,0,0,0,1,0,0,0,0,0,0.0006683194421596818,Muito Baixo
22,70000,0.0,9600,15.37,0.14,2,0.1371428571428571,1,4,0,1,0,0,0,0,1,0,0,0,0,0,0,0.08395137733979768,Muito Baixo
25,30000,4.0,1400,13.11,0.05,2,0.0466666666666666,1,3,0,0,0,0,1,0,0,0,1,0,0,0,0,0.3042975547880749,Baixo
23,65000,4.0,7500,8.59,0.12,3,0.1153846153846153,0,1,0,1,0,0,0,0,1,0,0,0,0,0,0,0.029087420438603132,Muito Baixo
29,48000,5.0,10000,12.73,0.21,7,0.2083333333333333,1,3,1,1,0,0,0,0,1,0,0,0,0,0,0,0.14083749098944867,Muito Baixo
22,98000,5.0,25000,14.46,0.26,3,0.2551020408163265,1,4,0,1,0,0,0,0,1,0,0,0,0,0,0,0.144089191362189,Muito Baixo
36,26880,0.0,4500,7.66,0.17,11,0.1674107142857142,0,1,0,0,0,1,0,0,0,0,1,0,0,0,0,0.00037232349013792,Muito Baixo
21,23000,2.0,7000,8.9,0.3,4,0.3043478260869565,0,1,0,1,0,0,0,1,0,0,0,0,0,0,0,0.04725597607181761,Muito Baixo
37,155000,11.0,20000,6.54,0.13,15,0.1290322580645161,0,1,0,1,0,0,0,0,0,1,0,0,0,0,0,0.021759981573679917,Muito Baixo
24,55000,1.0,7500,12.53,0.14,2,0.1363636363636363,1,2,0,0,0,0,1,0,0,1,0,0,0,0,0,0.16751576980950322,Muito Baixo
27,34000,0.0,10000,15.37,0.29,5,0.2941176470588235,1,4,1,0,0,0,1,0,0,0,0,1,0,1,1,0.9912629811504998,Muito Alto
23,88000,4.0,4000,7.14,0.05,4,0.0454545454545454,0,1,0,0,0,0,1,0,0,1,0,0,0,1,1,0.755076645585205,Alto
33,63996,4.0,3200,10.74,0.05,9,0.0500031251953247,0,2,0,0,0,0,1,0,1,0,0,0,0,0,0,0.1570611121377839,Muito Baixo
35,99800,9.0,8000,7.14,0.08,9,0.0801603206412825,0,1,0,1,0,0,0,0,0,0,0,1,0,0,0,0.010850627453197583,Muito Baixo
26,54000,2.0,16000,14.83,0.3,2,0.2962962962962963,1,4,0,0,0,0,1,0,0,0,0,0,1,1,1,0.955130873817546,Muito Alto
39,76644,2.0,6400,7.49,0.08,15,0.0835029486978758,0,1,0,0,0,0,1,0,0,0,0,0,1,0,0,0.0010353756511206757,Muito Baixo
26,30000,3.0,4200,9.91,0.14,4,0.14,0,2,0,0,0,0,1,0,0,0,0,1,0,0,0,0.21868834678282922,Baixo
31,85000,0.0,25000,11.89,0.29,6,0.2941176470588235,1,2,0,0,0,0,1,0,0,0,0,1,0,0,0,0.1231289959000249,Muito Baixo
29,35000,1.0,10625,7.9,0.3,6,0.3035714285714285,0,1,0,0,0,0,1,0,0,0,0,1,0,0,0,0.0877197937530387,Muito Baixo
25,32000,1.0,6000,12.92,0.19,3,0.1875,1,4,1,0,0,0,1,0,0,0,0,1,0,1,1,0.9414258064445182,Muito Alto
31,58000,15.0,16000,16.82,0.28,8,0.2758620689655172,1,5,0,1,0,0,0,1,0,0,0,0,0,1,1,0.997758289299561,Muito Alto
29,50004,1.0,1500,13.11,0.03,8,0.0299976001919846,1,3,0,1,0,0,0,0,0,0,1,0,0,0,0,0.09315231682202002,Muito Baixo
26,34000,5.0,7500,7.9,0.22,4,0.2205882352941176,0,1,0,0,0,0,1,0,0,0,0,0,1,0,0,0.012878335972498293,Muito Baixo
25,111996,9.0,24250,15.31,0.22,3,0.2165255901996499,1,4,0,0,0,0,1,0,0,0,0,1,0,0,0,0.09548539948623598,Muito Baixo
31,56000,6.0,11500,7.49,0.21,9,0.2053571428571428,0,1,0,0,0,1,0,0,0,0,0,0,1,0,0,2.3919520682200622e-05,Muito Baixo
28,52524,11.0,9200,9.32,0.18,7,0.1751580229990099,0,1,0,1,0,0,0,0,0,0,1,0,0,0,0,0.19560935768653653,Muito Baixo
26,24000,10.0,4500,12.42,0.19,4,0.1875,1,2,0,0,0,0,1,0,0,0,1,0,0,0,0,0.09588452048843414,Muito Baixo
27,62000,11.0,4150,18.39,0.07,5,0.0669354838709677,1,5,0,1,0,0,0,0,1,0,0,0,0,0,0,0.38079309097783093,Baixo
22,46000,3.0,11000,10.59,0.24,2,0.2391304347826087,0,2,0,0,0,0,1,1,0,0,0,0,0,0,0,0.06316764767038295,Muito Baixo
25,38014,4.0,10000,8.49,0.26,3,0.2630609775345925,0,1,0,1,0,0,0,0,0,1,0,0,0,0,0,0.17195769739629638,Muito Baixo
24,75000,7.0,12000,13.49,0.16,4,0.16,1,3,1,1,0,0,0,0,0,1,0,0,0,0,0,0.0677485967964959,Muito Baixo
23,167300,1.0,20000,12.21,0.12,2,0.1195457262402869,1,2,0,1,0,0,0,0,1,0,0,0,0,0,0,0.02270376817207404,Muito Baixo
29,28080,1.0,2500,10.99,0.09,8,0.089031339031339,0,2,0,0,0,0,1,0,0,0,1,0,0,0,0,0.07972554125656486,Muito Baixo
34,75500,0.0,19200,16.77,0.25,10,0.2543046357615894,1,4,0,0,0,0,1,0,1,0,0,0,0,1,1,0.9328024235985675,Muito Alto
34,60100,6.0,1500,6.03,0.02,6,0.0249584026622296,0,1,0,1,0,0,0,0,1,0,0,0,0,0,0,0.07417676826070424,Muito Baixo
22,93600,0.0,6000,7.49,0.06,2,0.0641025641025641,0,1,0,1,0,0,0,1,0,0,0,0,0,0,0,0.004970133982889377,Muito Baixo
22,30000,3.0,6000,10.37,0.2,2,0.2,0,2,0,0,0,0,1,0,0,0,0,1,0,0,0,0.2831199219926723,Baixo
23,50000,3.0,1500,11.49,0.03,2,0.03,1,2,0,0,0,1,0,0,0,0,0,1,0,0,0,0.00034432674167319735,Muito Baixo
30,60000,11.0,5500,7.51,0.09,10,0.0916666666666666,0,1,0,0,0,0,1,1,0,0,0,0,0,0,0,0.027140761790113117,Muito Baixo
23,40000,1.0,4600,10.59,0.12,3,0.115,0,2,0,0,0,0,1,0,0,0,0,0,1,0,0,0.001562235231701119,Muito Baixo
28,62496,1.0,13000,10.37,0.21,8,0.2080133128520225,0,2,0,0,0,0,1,1,0,0,0,0,0,0,0,0.040885368419772194,Muito Baixo
23,60000,3.0,8000,10.25,0.13,3,0.1333333333333333,0,2,0,0,0,0,1,0,1,0,0,0,0,0,0,0.02111159720741178,Muito Baixo
24,65000,0.0,4800,7.88,0.07,4,0.0738461538461538,0,1,0,0,0,0,1,0,0,0,0,1,0,0,0,0.03118158939748376,Muito Baixo
32,45996,2.0,1800,11.58,0.04,9,0.0391338377250195,1,2,0,0,0,0,1,0,0,0,1,0,0,0,0,0.05491788865319742,Muito Baixo
26,125000,3.0,6000,12.53,0.05,2,0.048,1,2,0,0,0,0,1,0,1,0,0,0,0,0,0,0.07213510460641435,Muito Baixo
27,59004,3.0,10000,16.32,0.17,6,0.1694800352518473,1,4,1,0,0,0,1,0,1,0,0,0,0,0,0,0.4188677625207754,Moderado
23,104000,7.0,9000,10.65,0.09,2,0.0865384615384615,0,2,0,1,0,0,0,0,0,0,0,1,0,0,0,0.06932021188922767,Muito Baixo
29,67027,4.0,5000,7.51,0.06,10,0.0745968042729049,0,1,0,0,0,0,1,0,0,0,1,0,0,1,0,0.038392995622757206,Muito Baixo
23,108000,7.0,18000,11.26,0.17,2,0.1666666666666666,1,2,0,1,0,0,0,0,0,1,0,0,0,1,1,0.9551821596898975,Muito Alto
25,160000,3.0,20000,13.47,0.13,2,0.125,1,3,1,1,0,0,0,0,0,0,0,0,1,0,0,0.02462380626289156,Muito Baixo
24,26400,2.0,6400,10.37,0.24,3,0.2424242424242424,0,2,0,0,0,0,1,0,0,0,1,0,0,0,0,0.05328595758099475,Muito Baixo
25,39000,9.0,3000,13.99,0.08,3,0.0769230769230769,1,3,1,1,0,0,0,0,0,1,0,0,0,0,1,0.5809798504539111,Moderado
27,50000,3.0,10000,12.84,0.2,10,0.2,1,3,0,1,0,0,0,1,0,0,0,0,0,0,0,0.061873047209797485,Muito Baixo
24,52000,6.0,9000,5.79,0.17,2,0.173076923076923,0,1,0,1,0,0,0,0,0,0,0,0,1,0,0,0.0004973825214804547,Muito Baixo
22,28500,1.0,8500,7.68,0.3,4,0.2982456140350877,0,1,0,1,0,0,0,1,0,0,0,0,0,0,0,0.06310644674816002,Muito Baixo
32,31000,16.0,3000,7.51,0.1,7,0.0967741935483871,0,1,0,1,0,0,0,1,0,0,0,0,0,1,0,0.08416702859665305,Muito Baixo
30,185000,8.0,15000,10.99,0.08,7,0.081081081081081,0,2,0,1,0,0,0,0,0,0,0,0,1,0,0,0.001286127320170669,Muito Baixo
24,75000,0.0,25000,14.7,0.33,3,0.3333333333333333,1,5,1,0,0,0,1,0,0,0,0,0,1,1,1,0.9955683769409516,Muito Alto
24,50000,3.0,3000,13.48,0.06,2,0.06,1,3,0,0,0,0,1,0,0,0,1,0,0,1,0,0.03362104528923856,Muito Baixo
26,120000,3.0,4600,6.39,0.04,2,0.0383333333333333,0,1,0,1,0,0,0,0,0,0,0,1,0,0,0,0.007820792589786614,Muito Baixo
24,33000,8.0,5000,13.48,0.15,3,0.1515151515151515,1,3,0,0,0,0,1,0,0,0,1,0,0,0,0,0.14036280958463368,Muito Baixo
28,30000,12.0,2000,5.42,0.07,5,0.0666666666666666,0,1,0,0,0,0,1,0,1,0,0,0,0,0,0,0.09625274808684513,Muito Baixo
27,12000,0.0,4000,14.22,0.33,7,0.3333333333333333,1,3,1,0,0,0,1,0,0,0,0,0,1,1,1,0.9991321365991835,Muito Alto
27,96000,0.0,4375,8.88,0.05,7,0.0455729166666666,0,2,0,0,0,0,1,1,0,0,0,0,0,0,0,0.01134602133625175,Muito Baixo
25,60000,0.0,1200,7.66,0.02,3,0.02,0,1,0,0,0,0,1,0,0,0,1,0,0,0,0,0.009357330952872727,Muito Baixo
24,24000,1.0,2400,7.49,0.1,2,0.1,0,1,0,0,0,1,0,0,1,0,0,0,0,0,0,0.0006935848257441001,Muito Baixo
23,65000,2.0,14000,9.99,0.22,2,0.2153846153846154,0,2,0,0,0,0,1,1,0,0,0,0,0,0,0,0.02526789962598543,Muito Baixo
26,95000,0.0,6000,10.99,0.06,2,0.0631578947368421,0,2,0,0,0,0,1,0,0,0,1,0,0,0,0,0.017541153147851523,Muito Baixo
40,36100,9.0,15250,12.53,0.42,16,0.4224376731301939,1,2,0,0,0,0,1,0,0,0,0,0,1,1,1,0.9984883132601224,Muito Alto
41,57600,6.0,8000,6.03,0.14,12,0.1388888888888889,0,1,0,0,0,0,1,0,0,0,0,1,0,0,0,0.012479383133058722,Muito Baixo
35,95142,18.0,12000,14.84,0.13,9,0.1261272624077694,1,4,1,1,0,0,0,0,0,0,0,1,0,0,0,0.0446826751894358,Muito Baixo
29,67171,13.0,1600,8.9,0.02,7,0.0238198031888761,0,1,0,0,0,0,1,0,0,0,1,0,0,0,0,0.15237754053401556,Muito Baixo
28,31000,1.0,7500,15.31,0.24,5,0.2419354838709677,1,4,1,0,0,0,1,0,0,1,0,0,0,1,1,0.9969140084430251,Muito Alto
27,56525,4.0,12000,15.95,0.18,7,0.2122954444935869,1,4,1,1,0,0,0,0,0,0,1,0,0,1,1,0.9922670440397643,Muito Alto
33,97000,4.0,7000,12.98,0.07,5,0.0721649484536082,1,3,0,0,0,0,1,0,0,1,0,0,0,0,0,0.10246911820260951,Muito Baixo
25,24000,4.0,4000,11.71,0.17,3,0.1666666666666666,1,2,0,0,0,0,1,0,0,0,0,1,0,0,0,0.18583404936253664,Muito Baixo
26,39996,0.0,12000,10.99,0.3,3,0.3000300030003,0,2,0,0,0,0,1,0,0,0,1,0,0,0,0,0.028140350458401586,Muito Baixo
25,27500,4.0,9000,7.49,0.33,4,0.3272727272727272,0,1,0,1,0,0,0,0,1,0,0,0,0,0,0,0.16568046880003584,Muito Baixo
22,20400,5.0,3250,14.26,0.16,2,0.159313725490196,1,3,1,0,0,0,1,0,0,0,1,0,0,1,0,0.08813089556224026,Muito Baixo
22,27996,0.0,2200,15.95,0.08,2,0.0785826546649521,1,4,1,0,0,0,1,0,0,1,0,0,0,1,1,0.9997484089943447,Muito Alto
23,44000,5.0,8000,13.49,0.18,2,0.1818181818181818,1,3,1,0,0,0,1,0,1,0,0,0,0,1,0,0.20167829101392765,Baixo
27,145000,11.0,5000,12.69,0.03,7,0.0344827586206896,1,2,0,0,0,0,1,0,0,0,1,0,0,0,0,0.043655252716947104,Muito Baixo
27,114000,7.0,20000,13.06,0.18,8,0.175438596491228,1,3,1,1,0,0,0,0,1,0,0,0,0,0,0,0.07104043196837238,Muito Baixo
24,39600,4.0,12000,8.9,0.3,4,0.303030303030303,0,1,0,0,0,0,1,0,0,0,0,0,1,0,0,0.003260593067585823,Muito Baixo
45,225000,9.0,10000,13.48,0.04,11,0.0444444444444444,1,3,1,1,0,0,0,0,0,0,0,1,0,0,0,0.031193196351657883,Muito Baixo
23,66661,7.0,1500,11.49,0.02,2,0.0225019126625763,1,2,0,1,0,0,0,0,0,0,0,1,0,0,0,0.13431404500919497,Muito Baixo
34,75000,14.0,10000,11.11,0.13,10,0.1333333333333333,1,2,0,1,0,0,0,0,0,0,1,0,0,0,0,0.02699240302105221,Muito Baixo
23,77705,4.0,11700,6.17,0.15,3,0.1505694614246187,0,1,0,1,0,0,0,1,0,0,0,0,0,0,0,0.020357181503085756,Muito Baixo
33,50000,7.0,10000,9.99,0.2,7,0.2,0,2,0,1,0,0,0,0,0,1,0,0,0,0,0,0.04880872465256059,Muito Baixo
33,43337,17.0,10000,6.92,0.23,6,0.2307497057941251,0,1,0,0,0,0,1,0,0,0,0,1,0,0,0,0.0434233190198759,Muito Baixo
36,48000,17.0,10000,9.63,0.21,14,0.2083333333333333,0,1,0,1,0,0,0,0,0,0,0,0,1,0,0,0.0007729062294702151,Muito Baixo
27,78000,5.0,9600,17.14,0.12,7,0.123076923076923,1,5,1,0,0,0,1,0,1,0,0,0,0,0,0,0.3189877015036741,Baixo
29,60000,0.0,16000,16.0,0.27,8,0.2666666666666666,1,4,1,0,0,1,0,0,0,1,0,0,0,0,0,0.0004775662082986832,Muito Baixo
22,41838,0.0,6600,16.89,0.16,3,0.1577513265452459,1,4,0,0,0,0,1,0,0,0,0,1,0,1,1,0.955000436891514,Muito Alto
23,59500,1.0,20000,11.83,0.29,4,0.3361344537815126,1,2,0,1,0,0,0,0,0,0,1,0,0,1,0,0.4313954694175794,Moderado
37,30960,5.0,4800,11.49,0.16,16,0.1550387596899224,1,2,0,0,0,0,1,0,0,0,0,0,1,0,0,0.004432241177311987,Muito Baixo
26,72000,10.0,10000,7.74,0.14,4,0.1388888888888889,0,1,0,0,0,1,0,0,0,0,1,0,0,0,0,0.00023343512915558278,Muito Baixo
23,36000,7.0,6400,11.49,0.18,3,0.1777777777777777,1,2,0,1,0,0,0,1,0,0,0,0,0,0,0,0.15693463225347645,Muito Baixo
32,49000,16.0,6300,9.91,0.13,8,0.1285714285714285,0,2,0,0,0,0,1,0,0,0,1,0,0,0,0,0.052788526764777646,Muito Baixo
22,24996,4.0,12000,9.63,0.48,3,0.4800768122899664,0,2,0,0,0,0,1,0,0,0,0,1,0,1,1,0.9978078793188235,Muito Alto
29,22000,0.0,8000,10.99,0.36,7,0.3636363636363636,0,2,0,0,0,0,1,0,1,0,0,0,0,1,1,0.994404806156153,Muito Alto
38,117000,5.0,10700,14.27,0.09,14,0.0914529914529914,1,3,1,1,0,0,0,0,0,1,0,0,0,0,0,0.07891788860873536,Muito Baixo
31,175000,3.0,7500,19.69,0.04,9,0.0428571428571428,1,5,0,1,0,0,0,0,1,0,0,0,0,0,0,0.20850182904071554,Baixo
28,85000,6.0,14000,14.65,0.16,9,0.1647058823529411,1,3,1,0,0,0,1,0,0,0,0,1,0,0,0,0.06364355987452017,Muito Baixo
23,33000,3.0,8325,15.99,0.25,3,0.2522727272727272,1,4,0,1,0,0,0,0,0,0,0,1,0,0,0,0.2564615745025033,Baixo
31,70000,3.0,8400,6.91,0.12,9,0.12,0,1,0,1,0,0,0,0,0,0,0,1,0,0,0,0.019141366320404023,Muito Baixo
25,40800,4.0,1000,15.57,0.02,2,0.0245098039215686,1,4,0,0,0,0,1,1,0,0,0,0,0,1,1,0.9965501642310898,Muito Alto
23,79200,6.0,8000,7.88,0.1,4,0.101010101010101,0,1,0,1,0,0,0,0,1,0,0,0,0,0,0,0.04048326064864368,Muito Baixo
36,78000,7.0,9600,13.98,0.12,13,0.123076923076923,1,3,1,1,0,0,0,1,0,0,0,0,0,1,0,0.3521154722626194,Baixo
29,65000,1.0,9600,5.79,0.15,5,0.1476923076923077,0,1,0,1,0,0,0,0,0,1,0,0,0,0,0,0.013508130007177242,Muito Baixo
26,14400,2.0,2500,13.47,0.17,4,0.1736111111111111,1,3,1,0,0,0,1,0,0,0,0,0,1,1,1,0.9684888324290988,Muito Alto
25,62400,7.0,2300,11.71,0.04,3,0.0368589743589743,1,2,0,0,0,0,1,0,0,0,1,0,0,0,0,0.15052826795986385,Muito Baixo
26,79200,8.0,6075,6.03,0.08,2,0.0767045454545454,0,1,0,1,0,0,0,0,0,0,1,0,0,0,0,0.01619150935134579,Muito Baixo
30,38400,14.0,16750,7.88,0.44,5,0.4361979166666667,0,1,0,1,0,0,0,1,0,0,0,0,0,0,0,0.10844006302420571,Muito Baixo
24,80000,0.0,18000,7.51,0.23,3,0.225,0,1,0,1,0,0,0,0,1,0,0,0,0,0,0,0.012726570659191408,Muito Baixo
24,40040,0.0,7000,13.23,0.17,3,0.1748251748251748,1,3,1,0,0,0,1,0,0,0,1,0,0,0,0,0.07500287328430937,Muito Baixo
32,28000,7.0,6000,15.21,0.21,9,0.2142857142857142,1,4,0,1,0,0,0,0,0,0,1,0,0,1,1,0.944786898440724,Muito Alto
21,25200,5.0,6000,8.94,0.24,3,0.238095238095238,0,1,0,0,0,0,1,0,0,0,0,0,1,0,0,0.003120671749529246,Muito Baixo
22,56000,4.0,2800,15.31,0.05,2,0.05,1,4,1,0,0,0,1,0,0,0,0,0,1,0,0,0.2149096266456718,Baixo
24,54996,7.0,17500,17.19,0.32,3,0.3182049603607535,1,5,0,0,0,0,1,0,1,0,0,0,0,1,1,0.9896152119706961,Muito Alto
23,54000,7.0,15550,11.71,0.29,4,0.287962962962963,1,2,0,0,0,0,1,1,0,0,0,0,0,0,0,0.3487452755948644,Baixo
33,68000,15.0,18000,7.9,0.26,10,0.2647058823529412,0,1,0,1,0,0,0,0,0,0,0,1,0,0,0,0.023081961911388112,Muito Baixo
22,55000,2.0,12000,6.54,0.22,4,0.2181818181818181,0,1,0,1,0,0,0,0,1,0,0,0,0,0,0,0.018113958884295622,Muito Baixo
45,26000,17.0,10000,8.49,0.38,13,0.3846153846153846,0,1,0,0,0,0,1,0,0,0,1,0,0,1,1,0.9917051825983499,Muito Alto
23,122000,5.0,12000,7.29,0.1,3,0.0983606557377049,0,1,0,1,0,0,0,0,0,0,0,1,0,0,0,0.012727912364752837,Muito Baixo
25,44500,0.0,3900,10.99,0.09,2,0.0876404494382022,0,2,0,0,0,0,1,0,0,0,0,0,1,0,0,0.0037259373443827705,Muito Baixo
32,30000,0.0,9000,5.42,0.3,9,0.3,0,1,0,1,0,0,0,0,0,0,0,0,1,0,0,0.0030932266299687557,Muito Baixo
41,50780,14.0,6000,10.99,0.12,17,0.1181567546278062,0,2,0,1,0,0,0,0,0,0,0,1,0,0,0,0.046951039686555486,Muito Baixo
56,150000,5.0,15000,11.48,0.1,26,0.1,1,2,0,1,0,0,0,0,0,0,0,1,0,0,0,0.018926609887679108,Muito Baixo
23,88000,0.0,12000,14.61,0.14,4,0.1363636363636363,1,4,1,0,0,0,1,0,0,0,0,1,0,1,1,0.9750763560844362,Muito Alto
36,108000,1.0,7000,7.74,0.06,14,0.0648148148148148,0,1,0,1,0,0,0,0,0,0,1,0,0,0,0,0.007317248520921814,Muito Baixo
24,33996,2.0,5000,12.92,0.15,4,0.1470761266031297,1,4,0,0,0,0,1,0,0,0,0,0,1,1,1,0.945623295552907,Muito Alto
30,24000,14.0,5000,11.11,0.21,9,0.2083333333333333,1,2,0,0,0,0,1,0,1,0,0,0,0,1,0,0.18125460315907171,Muito Baixo
24,38400,3.0,5000,10.99,0.13,2,0.1302083333333333,0,2,0,0,0,0,1,0,0,0,1,0,0,0,0,0.08181122520871018,Muito Baixo
29,44000,3.0,5500,10.99,0.13,7,0.125,0,2,0,1,0,0,0,0,1,0,0,0,0,0,0,0.16342809520168458,Muito Baixo
32,29100,3.0,10000,15.95,0.34,9,0.3436426116838488,1,4,1,1,0,0,0,0,0,0,1,0,0,1,1,0.9654302527416903,Muito Alto
23,96000,7.0,4000,5.42,0.04,2,0.0416666666666666,0,1,0,1,0,0,0,0,1,0,0,0,0,0,0,0.0019256012651445724,Muito Baixo
27,52000,0.0,6225,14.35,0.12,7,0.1197115384615384,1,3,0,0,0,0,1,0,0,0,0,1,0,0,0,0.08282930381704688,Muito Baixo
37,50000,1.0,3000,11.58,0.06,14,0.06,1,2,0,0,0,0,1,0,0,0,0,0,1,0,0,0.0012320251578024093,Muito Baixo
25,34000,2.0,15450,11.22,0.45,4,0.4544117647058823,1,3,0,1,0,0,0,0,0,0,0,0,1,1,0,0.33360339550882817,Baixo
22,44000,3.0,4500,5.79,0.1,3,0.1022727272727272,0,1,0,0,0,0,1,0,0,0,0,1,0,1,0,0.06623525522983266,Muito Baixo
30,36000,14.0,7000,10.65,0.19,5,0.1944444444444444,0,2,0,1,0,0,0,0,0,1,0,0,0,0,0,0.20724550601894987,Baixo
27,72000,11.0,7000,11.49,0.1,8,0.0972222222222222,1,2,0,1,0,0,0,0,0,0,0,1,0,0,0,0.09989735849169572,Muito Baixo
24,45000,0.0,5000,6.62,0.11,3,0.1111111111111111,0,1,0,1,0,0,0,0,0,0,0,0,1,0,0,0.0004732909104531806,Muito Baixo
23,70000,2.0,4800,13.48,0.07,2,0.0685714285714285,1,3,0,0,0,0,1,0,0,0,0,1,0,0,0,0.06042172743960043,Muito Baixo
30,45600,0.0,6400,8.94,0.14,7,0.1403508771929824,0,1,0,1,0,0,0,0,0,0,0,1,0,0,0,0.05142371062923531,Muito Baixo
28,29004,0.0,4000,16.45,0.14,10,0.137912012136257,1,5,0,0,0,0,1,0,0,0,0,1,0,1,1,0.9874317852977789,Muito Alto
23,95000,7.0,6000,7.68,0.06,3,0.0631578947368421,0,1,0,1,0,0,0,0,0,0,0,1,0,0,0,0.01176944734525845,Muito Baixo
50,19200,2.0,4000,18.535,0.21,11,0.2083333333333333,1,6,0,0,0,0,1,1,0,0,0,0,0,1,1,0.9998519444588015,Muito Alto
25,65454,9.0,8400,11.99,0.13,2,0.1283344027866899,1,2,0,1,0,0,0,1,0,0,0,0,0,0,0,0.1351956332882315,Muito Baixo
22,43000,6.0,13500,10.95,0.31,3,0.313953488372093,0,2,0,0,0,0,1,0,0,0,0,1,0,1,1,0.9954012277567446,Muito Alto
23,30000,3.0,10000,7.49,0.33,2,0.3333333333333333,0,1,0,0,0,0,1,1,0,0,0,0,0,1,1,0.9893598656407212,Muito Alto
28,25000,1.0,12000,9.83,0.48,9,0.48,0,2,0,0,0,0,1,0,0,0,1,0,0,1,1,0.9979272928461504,Muito Alto
32,68000,16.0,5000,15.7,0.07,7,0.0735294117647058,1,4,0,0,0,0,1,0,0,0,0,0,1,0,0,0.10932506296849591,Muito Baixo
25,73200,7.0,5000,7.49,0.07,2,0.0683060109289617,0,1,0,1,0,0,0,1,0,0,0,0,0,0,0,0.08836543977109822,Muito Baixo
25,48000,2.0,6000,10.37,0.13,4,0.125,0,2,0,0,0,0,1,0,0,0,0,1,0,0,0,0.060176788460410635,Muito Baixo
24,78000,8.0,25000,12.18,0.32,4,0.3205128205128205,1,2,0,0,0,1,0,0,1,0,0,0,0,0,0,0.0015933865869169003,Muito Baixo
26,45000,1.0,1500,7.05,0.03,2,0.0333333333333333,0,1,0,1,0,0,0,1,0,0,0,0,0,0,0,0.017911576644279843,Muito Baixo
25,85000,0.0,14000,5.79,0.16,2,0.1647058823529411,0,1,0,1,0,0,0,0,1,0,0,0,0,0,0,0.006006524533233456,Muito Baixo
30,36000,2.0,4200,14.27,0.12,5,0.1166666666666666,1,3,1,0,0,0,1,0,1,0,0,0,0,0,0,0.22792416248582414,Baixo
24,61000,7.0,3000,15.62,0.05,3,0.0491803278688524,1,4,0,1,0,0,0,0,0,0,0,1,0,0,0,0.12088622105192613,Muito Baixo
22,70000,6.0,11000,11.36,0.16,3,0.1571428571428571,1,2,0,1,0,0,0,0,0,0,1,0,0,0,0,0.03572426581010911,Muito Baixo
40,61500,3.0,8000,11.48,0.13,17,0.1300813008130081,1,2,0,0,0,0,1,0,0,0,0,1,0,0,0,0.05980974170529356,Muito Baixo
39,170000,9.0,17000,12.99,0.1,14,0.1,1,3,0,0,0,0,1,1,0,0,0,0,0,0,0,0.07125045916568865,Muito Baixo
25,87000,6.0,13000,7.29,0.15,2,0.1494252873563218,0,1,0,0,0,0,1,1,0,0,0,0,0,0,0,0.016717718050961016,Muito Baixo
29,82000,5.0,20000,10.99,0.24,7,0.2439024390243902,0,2,0,1,0,0,0,0,0,0,1,0,0,0,0,0.04799238264476796,Muito Baixo
32,24000,2.0,2500,10.37,0.1,5,0.1041666666666666,0,2,0,0,0,0,1,0,0,0,1,0,0,0,0,0.09569275986912237,Muito Baixo
22,37000,2.0,10000,8.59,0.27,2,0.2702702702702703,0,1,0,0,0,0,1,0,1,0,0,0,0,0,0,0.10235005447917973,Muito Baixo
36,103000,6.0,25000,12.53,0.24,15,0.2427184466019417,1,3,1,0,0,0,1,0,0,0,0,0,1,1,0,0.08385478505102427,Muito Baixo
21,89610,3.0,5600,6.54,0.06,4,0.0624930253319942,0,1,0,0,0,0,1,1,0,0,0,0,0,0,0,0.0037356993837017434,Muito Baixo
23,287000,3.0,24250,12.53,0.08,3,0.0844947735191637,1,2,0,0,0,0,1,0,1,0,0,0,0,0,0,0.04072468934431592,Muito Baixo
27,45000,3.0,18000,12.87,0.4,8,0.4,1,3,0,1,0,0,0,0,0,0,1,0,0,0,0,0.36126511671621353,Baixo
32,98000,16.0,15000,10.95,0.15,5,0.1530612244897959,0,2,0,1,0,0,0,1,0,0,0,0,0,1,0,0.10050217504997341,Muito Baixo
24,54000,8.0,3000,7.05,0.06,2,0.0555555555555555,0,1,0,1,0,0,0,1,0,0,0,0,0,0,0,0.08462498031963774,Muito Baixo
30,40000,9.0,9000,16.77,0.23,5,0.225,1,4,1,0,0,0,1,0,1,0,0,0,0,0,0,0.16916288139718805,Muito Baixo
30,51000,6.0,6600,6.92,0.13,9,0.1294117647058823,0,1,0,1,0,0,0,0,0,1,0,0,0,0,0,0.08360769769052559,Muito Baixo
24,45000,8.0,4000,11.83,0.09,2,0.0888888888888888,1,2,0,0,0,0,1,0,0,0,1,0,0,0,0,0.08708293316978188,Muito Baixo
